Generation,d0.001_N10,d0.003_N10,d0.005_N10,d0.008_N10,d0.010_N10,d0.015_N10,d0.018_N10,d0.020_N10,d0.025_N10,d0.030_N10
1,270.26,270.52,270.9,270.56,270.68,270.96,271.26,270.96,270.74,270.38
2,268.46,268.62,268.78,268.38,268.96,268.68,269.0,268.9,268.72,268.48
3,267.36,267.62,267.74,267.28,267.66,267.7,267.78,267.86,267.44,267.78
4,266.66,266.9,266.56,266.56,266.82,266.82,266.72,267.32,266.5,266.7
5,266.02,266.46,266.12,265.68,266.14,266.26,265.38,266.62,266.0,266.02
6,265.58,265.94,265.7,265.2,265.68,265.44,264.9,265.66,265.38,265.4
7,265.3,265.62,265.16,264.6,265.38,264.9,264.62,265.18,264.68,264.48
8,264.94,265.2,264.92,264.26,264.7,264.54,264.36,264.82,264.18,263.74
9,264.8,264.86,264.54,264.08,264.34,264.4,264.06,264.42,263.74,263.34
10,264.5,264.56,264.36,263.74,264.1,264.18,263.74,264.06,263.08,262.96
11,264.32,264.28,264.18,263.58,263.96,263.52,263.54,263.9,262.72,262.74
12,263.98,264.18,263.96,263.48,263.8,263.3,263.38,263.66,262.5,262.42
13,263.88,263.78,263.64,263.32,263.66,263.04,263.26,263.42,262.22,262.08
14,263.64,263.58,263.36,263.16,263.34,262.74,263.02,263.08,262.06,261.78
15,263.58,263.54,263.2,263.1,263.06,262.4,262.86,262.86,261.9,261.44
16,263.48,263.42,262.98,262.9,262.88,262.26,262.68,262.6,261.5,261.08
17,263.28,263.2,262.76,262.82,262.68,262.06,262.48,262.22,261.28,260.84
18,263.22,263.12,262.72,262.62,262.64,261.82,262.0,262.0,261.06,260.76
19,262.96,263.06,262.46,262.54,262.42,261.68,261.78,261.76,260.74,260.48
20,262.86,262.92,262.44,262.52,262.26,261.62,261.66,261.36,260.54,260.12
21,262.82,262.68,262.26,262.42,262.04,261.44,261.42,261.2,260.32,259.64
22,262.66,262.64,262.12,262.36,261.86,261.3,261.2,261.06,260.14,259.46
23,262.64,262.34,262.0,262.32,261.8,261.1,261.0,260.86,259.86,259.3
24,262.56,262.26,261.88,262.2,261.56,260.98,260.68,260.62,259.62,259.16
25,262.42,262.1,261.76,262.06,261.5,260.76,260.56,260.4,259.28,258.8
26,262.38,262.06,261.68,261.82,261.42,260.62,260.22,260.24,259.08,258.6
27,262.36,262.04,261.58,261.72,261.22,260.48,260.08,259.88,259.04,258.38
28,262.3,261.9,261.48,261.64,261.1,260.34,260.0,259.72,258.82,258.1
29,262.26,261.8,261.4,261.52,260.94,260.18,259.82,259.5,258.58,257.96
30,262.12,261.68,261.26,261.38,260.84,260.04,259.44,259.4,258.36,257.68
31,262.1,261.48,261.24,261.22,260.68,259.86,259.26,259.32,258.2,257.54
32,261.98,261.48,261.12,261.06,260.62,259.74,259.1,259.16,258.04,257.42
33,261.96,261.34,261.08,260.88,260.54,259.56,258.94,259.08,257.8,257.1
34,261.94,261.26,260.92,260.74,260.38,259.5,258.88,258.98,257.58,256.88
35,261.92,261.2,260.92,260.6,260.1,259.4,258.66,258.82,257.42,256.86
36,261.78,261.1,260.86,260.5,259.98,259.2,258.56,258.66,257.08,256.62
37,261.62,261.04,260.68,260.28,259.74,259.1,258.4,258.42,257.02,256.36
38,261.56,260.92,260.58,260.12,259.58,259.08,258.26,258.28,257.0,256.16
39,261.54,260.88,260.5,259.9,259.56,259.06,258.12,258.1,256.74,256.0
40,261.5,260.84,260.34,259.86,259.32,258.94,257.98,258.06,256.66,255.88
41,261.44,260.8,260.24,259.82,259.2,258.66,257.88,257.84,256.54,255.62
42,261.3,260.74,260.14,259.76,259.2,258.48,257.84,257.72,256.4,255.44
43,261.26,260.72,260.1,259.7,259.0,258.42,257.72,257.58,256.28,255.34
44,261.26,260.66,259.94,259.68,258.9,258.3,257.66,257.4,256.16,255.2
45,261.18,260.6,259.9,259.62,258.86,258.2,257.5,257.14,256.06,254.98
46,261.18,260.5,259.82,259.48,258.8,258.0,257.34,257.04,256.02,254.78
47,261.12,260.46,259.82,259.44,258.72,257.82,257.18,256.94,255.8,254.7
48,261.1,260.38,259.58,259.38,258.66,257.7,257.06,256.86,255.64,254.44
49,261.1,260.32,259.56,259.3,258.58,257.52,256.94,256.8,255.52,254.34
50,261.1,260.3,259.42,259.26,258.54,257.4,256.82,256.68,255.44,254.14
51,261.06,260.22,259.42,259.12,258.52,257.24,256.78,256.4,255.24,253.98
52,261.02,260.2,259.36,259.1,258.36,257.1,256.74,256.22,254.96,253.86
53,261.02,260.18,259.34,258.96,258.3,256.98,256.56,256.12,254.84,253.48
54,261.0,260.18,259.24,258.9,258.3,256.82,256.48,256.04,254.5,253.42
55,261.0,260.12,259.02,258.86,258.26,256.6,256.34,255.78,254.36,253.24
56,260.86,260.06,258.96,258.82,258.22,256.52,256.24,255.64,254.16,253.2
57,260.76,259.98,258.9,258.64,258.08,256.46,256.2,255.48,254.06,252.98
58,260.7,259.86,258.82,258.6,257.98,256.46,256.04,255.34,253.92,252.78
59,260.6,259.78,258.76,258.5,257.96,256.38,256.0,255.28,253.68,252.54
60,260.52,259.74,258.68,258.38,257.68,256.32,255.94,255.24,253.64,252.22
61,260.48,259.68,258.62,258.34,257.64,256.24,255.9,255.06,253.5,252.06
62,260.36,259.66,258.56,258.34,257.46,256.16,255.7,255.02,253.36,251.9
63,260.26,259.66,258.5,258.34,257.42,256.1,255.64,254.98,253.3,251.8
64,260.18,259.58,258.2,258.2,257.36,256.08,255.52,254.76,253.26,251.66
65,260.18,259.56,258.18,258.12,257.28,256.06,255.36,254.64,253.12,251.36
66,260.06,259.48,258.12,258.06,257.28,255.98,255.28,254.62,252.88,251.16
67,259.96,259.44,258.1,258.0,257.24,255.84,255.2,254.5,252.86,251.14
68,259.88,259.44,258.1,257.9,257.16,255.72,255.12,254.42,252.78,250.96
69,259.84,259.42,258.08,257.86,257.12,255.64,255.06,254.28,252.58,250.84
70,259.82,259.36,258.06,257.86,256.98,255.56,254.98,254.14,252.38,250.56
71,259.82,259.36,258.02,257.74,256.9,255.52,254.92,253.86,252.32,250.3
72,259.82,259.3,258.0,257.74,256.84,255.36,254.82,253.76,252.26,250.06
73,259.82,259.3,258.0,257.7,256.76,255.3,254.52,253.58,252.18,249.9
74,259.76,259.12,257.96,257.7,256.68,255.24,254.42,253.54,252.1,249.52
75,259.76,259.06,257.92,257.7,256.62,255.18,254.32,253.48,251.96,249.44
76,259.72,259.04,257.82,257.62,256.56,255.16,254.18,253.42,251.74,249.28
77,259.7,259.04,257.8,257.54,256.46,255.06,254.16,253.32,251.7,249.04
78,259.7,259.02,257.7,257.52,256.36,254.98,254.12,253.24,251.6,248.92
79,259.7,259.0,257.62,257.36,256.32,254.92,253.96,253.12,251.5,248.8
80,259.7,259.0,257.6,257.26,256.2,254.82,253.86,253.02,251.22,248.68
81,259.7,258.98,257.6,257.2,256.18,254.74,253.76,252.68,251.16,248.54
82,259.7,258.86,257.58,257.18,256.14,254.6,253.64,252.68,250.94,248.34
83,259.7,258.84,257.58,257.16,256.12,254.44,253.54,252.58,250.86,248.02
84,259.7,258.8,257.54,257.16,256.02,254.44,253.42,252.5,250.82,247.88
85,259.7,258.68,257.54,256.96,255.9,254.24,253.24,252.5,250.72,247.66
86,259.7,258.66,257.54,256.9,255.84,254.18,253.14,252.46,250.5,247.48
87,259.7,258.66,257.46,256.82,255.8,254.14,253.02,252.34,250.38,247.06
88,259.64,258.66,257.34,256.74,255.8,254.08,252.9,252.26,250.1,246.86
89,259.58,258.66,257.24,256.72,255.68,254.06,252.82,252.12,249.98,246.68
90,259.58,258.64,257.14,256.66,255.6,253.96,252.66,252.06,249.92,246.6
91,259.58,258.64,257.04,256.62,255.6,253.92,252.5,251.96,249.64,246.22
92,259.58,258.64,257.0,256.58,255.54,253.88,252.42,251.92,249.56,246.16
93,259.56,258.64,256.98,256.46,255.46,253.82,252.34,251.84,249.4,246.0
94,259.54,258.62,256.98,256.36,255.34,253.76,252.26,251.78,249.28,245.84
95,259.54,258.6,256.96,256.32,255.32,253.68,252.14,251.78,249.04,245.62
96,259.52,258.54,256.94,256.3,255.26,253.54,252.08,251.7,248.92,245.54
97,259.42,258.54,256.94,256.24,255.2,253.46,251.86,251.66,248.68,245.52
98,259.38,258.54,256.94,256.16,255.18,253.44,251.82,251.58,248.62,245.32
99,259.34,258.5,256.92,256.08,255.08,253.4,251.8,251.52,248.42,245.2
100,259.32,258.48,256.88,256.04,255.04,253.36,251.74,251.38,248.28,245.0
101,259.22,258.4,256.84,256.04,254.92,253.32,251.7,251.3,248.14,244.8
102,259.22,258.4,256.84,255.98,254.82,253.26,251.64,251.2,248.04,244.62
103,259.18,258.4,256.74,255.92,254.8,253.12,251.44,251.18,247.92,244.34
104,259.18,258.38,256.66,255.84,254.72,253.06,251.34,251.02,247.76,244.16
105,259.14,258.34,256.64,255.78,254.72,253.0,251.28,250.9,247.62,244.0
106,259.14,258.34,256.62,255.74,254.7,253.0,251.2,250.76,247.48,243.84
107,259.14,258.32,256.56,255.74,254.64,252.94,251.14,250.58,247.32,243.76
108,259.14,258.32,256.56,255.74,254.6,252.9,251.02,250.46,247.14,243.58
109,259.12,258.28,256.5,255.66,254.58,252.76,250.92,250.16,246.98,243.44
110,259.06,258.28,256.5,255.64,254.54,252.7,250.84,249.98,246.8,243.22
111,259.02,258.28,256.48,255.62,254.54,252.58,250.7,249.88,246.78,243.02
112,259.02,258.28,256.46,255.5,254.46,252.54,250.66,249.76,246.62,242.86
113,259.0,258.26,256.4,255.42,254.38,252.48,250.58,249.52,246.46,242.7
114,259.0,258.18,256.4,255.34,254.34,252.32,250.58,249.42,246.3,242.44
115,259.0,258.18,256.38,255.24,254.16,252.22,250.52,249.22,246.12,242.14
116,258.98,258.18,256.36,255.24,254.16,252.2,250.44,249.08,245.9,241.9
117,258.98,258.14,256.3,255.22,254.02,252.16,250.36,248.94,245.7,241.76
118,258.98,258.04,256.28,255.2,253.98,252.1,250.3,248.88,245.66,241.56
119,258.98,258.02,256.24,255.18,253.96,251.98,250.2,248.74,245.48,241.3
120,258.98,258.0,256.22,255.1,253.9,251.82,250.06,248.72,245.28,241.0
121,258.94,258.0,256.14,255.02,253.84,251.8,249.96,248.66,245.12,240.9
122,258.94,257.96,256.14,254.94,253.84,251.7,249.92,248.6,244.98,240.74
123,258.92,257.94,256.14,254.9,253.8,251.64,249.8,248.5,244.8,240.64
124,258.9,257.92,256.06,254.88,253.8,251.58,249.66,248.48,244.62,240.48
125,258.9,257.86,256.06,254.86,253.76,251.5,249.56,248.28,244.36,240.2
126,258.9,257.86,256.04,254.82,253.68,251.46,249.44,248.16,244.26,239.86
127,258.86,257.82,256.02,254.8,253.64,251.34,249.3,247.98,244.08,239.66
128,258.86,257.78,256.02,254.74,253.64,251.28,249.26,247.88,244.0,239.48
129,258.86,257.7,255.94,254.72,253.6,251.22,249.22,247.68,243.92,239.24
130,258.86,257.7,255.94,254.66,253.6,251.08,249.12,247.64,243.64,238.92
131,258.86,257.66,255.9,254.66,253.5,250.84,249.0,247.4,243.52,238.78
132,258.74,257.62,255.88,254.58,253.46,250.78,248.88,247.28,243.32,238.66
133,258.74,257.44,255.84,254.56,253.32,250.7,248.84,247.22,243.22,238.5
134,258.74,257.34,255.84,254.52,253.26,250.7,248.76,247.16,243.14,238.32
135,258.74,257.34,255.8,254.48,253.2,250.58,248.64,247.06,243.0,238.22
136,258.72,257.32,255.74,254.48,253.1,250.34,248.6,246.94,242.78,238.04
137,258.66,257.3,255.68,254.46,253.08,250.3,248.56,246.8,242.72,237.78
138,258.66,257.28,255.66,254.42,253.04,250.18,248.52,246.64,242.54,237.52
139,258.66,257.28,255.64,254.42,253.02,250.0,248.42,246.58,242.38,237.08
140,258.64,257.26,255.6,254.4,252.94,249.82,248.32,246.56,242.2,236.58
141,258.56,257.26,255.6,254.32,252.84,249.72,248.16,246.44,242.08,236.4
142,258.52,257.24,255.56,254.32,252.74,249.66,248.1,246.32,242.04,236.16
143,258.48,257.12,255.56,254.32,252.7,249.6,248.02,246.06,241.78,236.0
144,258.48,257.12,255.56,254.3,252.7,249.58,247.92,245.9,241.58,235.84
145,258.38,257.08,255.54,254.22,252.66,249.44,247.86,245.78,241.54,235.52
146,258.38,257.04,255.54,254.0,252.64,249.32,247.7,245.78,241.46,235.32
147,258.3,256.94,255.48,253.98,252.56,249.26,247.62,245.54,241.28,235.26
148,258.26,256.82,255.46,253.88,252.54,249.1,247.54,245.44,241.18,235.06
149,258.26,256.82,255.44,253.86,252.48,249.06,247.5,245.4,241.0,234.94
150,258.26,256.82,255.44,253.8,252.42,248.98,247.3,245.28,240.74,234.8
151,258.24,256.78,255.4,253.78,252.36,248.94,247.16,245.2,240.66,234.64
152,258.22,256.72,255.38,253.76,252.26,248.94,247.02,245.02,240.4,234.44
153,258.22,256.68,255.28,253.64,252.26,248.86,246.8,244.82,240.3,234.34
154,258.2,256.68,255.28,253.58,252.26,248.84,246.72,244.66,239.98,234.14
155,258.16,256.64,255.24,253.58,252.24,248.72,246.64,244.58,239.88,233.92
156,258.12,256.64,255.18,253.58,252.14,248.66,246.5,244.4,239.64,233.6
157,258.12,256.64,255.16,253.48,252.08,248.56,246.38,244.24,239.48,233.46
158,258.1,256.64,255.1,253.4,252.06,248.48,246.36,244.18,239.28,233.24
159,258.08,256.64,255.1,253.4,251.88,248.44,246.2,244.1,239.22,233.12
160,258.08,256.64,255.08,253.34,251.84,248.36,246.06,243.88,239.0,233.02
161,258.04,256.58,255.08,253.28,251.78,248.24,246.0,243.78,238.86,232.8
162,258.04,256.58,255.06,253.28,251.78,248.22,245.96,243.68,238.54,232.56
163,258.02,256.56,254.9,253.22,251.78,248.12,245.92,243.6,238.34,232.28
164,258.0,256.56,254.88,253.22,251.7,248.0,245.88,243.48,238.16,232.04
165,258.0,256.52,254.86,253.18,251.6,247.96,245.7,243.26,238.04,231.78
166,257.96,256.52,254.84,253.18,251.54,247.84,245.52,243.16,237.86,231.5
167,257.96,256.48,254.8,253.12,251.48,247.82,245.38,243.0,237.72,231.12
168,257.96,256.48,254.8,253.06,251.4,247.72,245.26,242.9,237.64,230.82
169,257.96,256.48,254.8,253.04,251.38,247.7,245.12,242.84,237.56,230.54
170,257.96,256.48,254.78,252.96,251.38,247.6,245.02,242.54,237.34,230.24
171,257.88,256.46,254.76,252.92,251.36,247.54,244.94,242.46,237.26,230.08
172,257.88,256.44,254.76,252.88,251.34,247.54,244.82,242.22,237.06,229.9
173,257.86,256.44,254.72,252.84,251.26,247.4,244.8,242.06,236.86,229.76
174,257.86,256.44,254.7,252.78,251.24,247.28,244.72,241.98,236.64,229.38
175,257.86,256.4,254.7,252.78,251.2,247.24,244.44,241.92,236.6,229.32
176,257.82,256.34,254.68,252.72,251.2,247.18,244.26,241.7,236.32,229.2
177,257.82,256.32,254.68,252.64,251.2,247.1,244.12,241.6,236.08,229.06
178,257.74,256.32,254.66,252.64,251.14,247.04,243.98,241.44,235.9,228.98
179,257.74,256.32,254.58,252.56,251.02,247.02,243.94,241.26,235.82,228.92
180,257.72,256.32,254.44,252.54,250.98,246.84,243.84,241.1,235.66,228.8
181,257.72,256.32,254.44,252.54,250.98,246.74,243.64,240.92,235.62,228.62
182,257.7,256.32,254.42,252.54,250.9,246.68,243.58,240.62,235.38,228.4
183,257.66,256.3,254.38,252.48,250.84,246.6,243.44,240.38,235.16,228.26
184,257.6,256.3,254.36,252.44,250.8,246.44,243.26,240.28,235.08,228.02
185,257.6,256.28,254.36,252.44,250.8,246.28,243.18,240.2,234.86,227.8
186,257.6,256.2,254.32,252.44,250.78,246.18,243.1,240.06,234.72,227.66
187,257.6,256.18,254.28,252.3,250.78,246.06,243.04,240.02,234.6,227.54
188,257.6,256.18,254.22,252.26,250.76,246.0,242.92,239.96,234.5,227.18
189,257.6,256.12,254.14,252.24,250.76,245.98,242.78,239.76,234.34,227.02
190,257.58,256.08,254.14,252.1,250.74,245.86,242.72,239.66,234.08,226.74
191,257.58,256.06,254.12,252.08,250.72,245.82,242.68,239.6,233.82,226.64
192,257.56,256.0,254.1,252.04,250.7,245.74,242.62,239.54,233.72,226.4
193,257.56,256.0,254.08,251.98,250.68,245.6,242.56,239.32,233.36,226.18
194,257.56,256.0,254.0,251.96,250.66,245.44,242.36,239.26,233.06,225.94
195,257.56,255.98,253.96,251.82,250.6,245.4,242.28,239.12,232.82,225.52
196,257.54,255.98,253.94,251.78,250.36,245.34,242.2,238.94,232.5,225.3
197,257.5,255.94,253.88,251.76,250.36,245.28,242.14,238.86,232.28,225.04
198,257.5,255.92,253.86,251.76,250.36,245.22,241.96,238.82,232.14,224.96
199,257.48,255.92,253.84,251.74,250.36,245.1,241.84,238.62,231.9,224.66
200,257.38,255.9,253.8,251.7,250.36,245.1,241.7,238.58,231.72,224.5
201,257.34,255.86,253.76,251.64,250.3,245.04,241.64,238.52,231.48,224.22
202,257.26,255.78,253.72,251.62,250.22,244.94,241.56,238.34,231.28,223.88
203,257.26,255.7,253.72,251.58,250.22,244.88,241.48,238.26,231.22,223.74
204,257.24,255.7,253.62,251.48,250.16,244.88,241.38,238.1,230.96,223.48
205,257.24,255.66,253.62,251.46,250.08,244.7,241.34,238.02,230.74,223.4
206,257.24,255.6,253.54,251.44,249.94,244.64,241.14,237.9,230.68,223.32
207,257.24,255.58,253.52,251.44,249.9,244.44,241.04,237.76,230.48,223.22
208,257.22,255.58,253.44,251.4,249.86,244.36,240.92,237.7,230.3,222.98
209,257.22,255.56,253.42,251.34,249.8,244.24,240.84,237.54,230.2,222.82
210,257.2,255.54,253.4,251.32,249.74,244.1,240.76,237.34,229.9,222.64
211,257.2,255.54,253.4,251.26,249.7,244.0,240.56,237.18,229.76,222.48
212,257.2,255.46,253.38,251.22,249.68,243.82,240.46,237.1,229.66,222.32
213,257.18,255.46,253.2,251.14,249.64,243.76,240.26,236.96,229.62,222.0
214,257.18,255.46,253.14,251.06,249.6,243.7,240.2,236.9,229.48,221.72
215,257.18,255.42,253.12,251.0,249.48,243.64,240.14,236.78,229.3,221.54
216,257.18,255.42,253.06,251.0,249.44,243.58,240.1,236.64,229.12,221.32
217,257.16,255.4,252.96,251.0,249.44,243.48,239.98,236.54,228.9,221.16
218,257.08,255.36,252.96,250.98,249.42,243.44,239.92,236.42,228.74,220.8
219,257.06,255.36,252.94,250.96,249.3,243.36,239.84,236.26,228.58,220.58
220,257.06,255.34,252.92,250.96,249.2,243.3,239.64,236.08,228.34,220.28
221,257.06,255.3,252.88,250.92,249.12,243.16,239.44,235.98,228.26,220.12
222,257.06,255.3,252.86,250.9,249.0,242.94,239.32,235.8,228.1,219.88
223,257.06,255.3,252.84,250.86,249.0,242.88,239.08,235.68,227.84,219.74
224,257.04,255.3,252.84,250.84,248.92,242.76,238.94,235.58,227.72,219.56
225,257.04,255.3,252.84,250.8,248.82,242.74,238.88,235.38,227.64,219.34
226,257.04,255.3,252.82,250.74,248.82,242.7,238.74,235.34,227.5,219.18
227,257.02,255.3,252.8,250.72,248.76,242.56,238.64,235.28,227.46,219.04
228,257.0,255.3,252.8,250.66,248.64,242.42,238.52,235.14,227.4,218.92
229,257.0,255.24,252.78,250.64,248.58,242.36,238.36,234.98,227.2,218.86
230,257.0,255.24,252.78,250.6,248.54,242.24,238.2,234.78,227.0,218.7
231,257.0,255.16,252.72,250.56,248.5,242.16,238.04,234.66,226.86,218.52
232,257.0,255.16,252.72,250.56,248.44,242.08,237.98,234.52,226.68,218.28
233,256.96,255.16,252.72,250.56,248.38,241.98,237.88,234.44,226.42,218.12
234,256.9,255.14,252.68,250.54,248.36,241.84,237.74,234.32,226.22,217.84
235,256.88,255.08,252.66,250.52,248.3,241.62,237.64,234.2,226.06,217.68
236,256.88,255.08,252.58,250.52,248.2,241.52,237.58,234.14,225.72,217.3
237,256.88,255.06,252.58,250.52,248.18,241.5,237.54,233.92,225.58,217.22
238,256.88,254.96,252.54,250.52,248.14,241.38,237.46,233.66,225.38,217.08
239,256.86,254.92,252.54,250.52,248.06,241.36,237.28,233.48,225.2,216.86
240,256.86,254.86,252.54,250.46,247.98,241.26,237.28,233.1,224.96,216.66
241,256.86,254.82,252.54,250.46,247.94,241.26,236.98,233.0,224.84,216.32
242,256.86,254.8,252.52,250.42,247.92,241.06,236.9,232.82,224.72,216.16
243,256.86,254.8,252.52,250.42,247.86,240.96,236.7,232.72,224.52,215.8
244,256.86,254.76,252.5,250.4,247.8,240.82,236.62,232.54,224.26,215.62
245,256.84,254.76,252.48,250.3,247.78,240.78,236.52,232.48,224.12,215.48
246,256.84,254.74,252.44,250.26,247.7,240.58,236.5,232.38,223.86,215.18
247,256.8,254.74,252.38,250.2,247.7,240.5,236.42,232.3,223.76,214.94
248,256.8,254.72,252.38,250.18,247.6,240.4,236.38,232.1,223.72,214.84
249,256.8,254.68,252.38,250.16,247.56,240.32,236.22,232.06,223.54,214.7
250,256.76,254.66,252.36,250.12,247.52,240.28,236.06,232.0,223.44,214.56
251,256.76,254.64,252.32,250.06,247.46,240.24,235.78,231.66,223.28,214.42
252,256.76,254.64,252.28,249.88,247.44,240.22,235.68,231.58,223.16,214.38
253,256.74,254.64,252.24,249.86,247.38,240.18,235.6,231.4,223.06,214.28
254,256.74,254.58,252.24,249.8,247.38,240.1,235.36,231.3,222.8,214.2
255,256.74,254.58,252.2,249.76,247.34,240.02,235.22,231.16,222.56,214.02
256,256.74,254.56,252.16,249.7,247.16,239.92,235.18,231.02,222.4,213.88
257,256.74,254.56,252.12,249.64,247.1,239.82,235.06,230.92,222.18,213.68
258,256.74,254.56,252.12,249.62,247.1,239.64,234.92,230.76,222.12,213.58
259,256.74,254.56,252.12,249.6,247.06,239.54,234.82,230.68,221.92,213.4
260,256.74,254.56,252.1,249.58,247.06,239.44,234.74,230.54,221.7,213.22
261,256.74,254.52,252.1,249.56,247.0,239.3,234.5,230.46,221.5,213.06
262,256.74,254.52,252.04,249.52,246.94,239.2,234.38,230.38,221.24,212.82
263,256.74,254.52,252.02,249.42,246.86,239.04,234.22,230.3,221.08,212.74
264,256.72,254.52,252.0,249.4,246.78,238.96,234.04,230.2,220.96,212.5
265,256.7,254.48,252.0,249.4,246.74,238.94,233.92,229.96,220.86,212.32
266,256.7,254.42,252.0,249.38,246.7,238.9,233.76,229.74,220.64,212.02
267,256.7,254.42,252.0,249.34,246.62,238.9,233.62,229.7,220.52,211.98
268,256.7,254.38,251.98,249.28,246.62,238.76,233.52,229.52,220.38,211.7
269,256.7,254.34,251.94,249.2,246.52,238.68,233.42,229.3,220.16,211.66
270,256.7,254.26,251.94,249.04,246.52,238.46,233.34,229.24,220.06,211.52
271,256.7,254.26,251.94,249.0,246.46,238.38,233.16,229.1,219.96,211.32
272,256.7,254.22,251.94,248.98,246.34,238.32,233.04,228.92,219.64,211.1
273,256.7,254.2,251.94,248.96,246.26,238.18,232.88,228.78,219.54,211.04
274,256.68,254.14,251.94,248.94,246.18,238.1,232.84,228.62,219.42,210.9
275,256.68,254.14,251.92,248.92,246.16,237.96,232.76,228.52,219.32,210.82
276,256.68,254.14,251.92,248.9,246.06,237.92,232.72,228.42,219.2,210.54
277,256.68,254.12,251.88,248.76,246.06,237.8,232.64,228.34,219.02,210.36
278,256.68,254.1,251.84,248.7,245.94,237.72,232.54,228.3,218.82,210.18
279,256.68,254.08,251.84,248.7,245.9,237.52,232.34,228.16,218.74,209.92
280,256.68,254.06,251.84,248.7,245.86,237.42,232.24,228.1,218.46,209.86
281,256.68,254.04,251.84,248.7,245.84,237.36,232.16,227.86,218.34,209.66
282,256.68,254.02,251.84,248.66,245.82,237.3,232.02,227.68,218.18,209.48
283,256.68,254.02,251.8,248.64,245.8,237.18,231.86,227.62,218.1,209.36
284,256.68,254.02,251.76,248.58,245.74,237.04,231.82,227.48,217.96,209.28
285,256.66,254.02,251.74,248.54,245.6,236.98,231.66,227.26,217.7,209.18
286,256.66,254.02,251.74,248.4,245.56,236.84,231.6,227.06,217.64,209.06
287,256.64,253.98,251.74,248.38,245.56,236.68,231.48,226.92,217.42,208.86
288,256.64,253.98,251.7,248.32,245.52,236.62,231.3,226.88,217.3,208.74
289,256.62,253.9,251.7,248.3,245.5,236.58,231.26,226.72,217.06,208.52
290,256.62,253.86,251.68,248.24,245.44,236.5,231.06,226.46,216.86,208.38
291,256.62,253.86,251.68,248.22,245.38,236.42,230.98,226.26,216.84,208.28
292,256.62,253.82,251.64,248.22,245.36,236.36,230.78,226.16,216.76,208.2
293,256.58,253.72,251.64,248.2,245.24,236.24,230.68,225.92,216.62,208.1
294,256.58,253.7,251.56,248.1,245.24,236.2,230.62,225.76,216.4,207.84
295,256.54,253.7,251.56,248.04,245.16,236.16,230.4,225.72,216.28,207.76
296,256.54,253.7,251.52,248.02,245.04,236.02,230.2,225.66,216.18,207.64
297,256.54,253.68,251.52,247.94,244.98,235.92,229.98,225.46,216.08,207.46
298,256.54,253.68,251.48,247.94,244.9,235.9,229.98,225.44,215.88,207.38
299,256.54,253.68,251.46,247.84,244.88,235.76,229.82,225.32,215.64,207.18
300,256.54,253.68,251.44,247.74,244.84,235.62,229.68,225.22,215.52,207.0
301,256.54,253.68,251.44,247.74,244.76,235.46,229.62,225.0,215.42,206.86
302,256.52,253.68,251.42,247.7,244.72,235.38,229.46,224.9,215.28,206.74
303,256.52,253.66,251.38,247.68,244.66,235.32,229.34,224.8,215.04,206.62
304,256.52,253.64,251.38,247.64,244.62,235.26,229.24,224.72,214.9,206.4
305,256.52,253.6,251.38,247.6,244.6,235.12,229.06,224.56,214.74,206.36
306,256.52,253.6,251.38,247.5,244.56,234.92,228.98,224.46,214.46,206.2
307,256.5,253.6,251.34,247.46,244.52,234.88,228.82,224.32,214.3,206.1
308,256.5,253.56,251.32,247.36,244.52,234.78,228.76,224.16,214.22,206.04
309,256.46,253.56,251.32,247.34,244.46,234.74,228.66,224.04,214.08,206.0
310,256.42,253.56,251.32,247.24,244.4,234.66,228.54,223.86,213.8,205.9
311,256.42,253.5,251.3,247.2,244.36,234.52,228.32,223.72,213.7,205.68
312,256.42,253.48,251.28,247.16,244.3,234.46,228.18,223.66,213.64,205.54
313,256.42,253.46,251.28,247.16,244.24,234.42,228.1,223.62,213.6,205.3
314,256.38,253.38,251.24,247.06,244.2,234.38,228.06,223.52,213.46,205.22
315,256.38,253.38,251.24,247.02,244.12,234.34,227.96,223.28,213.22,205.1
316,256.38,253.36,251.22,247.0,244.06,234.18,227.84,223.1,213.12,205.02
317,256.34,253.36,251.2,246.98,244.06,234.08,227.72,222.94,212.94,204.82
318,256.32,253.34,251.2,246.92,243.96,233.94,227.64,222.88,212.82,204.74
319,256.28,253.34,251.08,246.9,243.94,233.86,227.46,222.84,212.68,204.64
320,256.28,253.26,251.06,246.86,243.86,233.78,227.34,222.74,212.48,204.48
321,256.28,253.26,251.06,246.84,243.68,233.7,227.14,222.54,212.28,204.26
322,256.26,253.22,251.06,246.56,243.56,233.52,227.08,222.52,212.16,204.18
323,256.26,253.18,251.04,246.54,243.52,233.52,226.96,222.24,212.06,204.1
324,256.24,253.18,251.02,246.52,243.4,233.46,226.84,222.18,211.96,204.02
325,256.24,253.16,250.98,246.44,243.34,233.24,226.68,222.0,211.74,203.88
326,256.24,253.12,250.98,246.38,243.28,233.06,226.56,221.84,211.5,203.82
327,256.22,253.1,250.9,246.34,243.16,232.9,226.4,221.68,211.32,203.64
328,256.22,253.06,250.9,246.28,243.12,232.88,226.3,221.48,211.26,203.52
329,256.14,253.04,250.86,246.12,243.02,232.76,226.18,221.3,211.2,203.38
330,256.14,253.04,250.84,246.08,242.96,232.64,225.96,221.06,211.1,203.32
331,256.14,252.98,250.84,246.04,242.9,232.56,225.88,220.94,210.96,203.28
332,256.14,252.98,250.84,246.02,242.9,232.4,225.82,220.82,210.78,203.18
333,256.14,252.98,250.84,246.02,242.82,232.36,225.68,220.76,210.66,203.02
334,256.14,252.94,250.84,245.98,242.76,232.34,225.66,220.76,210.58,202.92
335,256.14,252.94,250.8,245.96,242.72,232.18,225.56,220.62,210.42,202.86
336,256.14,252.94,250.8,245.9,242.62,231.98,225.5,220.42,210.26,202.78
337,256.14,252.94,250.8,245.9,242.58,231.82,225.44,220.32,210.18,202.7
338,256.1,252.94,250.72,245.9,242.56,231.64,225.3,219.96,210.06,202.64
339,256.1,252.94,250.64,245.86,242.44,231.6,225.2,219.78,209.9,202.56
340,256.1,252.94,250.62,245.78,242.34,231.54,225.02,219.68,209.82,202.44
341,256.1,252.94,250.62,245.78,242.26,231.4,224.82,219.48,209.58,202.4
342,256.08,252.94,250.54,245.76,242.26,231.12,224.74,219.34,209.52,202.36
343,256.08,252.94,250.5,245.7,242.22,231.04,224.64,219.3,209.44,202.28
344,256.08,252.9,250.5,245.7,242.16,230.94,224.48,219.18,209.34,202.0
345,256.08,252.86,250.44,245.68,242.08,230.84,224.42,219.1,209.18,201.92
346,256.04,252.86,250.44,245.64,241.98,230.8,224.36,218.98,209.06,201.78
347,256.04,252.86,250.38,245.62,241.98,230.72,224.3,218.84,208.84,201.66
348,256.0,252.86,250.38,245.62,241.92,230.64,224.14,218.62,208.7,201.6
349,256.0,252.86,250.32,245.6,241.8,230.5,223.98,218.54,208.54,201.52
350,255.98,252.8,250.32,245.56,241.78,230.36,223.92,218.38,208.44,201.46
351,255.98,252.78,250.28,245.56,241.68,230.28,223.86,218.16,208.4,201.38
352,255.98,252.78,250.26,245.52,241.62,230.26,223.76,218.12,208.26,201.28
353,255.98,252.76,250.26,245.42,241.6,230.16,223.62,218.0,208.14,201.12
354,255.98,252.76,250.26,245.4,241.54,230.1,223.52,217.84,208.08,201.04
355,255.98,252.76,250.26,245.34,241.52,229.88,223.4,217.74,207.98,200.96
356,255.98,252.7,250.22,245.32,241.52,229.7,223.32,217.46,207.84,200.9
357,255.98,252.68,250.22,245.28,241.5,229.66,223.28,217.3,207.74,200.8
358,255.94,252.68,250.2,245.24,241.44,229.58,223.12,217.08,207.5,200.76
359,255.94,252.66,250.2,245.22,241.4,229.5,222.92,217.02,207.44,200.7
360,255.94,252.64,250.1,245.22,241.36,229.44,222.84,216.82,207.36,200.54
361,255.94,252.6,250.08,245.2,241.34,229.38,222.68,216.64,207.08,200.32
362,255.92,252.6,250.08,245.12,241.28,229.28,222.48,216.62,206.92,200.2
363,255.92,252.6,250.08,245.08,241.28,229.14,222.44,216.58,206.72,200.14
364,255.92,252.6,250.08,245.04,241.26,229.06,222.42,216.52,206.62,200.08
365,255.92,252.58,250.04,245.02,241.22,228.98,222.36,216.44,206.52,200.08
366,255.92,252.54,250.04,244.96,241.1,228.84,222.2,216.18,206.48,200.04
367,255.9,252.48,250.02,244.92,241.02,228.8,222.14,216.06,206.34,200.0
368,255.88,252.48,250.02,244.92,240.98,228.66,221.92,215.96,206.12,199.88
369,255.88,252.46,250.0,244.82,240.96,228.5,221.8,215.88,206.08,199.78
370,255.78,252.46,250.0,244.82,240.94,228.48,221.76,215.76,205.96,199.66
371,255.74,252.44,249.96,244.78,240.88,228.3,221.54,215.7,205.94,199.62
372,255.72,252.44,249.96,244.76,240.82,228.26,221.48,215.56,205.76,199.52
373,255.72,252.44,249.96,244.68,240.78,228.24,221.34,215.46,205.62,199.38
374,255.72,252.44,249.96,244.66,240.76,228.16,221.34,215.32,205.58,199.3
375,255.72,252.42,249.9,244.52,240.66,228.02,221.24,215.3,205.56,199.3
376,255.72,252.4,249.86,244.46,240.66,227.82,221.06,215.1,205.46,199.24
377,255.72,252.4,249.86,244.42,240.6,227.78,221.0,215.04,205.42,199.12
378,255.72,252.34,249.82,244.4,240.5,227.56,220.94,214.9,205.32,199.06
379,255.72,252.34,249.82,244.38,240.44,227.5,220.76,214.78,205.2,199.0
380,255.72,252.34,249.82,244.32,240.42,227.36,220.56,214.7,205.1,198.96
381,255.72,252.28,249.78,244.28,240.26,227.3,220.32,214.56,205.02,198.94
382,255.72,252.28,249.78,244.24,240.24,227.16,220.18,214.4,204.9,198.86
383,255.72,252.28,249.78,244.2,240.16,227.06,220.12,214.14,204.76,198.82
384,255.72,252.28,249.78,244.2,240.16,227.0,220.02,213.96,204.64,198.74
385,255.72,252.28,249.78,244.06,240.08,226.94,219.86,213.8,204.56,198.7
386,255.72,252.28,249.7,243.96,240.06,226.8,219.74,213.66,204.32,198.62
387,255.72,252.28,249.7,243.94,240.02,226.66,219.58,213.58,204.24,198.5
388,255.72,252.28,249.68,243.9,239.88,226.6,219.5,213.44,204.22,198.44
389,255.72,252.28,249.64,243.88,239.82,226.48,219.26,213.36,204.1,198.38
390,255.72,252.28,249.62,243.86,239.8,226.46,219.12,213.26,203.98,198.32
391,255.72,252.24,249.58,243.82,239.74,226.32,219.02,213.22,203.94,198.28
392,255.72,252.22,249.5,243.82,239.52,226.2,218.92,213.18,203.9,198.22
393,255.7,252.2,249.48,243.78,239.5,226.12,218.76,213.06,203.84,198.16
394,255.7,252.2,249.48,243.72,239.48,226.04,218.52,212.84,203.74,198.06
395,255.66,252.2,249.46,243.6,239.48,225.86,218.4,212.68,203.62,198.0
396,255.66,252.2,249.4,243.56,239.38,225.72,218.36,212.6,203.54,197.9
397,255.66,252.2,249.36,243.52,239.36,225.58,218.26,212.48,203.38,197.84
398,255.66,252.2,249.36,243.5,239.32,225.42,217.92,212.28,203.3,197.8
399,255.66,252.18,249.32,243.46,239.26,225.22,217.8,212.1,203.24,197.74
400,255.66,252.18,249.32,243.4,239.2,225.12,217.64,211.94,203.12,197.7
401,255.66,252.18,249.28,243.38,239.18,225.1,217.62,211.88,202.98,197.68
402,255.66,252.18,249.2,243.32,239.04,225.08,217.56,211.82,202.86,197.62
403,255.66,252.18,249.16,243.3,239.0,225.06,217.44,211.62,202.78,197.6
404,255.66,252.18,249.12,243.28,239.0,224.94,217.34,211.4,202.78,197.58
405,255.66,252.18,249.1,243.18,238.94,224.84,217.26,211.32,202.74,197.52
406,255.66,252.18,249.1,243.1,238.82,224.68,217.08,211.2,202.54,197.52
407,255.66,252.18,249.08,243.06,238.82,224.62,216.84,211.1,202.38,197.46
408,255.66,252.16,249.08,243.02,238.78,224.5,216.74,211.0,202.32,197.34
409,255.66,252.14,249.06,242.98,238.76,224.26,216.62,210.84,202.14,197.32
410,255.66,252.14,249.02,242.88,238.76,224.16,216.52,210.72,202.06,197.14
411,255.66,252.14,248.96,242.86,238.76,224.12,216.36,210.68,202.04,197.1
412,255.66,252.14,248.96,242.8,238.64,224.1,216.34,210.6,201.98,197.08
413,255.66,252.12,248.9,242.74,238.58,223.96,216.26,210.5,201.8,197.02
414,255.66,252.12,248.88,242.7,238.5,223.88,216.16,210.26,201.68,196.94
415,255.66,252.08,248.88,242.68,238.42,223.78,216.06,210.14,201.62,196.86
416,255.62,252.06,248.86,242.62,238.38,223.74,215.9,210.02,201.56,196.74
417,255.62,252.06,248.8,242.56,238.28,223.52,215.74,209.92,201.52,196.66
418,255.62,252.06,248.76,242.5,238.06,223.38,215.64,209.86,201.46,196.6
419,255.62,252.06,248.72,242.5,238.02,223.28,215.6,209.76,201.36,196.56
420,255.62,252.06,248.64,242.46,238.0,223.18,215.38,209.74,201.28,196.5
421,255.62,252.04,248.6,242.44,237.96,223.12,215.22,209.68,201.22,196.48
422,255.62,252.02,248.46,242.38,237.9,222.96,215.16,209.52,201.12,196.46
423,255.62,251.98,248.46,242.34,237.84,222.88,215.14,209.46,201.1,196.46
424,255.62,251.98,248.42,242.3,237.8,222.82,215.0,209.34,201.08,196.42
425,255.62,251.98,248.4,242.22,237.72,222.64,214.88,209.28,201.02,196.36
426,255.62,251.98,248.38,242.22,237.5,222.52,214.82,209.1,200.9,196.28
427,255.62,251.96,248.32,242.18,237.46,222.46,214.74,208.96,200.76,196.24
428,255.62,251.96,248.26,242.12,237.46,222.42,214.68,208.72,200.66,196.24
429,255.62,251.96,248.26,242.12,237.42,222.24,214.58,208.56,200.56,196.18
430,255.62,251.96,248.26,242.1,237.4,222.18,214.42,208.54,200.52,196.18
431,255.62,251.96,248.24,241.98,237.3,222.16,214.36,208.48,200.42,196.12
432,255.56,251.94,248.24,241.9,237.16,221.94,214.3,208.4,200.36,196.08
433,255.56,251.94,248.24,241.78,237.1,221.92,214.12,208.32,200.26,196.08
434,255.56,251.94,248.24,241.76,237.06,221.62,213.96,208.28,200.16,196.06
435,255.56,251.94,248.22,241.74,236.94,221.52,213.84,208.26,200.14,196.0
436,255.56,251.94,248.22,241.7,236.88,221.42,213.7,208.12,200.04,195.96
437,255.54,251.9,248.16,241.64,236.86,221.36,213.68,208.06,199.96,195.94
438,255.54,251.86,248.16,241.5,236.76,221.2,213.52,207.9,199.9,195.88
439,255.54,251.84,248.14,241.4,236.7,221.14,213.48,207.78,199.82,195.88
440,255.54,251.84,248.14,241.38,236.68,221.08,213.44,207.7,199.74,195.8
441,255.54,251.82,248.12,241.38,236.62,220.9,213.34,207.6,199.64,195.74
442,255.54,251.82,248.12,241.36,236.5,220.7,213.2,207.5,199.52,195.68
443,255.5,251.82,248.1,241.32,236.42,220.64,213.12,207.4,199.38,195.66
444,255.46,251.8,248.04,241.32,236.32,220.6,212.92,207.32,199.38,195.66
445,255.42,251.8,248.0,241.28,236.32,220.46,212.74,207.16,199.22,195.62
446,255.36,251.78,248.0,241.28,236.28,220.42,212.72,207.04,199.14,195.6
447,255.36,251.76,247.98,241.26,236.24,220.36,212.58,206.94,199.04,195.6
448,255.36,251.76,247.88,241.18,236.2,220.26,212.5,206.78,198.98,195.56
449,255.36,251.74,247.88,241.14,236.14,220.22,212.32,206.72,198.88,195.56
450,255.36,251.7,247.82,241.1,236.1,220.14,212.24,206.58,198.8,195.54
451,255.36,251.68,247.82,241.06,235.94,220.1,212.12,206.5,198.72,195.48
452,255.34,251.68,247.76,240.94,235.94,219.96,212.06,206.46,198.64,195.48
453,255.32,251.68,247.74,240.88,235.92,219.74,212.02,206.38,198.6,195.4
454,255.32,251.68,247.74,240.8,235.9,219.62,212.0,206.26,198.56,195.38
455,255.32,251.66,247.72,240.74,235.78,219.6,211.78,206.12,198.52,195.34
456,255.32,251.64,247.7,240.68,235.56,219.54,211.6,206.02,198.4,195.28
457,255.32,251.64,247.68,240.64,235.54,219.44,211.52,205.96,198.36,195.26
458,255.32,251.62,247.64,240.62,235.44,219.38,211.42,205.88,198.26,195.22
459,255.32,251.62,247.6,240.56,235.38,219.32,211.38,205.72,198.22,195.22
460,255.3,251.62,247.58,240.54,235.28,219.24,211.3,205.66,198.2,195.18
461,255.3,251.56,247.56,240.5,235.24,219.08,211.24,205.62,198.18,195.18
462,255.3,251.56,247.54,240.5,235.16,218.9,211.14,205.5,198.1,195.16
463,255.28,251.54,247.5,240.46,235.04,218.74,211.08,205.4,198.06,195.16
464,255.28,251.54,247.48,240.28,234.96,218.7,211.02,205.28,198.04,195.12
465,255.28,251.54,247.44,240.26,234.92,218.54,210.92,205.2,198.02,195.12
466,255.24,251.52,247.42,240.26,234.86,218.4,210.82,205.14,198.0,195.1
467,255.24,251.52,247.36,240.18,234.84,218.36,210.74,205.04,197.92,195.1
468,255.24,251.52,247.36,240.08,234.8,218.2,210.62,204.9,197.86,195.08
469,255.24,251.5,247.34,239.98,234.74,218.14,210.46,204.78,197.8,195.06
470,255.24,251.5,247.32,239.98,234.64,218.14,210.34,204.7,197.78,195.02
471,255.22,251.5,247.3,239.96,234.54,217.92,210.26,204.66,197.72,195.02
472,255.22,251.5,247.3,239.88,234.52,217.82,210.14,204.58,197.62,194.98
473,255.2,251.46,247.3,239.86,234.52,217.74,210.1,204.32,197.52,194.94
474,255.2,251.46,247.26,239.82,234.52,217.64,209.9,204.22,197.38,194.88
475,255.2,251.34,247.24,239.78,234.46,217.58,209.8,204.14,197.38,194.84
476,255.18,251.32,247.22,239.76,234.38,217.52,209.52,204.12,197.3,194.84
477,255.16,251.32,247.22,239.76,234.3,217.34,209.4,204.06,197.28,194.82
478,255.16,251.32,247.18,239.7,234.2,217.28,209.32,204.06,197.18,194.82
479,255.16,251.32,247.18,239.66,234.08,217.16,209.26,203.94,197.16,194.78
480,255.16,251.32,247.18,239.66,234.04,217.04,209.12,203.8,197.14,194.76
481,255.16,251.32,247.12,239.64,233.96,216.84,209.04,203.6,197.06,194.7
482,255.16,251.32,247.1,239.58,233.78,216.74,208.96,203.54,197.04,194.7
483,255.12,251.3,247.1,239.5,233.76,216.56,208.76,203.44,197.02,194.68
484,255.12,251.3,247.1,239.48,233.72,216.48,208.64,203.34,196.98,194.68
485,255.12,251.26,247.1,239.38,233.52,216.4,208.52,203.22,196.9,194.64
486,255.06,251.24,247.06,239.32,233.52,216.28,208.28,203.16,196.82,194.62
487,255.04,251.2,247.04,239.3,233.46,216.26,208.16,203.0,196.76,194.6
488,255.04,251.2,247.02,239.3,233.36,216.12,208.06,202.94,196.7,194.58
489,255.04,251.2,246.94,239.28,233.26,216.08,207.9,202.78,196.62,194.58
490,255.04,251.2,246.9,239.16,233.24,215.96,207.88,202.7,196.58,194.56
491,255.04,251.2,246.9,239.08,233.2,215.94,207.76,202.58,196.58,194.54
492,255.0,251.16,246.84,239.06,233.16,215.94,207.72,202.5,196.54,194.48
493,254.98,251.14,246.84,239.0,233.12,215.86,207.56,202.46,196.4,194.44
494,254.98,251.14,246.84,238.92,233.08,215.8,207.48,202.36,196.4,194.4
495,254.98,251.14,246.8,238.86,233.06,215.74,207.34,202.32,196.38,194.4
496,254.98,251.14,246.8,238.86,232.98,215.6,207.28,202.22,196.3,194.34
497,254.98,251.14,246.72,238.82,232.84,215.48,207.16,202.12,196.24,194.32
498,254.98,251.14,246.68,238.78,232.76,215.46,207.0,202.06,196.24,194.3
499,254.94,251.14,246.64,238.76,232.72,215.34,206.96,201.86,196.14,194.3
500,254.88,251.14,246.6,238.74,232.7,215.28,206.9,201.84,196.12,194.26
501,254.88,251.14,246.6,238.64,232.64,215.22,206.68,201.8,196.04,194.26
502,254.88,251.14,246.6,238.62,232.5,215.06,206.62,201.72,196.02,194.22
503,254.86,251.14,246.54,238.52,232.5,215.0,206.46,201.6,196.02,194.22
504,254.86,251.14,246.54,238.52,232.5,214.9,206.42,201.48,196.02,194.22
505,254.78,251.14,246.52,238.48,232.46,214.7,206.38,201.38,195.98,194.18
506,254.78,251.1,246.52,238.44,232.36,214.68,206.3,201.26,195.96,194.18
507,254.78,251.1,246.5,238.44,232.22,214.54,206.18,201.14,195.9,194.16
508,254.78,251.1,246.46,238.38,232.18,214.48,206.1,201.04,195.88,194.14
509,254.78,251.08,246.44,238.34,232.16,214.38,206.02,201.0,195.82,194.1
510,254.78,251.08,246.4,238.3,232.1,214.3,205.98,200.94,195.76,194.1
511,254.78,251.08,246.4,238.22,231.96,214.24,205.82,200.8,195.66,194.1
512,254.78,251.04,246.38,238.22,231.9,214.14,205.74,200.76,195.58,194.1
513,254.78,251.02,246.36,238.12,231.82,214.04,205.7,200.74,195.54,194.1
514,254.78,251.0,246.36,238.0,231.76,214.04,205.56,200.68,195.52,194.1
515,254.72,250.98,246.28,237.98,231.74,214.0,205.56,200.58,195.4,194.1
516,254.72,250.98,246.22,237.98,231.66,213.9,205.52,200.52,195.36,194.1
517,254.7,250.96,246.22,237.98,231.64,213.74,205.38,200.44,195.26,194.1
518,254.66,250.96,246.22,237.96,231.58,213.72,205.22,200.32,195.26,194.1
519,254.66,250.96,246.22,237.94,231.4,213.7,205.12,200.26,195.24,194.1
520,254.66,250.96,246.2,237.9,231.36,213.58,205.06,200.2,195.2,194.08
521,254.66,250.96,246.18,237.84,231.32,213.36,204.84,200.12,195.14,194.06
522,254.66,250.94,246.18,237.78,231.3,213.16,204.74,200.04,195.1,194.04
523,254.66,250.92,246.18,237.66,231.2,213.12,204.56,199.94,195.06,194.0
524,254.66,250.92,246.18,237.5,231.12,213.04,204.54,199.84,194.98,193.98
525,254.64,250.92,246.18,237.5,231.12,212.92,204.42,199.78,194.96,193.98
526,254.62,250.88,246.18,237.42,231.08,212.82,204.36,199.72,194.96,193.98
527,254.62,250.78,246.16,237.38,231.04,212.76,204.16,199.56,194.92,193.98
528,254.62,250.78,246.14,237.34,230.94,212.68,204.04,199.46,194.88,193.94
529,254.62,250.78,246.1,237.28,230.94,212.62,204.02,199.44,194.86,193.92
530,254.62,250.78,246.08,237.16,230.92,212.5,203.94,199.4,194.8,193.92
531,254.62,250.78,246.06,237.1,230.92,212.44,203.88,199.32,194.78,193.92
532,254.6,250.78,246.06,237.0,230.8,212.34,203.82,199.26,194.76,193.9
533,254.56,250.78,246.0,236.92,230.78,212.24,203.76,199.22,194.7,193.88
534,254.56,250.78,245.98,236.86,230.66,212.08,203.62,199.18,194.7,193.88
535,254.56,250.76,245.98,236.82,230.66,211.84,203.58,199.08,194.7,193.88
536,254.56,250.76,245.98,236.78,230.56,211.8,203.54,199.08,194.68,193.86
537,254.56,250.74,245.9,236.7,230.52,211.66,203.48,199.0,194.64,193.86
538,254.54,250.74,245.88,236.64,230.36,211.64,203.36,198.94,194.64,193.82
539,254.54,250.74,245.88,236.62,230.32,211.5,203.28,198.92,194.58,193.78
540,254.54,250.68,245.88,236.62,230.22,211.44,203.18,198.8,194.54,193.76
541,254.54,250.64,245.86,236.42,230.18,211.4,203.04,198.74,194.52,193.76
542,254.52,250.6,245.8,236.42,230.1,211.3,202.96,198.64,194.5,193.74
543,254.52,250.56,245.7,236.3,230.1,211.16,202.94,198.6,194.46,193.74
544,254.46,250.56,245.64,236.2,230.04,211.12,202.86,198.54,194.44,193.74
545,254.42,250.54,245.62,236.16,230.02,211.08,202.82,198.48,194.44,193.74
546,254.42,250.52,245.62,236.12,229.92,210.88,202.78,198.42,194.42,193.74
547,254.42,250.52,245.62,236.08,229.86,210.78,202.72,198.32,194.4,193.74
548,254.42,250.5,245.56,236.02,229.82,210.64,202.68,198.2,194.36,193.74
549,254.42,250.5,245.52,235.98,229.7,210.6,202.64,198.16,194.34,193.74
550,254.42,250.5,245.52,235.86,229.68,210.42,202.58,198.08,194.32,193.72
551,254.38,250.46,245.5,235.82,229.62,210.34,202.4,198.02,194.28,193.7
552,254.38,250.44,245.48,235.78,229.5,210.28,202.38,197.94,194.26,193.7
553,254.38,250.44,245.42,235.78,229.46,210.16,202.24,197.88,194.18,193.68
554,254.38,250.44,245.42,235.62,229.4,210.04,202.22,197.84,194.16,193.68
555,254.36,250.4,245.4,235.6,229.36,209.96,202.18,197.72,194.14,193.64
556,254.34,250.4,245.36,235.58,229.3,209.92,202.12,197.7,194.14,193.64
557,254.34,250.4,245.16,235.56,229.2,209.8,202.04,197.66,194.14,193.64
558,254.34,250.4,245.16,235.56,229.08,209.76,201.98,197.6,194.1,193.62
559,254.34,250.4,245.12,235.56,229.04,209.72,201.84,197.52,194.06,193.62
560,254.3,250.38,245.1,235.54,229.02,209.62,201.8,197.44,193.98,193.6
561,254.3,250.36,245.06,235.54,228.9,209.54,201.7,197.44,193.96,193.58
562,254.3,250.36,245.06,235.48,228.84,209.44,201.68,197.42,193.88,193.56
563,254.3,250.34,244.98,235.44,228.78,209.38,201.68,197.36,193.86,193.56
564,254.3,250.34,244.92,235.4,228.78,209.26,201.56,197.24,193.8,193.56
565,254.28,250.3,244.9,235.36,228.7,209.2,201.5,197.24,193.8,193.54
566,254.28,250.3,244.84,235.28,228.66,209.1,201.44,197.22,193.76,193.54
567,254.28,250.3,244.84,235.28,228.62,208.98,201.36,197.14,193.76,193.54
568,254.24,250.3,244.8,235.24,228.56,208.88,201.2,197.14,193.7,193.54
569,254.24,250.28,244.74,235.22,228.5,208.86,201.12,197.02,193.64,193.54
570,254.24,250.28,244.7,235.18,228.36,208.8,200.96,197.02,193.56,193.52
571,254.24,250.26,244.64,235.16,228.26,208.72,200.86,196.98,193.54,193.52
572,254.24,250.26,244.52,235.12,228.24,208.58,200.82,196.92,193.54,193.5
573,254.22,250.24,244.52,235.1,228.12,208.48,200.74,196.86,193.54,193.5
574,254.2,250.2,244.46,235.02,228.1,208.34,200.62,196.78,193.52,193.48
575,254.2,250.18,244.44,235.0,228.06,208.3,200.6,196.76,193.46,193.48
576,254.2,250.18,244.44,234.92,228.06,208.2,200.48,196.7,193.42,193.48
577,254.2,250.16,244.44,234.92,227.94,208.14,200.4,196.7,193.4,193.48
578,254.2,250.16,244.42,234.9,227.78,208.08,200.36,196.64,193.38,193.46
579,254.18,250.14,244.42,234.84,227.66,208.02,200.24,196.56,193.36,193.46
580,254.18,250.12,244.28,234.76,227.52,207.92,200.22,196.5,193.36,193.46
581,254.18,250.12,244.24,234.68,227.4,207.78,200.18,196.46,193.32,193.46
582,254.16,250.06,244.22,234.64,227.36,207.72,200.14,196.42,193.32,193.46
583,254.12,250.02,244.22,234.62,227.36,207.64,200.12,196.36,193.26,193.46
584,254.1,250.02,244.16,234.56,227.32,207.5,200.08,196.28,193.26,193.46
585,254.1,250.02,244.16,234.56,227.24,207.42,199.98,196.2,193.26,193.46
586,254.1,250.02,244.12,234.56,227.14,207.36,199.94,196.08,193.24,193.46
587,254.1,249.98,244.08,234.54,227.12,207.34,199.9,196.06,193.2,193.46
588,254.1,249.98,244.08,234.54,227.0,207.22,199.84,196.06,193.18,193.46
589,254.1,249.9,244.02,234.48,226.98,207.02,199.72,196.0,193.14,193.46
590,254.1,249.9,243.96,234.46,226.86,206.9,199.6,195.96,193.12,193.46
591,254.1,249.9,243.96,234.3,226.84,206.78,199.5,195.94,193.12,193.44
592,254.1,249.88,243.92,234.28,226.82,206.68,199.42,195.9,193.12,193.44
593,254.02,249.88,243.9,234.26,226.7,206.6,199.4,195.84,193.1,193.44
594,254.0,249.86,243.86,234.18,226.68,206.56,199.36,195.7,193.1,193.44
595,254.0,249.86,243.82,234.0,226.62,206.5,199.28,195.64,193.1,193.44
596,254.0,249.84,243.76,233.92,226.52,206.36,199.26,195.56,193.06,193.44
597,253.98,249.8,243.72,233.9,226.4,206.26,199.24,195.42,193.06,193.42
598,253.98,249.78,243.68,233.88,226.26,206.2,199.2,195.34,193.02,193.42
599,253.96,249.76,243.66,233.8,226.12,206.18,199.08,195.32,193.0,193.42
600,253.96,249.76,243.6,233.74,226.06,206.16,199.02,195.26,192.96,193.4
601,253.96,249.74,243.6,233.66,225.92,206.12,198.9,195.26,192.92,193.4
602,253.96,249.74,243.6,233.52,225.88,205.96,198.88,195.18,192.9,193.4
603,253.96,249.72,243.56,233.42,225.84,205.92,198.86,195.16,192.9,193.4
604,253.96,249.72,243.56,233.42,225.72,205.82,198.8,195.14,192.88,193.38
605,253.9,249.72,243.54,233.38,225.58,205.76,198.76,195.1,192.88,193.38
606,253.9,249.68,243.54,233.28,225.58,205.74,198.68,195.04,192.88,193.36
607,253.88,249.6,243.54,233.26,225.56,205.64,198.62,194.98,192.86,193.36
608,253.8,249.6,243.5,233.2,225.52,205.64,198.56,194.92,192.82,193.34
609,253.8,249.58,243.36,233.12,225.4,205.62,198.48,194.84,192.82,193.34
610,253.8,249.58,243.36,233.12,225.34,205.58,198.46,194.84,192.82,193.34
611,253.8,249.56,243.36,233.04,225.18,205.48,198.38,194.8,192.76,193.32
612,253.8,249.56,243.36,232.96,225.18,205.38,198.3,194.8,192.74,193.3
613,253.78,249.52,243.34,232.92,225.1,205.26,198.24,194.74,192.72,193.3
614,253.78,249.48,243.28,232.9,225.04,205.16,198.2,194.68,192.7,193.3
615,253.78,249.44,243.24,232.8,224.96,205.06,198.16,194.58,192.7,193.3
616,253.78,249.42,243.24,232.76,224.84,204.92,198.08,194.58,192.7,193.3
617,253.78,249.42,243.22,232.76,224.78,204.92,198.02,194.56,192.68,193.3
618,253.78,249.42,243.2,232.76,224.66,204.84,197.98,194.48,192.64,193.3
619,253.76,249.38,243.18,232.66,224.62,204.78,197.94,194.4,192.62,193.3
620,253.76,249.38,243.16,232.56,224.56,204.68,197.9,194.38,192.58,193.3
621,253.76,249.38,243.14,232.52,224.5,204.54,197.82,194.36,192.54,193.3
622,253.72,249.38,243.12,232.5,224.42,204.5,197.74,194.36,192.52,193.3
623,253.72,249.36,243.06,232.48,224.36,204.48,197.72,194.32,192.52,193.3
624,253.7,249.34,243.04,232.46,224.34,204.46,197.7,194.28,192.52,193.3
625,253.7,249.34,243.02,232.42,224.22,204.32,197.56,194.26,192.5,193.3
626,253.7,249.3,242.92,232.36,224.18,204.28,197.46,194.16,192.5,193.3
627,253.7,249.3,242.86,232.32,224.18,204.24,197.38,194.12,192.48,193.3
628,253.68,249.28,242.86,232.28,224.18,204.18,197.36,194.1,192.44,193.3
629,253.68,249.2,242.86,232.2,224.16,204.16,197.34,194.08,192.42,193.3
630,253.68,249.2,242.86,232.18,224.14,204.1,197.24,194.02,192.42,193.3
631,253.66,249.2,242.86,232.18,224.08,203.94,197.2,194.0,192.42,193.3
632,253.66,249.18,242.84,232.18,223.98,203.82,197.12,193.98,192.38,193.3
633,253.66,249.16,242.82,232.14,223.9,203.7,197.06,193.92,192.38,193.3
634,253.66,249.06,242.78,232.1,223.84,203.56,197.02,193.88,192.38,193.3
635,253.66,249.06,242.78,232.06,223.72,203.42,196.98,193.88,192.34,193.3
636,253.66,249.06,242.78,232.0,223.66,203.4,196.92,193.82,192.34,193.3
637,253.66,249.04,242.78,232.0,223.64,203.28,196.88,193.78,192.32,193.3
638,253.66,249.04,242.76,231.96,223.52,203.18,196.88,193.72,192.32,193.3
639,253.66,249.02,242.76,231.94,223.5,203.08,196.82,193.7,192.32,193.3
640,253.66,248.98,242.76,231.82,223.46,203.02,196.78,193.66,192.32,193.3
641,253.66,248.96,242.72,231.8,223.38,202.98,196.74,193.64,192.3,193.3
642,253.64,248.94,242.7,231.76,223.36,202.98,196.72,193.6,192.28,193.3
643,253.64,248.94,242.7,231.66,223.24,202.86,196.7,193.5,192.28,193.3
644,253.6,248.9,242.68,231.62,223.12,202.82,196.64,193.44,192.28,193.3
645,253.6,248.9,242.68,231.62,223.04,202.8,196.6,193.34,192.28,193.3
646,253.58,248.88,242.66,231.6,223.02,202.68,196.58,193.26,192.26,193.3
647,253.58,248.88,242.64,231.52,222.98,202.56,196.56,193.2,192.26,193.3
648,253.58,248.86,242.62,231.4,222.92,202.5,196.48,193.18,192.26,193.3
649,253.58,248.82,242.62,231.36,222.86,202.42,196.44,193.16,192.26,193.3
650,253.58,248.82,242.62,231.24,222.74,202.38,196.4,193.16,192.24,193.3
651,253.56,248.82,242.58,231.18,222.72,202.32,196.26,193.1,192.22,193.28
652,253.56,248.8,242.46,231.08,222.66,202.22,196.18,193.04,192.2,193.28
653,253.56,248.74,242.42,231.04,222.64,202.12,196.12,193.04,192.2,193.28
654,253.56,248.7,242.38,230.98,222.52,202.04,196.02,193.04,192.16,193.28
655,253.56,248.7,242.38,230.88,222.48,201.98,195.98,193.04,192.16,193.28
656,253.56,248.7,242.36,230.88,222.3,201.84,195.96,193.02,192.12,193.28
657,253.56,248.7,242.36,230.84,222.3,201.78,195.94,192.94,192.12,193.28
658,253.56,248.62,242.28,230.78,222.28,201.64,195.88,192.92,192.1,193.28
659,253.56,248.6,242.24,230.78,222.28,201.64,195.86,192.9,192.1,193.28
660,253.56,248.6,242.22,230.56,222.24,201.58,195.82,192.9,192.06,193.28
661,253.56,248.6,242.2,230.54,222.24,201.52,195.78,192.88,192.06,193.28
662,253.54,248.6,242.16,230.44,222.18,201.44,195.74,192.84,192.04,193.28
663,253.54,248.56,242.12,230.44,222.18,201.4,195.72,192.8,192.04,193.28
664,253.54,248.56,242.1,230.38,222.12,201.38,195.62,192.76,192.04,193.28
665,253.52,248.52,242.1,230.38,222.12,201.32,195.56,192.74,191.98,193.28
666,253.52,248.52,242.1,230.36,222.04,201.3,195.48,192.7,191.94,193.28
667,253.52,248.5,242.08,230.28,222.04,201.24,195.44,192.64,191.92,193.28
668,253.5,248.48,242.08,230.26,222.0,201.1,195.4,192.62,191.92,193.28
669,253.48,248.46,242.04,230.24,221.98,201.02,195.34,192.56,191.9,193.28
670,253.44,248.46,242.04,230.2,221.88,200.9,195.34,192.52,191.9,193.28
671,253.44,248.46,242.02,230.2,221.78,200.82,195.3,192.5,191.88,193.28
672,253.44,248.42,242.02,230.1,221.72,200.78,195.28,192.5,191.86,193.28
673,253.44,248.38,242.0,230.08,221.62,200.66,195.22,192.46,191.86,193.28
674,253.42,248.38,242.0,230.02,221.58,200.62,195.18,192.46,191.86,193.28
675,253.4,248.28,241.96,229.98,221.5,200.58,195.18,192.44,191.86,193.28
676,253.38,248.28,241.92,229.98,221.42,200.46,195.1,192.44,191.86,193.28
677,253.38,248.26,241.88,229.94,221.34,200.44,194.98,192.42,191.82,193.28
678,253.38,248.24,241.8,229.92,221.3,200.4,194.92,192.4,191.82,193.28
679,253.38,248.22,241.8,229.88,221.24,200.32,194.86,192.38,191.82,193.28
680,253.38,248.22,241.78,229.86,221.22,200.22,194.82,192.36,191.78,193.28
681,253.38,248.2,241.74,229.84,221.18,200.2,194.72,192.32,191.76,193.28
682,253.38,248.2,241.74,229.78,221.06,200.14,194.7,192.28,191.76,193.28
683,253.36,248.18,241.68,229.66,221.04,200.04,194.66,192.28,191.76,193.28
684,253.3,248.16,241.62,229.64,220.92,199.96,194.64,192.24,191.74,193.28
685,253.3,248.16,241.62,229.56,220.78,199.94,194.6,192.24,191.74,193.28
686,253.3,248.16,241.6,229.5,220.72,199.84,194.58,192.22,191.74,193.28
687,253.3,248.12,241.52,229.48,220.66,199.78,194.46,192.22,191.74,193.28
688,253.3,248.12,241.5,229.32,220.44,199.76,194.4,192.18,191.74,193.28
689,253.3,248.06,241.48,229.3,220.3,199.68,194.36,192.08,191.74,193.28
690,253.3,248.04,241.48,229.16,220.22,199.6,194.36,192.08,191.72,193.28
691,253.3,248.0,241.48,229.12,220.2,199.56,194.32,192.08,191.72,193.26
692,253.3,248.0,241.46,229.12,220.14,199.46,194.24,192.06,191.72,193.26
693,253.28,247.96,241.4,229.08,220.14,199.42,194.2,192.04,191.72,193.26
694,253.28,247.96,241.32,229.06,220.12,199.38,194.16,192.02,191.72,193.26
695,253.28,247.94,241.32,229.04,220.06,199.36,194.14,191.96,191.72,193.26
696,253.28,247.94,241.32,228.98,220.0,199.3,194.12,191.92,191.72,193.26
697,253.26,247.92,241.26,228.96,219.94,199.22,194.1,191.92,191.7,193.24
698,253.24,247.92,241.24,228.94,219.9,199.2,194.1,191.9,191.7,193.24
699,253.24,247.9,241.24,228.92,219.78,199.2,194.02,191.9,191.7,193.24
700,253.24,247.86,241.22,228.84,219.76,199.1,193.96,191.88,191.7,193.24
701,253.24,247.82,241.18,228.7,219.6,199.08,193.92,191.86,191.7,193.24
702,253.24,247.82,241.1,228.62,219.56,199.0,193.9,191.84,191.7,193.24
703,253.24,247.82,241.08,228.54,219.48,198.82,193.84,191.78,191.7,193.24
704,253.22,247.82,241.08,228.42,219.32,198.76,193.76,191.76,191.68,193.24
705,253.22,247.8,241.08,228.38,219.24,198.7,193.72,191.74,191.66,193.24
706,253.22,247.78,241.02,228.32,219.2,198.6,193.68,191.74,191.66,193.24
707,253.22,247.78,240.92,228.32,219.12,198.52,193.64,191.72,191.66,193.24
708,253.22,247.78,240.92,228.24,219.04,198.44,193.58,191.7,191.66,193.24
709,253.22,247.76,240.86,228.18,219.04,198.38,193.56,191.7,191.66,193.24
710,253.22,247.76,240.84,228.04,219.0,198.24,193.54,191.64,191.66,193.24
711,253.22,247.76,240.84,228.0,218.96,198.12,193.52,191.62,191.66,193.24
712,253.2,247.74,240.84,227.94,218.96,198.08,193.46,191.62,191.64,193.24
713,253.2,247.72,240.78,227.86,218.96,198.04,193.36,191.58,191.64,193.24
714,253.16,247.7,240.76,227.8,218.86,198.0,193.3,191.56,191.64,193.24
715,253.16,247.7,240.74,227.7,218.84,197.98,193.3,191.54,191.64,193.24
716,253.16,247.7,240.74,227.7,218.72,197.92,193.3,191.52,191.62,193.24
717,253.16,247.68,240.66,227.64,218.56,197.88,193.26,191.48,191.62,193.24
718,253.16,247.64,240.66,227.54,218.54,197.8,193.2,191.46,191.62,193.24
719,253.16,247.64,240.66,227.48,218.4,197.76,193.18,191.46,191.62,193.24
720,253.16,247.62,240.66,227.46,218.34,197.7,193.14,191.46,191.62,193.24
721,253.14,247.62,240.64,227.44,218.28,197.66,193.1,191.46,191.62,193.24
722,253.14,247.62,240.56,227.44,218.16,197.62,193.08,191.44,191.6,193.24
723,253.14,247.56,240.56,227.44,218.14,197.56,193.06,191.44,191.6,193.24
724,253.14,247.54,240.54,227.42,218.1,197.54,193.02,191.42,191.6,193.24
725,253.1,247.54,240.52,227.42,218.04,197.46,192.96,191.42,191.6,193.24
726,253.1,247.52,240.52,227.36,218.02,197.42,192.94,191.42,191.6,193.22
727,253.1,247.52,240.52,227.34,217.98,197.36,192.9,191.4,191.6,193.22
728,253.1,247.52,240.48,227.3,217.82,197.32,192.9,191.34,191.6,193.22
729,253.1,247.52,240.46,227.3,217.76,197.26,192.9,191.32,191.6,193.22
730,253.1,247.46,240.34,227.22,217.68,197.22,192.86,191.32,191.6,193.22
731,253.1,247.42,240.34,227.14,217.62,197.18,192.84,191.3,191.6,193.22
732,253.08,247.42,240.3,227.1,217.52,197.12,192.84,191.28,191.6,193.22
733,253.08,247.4,240.22,227.1,217.38,197.0,192.82,191.26,191.6,193.22
734,253.08,247.38,240.22,227.08,217.32,196.94,192.82,191.22,191.6,193.22
735,253.08,247.34,240.16,227.04,217.3,196.86,192.76,191.2,191.6,193.22
736,253.04,247.34,240.14,227.02,217.22,196.82,192.68,191.16,191.6,193.2
737,253.02,247.32,240.12,226.86,217.16,196.68,192.62,191.14,191.6,193.2
738,253.02,247.32,240.1,226.86,217.12,196.6,192.6,191.12,191.6,193.2
739,253.02,247.32,240.08,226.76,217.02,196.54,192.58,191.08,191.6,193.2
740,253.02,247.3,240.02,226.76,217.02,196.5,192.52,191.06,191.6,193.2
741,253.02,247.28,240.0,226.72,216.96,196.36,192.5,191.0,191.6,193.2
742,253.02,247.26,239.94,226.7,216.94,196.36,192.46,190.96,191.58,193.2
743,252.98,247.26,239.94,226.66,216.72,196.26,192.46,190.94,191.58,193.2
744,252.94,247.26,239.9,226.62,216.6,196.2,192.44,190.94,191.58,193.2
745,252.94,247.24,239.82,226.54,216.52,196.18,192.44,190.9,191.58,193.2
746,252.92,247.22,239.8,226.54,216.48,196.18,192.44,190.86,191.58,193.2
747,252.92,247.22,239.8,226.48,216.34,196.14,192.38,190.84,191.58,193.18
748,252.92,247.2,239.78,226.48,216.14,196.12,192.38,190.82,191.58,193.18
749,252.92,247.2,239.74,226.4,216.12,196.08,192.34,190.82,191.56,193.18
750,252.88,247.2,239.72,226.34,216.04,195.98,192.34,190.78,191.56,193.18
751,252.88,247.2,239.7,226.32,216.02,195.86,192.26,190.76,191.56,193.18
752,252.88,247.18,239.66,226.24,216.0,195.78,192.24,190.72,191.56,193.18
753,252.86,247.18,239.54,226.2,215.98,195.74,192.18,190.7,191.56,193.18
754,252.86,247.18,239.5,226.16,215.86,195.7,192.18,190.7,191.56,193.18
755,252.86,247.18,239.46,226.14,215.74,195.66,192.16,190.64,191.56,193.18
756,252.86,247.18,239.46,226.08,215.66,195.64,192.1,190.62,191.56,193.18
757,252.84,247.16,239.44,226.0,215.6,195.6,192.06,190.62,191.56,193.18
758,252.84,247.16,239.36,225.9,215.52,195.54,192.02,190.6,191.56,193.18
759,252.84,247.14,239.36,225.9,215.42,195.5,192.02,190.6,191.54,193.18
760,252.84,247.14,239.36,225.88,215.26,195.44,192.0,190.6,191.54,193.18
761,252.84,247.12,239.34,225.82,215.26,195.44,191.94,190.56,191.54,193.18
762,252.82,247.1,239.34,225.62,215.16,195.42,191.9,190.54,191.54,193.18
763,252.82,247.08,239.3,225.56,215.1,195.36,191.88,190.5,191.52,193.18
764,252.82,247.08,239.3,225.48,215.06,195.3,191.88,190.5,191.52,193.18
765,252.82,247.08,239.28,225.44,215.06,195.22,191.84,190.48,191.52,193.18
766,252.72,247.04,239.28,225.3,215.0,195.2,191.78,190.42,191.52,193.18
767,252.72,247.04,239.26,225.26,214.98,195.18,191.76,190.42,191.52,193.18
768,252.72,247.02,239.22,225.22,214.94,195.12,191.76,190.42,191.52,193.18
769,252.72,247.02,239.22,225.22,214.86,195.1,191.76,190.4,191.52,193.18
770,252.72,247.02,239.22,225.12,214.86,195.0,191.74,190.4,191.52,193.18
771,252.72,247.0,239.2,225.08,214.82,194.92,191.72,190.38,191.5,193.18
772,252.72,246.96,239.2,225.08,214.8,194.82,191.72,190.38,191.5,193.18
773,252.72,246.96,239.2,225.0,214.72,194.82,191.64,190.36,191.5,193.18
774,252.72,246.96,239.14,224.98,214.7,194.76,191.6,190.34,191.5,193.18
775,252.72,246.92,239.06,224.96,214.58,194.7,191.56,190.32,191.5,193.18
776,252.72,246.92,238.98,224.92,214.46,194.68,191.54,190.3,191.5,193.18
777,252.72,246.92,238.96,224.84,214.4,194.6,191.54,190.3,191.5,193.18
778,252.72,246.92,238.94,224.74,214.34,194.56,191.48,190.3,191.48,193.18
779,252.72,246.88,238.92,224.64,214.28,194.54,191.46,190.28,191.48,193.18
780,252.7,246.88,238.92,224.6,214.24,194.48,191.44,190.24,191.48,193.18
781,252.7,246.84,238.92,224.58,214.14,194.44,191.44,190.22,191.48,193.18
782,252.68,246.76,238.9,224.52,214.04,194.34,191.42,190.22,191.48,193.18
783,252.68,246.72,238.88,224.5,213.86,194.3,191.4,190.22,191.48,193.18
784,252.68,246.68,238.88,224.48,213.76,194.26,191.38,190.22,191.48,193.18
785,252.68,246.64,238.88,224.44,213.68,194.18,191.34,190.22,191.48,193.18
786,252.68,246.64,238.84,224.4,213.64,194.12,191.32,190.2,191.48,193.18
787,252.68,246.6,238.76,224.24,213.6,194.08,191.32,190.2,191.48,193.18
788,252.68,246.54,238.76,224.14,213.46,194.04,191.3,190.14,191.46,193.18
789,252.68,246.48,238.76,224.04,213.4,194.02,191.26,190.12,191.44,193.18
790,252.68,246.48,238.72,223.96,213.34,193.98,191.26,190.12,191.44,193.18
791,252.68,246.46,238.7,223.9,213.34,193.96,191.24,190.08,191.44,193.18
792,252.66,246.4,238.66,223.78,213.32,193.9,191.22,190.08,191.44,193.18
793,252.66,246.4,238.64,223.72,213.2,193.76,191.22,190.06,191.44,193.18
794,252.66,246.36,238.64,223.7,213.2,193.74,191.14,190.06,191.44,193.18
795,252.62,246.32,238.58,223.66,213.12,193.66,191.12,190.06,191.44,193.18
796,252.62,246.32,238.58,223.6,213.04,193.62,191.06,190.06,191.44,193.18
797,252.62,246.32,238.56,223.54,213.02,193.56,191.04,190.06,191.44,193.18
798,252.62,246.32,238.54,223.5,212.92,193.52,191.02,190.04,191.44,193.18
799,252.6,246.32,238.54,223.5,212.78,193.5,191.0,190.0,191.44,193.18
800,252.58,246.32,238.5,223.48,212.7,193.5,190.96,189.98,191.44,193.18
801,252.58,246.32,238.48,223.46,212.66,193.5,190.96,189.98,191.42,193.18
802,252.58,246.3,238.44,223.38,212.6,193.5,190.92,189.98,191.42,193.18
803,252.58,246.28,238.44,223.38,212.6,193.48,190.9,189.96,191.42,193.18
804,252.56,246.22,238.44,223.38,212.58,193.46,190.9,189.94,191.4,193.18
805,252.56,246.22,238.34,223.38,212.46,193.42,190.9,189.92,191.4,193.18
806,252.56,246.16,238.34,223.3,212.46,193.38,190.84,189.92,191.4,193.18
807,252.56,246.16,238.3,223.24,212.32,193.34,190.84,189.9,191.38,193.18
808,252.56,246.16,238.28,223.22,212.3,193.3,190.84,189.88,191.38,193.18
809,252.56,246.14,238.28,223.18,212.12,193.28,190.78,189.88,191.38,193.18
810,252.56,246.14,238.22,223.18,212.0,193.28,190.76,189.84,191.38,193.18
811,252.56,246.14,238.12,223.14,211.92,193.14,190.72,189.84,191.38,193.18
812,252.56,246.12,238.1,223.02,211.8,193.12,190.72,189.82,191.36,193.18
813,252.56,246.1,238.08,223.02,211.78,193.1,190.72,189.82,191.36,193.18
814,252.56,246.02,238.04,222.98,211.74,193.02,190.72,189.82,191.36,193.18
815,252.56,245.98,238.02,222.92,211.66,192.96,190.7,189.82,191.36,193.18
816,252.56,245.96,238.0,222.78,211.66,192.92,190.66,189.82,191.36,193.18
817,252.56,245.94,238.0,222.76,211.66,192.9,190.66,189.82,191.36,193.18
818,252.56,245.92,237.96,222.66,211.62,192.9,190.64,189.78,191.36,193.18
819,252.56,245.88,237.96,222.62,211.54,192.88,190.62,189.76,191.36,193.18
820,252.56,245.84,237.9,222.54,211.5,192.86,190.6,189.76,191.36,193.18
821,252.56,245.84,237.86,222.46,211.4,192.78,190.54,189.74,191.36,193.18
822,252.56,245.82,237.86,222.46,211.24,192.72,190.54,189.74,191.36,193.18
823,252.52,245.8,237.84,222.36,211.2,192.72,190.52,189.74,191.36,193.18
824,252.52,245.8,237.82,222.3,211.18,192.72,190.52,189.74,191.34,193.18
825,252.52,245.8,237.8,222.22,211.0,192.64,190.5,189.74,191.34,193.18
826,252.5,245.8,237.8,222.2,211.0,192.62,190.5,189.7,191.34,193.18
827,252.5,245.8,237.76,222.18,210.96,192.58,190.42,189.7,191.34,193.18
828,252.5,245.8,237.74,222.12,210.88,192.52,190.4,189.68,191.34,193.18
829,252.5,245.74,237.72,222.06,210.82,192.44,190.4,189.68,191.34,193.18
830,252.38,245.68,237.66,222.0,210.82,192.38,190.38,189.68,191.34,193.18
831,252.34,245.66,237.62,221.88,210.8,192.36,190.38,189.66,191.34,193.18
832,252.32,245.62,237.62,221.76,210.72,192.34,190.38,189.64,191.34,193.18
833,252.32,245.62,237.6,221.5,210.64,192.32,190.38,189.6,191.34,193.18
834,252.32,245.62,237.48,221.48,210.54,192.3,190.34,189.58,191.34,193.18
835,252.32,245.6,237.46,221.42,210.5,192.28,190.32,189.58,191.34,193.18
836,252.32,245.58,237.46,221.32,210.44,192.26,190.3,189.56,191.34,193.18
837,252.32,245.56,237.4,221.2,210.36,192.26,190.3,189.56,191.34,193.18
838,252.32,245.48,237.36,221.2,210.32,192.2,190.26,189.56,191.34,193.18
839,252.3,245.48,237.36,221.2,210.24,192.18,190.26,189.56,191.34,193.18
840,252.28,245.46,237.3,221.14,210.18,192.18,190.26,189.52,191.34,193.18
841,252.28,245.44,237.3,221.1,210.1,192.14,190.26,189.5,191.32,193.18
842,252.28,245.36,237.26,221.08,210.0,192.08,190.24,189.48,191.32,193.18
843,252.28,245.36,237.26,221.02,209.96,192.04,190.24,189.46,191.32,193.18
844,252.28,245.32,237.24,220.96,209.88,191.96,190.22,189.46,191.32,193.18
845,252.28,245.28,237.18,220.72,209.84,191.9,190.22,189.46,191.32,193.18
846,252.28,245.28,237.18,220.64,209.82,191.86,190.2,189.46,191.32,193.18
847,252.28,245.26,237.16,220.64,209.72,191.86,190.18,189.46,191.32,193.18
848,252.28,245.22,237.14,220.64,209.72,191.82,190.16,189.44,191.32,193.18
849,252.28,245.22,237.08,220.54,209.72,191.76,190.16,189.4,191.32,193.18
850,252.26,245.2,237.08,220.54,209.72,191.74,190.12,189.4,191.32,193.18
851,252.26,245.16,237.04,220.5,209.64,191.72,190.1,189.4,191.32,193.18
852,252.26,245.16,237.04,220.44,209.64,191.72,190.02,189.38,191.32,193.18
853,252.24,245.12,237.04,220.4,209.58,191.7,190.0,189.38,191.32,193.18
854,252.24,245.12,237.02,220.36,209.54,191.7,189.98,189.38,191.32,193.18
855,252.24,245.12,237.02,220.34,209.52,191.66,189.96,189.38,191.32,193.18
856,252.24,245.1,237.0,220.32,209.48,191.58,189.96,189.38,191.32,193.18
857,252.24,245.08,236.98,220.26,209.44,191.56,189.92,189.38,191.32,193.18
858,252.2,245.06,236.9,220.24,209.36,191.54,189.92,189.38,191.32,193.18
859,252.2,245.04,236.88,220.18,209.34,191.48,189.92,189.38,191.3,193.18
860,252.2,245.04,236.84,220.1,209.3,191.4,189.9,189.38,191.3,193.18
861,252.2,245.04,236.82,220.08,209.28,191.4,189.9,189.36,191.3,193.18
862,252.2,245.02,236.78,220.02,209.16,191.34,189.88,189.36,191.3,193.18
863,252.2,245.0,236.76,220.02,209.1,191.34,189.88,189.36,191.3,193.18
864,252.2,245.0,236.74,220.0,209.06,191.28,189.86,189.36,191.3,193.18
865,252.2,244.98,236.7,219.98,208.98,191.28,189.86,189.34,191.3,193.18
866,252.16,244.94,236.68,219.96,208.78,191.24,189.86,189.32,191.3,193.18
867,252.14,244.92,236.62,219.92,208.74,191.16,189.82,189.3,191.3,193.18
868,252.14,244.92,236.62,219.84,208.72,191.16,189.82,189.3,191.3,193.18
869,252.14,244.92,236.62,219.82,208.7,191.12,189.8,189.3,191.28,193.18
870,252.14,244.92,236.6,219.78,208.62,191.08,189.76,189.3,191.28,193.18
871,252.14,244.88,236.58,219.72,208.52,191.04,189.74,189.3,191.28,193.18
872,252.14,244.88,236.56,219.7,208.48,191.02,189.74,189.3,191.28,193.18
873,252.14,244.88,236.54,219.66,208.42,191.0,189.72,189.26,191.28,193.18
874,252.14,244.88,236.54,219.56,208.38,191.0,189.7,189.26,191.28,193.18
875,252.12,244.88,236.48,219.54,208.3,190.96,189.7,189.24,191.28,193.18
876,252.1,244.82,236.46,219.54,208.2,190.92,189.68,189.22,191.28,193.18
877,252.08,244.82,236.44,219.5,208.12,190.92,189.68,189.22,191.28,193.18
878,252.08,244.82,236.44,219.3,208.1,190.9,189.68,189.22,191.28,193.18
879,252.06,244.78,236.38,219.26,208.08,190.88,189.68,189.22,191.28,193.18
880,252.06,244.78,236.32,219.18,208.04,190.82,189.66,189.22,191.28,193.18
881,252.06,244.78,236.26,219.08,207.94,190.8,189.64,189.22,191.28,193.18
882,252.04,244.78,236.26,219.04,207.74,190.76,189.62,189.22,191.28,193.18
883,252.04,244.74,236.22,219.02,207.7,190.74,189.6,189.22,191.28,193.18
884,252.04,244.74,236.22,218.88,207.58,190.72,189.58,189.22,191.28,193.18
885,252.04,244.74,236.2,218.84,207.48,190.72,189.58,189.2,191.28,193.18
886,251.98,244.7,236.18,218.78,207.44,190.72,189.58,189.2,191.26,193.18
887,251.98,244.7,236.18,218.74,207.44,190.68,189.56,189.2,191.26,193.18
888,251.98,244.7,236.16,218.68,207.42,190.68,189.56,189.2,191.26,193.18
889,251.98,244.64,236.14,218.68,207.38,190.66,189.56,189.2,191.26,193.18
890,251.98,244.64,236.06,218.68,207.36,190.62,189.56,189.2,191.26,193.18
891,251.98,244.6,235.98,218.52,207.36,190.6,189.54,189.18,191.26,193.18
892,251.98,244.6,235.94,218.46,207.28,190.6,189.5,189.18,191.26,193.18
893,251.98,244.58,235.94,218.36,207.2,190.54,189.5,189.18,191.26,193.18
894,251.98,244.58,235.94,218.24,207.16,190.5,189.44,189.18,191.26,193.18
895,251.98,244.46,235.94,218.22,207.1,190.5,189.42,189.18,191.26,193.18
896,251.94,244.46,235.9,218.18,207.0,190.5,189.4,189.18,191.26,193.18
897,251.92,244.46,235.86,218.14,206.94,190.5,189.38,189.18,191.26,193.18
898,251.92,244.46,235.84,218.08,206.78,190.5,189.36,189.18,191.26,193.18
899,251.92,244.46,235.84,218.0,206.74,190.48,189.36,189.18,191.26,193.18
900,251.92,244.46,235.72,217.94,206.58,190.48,189.34,189.18,191.26,193.18
901,251.92,244.46,235.72,217.84,206.52,190.46,189.34,189.16,191.26,193.18
902,251.92,244.42,235.66,217.76,206.46,190.38,189.32,189.16,191.26,193.18
903,251.92,244.4,235.64,217.66,206.42,190.3,189.32,189.16,191.26,193.18
904,251.92,244.4,235.64,217.64,206.34,190.28,189.32,189.16,191.26,193.18
905,251.92,244.4,235.62,217.58,206.34,190.26,189.28,189.16,191.26,193.18
906,251.92,244.4,235.62,217.58,206.22,190.24,189.24,189.16,191.26,193.18
907,251.92,244.4,235.62,217.54,206.18,190.22,189.22,189.16,191.26,193.18
908,251.92,244.4,235.56,217.5,206.14,190.22,189.2,189.16,191.26,193.18
909,251.92,244.38,235.32,217.44,206.0,190.2,189.2,189.16,191.26,193.18
910,251.9,244.38,235.32,217.4,205.98,190.18,189.18,189.14,191.26,193.18
911,251.9,244.38,235.26,217.32,205.92,190.12,189.18,189.14,191.26,193.18
912,251.9,244.38,235.26,217.3,205.9,190.08,189.18,189.12,191.26,193.18
913,251.9,244.38,235.12,217.28,205.88,190.04,189.18,189.12,191.26,193.18
914,251.9,244.38,235.12,217.28,205.78,190.02,189.18,189.12,191.26,193.18
915,251.9,244.34,235.12,217.24,205.64,190.02,189.18,189.12,191.26,193.18
916,251.88,244.34,235.1,217.16,205.56,190.02,189.18,189.12,191.26,193.18
917,251.88,244.34,235.1,217.16,205.5,190.02,189.16,189.12,191.26,193.18
918,251.88,244.34,235.1,217.1,205.42,189.98,189.16,189.12,191.26,193.18
919,251.88,244.34,235.08,217.08,205.42,189.96,189.14,189.12,191.26,193.18
920,251.88,244.34,235.02,216.98,205.26,189.96,189.14,189.12,191.26,193.18
921,251.88,244.26,235.02,216.84,205.18,189.94,189.12,189.1,191.26,193.18
922,251.84,244.24,234.96,216.8,205.08,189.9,189.12,189.08,191.26,193.18
923,251.84,244.18,234.88,216.76,204.96,189.84,189.12,189.08,191.26,193.18
924,251.84,244.18,234.82,216.74,204.94,189.84,189.12,189.08,191.26,193.18
925,251.82,244.16,234.78,216.68,204.86,189.8,189.12,189.08,191.26,193.18
926,251.82,244.14,234.74,216.62,204.86,189.76,189.12,189.08,191.26,193.18
927,251.82,244.14,234.72,216.62,204.84,189.72,189.12,189.06,191.26,193.18
928,251.82,244.12,234.7,216.58,204.8,189.66,189.12,189.06,191.26,193.18
929,251.82,244.04,234.7,216.52,204.7,189.66,189.1,189.04,191.26,193.18
930,251.82,244.0,234.66,216.5,204.66,189.66,189.08,189.04,191.26,193.18
931,251.8,244.0,234.66,216.46,204.64,189.64,189.08,189.02,191.24,193.18
932,251.78,243.92,234.66,216.44,204.56,189.58,189.08,189.02,191.24,193.18
933,251.78,243.92,234.66,216.3,204.44,189.56,189.02,189.02,191.24,193.18
934,251.78,243.82,234.64,216.26,204.44,189.54,189.0,189.02,191.24,193.18
935,251.78,243.8,234.64,216.22,204.4,189.54,189.0,189.02,191.24,193.18
936,251.76,243.74,234.6,216.14,204.4,189.54,189.0,189.02,191.24,193.18
937,251.76,243.74,234.6,216.12,204.3,189.46,189.0,189.02,191.24,193.18
938,251.76,243.72,234.6,216.1,204.26,189.44,189.0,189.02,191.24,193.18
939,251.76,243.72,234.6,216.1,204.24,189.42,188.98,189.02,191.24,193.18
940,251.76,243.7,234.58,216.1,204.22,189.4,188.96,189.0,191.24,193.18
941,251.76,243.68,234.52,216.02,204.16,189.38,188.96,189.0,191.24,193.18
942,251.68,243.66,234.48,216.0,204.12,189.34,188.96,189.0,191.24,193.18
943,251.68,243.66,234.48,215.9,203.98,189.3,188.96,189.0,191.24,193.18
944,251.68,243.66,234.44,215.76,203.98,189.26,188.96,189.0,191.24,193.18
945,251.66,243.66,234.38,215.7,203.9,189.24,188.96,189.0,191.24,193.18
946,251.66,243.66,234.3,215.66,203.82,189.22,188.96,189.0,191.24,193.18
947,251.66,243.66,234.3,215.62,203.74,189.16,188.96,189.0,191.24,193.18
948,251.66,243.66,234.26,215.62,203.66,189.1,188.94,189.0,191.24,193.18
949,251.66,243.64,234.24,215.62,203.6,189.08,188.94,189.0,191.24,193.18
950,251.66,243.64,234.14,215.54,203.54,189.04,188.92,189.0,191.24,193.18
951,251.64,243.62,234.1,215.52,203.5,189.02,188.9,188.98,191.24,193.18
952,251.64,243.58,233.94,215.48,203.4,189.02,188.88,188.98,191.24,193.18
953,251.64,243.58,233.92,215.36,203.34,189.0,188.84,188.98,191.24,193.18
954,251.64,243.58,233.92,215.28,203.3,189.0,188.84,188.98,191.24,193.18
955,251.64,243.58,233.92,215.2,203.28,189.0,188.84,188.98,191.24,193.18
956,251.64,243.58,233.9,215.16,203.26,189.0,188.84,188.98,191.24,193.18
957,251.64,243.58,233.9,215.06,203.18,189.0,188.82,188.98,191.24,193.18
958,251.64,243.54,233.86,214.98,203.18,188.98,188.82,188.98,191.24,193.18
959,251.64,243.52,233.86,214.96,203.16,188.96,188.82,188.98,191.24,193.18
960,251.64,243.52,233.78,214.94,203.14,188.92,188.82,188.96,191.24,193.18
961,251.64,243.5,233.78,214.9,203.12,188.92,188.8,188.96,191.24,193.18
962,251.58,243.5,233.78,214.88,203.12,188.9,188.74,188.96,191.24,193.18
963,251.58,243.5,233.74,214.84,203.0,188.82,188.74,188.94,191.24,193.18
964,251.58,243.5,233.72,214.8,202.98,188.82,188.74,188.94,191.24,193.18
965,251.58,243.42,233.72,214.76,202.98,188.8,188.74,188.94,191.24,193.18
966,251.58,243.42,233.56,214.72,202.9,188.76,188.72,188.94,191.24,193.18
967,251.58,243.4,233.52,214.72,202.82,188.74,188.72,188.94,191.24,193.18
968,251.58,243.38,233.5,214.64,202.8,188.74,188.72,188.94,191.24,193.18
969,251.58,243.38,233.5,214.48,202.74,188.72,188.66,188.94,191.24,193.18
970,251.58,243.38,233.5,214.46,202.68,188.7,188.66,188.94,191.24,193.18
971,251.58,243.38,233.46,214.44,202.6,188.68,188.66,188.92,191.24,193.18
972,251.58,243.36,233.46,214.42,202.56,188.68,188.66,188.92,191.24,193.18
973,251.56,243.36,233.42,214.34,202.56,188.68,188.66,188.92,191.24,193.18
974,251.56,243.36,233.4,214.34,202.54,188.66,188.66,188.92,191.24,193.18
975,251.56,243.36,233.32,214.3,202.52,188.62,188.66,188.9,191.24,193.18
976,251.56,243.34,233.28,214.3,202.44,188.62,188.64,188.9,191.24,193.18
977,251.56,243.3,233.24,214.28,202.42,188.62,188.64,188.9,191.24,193.18
978,251.56,243.26,233.2,214.24,202.4,188.62,188.6,188.88,191.24,193.18
979,251.56,243.26,233.18,214.18,202.38,188.62,188.6,188.88,191.24,193.18
980,251.56,243.26,233.14,214.14,202.36,188.62,188.6,188.88,191.24,193.18
981,251.56,243.22,233.06,214.08,202.34,188.6,188.6,188.88,191.24,193.18
982,251.56,243.18,233.02,213.94,202.32,188.58,188.6,188.88,191.24,193.18
983,251.56,243.12,232.96,213.88,202.26,188.54,188.6,188.88,191.24,193.18
984,251.54,243.12,232.94,213.8,202.2,188.54,188.6,188.86,191.24,193.18
985,251.54,243.12,232.94,213.78,202.1,188.54,188.6,188.86,191.24,193.18
986,251.54,243.08,232.9,213.78,202.0,188.52,188.58,188.86,191.24,193.18
987,251.54,243.08,232.9,213.78,202.0,188.52,188.56,188.86,191.24,193.18
988,251.52,243.08,232.9,213.74,201.96,188.5,188.56,188.86,191.24,193.18
989,251.52,243.08,232.9,213.64,201.88,188.48,188.56,188.86,191.24,193.18
990,251.52,243.08,232.8,213.62,201.84,188.48,188.56,188.86,191.24,193.18
991,251.5,243.08,232.8,213.5,201.82,188.44,188.54,188.86,191.24,193.18
992,251.5,243.08,232.78,213.48,201.8,188.44,188.54,188.86,191.24,193.18
993,251.5,243.08,232.78,213.44,201.76,188.44,188.54,188.84,191.24,193.18
994,251.5,243.08,232.66,213.38,201.72,188.44,188.54,188.84,191.24,193.18
995,251.5,243.08,232.66,213.32,201.62,188.42,188.54,188.84,191.24,193.18
996,251.5,243.08,232.66,213.26,201.52,188.42,188.52,188.84,191.24,193.18
997,251.5,243.08,232.62,213.2,201.5,188.42,188.5,188.84,191.24,193.18
998,251.48,243.04,232.6,213.08,201.48,188.4,188.5,188.84,191.22,193.18
999,251.48,243.04,232.56,213.04,201.42,188.38,188.46,188.84,191.22,193.18
1000,251.48,243.02,232.48,212.96,201.42,188.34,188.46,188.84,191.22,193.18
1001,251.48,243.02,232.48,212.92,201.4,188.34,188.46,188.84,191.22,193.18
1002,251.48,242.98,232.4,212.88,201.3,188.32,188.46,188.84,191.22,193.18
1003,251.48,242.98,232.4,212.8,201.26,188.32,188.46,188.84,191.22,193.18
1004,251.48,242.96,232.4,212.78,201.16,188.3,188.46,188.84,191.22,193.18
1005,251.48,242.96,232.38,212.72,201.08,188.3,188.46,188.84,191.22,193.18
1006,251.46,242.96,232.38,212.64,201.08,188.28,188.44,188.84,191.22,193.18
1007,251.46,242.94,232.34,212.54,201.0,188.26,188.42,188.84,191.22,193.18
1008,251.46,242.94,232.32,212.5,200.98,188.26,188.42,188.84,191.22,193.18
1009,251.46,242.86,232.3,212.46,200.98,188.26,188.42,188.84,191.22,193.18
1010,251.46,242.86,232.3,212.38,200.94,188.24,188.42,188.84,191.22,193.18
1011,251.46,242.72,232.26,212.36,200.94,188.2,188.42,188.84,191.22,193.18
1012,251.46,242.7,232.2,212.26,200.88,188.18,188.42,188.82,191.22,193.18
1013,251.46,242.7,232.16,212.22,200.84,188.16,188.42,188.82,191.22,193.18
1014,251.46,242.68,232.14,212.2,200.82,188.16,188.42,188.82,191.22,193.18
1015,251.44,242.64,232.06,212.14,200.76,188.14,188.4,188.82,191.22,193.18
1016,251.44,242.62,232.04,212.12,200.7,188.14,188.4,188.82,191.22,193.18
1017,251.44,242.62,231.98,212.08,200.68,188.14,188.4,188.8,191.22,193.18
1018,251.44,242.6,231.92,212.08,200.56,188.14,188.38,188.8,191.22,193.18
1019,251.44,242.58,231.92,212.02,200.52,188.08,188.38,188.8,191.22,193.18
1020,251.44,242.58,231.9,211.94,200.52,188.08,188.38,188.8,191.22,193.18
1021,251.44,242.54,231.9,211.88,200.5,188.06,188.38,188.8,191.22,193.18
1022,251.44,242.54,231.86,211.84,200.48,188.04,188.38,188.8,191.22,193.18
1023,251.42,242.46,231.76,211.84,200.38,188.04,188.38,188.8,191.22,193.18
1024,251.42,242.44,231.74,211.76,200.38,188.02,188.38,188.8,191.22,193.18
1025,251.38,242.44,231.72,211.7,200.36,188.0,188.36,188.8,191.22,193.18
1026,251.38,242.44,231.72,211.64,200.3,188.0,188.36,188.8,191.22,193.18
1027,251.38,242.42,231.68,211.56,200.28,188.0,188.34,188.8,191.22,193.18
1028,251.38,242.42,231.68,211.56,200.28,187.96,188.34,188.78,191.22,193.18
1029,251.38,242.42,231.68,211.46,200.26,187.96,188.34,188.78,191.22,193.18
1030,251.38,242.4,231.64,211.44,200.24,187.96,188.34,188.78,191.22,193.18
1031,251.38,242.4,231.6,211.44,200.16,187.96,188.32,188.76,191.22,193.18
1032,251.38,242.36,231.6,211.44,200.12,187.94,188.3,188.76,191.22,193.18
1033,251.38,242.3,231.58,211.44,200.1,187.94,188.3,188.76,191.22,193.18
1034,251.38,242.3,231.58,211.36,200.06,187.92,188.3,188.76,191.22,193.18
1035,251.38,242.28,231.56,211.3,200.02,187.92,188.3,188.76,191.22,193.18
1036,251.38,242.26,231.56,211.3,200.0,187.88,188.3,188.76,191.22,193.18
1037,251.38,242.2,231.52,211.28,200.0,187.84,188.3,188.76,191.22,193.18
1038,251.38,242.2,231.48,211.16,199.96,187.84,188.3,188.76,191.22,193.18
1039,251.38,242.2,231.48,211.14,199.94,187.84,188.3,188.76,191.22,193.18
1040,251.38,242.18,231.46,211.14,199.86,187.82,188.3,188.76,191.22,193.18
1041,251.38,242.18,231.46,211.14,199.82,187.8,188.3,188.76,191.22,193.18
1042,251.36,242.18,231.46,211.14,199.78,187.8,188.3,188.76,191.22,193.18
1043,251.36,242.18,231.44,211.08,199.74,187.76,188.3,188.76,191.22,193.18
1044,251.34,242.18,231.4,211.06,199.68,187.76,188.3,188.76,191.22,193.18
1045,251.34,242.16,231.36,211.02,199.66,187.72,188.3,188.76,191.22,193.18
1046,251.3,242.14,231.36,210.96,199.6,187.7,188.3,188.76,191.22,193.18
1047,251.3,242.08,231.34,210.94,199.54,187.7,188.3,188.76,191.22,193.18
1048,251.3,242.08,231.34,210.9,199.5,187.68,188.3,188.76,191.22,193.18
1049,251.3,242.08,231.34,210.88,199.32,187.68,188.3,188.76,191.22,193.18
1050,251.3,242.08,231.3,210.82,199.22,187.68,188.3,188.76,191.22,193.18
1051,251.3,242.08,231.28,210.8,199.2,187.68,188.3,188.76,191.22,193.18
1052,251.28,242.06,231.26,210.72,199.14,187.68,188.3,188.76,191.22,193.18
1053,251.28,242.04,231.16,210.5,199.06,187.66,188.3,188.7,191.22,193.18
1054,251.28,242.02,231.16,210.46,198.94,187.64,188.3,188.7,191.22,193.18
1055,251.28,242.0,231.12,210.34,198.92,187.64,188.3,188.7,191.22,193.18
1056,251.28,242.0,231.02,210.26,198.9,187.64,188.3,188.7,191.22,193.18
1057,251.26,241.9,230.94,210.26,198.86,187.62,188.3,188.7,191.22,193.18
1058,251.26,241.88,230.92,210.2,198.84,187.62,188.3,188.7,191.22,193.18
1059,251.26,241.86,230.84,210.14,198.8,187.58,188.3,188.7,191.22,193.18
1060,251.26,241.84,230.8,210.1,198.78,187.58,188.3,188.7,191.22,193.18
1061,251.26,241.84,230.74,210.02,198.76,187.58,188.3,188.68,191.22,193.18
1062,251.26,241.8,230.74,210.0,198.7,187.58,188.3,188.68,191.22,193.18
1063,251.26,241.8,230.68,209.9,198.64,187.56,188.3,188.68,191.22,193.18
1064,251.26,241.8,230.68,209.72,198.6,187.54,188.3,188.68,191.22,193.18
1065,251.26,241.8,230.56,209.66,198.52,187.54,188.3,188.64,191.22,193.18
1066,251.26,241.8,230.54,209.6,198.48,187.52,188.3,188.64,191.22,193.18
1067,251.26,241.78,230.5,209.52,198.48,187.5,188.3,188.64,191.22,193.18
1068,251.26,241.76,230.48,209.38,198.42,187.5,188.3,188.64,191.22,193.18
1069,251.26,241.76,230.44,209.38,198.36,187.48,188.3,188.62,191.22,193.18
1070,251.26,241.76,230.42,209.34,198.32,187.48,188.28,188.62,191.22,193.18
1071,251.26,241.76,230.4,209.28,198.28,187.46,188.26,188.62,191.22,193.18
1072,251.26,241.76,230.38,209.18,198.28,187.46,188.26,188.62,191.22,193.18
1073,251.26,241.7,230.38,209.1,198.26,187.4,188.26,188.62,191.22,193.18
1074,251.26,241.7,230.36,209.08,198.24,187.4,188.26,188.62,191.22,193.18
1075,251.26,241.7,230.36,209.06,198.22,187.4,188.26,188.62,191.22,193.18
1076,251.26,241.68,230.36,209.06,198.22,187.38,188.26,188.62,191.22,193.18
1077,251.26,241.68,230.36,209.02,198.2,187.38,188.26,188.62,191.22,193.18
1078,251.24,241.68,230.36,208.98,198.16,187.38,188.26,188.62,191.22,193.18
1079,251.22,241.68,230.32,208.94,198.1,187.38,188.26,188.62,191.22,193.18
1080,251.22,241.68,230.26,208.9,197.96,187.38,188.26,188.62,191.22,193.18
1081,251.22,241.68,230.24,208.86,197.88,187.38,188.24,188.62,191.22,193.18
1082,251.22,241.66,230.22,208.86,197.8,187.38,188.22,188.62,191.22,193.18
1083,251.18,241.66,230.08,208.78,197.76,187.38,188.2,188.6,191.22,193.18
1084,251.18,241.62,230.08,208.76,197.76,187.38,188.2,188.6,191.22,193.18
1085,251.18,241.62,230.08,208.7,197.58,187.38,188.2,188.6,191.22,193.18
1086,251.18,241.62,230.08,208.6,197.56,187.38,188.2,188.6,191.22,193.18
1087,251.18,241.6,229.98,208.6,197.46,187.38,188.18,188.6,191.22,193.18
1088,251.18,241.58,229.96,208.5,197.4,187.36,188.18,188.6,191.22,193.18
1089,251.18,241.52,229.92,208.44,197.36,187.32,188.18,188.6,191.22,193.18
1090,251.18,241.52,229.92,208.4,197.28,187.32,188.18,188.6,191.22,193.18
1091,251.18,241.52,229.9,208.38,197.26,187.32,188.16,188.58,191.22,193.18
1092,251.18,241.5,229.84,208.32,197.22,187.32,188.16,188.58,191.22,193.18
1093,251.18,241.5,229.82,208.28,197.16,187.3,188.16,188.58,191.2,193.18
1094,251.18,241.5,229.82,208.28,197.14,187.28,188.16,188.58,191.2,193.18
1095,251.18,241.46,229.8,208.24,197.12,187.24,188.16,188.58,191.2,193.18
1096,251.18,241.46,229.72,208.16,197.1,187.24,188.16,188.58,191.2,193.18
1097,251.18,241.46,229.66,208.06,197.04,187.24,188.16,188.58,191.2,193.18
1098,251.18,241.36,229.66,208.0,197.02,187.24,188.14,188.58,191.2,193.18
1099,251.18,241.3,229.62,207.96,197.0,187.24,188.14,188.58,191.2,193.18
1100,251.18,241.3,229.6,207.96,196.94,187.24,188.14,188.56,191.2,193.18
1101,251.18,241.28,229.56,207.9,196.88,187.24,188.14,188.56,191.2,193.18
1102,251.18,241.28,229.52,207.74,196.84,187.24,188.14,188.56,191.2,193.18
1103,251.18,241.28,229.46,207.66,196.82,187.24,188.14,188.56,191.2,193.18
1104,251.18,241.28,229.46,207.64,196.8,187.22,188.14,188.56,191.2,193.18
1105,251.18,241.28,229.46,207.62,196.76,187.18,188.14,188.56,191.2,193.18
1106,251.12,241.28,229.38,207.56,196.7,187.16,188.12,188.56,191.2,193.18
1107,251.12,241.24,229.32,207.52,196.7,187.14,188.12,188.56,191.2,193.18
1108,251.12,241.22,229.26,207.52,196.68,187.14,188.12,188.56,191.2,193.18
1109,251.12,241.2,229.2,207.5,196.68,187.12,188.12,188.56,191.2,193.18
1110,251.12,241.2,229.12,207.5,196.66,187.12,188.12,188.56,191.2,193.18
1111,251.12,241.2,229.12,207.48,196.66,187.1,188.12,188.56,191.2,193.18
1112,251.12,241.16,229.12,207.46,196.58,187.1,188.12,188.56,191.2,193.18
1113,251.12,241.12,229.08,207.42,196.54,187.08,188.12,188.56,191.2,193.18
1114,251.12,241.12,229.08,207.34,196.48,187.08,188.12,188.56,191.2,193.18
1115,251.12,241.12,229.08,207.3,196.44,187.08,188.1,188.54,191.2,193.18
1116,251.12,241.1,229.04,207.26,196.44,187.08,188.08,188.54,191.2,193.18
1117,251.12,241.08,228.98,207.24,196.42,187.08,188.08,188.54,191.2,193.18
1118,251.12,241.08,228.98,207.24,196.42,187.08,188.08,188.54,191.2,193.18
1119,251.12,241.02,228.98,207.22,196.4,187.06,188.08,188.54,191.2,193.18
1120,251.12,240.96,228.98,207.16,196.4,187.04,188.08,188.54,191.2,193.18
1121,251.12,240.94,228.94,207.06,196.38,187.04,188.08,188.54,191.2,193.18
1122,251.08,240.92,228.9,207.02,196.3,187.04,188.08,188.54,191.2,193.18
1123,251.08,240.92,228.9,206.96,196.3,187.04,188.08,188.54,191.2,193.18
1124,251.08,240.9,228.82,206.92,196.22,187.02,188.08,188.54,191.2,193.18
1125,251.08,240.9,228.82,206.9,196.18,187.0,188.08,188.54,191.2,193.18
1126,251.08,240.86,228.76,206.86,196.16,186.98,188.08,188.54,191.2,193.18
1127,251.08,240.86,228.72,206.86,196.14,186.98,188.08,188.54,191.2,193.18
1128,251.08,240.86,228.72,206.86,196.06,186.98,188.08,188.54,191.2,193.18
1129,251.08,240.82,228.7,206.86,196.04,186.98,188.08,188.54,191.2,193.18
1130,251.06,240.82,228.7,206.82,196.02,186.98,188.08,188.54,191.2,193.18
1131,251.06,240.8,228.62,206.74,195.98,186.94,188.08,188.54,191.2,193.18
1132,251.06,240.8,228.58,206.6,195.9,186.94,188.08,188.54,191.2,193.18
1133,251.06,240.78,228.58,206.48,195.82,186.94,188.06,188.54,191.2,193.18
1134,251.06,240.78,228.52,206.46,195.72,186.94,188.06,188.54,191.2,193.18
1135,251.06,240.76,228.48,206.4,195.68,186.94,188.06,188.54,191.2,193.18
1136,251.06,240.76,228.46,206.26,195.64,186.94,188.04,188.54,191.2,193.18
1137,251.04,240.76,228.38,206.26,195.58,186.94,188.04,188.54,191.2,193.18
1138,251.04,240.74,228.38,206.16,195.58,186.94,188.04,188.54,191.2,193.18
1139,251.04,240.74,228.38,206.16,195.46,186.92,188.02,188.54,191.2,193.18
1140,251.04,240.72,228.38,206.14,195.46,186.92,188.02,188.54,191.2,193.18
1141,251.04,240.72,228.36,206.04,195.42,186.92,188.02,188.54,191.2,193.18
1142,251.04,240.72,228.28,206.0,195.34,186.92,188.02,188.54,191.2,193.18
1143,251.04,240.72,228.24,205.96,195.3,186.92,188.02,188.54,191.2,193.18
1144,251.04,240.7,228.22,205.92,195.26,186.92,188.02,188.54,191.2,193.18
1145,251.04,240.7,228.02,205.9,195.2,186.92,188.02,188.54,191.2,193.18
1146,251.02,240.64,228.02,205.9,195.16,186.9,188.02,188.54,191.2,193.18
1147,251.02,240.64,227.98,205.86,195.16,186.9,188.02,188.52,191.2,193.18
1148,251.02,240.64,227.96,205.84,195.14,186.9,188.02,188.52,191.2,193.18
1149,251.02,240.6,227.92,205.8,195.14,186.9,188.02,188.52,191.2,193.18
1150,251.02,240.6,227.9,205.72,195.06,186.9,188.02,188.52,191.2,193.18
1151,251.02,240.6,227.76,205.64,195.0,186.9,188.02,188.52,191.2,193.18
1152,250.98,240.58,227.72,205.64,194.98,186.9,188.02,188.52,191.2,193.18
1153,250.98,240.58,227.7,205.62,194.96,186.88,188.02,188.52,191.2,193.18
1154,250.98,240.58,227.7,205.62,194.9,186.88,188.02,188.52,191.2,193.18
1155,250.98,240.58,227.68,205.58,194.86,186.86,188.02,188.52,191.2,193.18
1156,250.92,240.58,227.64,205.5,194.84,186.84,188.02,188.52,191.2,193.18
1157,250.9,240.54,227.54,205.36,194.82,186.84,188.02,188.52,191.2,193.18
1158,250.9,240.54,227.5,205.34,194.78,186.84,188.02,188.52,191.2,193.18
1159,250.88,240.5,227.48,205.32,194.78,186.84,188.02,188.52,191.2,193.18
1160,250.86,240.5,227.44,205.26,194.74,186.84,188.0,188.52,191.2,193.18
1161,250.86,240.5,227.42,205.2,194.68,186.84,187.98,188.52,191.2,193.18
1162,250.86,240.46,227.38,205.2,194.66,186.84,187.98,188.52,191.2,193.18
1163,250.86,240.46,227.38,205.2,194.64,186.84,187.98,188.52,191.2,193.18
1164,250.86,240.46,227.38,205.1,194.62,186.84,187.96,188.52,191.2,193.18
1165,250.86,240.4,227.38,205.04,194.56,186.84,187.96,188.52,191.2,193.18
1166,250.84,240.4,227.36,204.96,194.52,186.84,187.96,188.52,191.2,193.18
1167,250.84,240.4,227.36,204.94,194.5,186.82,187.96,188.52,191.2,193.18
1168,250.84,240.38,227.36,204.92,194.48,186.8,187.96,188.52,191.2,193.18
1169,250.84,240.38,227.32,204.8,194.46,186.8,187.96,188.52,191.2,193.18
1170,250.84,240.38,227.32,204.76,194.44,186.8,187.96,188.52,191.2,193.18
1171,250.8,240.36,227.32,204.68,194.44,186.8,187.96,188.52,191.2,193.18
1172,250.8,240.34,227.26,204.64,194.44,186.8,187.96,188.52,191.2,193.18
1173,250.74,240.32,227.24,204.5,194.42,186.78,187.96,188.52,191.2,193.18
1174,250.74,240.28,227.08,204.48,194.4,186.76,187.96,188.52,191.2,193.18
1175,250.74,240.28,227.08,204.48,194.36,186.76,187.96,188.52,191.2,193.18
1176,250.74,240.28,227.04,204.42,194.32,186.76,187.96,188.52,191.2,193.18
1177,250.74,240.24,227.02,204.34,194.26,186.76,187.96,188.52,191.2,193.18
1178,250.74,240.24,226.96,204.34,194.26,186.76,187.96,188.52,191.2,193.18
1179,250.72,240.24,226.96,204.34,194.18,186.76,187.96,188.52,191.2,193.18
1180,250.72,240.2,226.96,204.3,194.08,186.76,187.96,188.52,191.2,193.18
1181,250.72,240.2,226.96,204.26,194.06,186.76,187.96,188.52,191.2,193.18
1182,250.72,240.2,226.92,204.18,194.02,186.76,187.96,188.52,191.2,193.18
1183,250.72,240.2,226.92,204.16,194.02,186.72,187.96,188.52,191.2,193.18
1184,250.72,240.2,226.9,204.12,193.92,186.72,187.96,188.52,191.2,193.18
1185,250.72,240.16,226.9,204.1,193.92,186.7,187.96,188.52,191.2,193.18
1186,250.72,240.16,226.88,204.04,193.92,186.7,187.96,188.52,191.2,193.18
1187,250.72,240.16,226.86,203.98,193.92,186.68,187.96,188.52,191.2,193.18
1188,250.72,240.16,226.86,203.92,193.88,186.68,187.96,188.52,191.2,193.18
1189,250.7,240.12,226.76,203.88,193.84,186.68,187.96,188.52,191.2,193.18
1190,250.7,240.12,226.76,203.86,193.8,186.68,187.96,188.52,191.2,193.18
1191,250.7,240.12,226.74,203.84,193.78,186.66,187.96,188.52,191.2,193.18
1192,250.7,240.12,226.74,203.8,193.74,186.66,187.96,188.52,191.2,193.18
1193,250.7,240.12,226.7,203.76,193.72,186.66,187.96,188.52,191.2,193.18
1194,250.7,240.1,226.64,203.74,193.72,186.66,187.96,188.52,191.2,193.18
1195,250.64,240.1,226.64,203.68,193.7,186.66,187.96,188.52,191.2,193.18
1196,250.64,240.08,226.6,203.66,193.66,186.66,187.92,188.52,191.2,193.18
1197,250.64,240.04,226.6,203.62,193.64,186.66,187.9,188.52,191.2,193.18
1198,250.64,240.04,226.58,203.54,193.64,186.66,187.9,188.5,191.2,193.18
1199,250.64,240.04,226.58,203.48,193.6,186.66,187.9,188.5,191.2,193.18
1200,250.64,240.04,226.58,203.46,193.58,186.66,187.9,188.5,191.2,193.18
1201,250.62,239.98,226.58,203.26,193.56,186.66,187.9,188.48,191.2,193.18
1202,250.62,239.98,226.54,203.2,193.52,186.6,187.9,188.48,191.2,193.18
1203,250.58,239.92,226.54,203.2,193.44,186.6,187.9,188.48,191.2,193.18
1204,250.58,239.92,226.5,203.16,193.44,186.6,187.9,188.48,191.2,193.18
1205,250.58,239.9,226.48,203.14,193.34,186.58,187.9,188.48,191.2,193.18
1206,250.58,239.9,226.28,203.1,193.26,186.58,187.88,188.48,191.2,193.18
1207,250.58,239.86,226.28,203.06,193.22,186.56,187.88,188.48,191.2,193.18
1208,250.58,239.86,226.28,202.92,193.22,186.54,187.88,188.48,191.2,193.18
1209,250.54,239.84,226.26,202.9,193.2,186.52,187.88,188.48,191.2,193.18
1210,250.52,239.74,226.26,202.9,193.12,186.52,187.88,188.48,191.2,193.18
1211,250.52,239.74,226.18,202.72,193.06,186.52,187.88,188.48,191.2,193.18
1212,250.5,239.74,226.18,202.7,193.04,186.52,187.88,188.48,191.2,193.18
1213,250.5,239.74,226.14,202.7,192.98,186.52,187.88,188.48,191.2,193.18
1214,250.48,239.74,226.1,202.68,192.94,186.5,187.88,188.48,191.2,193.18
1215,250.48,239.74,226.06,202.64,192.92,186.5,187.88,188.48,191.2,193.18
1216,250.48,239.74,226.04,202.56,192.92,186.5,187.88,188.48,191.2,193.18
1217,250.48,239.72,226.02,202.5,192.9,186.5,187.86,188.48,191.2,193.18
1218,250.48,239.72,226.02,202.44,192.88,186.5,187.86,188.48,191.2,193.18
1219,250.48,239.72,226.0,202.42,192.78,186.5,187.86,188.48,191.2,193.18
1220,250.46,239.72,225.92,202.4,192.76,186.5,187.86,188.48,191.2,193.18
1221,250.46,239.72,225.88,202.4,192.72,186.5,187.86,188.48,191.2,193.18
1222,250.46,239.72,225.78,202.32,192.68,186.5,187.86,188.48,191.2,193.18
1223,250.46,239.72,225.78,202.28,192.66,186.5,187.86,188.48,191.2,193.18
1224,250.46,239.7,225.78,202.12,192.66,186.5,187.86,188.48,191.2,193.18
1225,250.46,239.7,225.78,202.08,192.6,186.5,187.86,188.48,191.2,193.18
1226,250.46,239.7,225.76,202.04,192.58,186.5,187.86,188.48,191.2,193.18
1227,250.46,239.66,225.76,202.0,192.52,186.5,187.86,188.48,191.2,193.18
1228,250.46,239.66,225.7,202.0,192.5,186.5,187.86,188.48,191.2,193.18
1229,250.46,239.64,225.66,201.96,192.42,186.5,187.86,188.48,191.2,193.18
1230,250.46,239.62,225.66,201.94,192.4,186.5,187.86,188.48,191.2,193.18
1231,250.46,239.62,225.64,201.94,192.38,186.5,187.86,188.48,191.2,193.18
1232,250.46,239.6,225.62,201.9,192.34,186.5,187.86,188.48,191.2,193.18
1233,250.46,239.56,225.6,201.86,192.3,186.5,187.86,188.48,191.2,193.18
1234,250.46,239.56,225.58,201.84,192.18,186.5,187.86,188.48,191.2,193.18
1235,250.44,239.54,225.52,201.82,192.18,186.46,187.86,188.48,191.2,193.18
1236,250.44,239.48,225.5,201.82,192.16,186.44,187.86,188.48,191.2,193.18
1237,250.44,239.48,225.48,201.78,192.14,186.44,187.86,188.48,191.2,193.18
1238,250.44,239.46,225.46,201.74,192.1,186.42,187.86,188.48,191.2,193.18
1239,250.44,239.46,225.44,201.7,192.04,186.42,187.86,188.48,191.2,193.18
1240,250.44,239.4,225.42,201.66,192.02,186.42,187.86,188.48,191.2,193.18
1241,250.44,239.4,225.38,201.62,191.98,186.42,187.86,188.48,191.2,193.18
1242,250.44,239.4,225.28,201.58,191.94,186.42,187.86,188.48,191.2,193.18
1243,250.44,239.4,225.26,201.58,191.94,186.4,187.86,188.48,191.2,193.18
1244,250.44,239.4,225.26,201.56,191.9,186.4,187.86,188.48,191.2,193.18
1245,250.44,239.38,225.26,201.54,191.86,186.4,187.86,188.48,191.2,193.18
1246,250.44,239.38,225.26,201.5,191.86,186.38,187.86,188.48,191.2,193.18
1247,250.4,239.34,225.18,201.5,191.86,186.38,187.86,188.48,191.2,193.18
1248,250.4,239.34,225.12,201.46,191.84,186.38,187.86,188.48,191.2,193.18
1249,250.4,239.32,225.02,201.42,191.82,186.38,187.84,188.48,191.2,193.18
1250,250.4,239.24,225.0,201.24,191.8,186.34,187.84,188.48,191.2,193.18
1251,250.4,239.2,224.9,201.22,191.76,186.34,187.84,188.48,191.2,193.18
1252,250.4,239.16,224.86,201.22,191.72,186.32,187.84,188.48,191.2,193.18
1253,250.38,239.16,224.86,201.18,191.7,186.3,187.84,188.48,191.2,193.18
1254,250.38,239.16,224.8,201.06,191.68,186.3,187.84,188.48,191.2,193.18
1255,250.38,239.14,224.74,201.06,191.62,186.3,187.84,188.48,191.2,193.18
1256,250.38,239.1,224.7,201.0,191.62,186.3,187.84,188.48,191.2,193.18
1257,250.38,239.08,224.66,200.98,191.6,186.3,187.82,188.48,191.2,193.18
1258,250.38,239.08,224.6,200.96,191.6,186.3,187.82,188.48,191.2,193.18
1259,250.38,239.0,224.6,200.94,191.54,186.3,187.82,188.48,191.2,193.18
1260,250.38,239.0,224.54,200.9,191.54,186.3,187.82,188.48,191.2,193.18
1261,250.38,238.98,224.54,200.82,191.5,186.3,187.82,188.48,191.2,193.18
1262,250.38,238.98,224.54,200.78,191.44,186.3,187.82,188.48,191.2,193.18
1263,250.38,238.96,224.5,200.76,191.36,186.3,187.82,188.48,191.2,193.18
1264,250.38,238.96,224.5,200.74,191.3,186.3,187.82,188.48,191.2,193.18
1265,250.38,238.92,224.46,200.72,191.26,186.3,187.82,188.48,191.2,193.18
1266,250.38,238.92,224.4,200.72,191.26,186.3,187.82,188.48,191.2,193.18
1267,250.38,238.92,224.4,200.64,191.26,186.3,187.82,188.48,191.2,193.18
1268,250.38,238.92,224.36,200.64,191.22,186.3,187.82,188.48,191.2,193.18
1269,250.38,238.88,224.28,200.6,191.22,186.3,187.82,188.48,191.2,193.18
1270,250.38,238.88,224.2,200.6,191.2,186.3,187.82,188.48,191.2,193.18
1271,250.38,238.86,224.16,200.58,191.16,186.3,187.82,188.48,191.2,193.18
1272,250.38,238.82,224.14,200.52,191.14,186.3,187.82,188.48,191.2,193.18
1273,250.36,238.82,224.14,200.52,191.1,186.3,187.82,188.48,191.2,193.18
1274,250.36,238.82,224.12,200.5,191.04,186.3,187.82,188.48,191.2,193.18
1275,250.36,238.8,224.06,200.5,191.02,186.3,187.82,188.48,191.2,193.18
1276,250.36,238.8,224.02,200.44,191.0,186.28,187.82,188.48,191.2,193.18
1277,250.36,238.76,223.96,200.4,190.98,186.28,187.82,188.48,191.2,193.18
1278,250.36,238.74,223.96,200.34,190.98,186.28,187.82,188.48,191.2,193.18
1279,250.3,238.74,223.96,200.28,190.98,186.28,187.82,188.48,191.2,193.18
1280,250.3,238.74,223.96,200.24,190.88,186.28,187.82,188.48,191.2,193.18
1281,250.3,238.74,223.96,200.18,190.88,186.28,187.82,188.48,191.2,193.18
1282,250.3,238.74,223.96,200.18,190.86,186.28,187.82,188.48,191.2,193.18
1283,250.3,238.72,223.92,200.1,190.84,186.26,187.82,188.48,191.2,193.18
1284,250.3,238.68,223.88,200.08,190.84,186.26,187.8,188.48,191.2,193.18
1285,250.3,238.64,223.84,200.02,190.82,186.26,187.8,188.48,191.2,193.18
1286,250.28,238.56,223.84,200.0,190.82,186.26,187.8,188.48,191.2,193.18
1287,250.28,238.56,223.82,200.0,190.8,186.26,187.8,188.48,191.2,193.18
1288,250.28,238.56,223.76,199.96,190.8,186.26,187.8,188.48,191.2,193.18
1289,250.26,238.56,223.72,199.9,190.8,186.26,187.8,188.48,191.2,193.18
1290,250.26,238.56,223.7,199.88,190.8,186.26,187.8,188.48,191.2,193.18
1291,250.26,238.54,223.68,199.88,190.78,186.26,187.8,188.48,191.2,193.18
1292,250.26,238.44,223.62,199.78,190.74,186.26,187.8,188.48,191.2,193.18
1293,250.22,238.4,223.58,199.72,190.7,186.26,187.8,188.48,191.2,193.18
1294,250.22,238.36,223.54,199.68,190.7,186.26,187.8,188.48,191.2,193.18
1295,250.22,238.36,223.52,199.64,190.66,186.26,187.8,188.48,191.2,193.18
1296,250.22,238.34,223.44,199.5,190.62,186.26,187.8,188.48,191.2,193.18
1297,250.22,238.34,223.44,199.46,190.6,186.26,187.8,188.48,191.2,193.18
1298,250.22,238.34,223.42,199.42,190.54,186.26,187.8,188.48,191.2,193.18
1299,250.22,238.3,223.4,199.4,190.52,186.26,187.8,188.48,191.2,193.18
1300,250.22,238.3,223.4,199.32,190.52,186.26,187.8,188.48,191.2,193.18
1301,250.16,238.26,223.38,199.3,190.5,186.26,187.8,188.48,191.2,193.18
1302,250.14,238.2,223.38,199.26,190.5,186.26,187.8,188.48,191.2,193.18
1303,250.14,238.2,223.36,199.12,190.5,186.26,187.8,188.48,191.2,193.18
1304,250.1,238.18,223.32,199.08,190.46,186.26,187.78,188.48,191.2,193.18
1305,250.1,238.18,223.28,199.02,190.44,186.26,187.78,188.48,191.2,193.18
1306,250.1,238.14,223.22,198.96,190.4,186.26,187.78,188.48,191.2,193.18
1307,250.1,238.08,223.22,198.96,190.38,186.26,187.78,188.48,191.2,193.18
1308,250.1,238.06,223.22,198.92,190.38,186.24,187.78,188.48,191.2,193.18
1309,250.1,238.06,223.14,198.86,190.34,186.24,187.78,188.48,191.2,193.18
1310,250.1,238.06,223.1,198.82,190.26,186.24,187.78,188.48,191.2,193.18
1311,250.08,238.0,223.06,198.8,190.26,186.24,187.78,188.48,191.2,193.18
1312,250.0,237.96,223.04,198.76,190.26,186.24,187.78,188.48,191.2,193.18
1313,250.0,237.96,223.04,198.68,190.2,186.24,187.76,188.48,191.2,193.18
1314,250.0,237.94,223.02,198.64,190.18,186.24,187.76,188.48,191.2,193.18
1315,250.0,237.94,223.02,198.54,190.14,186.24,187.76,188.48,191.2,193.18
1316,250.0,237.88,223.0,198.54,190.14,186.24,187.76,188.48,191.2,193.18
1317,249.98,237.86,222.98,198.52,190.1,186.22,187.76,188.48,191.2,193.18
1318,249.98,237.84,222.92,198.52,190.08,186.22,187.76,188.48,191.2,193.18
1319,249.98,237.82,222.92,198.52,190.08,186.22,187.76,188.48,191.2,193.18
1320,249.98,237.82,222.88,198.46,190.06,186.22,187.76,188.48,191.2,193.18
1321,249.98,237.82,222.88,198.42,190.02,186.22,187.76,188.48,191.2,193.18
1322,249.98,237.82,222.86,198.38,189.98,186.18,187.76,188.48,191.2,193.18
1323,249.98,237.78,222.8,198.36,189.96,186.18,187.76,188.48,191.2,193.18
1324,249.98,237.78,222.74,198.34,189.9,186.18,187.76,188.48,191.2,193.18
1325,249.98,237.78,222.72,198.32,189.9,186.18,187.76,188.48,191.2,193.18
1326,249.98,237.78,222.64,198.32,189.86,186.18,187.76,188.48,191.2,193.18
1327,249.98,237.78,222.62,198.26,189.84,186.18,187.76,188.48,191.2,193.18
1328,249.98,237.78,222.56,198.2,189.84,186.18,187.76,188.48,191.2,193.18
1329,249.98,237.78,222.54,198.16,189.82,186.18,187.76,188.48,191.2,193.18
1330,249.98,237.78,222.52,198.12,189.8,186.16,187.76,188.48,191.2,193.18
1331,249.98,237.78,222.46,198.12,189.74,186.16,187.76,188.48,191.2,193.18
1332,249.98,237.78,222.46,198.08,189.74,186.16,187.76,188.48,191.2,193.18
1333,249.98,237.78,222.46,198.06,189.72,186.16,187.76,188.48,191.2,193.18
1334,249.98,237.76,222.44,198.06,189.68,186.16,187.76,188.48,191.2,193.18
1335,249.98,237.72,222.42,198.06,189.6,186.16,187.76,188.48,191.2,193.18
1336,249.98,237.7,222.36,198.04,189.58,186.16,187.76,188.48,191.2,193.18
1337,249.98,237.68,222.34,197.98,189.56,186.16,187.76,188.48,191.2,193.18
1338,249.98,237.68,222.34,197.98,189.5,186.16,187.76,188.48,191.2,193.18
1339,249.98,237.66,222.32,197.96,189.48,186.16,187.76,188.48,191.2,193.18
1340,249.96,237.62,222.28,197.96,189.48,186.14,187.76,188.48,191.2,193.18
1341,249.94,237.6,222.2,197.96,189.48,186.14,187.76,188.48,191.2,193.18
1342,249.92,237.6,222.18,197.84,189.48,186.14,187.76,188.48,191.2,193.18
1343,249.92,237.6,222.12,197.8,189.48,186.14,187.76,188.48,191.2,193.18
1344,249.92,237.6,222.12,197.76,189.42,186.14,187.76,188.48,191.2,193.18
1345,249.9,237.54,222.06,197.74,189.38,186.14,187.76,188.48,191.2,193.18
1346,249.9,237.52,221.98,197.62,189.38,186.14,187.76,188.48,191.2,193.18
1347,249.9,237.52,221.94,197.6,189.38,186.14,187.76,188.48,191.2,193.18
1348,249.9,237.48,221.94,197.58,189.32,186.14,187.76,188.48,191.2,193.18
1349,249.9,237.48,221.8,197.54,189.32,186.14,187.76,188.48,191.2,193.18
1350,249.9,237.48,221.8,197.5,189.32,186.14,187.76,188.48,191.2,193.18
1351,249.9,237.48,221.78,197.48,189.3,186.14,187.76,188.48,191.2,193.18
1352,249.9,237.46,221.74,197.36,189.28,186.14,187.76,188.48,191.2,193.18
1353,249.88,237.46,221.72,197.36,189.26,186.14,187.76,188.48,191.2,193.18
1354,249.86,237.44,221.68,197.3,189.26,186.12,187.76,188.48,191.2,193.18
1355,249.86,237.36,221.62,197.26,189.24,186.12,187.76,188.48,191.2,193.18
1356,249.86,237.36,221.6,197.26,189.22,186.12,187.76,188.48,191.2,193.18
1357,249.86,237.36,221.58,197.24,189.16,186.12,187.76,188.48,191.2,193.18
1358,249.86,237.36,221.52,197.22,189.12,186.12,187.76,188.46,191.2,193.18
1359,249.84,237.36,221.48,197.14,189.08,186.12,187.76,188.46,191.2,193.18
1360,249.84,237.36,221.48,197.14,189.06,186.12,187.76,188.46,191.2,193.18
1361,249.84,237.34,221.42,197.12,189.04,186.12,187.76,188.46,191.2,193.18
1362,249.84,237.28,221.36,197.1,189.04,186.12,187.76,188.46,191.2,193.18
1363,249.84,237.28,221.2,197.04,189.0,186.12,187.76,188.46,191.2,193.18
1364,249.84,237.26,221.2,197.0,189.0,186.12,187.76,188.46,191.2,193.18
1365,249.84,237.26,221.18,197.0,189.0,186.12,187.76,188.46,191.2,193.18
1366,249.84,237.26,221.16,196.98,189.0,186.12,187.76,188.46,191.2,193.18
1367,249.84,237.26,221.08,196.92,188.94,186.12,187.76,188.46,191.2,193.18
1368,249.84,237.24,221.08,196.9,188.94,186.12,187.76,188.46,191.2,193.18
1369,249.84,237.18,221.06,196.84,188.92,186.12,187.76,188.46,191.2,193.18
1370,249.84,237.16,221.06,196.82,188.9,186.12,187.76,188.46,191.2,193.18
1371,249.8,237.12,220.96,196.82,188.9,186.12,187.76,188.44,191.2,193.18
1372,249.8,237.1,220.86,196.72,188.86,186.12,187.76,188.44,191.2,193.18
1373,249.8,237.1,220.82,196.66,188.84,186.12,187.76,188.44,191.2,193.18
1374,249.8,237.1,220.82,196.6,188.84,186.12,187.76,188.44,191.2,193.18
1375,249.8,237.1,220.68,196.54,188.82,186.12,187.76,188.44,191.2,193.18
1376,249.8,237.08,220.68,196.52,188.78,186.12,187.76,188.44,191.2,193.18
1377,249.8,237.08,220.68,196.42,188.78,186.12,187.76,188.44,191.2,193.18
1378,249.8,237.08,220.64,196.36,188.78,186.12,187.76,188.44,191.2,193.18
1379,249.78,237.08,220.62,196.28,188.78,186.12,187.76,188.44,191.2,193.18
1380,249.78,237.06,220.58,196.28,188.74,186.12,187.76,188.44,191.2,193.18
1381,249.78,237.06,220.54,196.26,188.74,186.12,187.76,188.44,191.2,193.18
1382,249.78,237.06,220.54,196.26,188.72,186.12,187.76,188.44,191.2,193.18
1383,249.78,237.06,220.52,196.22,188.66,186.12,187.76,188.44,191.2,193.18
1384,249.78,237.02,220.5,196.22,188.66,186.12,187.76,188.44,191.2,193.18
1385,249.78,237.02,220.46,196.2,188.66,186.12,187.76,188.44,191.2,193.18
1386,249.78,237.02,220.46,196.18,188.64,186.12,187.76,188.44,191.2,193.18
1387,249.78,237.02,220.46,196.12,188.64,186.12,187.76,188.44,191.2,193.18
1388,249.78,237.02,220.42,196.08,188.62,186.12,187.76,188.44,191.2,193.18
1389,249.74,237.02,220.4,196.02,188.62,186.12,187.76,188.44,191.2,193.18
1390,249.72,237.0,220.38,196.0,188.62,186.12,187.76,188.44,191.2,193.18
1391,249.72,237.0,220.38,195.98,188.62,186.12,187.76,188.44,191.2,193.18
1392,249.72,236.94,220.34,195.98,188.62,186.12,187.76,188.44,191.2,193.18
1393,249.72,236.92,220.3,195.96,188.62,186.12,187.76,188.44,191.2,193.18
1394,249.72,236.92,220.26,195.92,188.58,186.12,187.76,188.44,191.2,193.18
1395,249.66,236.92,220.24,195.88,188.58,186.12,187.76,188.44,191.2,193.18
1396,249.66,236.92,220.22,195.86,188.58,186.1,187.76,188.44,191.2,193.18
1397,249.66,236.82,220.12,195.82,188.54,186.08,187.76,188.44,191.2,193.18
1398,249.66,236.82,220.02,195.82,188.52,186.08,187.76,188.44,191.2,193.18
1399,249.66,236.82,219.98,195.8,188.52,186.08,187.76,188.44,191.2,193.18
1400,249.64,236.82,219.88,195.78,188.52,186.08,187.76,188.44,191.2,193.18
1401,249.64,236.78,219.82,195.74,188.52,186.08,187.76,188.44,191.2,193.18
1402,249.64,236.76,219.76,195.74,188.48,186.08,187.76,188.44,191.2,193.18
1403,249.64,236.74,219.76,195.74,188.48,186.08,187.76,188.44,191.2,193.18
1404,249.64,236.74,219.7,195.74,188.46,186.08,187.76,188.44,191.2,193.18
1405,249.64,236.7,219.7,195.72,188.46,186.08,187.76,188.44,191.2,193.18
1406,249.64,236.68,219.7,195.68,188.44,186.08,187.76,188.44,191.2,193.18
1407,249.64,236.66,219.68,195.58,188.42,186.08,187.76,188.44,191.2,193.18
1408,249.64,236.56,219.68,195.48,188.4,186.08,187.76,188.44,191.2,193.18
1409,249.64,236.56,219.66,195.42,188.4,186.08,187.76,188.44,191.2,193.18
1410,249.64,236.56,219.64,195.4,188.36,186.08,187.76,188.44,191.2,193.18
1411,249.64,236.56,219.62,195.38,188.34,186.08,187.76,188.44,191.2,193.18
1412,249.64,236.54,219.6,195.36,188.34,186.08,187.76,188.44,191.2,193.18
1413,249.64,236.54,219.5,195.3,188.34,186.06,187.76,188.44,191.2,193.18
1414,249.64,236.5,219.46,195.28,188.3,186.06,187.76,188.44,191.2,193.18
1415,249.64,236.48,219.46,195.24,188.28,186.06,187.76,188.44,191.2,193.18
1416,249.64,236.48,219.42,195.24,188.26,186.04,187.76,188.44,191.2,193.18
1417,249.64,236.48,219.34,195.24,188.26,186.0,187.76,188.44,191.2,193.18
1418,249.64,236.44,219.34,195.2,188.24,186.0,187.76,188.44,191.2,193.18
1419,249.64,236.42,219.3,195.14,188.22,186.0,187.76,188.44,191.2,193.18
1420,249.64,236.4,219.26,195.1,188.22,186.0,187.76,188.44,191.2,193.18
1421,249.62,236.38,219.24,195.06,188.22,186.0,187.76,188.44,191.2,193.18
1422,249.62,236.38,219.18,195.04,188.22,185.98,187.76,188.44,191.2,193.18
1423,249.6,236.3,219.16,195.04,188.2,185.98,187.76,188.44,191.2,193.18
1424,249.6,236.3,219.04,194.92,188.2,185.98,187.76,188.44,191.2,193.18
1425,249.6,236.26,218.98,194.9,188.18,185.96,187.76,188.44,191.2,193.18
1426,249.58,236.26,218.96,194.78,188.18,185.96,187.76,188.44,191.2,193.18
1427,249.58,236.24,218.96,194.72,188.16,185.96,187.76,188.44,191.2,193.18
1428,249.58,236.24,218.88,194.72,188.12,185.96,187.76,188.44,191.2,193.18
1429,249.52,236.24,218.86,194.66,188.12,185.96,187.76,188.44,191.2,193.18
1430,249.52,236.2,218.82,194.64,188.1,185.96,187.76,188.44,191.2,193.18
1431,249.52,236.2,218.82,194.62,188.08,185.96,187.76,188.44,191.2,193.18
1432,249.52,236.18,218.82,194.6,188.04,185.96,187.76,188.44,191.2,193.18
1433,249.52,236.16,218.76,194.6,188.02,185.96,187.76,188.44,191.2,193.18
1434,249.52,236.14,218.72,194.58,188.02,185.96,187.76,188.44,191.2,193.18
1435,249.52,236.08,218.68,194.54,187.98,185.96,187.76,188.44,191.2,193.18
1436,249.52,236.08,218.66,194.54,187.98,185.96,187.76,188.44,191.2,193.18
1437,249.52,236.04,218.62,194.46,187.94,185.96,187.76,188.44,191.2,193.18
1438,249.48,236.04,218.6,194.44,187.94,185.96,187.76,188.44,191.2,193.18
1439,249.48,236.0,218.58,194.44,187.94,185.96,187.76,188.44,191.2,193.18
1440,249.44,235.94,218.58,194.44,187.92,185.96,187.76,188.44,191.2,193.18
1441,249.44,235.9,218.56,194.36,187.88,185.96,187.76,188.44,191.2,193.18
1442,249.44,235.9,218.48,194.32,187.84,185.96,187.76,188.44,191.2,193.18
1443,249.42,235.88,218.42,194.3,187.8,185.96,187.76,188.44,191.2,193.18
1444,249.42,235.84,218.38,194.3,187.76,185.96,187.76,188.44,191.2,193.18
1445,249.42,235.84,218.38,194.28,187.76,185.96,187.76,188.44,191.2,193.18
1446,249.4,235.84,218.34,194.24,187.74,185.96,187.76,188.44,191.2,193.18
1447,249.36,235.84,218.28,194.16,187.74,185.94,187.76,188.44,191.2,193.18
1448,249.36,235.8,218.28,194.1,187.72,185.94,187.76,188.44,191.2,193.18
1449,249.36,235.78,218.26,194.1,187.72,185.94,187.76,188.44,191.2,193.18
1450,249.36,235.78,218.26,194.08,187.72,185.94,187.76,188.44,191.2,193.18
1451,249.36,235.76,218.2,194.04,187.72,185.94,187.76,188.44,191.2,193.18
1452,249.36,235.76,218.16,194.04,187.72,185.94,187.76,188.44,191.2,193.18
1453,249.36,235.74,218.14,194.02,187.72,185.94,187.76,188.44,191.2,193.18
1454,249.34,235.72,218.12,194.02,187.72,185.94,187.76,188.44,191.2,193.18
1455,249.34,235.7,218.08,193.98,187.72,185.94,187.76,188.44,191.2,193.18
1456,249.34,235.7,218.06,193.92,187.72,185.94,187.76,188.44,191.2,193.18
1457,249.34,235.7,218.02,193.9,187.72,185.94,187.76,188.44,191.2,193.18
1458,249.34,235.7,217.96,193.9,187.72,185.94,187.76,188.44,191.2,193.18
1459,249.34,235.7,217.94,193.9,187.7,185.94,187.76,188.44,191.2,193.18
1460,249.32,235.62,217.94,193.9,187.68,185.94,187.76,188.44,191.2,193.18
1461,249.32,235.62,217.9,193.86,187.68,185.94,187.76,188.44,191.2,193.18
1462,249.32,235.62,217.84,193.8,187.66,185.94,187.76,188.44,191.2,193.18
1463,249.32,235.62,217.84,193.78,187.62,185.94,187.76,188.44,191.2,193.18
1464,249.32,235.62,217.84,193.7,187.62,185.94,187.76,188.44,191.2,193.18
1465,249.32,235.56,217.76,193.68,187.6,185.94,187.76,188.44,191.2,193.18
1466,249.3,235.56,217.76,193.66,187.6,185.94,187.76,188.44,191.2,193.18
1467,249.3,235.48,217.7,193.58,187.6,185.94,187.76,188.44,191.2,193.18
1468,249.3,235.48,217.64,193.56,187.6,185.92,187.76,188.44,191.2,193.18
1469,249.28,235.48,217.64,193.54,187.58,185.92,187.76,188.44,191.2,193.18
1470,249.28,235.44,217.64,193.54,187.54,185.92,187.76,188.44,191.2,193.18
1471,249.28,235.44,217.62,193.54,187.52,185.92,187.76,188.44,191.2,193.18
1472,249.28,235.44,217.6,193.52,187.5,185.9,187.76,188.44,191.2,193.18
1473,249.28,235.38,217.58,193.5,187.46,185.9,187.76,188.44,191.2,193.18
1474,249.28,235.38,217.5,193.46,187.46,185.9,187.76,188.44,191.2,193.18
1475,249.28,235.36,217.5,193.44,187.44,185.9,187.76,188.44,191.2,193.18
1476,249.28,235.36,217.46,193.44,187.42,185.9,187.76,188.44,191.2,193.18
1477,249.26,235.34,217.46,193.4,187.42,185.9,187.76,188.44,191.2,193.18
1478,249.26,235.34,217.44,193.38,187.42,185.9,187.76,188.44,191.2,193.18
1479,249.22,235.32,217.42,193.32,187.38,185.9,187.76,188.44,191.2,193.18
1480,249.22,235.3,217.38,193.26,187.38,185.88,187.76,188.44,191.2,193.18
1481,249.22,235.28,217.36,193.26,187.38,185.88,187.74,188.44,191.2,193.18
1482,249.22,235.28,217.3,193.22,187.34,185.88,187.74,188.44,191.2,193.18
1483,249.22,235.26,217.28,193.18,187.32,185.88,187.74,188.44,191.2,193.18
1484,249.22,235.26,217.28,193.16,187.32,185.88,187.74,188.44,191.2,193.18
1485,249.22,235.2,217.26,193.12,187.32,185.88,187.74,188.44,191.2,193.18
1486,249.22,235.2,217.2,193.04,187.32,185.88,187.74,188.44,191.2,193.18
1487,249.22,235.18,217.18,192.98,187.32,185.88,187.74,188.44,191.2,193.18
1488,249.22,235.14,217.16,192.92,187.3,185.88,187.74,188.44,191.2,193.18
1489,249.22,235.12,217.16,192.9,187.3,185.88,187.74,188.44,191.2,193.18
1490,249.22,235.1,217.14,192.88,187.3,185.88,187.74,188.44,191.2,193.18
1491,249.22,235.08,217.12,192.86,187.28,185.86,187.74,188.44,191.2,193.18
1492,249.22,235.08,217.06,192.84,187.26,185.86,187.74,188.44,191.2,193.18
1493,249.18,235.08,217.06,192.82,187.22,185.86,187.74,188.44,191.2,193.18
1494,249.18,235.08,217.06,192.78,187.2,185.86,187.74,188.44,191.2,193.18
1495,249.18,235.06,217.02,192.78,187.2,185.86,187.74,188.44,191.2,193.18
1496,249.18,235.04,216.94,192.78,187.16,185.86,187.74,188.44,191.2,193.18
1497,249.16,234.98,216.92,192.76,187.14,185.86,187.74,188.44,191.2,193.18
1498,249.16,234.98,216.84,192.68,187.14,185.86,187.74,188.44,191.2,193.18
1499,249.14,234.94,216.82,192.66,187.12,185.86,187.74,188.44,191.2,193.18
1500,249.14,234.94,216.76,192.64,187.08,185.84,187.74,188.44,191.2,193.18
1501,249.14,234.94,216.76,192.6,187.08,185.84,187.74,188.44,191.2,193.18
1502,249.14,234.94,216.76,192.54,187.08,185.82,187.74,188.44,191.2,193.18
1503,249.14,234.9,216.72,192.54,187.04,185.82,187.74,188.44,191.2,193.18
1504,249.14,234.9,216.72,192.54,187.02,185.82,187.74,188.44,191.2,193.18
1505,249.14,234.9,216.72,192.52,187.02,185.82,187.74,188.44,191.2,193.18
1506,249.14,234.9,216.72,192.52,187.0,185.82,187.74,188.44,191.2,193.18
1507,249.14,234.9,216.66,192.5,187.0,185.82,187.74,188.44,191.2,193.18
1508,249.14,234.9,216.6,192.5,187.0,185.82,187.74,188.44,191.2,193.18
1509,249.14,234.9,216.5,192.46,186.92,185.82,187.74,188.44,191.2,193.18
1510,249.14,234.8,216.48,192.44,186.88,185.82,187.74,188.44,191.2,193.18
1511,249.08,234.8,216.48,192.32,186.86,185.82,187.74,188.44,191.2,193.18
1512,249.08,234.76,216.46,192.28,186.86,185.82,187.74,188.44,191.2,193.18
1513,249.08,234.74,216.4,192.28,186.86,185.82,187.74,188.44,191.2,193.18
1514,249.08,234.72,216.4,192.28,186.86,185.82,187.74,188.44,191.2,193.18
1515,249.08,234.72,216.36,192.24,186.84,185.82,187.74,188.44,191.2,193.18
1516,249.08,234.64,216.36,192.2,186.82,185.82,187.74,188.44,191.2,193.18
1517,249.08,234.64,216.34,192.14,186.8,185.82,187.74,188.44,191.2,193.18
1518,249.06,234.62,216.3,192.1,186.8,185.82,187.74,188.44,191.2,193.18
1519,249.06,234.62,216.3,192.08,186.8,185.82,187.74,188.44,191.2,193.18
1520,249.06,234.62,216.28,192.08,186.74,185.82,187.74,188.44,191.2,193.18
1521,249.06,234.58,216.26,192.02,186.72,185.82,187.74,188.44,191.2,193.18
1522,249.06,234.58,216.24,191.98,186.68,185.82,187.74,188.44,191.2,193.18
1523,249.06,234.58,216.06,191.94,186.66,185.82,187.74,188.44,191.2,193.18
1524,249.06,234.58,216.04,191.9,186.66,185.82,187.74,188.44,191.2,193.18
1525,249.06,234.56,216.02,191.86,186.66,185.82,187.74,188.44,191.2,193.18
1526,249.06,234.56,216.0,191.86,186.64,185.82,187.74,188.44,191.2,193.18
1527,249.06,234.56,215.92,191.84,186.64,185.82,187.74,188.44,191.2,193.18
1528,249.06,234.54,215.92,191.84,186.64,185.8,187.74,188.44,191.2,193.18
1529,249.06,234.52,215.88,191.82,186.64,185.8,187.74,188.44,191.2,193.18
1530,249.04,234.52,215.84,191.76,186.64,185.8,187.74,188.44,191.2,193.18
1531,249.04,234.52,215.84,191.72,186.64,185.8,187.74,188.44,191.2,193.18
1532,249.04,234.52,215.82,191.72,186.64,185.8,187.74,188.44,191.2,193.18
1533,249.02,234.52,215.82,191.72,186.54,185.8,187.74,188.44,191.2,193.18
1534,249.0,234.52,215.8,191.7,186.54,185.8,187.74,188.44,191.2,193.18
1535,249.0,234.5,215.74,191.7,186.52,185.8,187.74,188.44,191.2,193.18
1536,249.0,234.46,215.72,191.68,186.52,185.8,187.74,188.44,191.2,193.18
1537,249.0,234.42,215.7,191.64,186.52,185.8,187.74,188.44,191.2,193.18
1538,249.0,234.4,215.62,191.62,186.52,185.8,187.74,188.44,191.2,193.18
1539,249.0,234.38,215.56,191.6,186.52,185.8,187.74,188.44,191.2,193.18
1540,249.0,234.36,215.56,191.56,186.52,185.8,187.74,188.44,191.2,193.18
1541,249.0,234.32,215.52,191.54,186.52,185.8,187.74,188.44,191.2,193.18
1542,249.0,234.32,215.52,191.54,186.52,185.8,187.74,188.44,191.2,193.18
1543,249.0,234.26,215.48,191.46,186.5,185.8,187.74,188.44,191.2,193.18
1544,249.0,234.2,215.44,191.42,186.5,185.8,187.74,188.44,191.2,193.18
1545,249.0,234.2,215.36,191.42,186.48,185.8,187.74,188.44,191.2,193.18
1546,249.0,234.18,215.28,191.4,186.46,185.8,187.74,188.44,191.2,193.18
1547,249.0,234.18,215.22,191.38,186.44,185.8,187.74,188.44,191.2,193.18
1548,249.0,234.18,215.2,191.34,186.42,185.78,187.74,188.44,191.2,193.18
1549,249.0,234.18,215.2,191.32,186.42,185.78,187.74,188.44,191.2,193.18
1550,249.0,234.16,215.16,191.3,186.4,185.78,187.74,188.44,191.2,193.18
1551,249.0,234.14,215.14,191.3,186.4,185.78,187.74,188.44,191.2,193.18
1552,249.0,234.14,215.12,191.26,186.4,185.78,187.74,188.44,191.2,193.18
1553,249.0,234.12,215.1,191.22,186.4,185.78,187.74,188.44,191.2,193.18
1554,249.0,234.12,215.08,191.2,186.36,185.78,187.74,188.44,191.2,193.18
1555,249.0,234.12,215.06,191.18,186.36,185.78,187.74,188.44,191.2,193.18
1556,249.0,234.1,215.0,191.16,186.34,185.78,187.74,188.44,191.2,193.18
1557,249.0,234.08,215.0,191.16,186.32,185.78,187.74,188.44,191.2,193.18
1558,249.0,234.02,214.98,191.12,186.3,185.78,187.74,188.44,191.2,193.18
1559,249.0,234.02,214.9,191.06,186.3,185.78,187.74,188.44,191.2,193.18
1560,249.0,234.02,214.9,191.04,186.3,185.78,187.74,188.44,191.2,193.18
1561,248.98,234.02,214.9,191.04,186.3,185.76,187.74,188.44,191.2,193.18
1562,248.98,233.96,214.86,191.02,186.3,185.76,187.74,188.44,191.2,193.18
1563,248.98,233.94,214.82,190.98,186.3,185.76,187.74,188.44,191.2,193.18
1564,248.98,233.94,214.72,190.92,186.3,185.76,187.74,188.44,191.2,193.18
1565,248.98,233.94,214.7,190.92,186.26,185.76,187.74,188.44,191.2,193.18
1566,248.98,233.92,214.7,190.9,186.24,185.76,187.74,188.44,191.2,193.18
1567,248.98,233.92,214.58,190.9,186.22,185.76,187.74,188.44,191.2,193.18
1568,248.98,233.92,214.54,190.88,186.22,185.76,187.74,188.44,191.2,193.18
1569,248.98,233.9,214.5,190.84,186.2,185.76,187.74,188.44,191.2,193.18
1570,248.98,233.9,214.46,190.82,186.18,185.76,187.74,188.44,191.2,193.18
1571,248.98,233.86,214.46,190.8,186.18,185.72,187.74,188.44,191.2,193.18
1572,248.98,233.78,214.46,190.74,186.18,185.72,187.74,188.44,191.2,193.18
1573,248.98,233.78,214.42,190.58,186.16,185.72,187.74,188.44,191.2,193.18
1574,248.98,233.76,214.34,190.56,186.14,185.72,187.74,188.44,191.2,193.18
1575,248.98,233.76,214.3,190.52,186.14,185.72,187.74,188.44,191.2,193.18
1576,248.98,233.74,214.28,190.52,186.12,185.72,187.74,188.44,191.2,193.18
1577,248.98,233.72,214.2,190.5,186.12,185.72,187.74,188.44,191.2,193.18
1578,248.98,233.68,214.14,190.48,186.12,185.72,187.74,188.44,191.2,193.18
1579,248.98,233.66,214.06,190.48,186.1,185.72,187.74,188.44,191.2,193.18
1580,248.98,233.66,213.98,190.48,186.08,185.72,187.74,188.44,191.2,193.18
1581,248.98,233.62,213.98,190.48,186.08,185.72,187.74,188.44,191.2,193.18
1582,248.96,233.62,213.98,190.44,186.08,185.72,187.74,188.44,191.2,193.18
1583,248.96,233.62,213.96,190.42,186.08,185.72,187.74,188.44,191.2,193.18
1584,248.96,233.62,213.96,190.38,186.08,185.72,187.74,188.44,191.2,193.18
1585,248.92,233.62,213.9,190.34,186.08,185.72,187.74,188.44,191.2,193.18
1586,248.92,233.62,213.88,190.32,186.06,185.72,187.74,188.44,191.2,193.18
1587,248.92,233.58,213.84,190.32,186.06,185.72,187.74,188.44,191.2,193.18
1588,248.92,233.58,213.82,190.32,186.04,185.72,187.74,188.44,191.2,193.18
1589,248.9,233.54,213.78,190.3,186.04,185.72,187.74,188.44,191.2,193.18
1590,248.9,233.54,213.78,190.28,186.04,185.72,187.74,188.44,191.2,193.18
1591,248.9,233.54,213.7,190.26,186.02,185.72,187.74,188.44,191.2,193.18
1592,248.9,233.54,213.68,190.22,186.0,185.72,187.74,188.44,191.2,193.18
1593,248.9,233.54,213.64,190.18,186.0,185.72,187.74,188.44,191.2,193.18
1594,248.88,233.54,213.56,190.16,186.0,185.72,187.74,188.44,191.2,193.18
1595,248.88,233.52,213.56,190.14,186.0,185.72,187.74,188.44,191.2,193.18
1596,248.88,233.52,213.54,190.14,186.0,185.72,187.74,188.44,191.2,193.18
1597,248.88,233.5,213.46,190.14,185.98,185.72,187.74,188.44,191.2,193.18
1598,248.88,233.5,213.44,190.1,185.96,185.72,187.74,188.44,191.2,193.18
1599,248.82,233.42,213.42,190.1,185.94,185.72,187.74,188.44,191.2,193.18
1600,248.82,233.38,213.4,190.1,185.92,185.72,187.74,188.44,191.2,193.18
1601,248.82,233.36,213.34,190.08,185.92,185.72,187.74,188.44,191.2,193.18
1602,248.82,233.3,213.34,190.08,185.92,185.7,187.74,188.44,191.2,193.18
1603,248.82,233.3,213.3,190.04,185.92,185.7,187.74,188.44,191.2,193.18
1604,248.82,233.3,213.3,190.02,185.92,185.7,187.74,188.44,191.2,193.18
1605,248.82,233.3,213.3,190.02,185.92,185.7,187.74,188.44,191.2,193.18
1606,248.82,233.3,213.16,190.0,185.9,185.7,187.74,188.44,191.2,193.18
1607,248.82,233.2,213.12,190.0,185.9,185.7,187.74,188.44,191.2,193.18
1608,248.8,233.2,213.06,189.98,185.9,185.7,187.74,188.44,191.2,193.18
1609,248.8,233.2,213.04,189.98,185.9,185.7,187.74,188.44,191.2,193.18
1610,248.8,233.2,213.02,189.92,185.9,185.7,187.74,188.44,191.2,193.18
1611,248.8,233.12,212.94,189.9,185.9,185.7,187.74,188.44,191.2,193.18
1612,248.8,233.12,212.9,189.9,185.88,185.7,187.74,188.44,191.2,193.18
1613,248.8,233.12,212.88,189.88,185.86,185.7,187.74,188.44,191.2,193.18
1614,248.8,233.08,212.88,189.88,185.86,185.7,187.74,188.44,191.2,193.18
1615,248.8,233.08,212.86,189.88,185.86,185.68,187.74,188.44,191.2,193.18
1616,248.8,233.04,212.86,189.88,185.86,185.68,187.74,188.44,191.2,193.18
1617,248.8,233.02,212.84,189.84,185.84,185.68,187.74,188.44,191.2,193.18
1618,248.8,233.02,212.82,189.84,185.84,185.68,187.74,188.44,191.2,193.18
1619,248.8,233.02,212.82,189.82,185.84,185.68,187.74,188.44,191.2,193.18
1620,248.8,232.96,212.78,189.8,185.84,185.68,187.74,188.44,191.2,193.18
1621,248.8,232.94,212.78,189.78,185.82,185.68,187.74,188.44,191.2,193.18
1622,248.8,232.94,212.78,189.76,185.82,185.68,187.74,188.44,191.2,193.18
1623,248.8,232.94,212.76,189.74,185.82,185.68,187.74,188.44,191.2,193.18
1624,248.8,232.94,212.76,189.7,185.82,185.68,187.74,188.44,191.2,193.18
1625,248.8,232.94,212.72,189.7,185.82,185.68,187.74,188.44,191.2,193.18
1626,248.8,232.94,212.7,189.68,185.82,185.68,187.74,188.44,191.2,193.18
1627,248.8,232.92,212.7,189.68,185.82,185.68,187.74,188.44,191.2,193.18
1628,248.8,232.9,212.68,189.66,185.8,185.68,187.74,188.44,191.2,193.18
1629,248.78,232.86,212.64,189.64,185.8,185.68,187.74,188.44,191.2,193.18
1630,248.78,232.84,212.6,189.62,185.8,185.68,187.74,188.44,191.2,193.18
1631,248.78,232.82,212.6,189.54,185.8,185.68,187.74,188.44,191.2,193.18
1632,248.78,232.82,212.56,189.52,185.8,185.68,187.74,188.44,191.2,193.18
1633,248.76,232.82,212.56,189.52,185.78,185.68,187.74,188.44,191.2,193.18
1634,248.76,232.82,212.5,189.48,185.76,185.68,187.74,188.44,191.2,193.18
1635,248.74,232.8,212.5,189.44,185.76,185.68,187.74,188.44,191.2,193.18
1636,248.74,232.76,212.44,189.42,185.76,185.68,187.74,188.44,191.2,193.18
1637,248.74,232.76,212.4,189.42,185.76,185.68,187.74,188.44,191.2,193.18
1638,248.74,232.76,212.38,189.36,185.76,185.68,187.74,188.44,191.2,193.18
1639,248.74,232.76,212.34,189.32,185.74,185.68,187.74,188.44,191.2,193.18
1640,248.74,232.76,212.22,189.32,185.74,185.68,187.74,188.44,191.2,193.18
1641,248.74,232.7,212.2,189.3,185.72,185.68,187.74,188.44,191.2,193.18
1642,248.72,232.7,212.2,189.28,185.72,185.68,187.74,188.44,191.2,193.18
1643,248.72,232.68,212.18,189.28,185.72,185.68,187.74,188.44,191.2,193.18
1644,248.68,232.68,212.12,189.26,185.72,185.68,187.74,188.44,191.2,193.18
1645,248.68,232.66,212.12,189.26,185.72,185.68,187.74,188.44,191.2,193.18
1646,248.68,232.62,212.08,189.24,185.72,185.68,187.74,188.44,191.2,193.18
1647,248.68,232.62,212.06,189.2,185.72,185.68,187.74,188.44,191.2,193.18
1648,248.68,232.62,212.02,189.2,185.72,185.68,187.74,188.44,191.2,193.18
1649,248.68,232.58,212.02,189.2,185.72,185.68,187.74,188.44,191.2,193.18
1650,248.68,232.58,212.0,189.18,185.72,185.68,187.74,188.44,191.2,193.18
1651,248.68,232.56,211.94,189.14,185.68,185.68,187.74,188.44,191.2,193.18
1652,248.68,232.54,211.84,189.1,185.68,185.68,187.74,188.44,191.2,193.18
1653,248.68,232.52,211.78,189.08,185.68,185.68,187.74,188.44,191.2,193.18
1654,248.68,232.46,211.74,189.04,185.66,185.68,187.74,188.44,191.2,193.18
1655,248.66,232.46,211.72,188.98,185.66,185.68,187.74,188.44,191.2,193.18
1656,248.66,232.44,211.72,188.96,185.66,185.68,187.74,188.44,191.2,193.18
1657,248.66,232.4,211.7,188.94,185.66,185.68,187.74,188.44,191.2,193.18
1658,248.66,232.4,211.56,188.94,185.66,185.68,187.74,188.44,191.2,193.18
1659,248.64,232.36,211.54,188.94,185.64,185.68,187.74,188.44,191.2,193.18
1660,248.64,232.36,211.54,188.92,185.64,185.68,187.74,188.44,191.2,193.18
1661,248.64,232.36,211.52,188.88,185.64,185.68,187.74,188.44,191.2,193.18
1662,248.64,232.3,211.48,188.86,185.64,185.68,187.74,188.44,191.2,193.18
1663,248.64,232.3,211.48,188.84,185.64,185.68,187.74,188.44,191.2,193.18
1664,248.64,232.28,211.44,188.8,185.62,185.68,187.74,188.44,191.2,193.18
1665,248.64,232.28,211.42,188.78,185.62,185.68,187.74,188.44,191.2,193.18
1666,248.64,232.24,211.42,188.78,185.58,185.68,187.74,188.44,191.2,193.18
1667,248.64,232.24,211.34,188.78,185.58,185.68,187.74,188.44,191.2,193.18
1668,248.64,232.24,211.32,188.74,185.58,185.68,187.74,188.44,191.2,193.18
1669,248.64,232.24,211.32,188.72,185.58,185.68,187.74,188.44,191.2,193.18
1670,248.64,232.2,211.3,188.72,185.56,185.68,187.74,188.44,191.2,193.18
1671,248.64,232.2,211.28,188.7,185.56,185.68,187.74,188.44,191.2,193.18
1672,248.64,232.2,211.28,188.68,185.56,185.68,187.74,188.44,191.2,193.18
1673,248.64,232.18,211.24,188.66,185.54,185.68,187.74,188.44,191.2,193.18
1674,248.64,232.18,211.24,188.66,185.54,185.68,187.74,188.44,191.2,193.18
1675,248.64,232.16,211.22,188.66,185.52,185.68,187.74,188.44,191.2,193.18
1676,248.64,232.16,211.2,188.62,185.52,185.68,187.74,188.44,191.2,193.18
1677,248.64,232.16,211.2,188.6,185.52,185.68,187.74,188.44,191.2,193.18
1678,248.64,232.12,211.18,188.54,185.52,185.68,187.74,188.44,191.2,193.18
1679,248.64,232.12,211.18,188.5,185.52,185.68,187.74,188.44,191.2,193.18
1680,248.64,232.08,211.14,188.48,185.52,185.68,187.74,188.44,191.2,193.18
1681,248.64,232.08,211.14,188.46,185.52,185.68,187.74,188.44,191.2,193.18
1682,248.64,232.08,211.06,188.38,185.52,185.68,187.74,188.44,191.2,193.18
1683,248.62,232.08,211.0,188.32,185.5,185.68,187.74,188.44,191.2,193.18
1684,248.62,232.0,211.0,188.3,185.5,185.68,187.74,188.44,191.2,193.18
1685,248.62,231.96,211.0,188.28,185.5,185.68,187.74,188.44,191.2,193.18
1686,248.6,231.92,211.0,188.26,185.5,185.68,187.74,188.44,191.2,193.18
1687,248.6,231.9,211.0,188.26,185.5,185.68,187.74,188.44,191.2,193.18
1688,248.6,231.84,210.98,188.24,185.48,185.68,187.74,188.44,191.2,193.18
1689,248.6,231.84,210.98,188.2,185.46,185.68,187.74,188.44,191.2,193.18
1690,248.6,231.82,210.86,188.2,185.46,185.68,187.74,188.44,191.2,193.18
1691,248.6,231.82,210.84,188.2,185.44,185.68,187.74,188.44,191.2,193.18
1692,248.6,231.82,210.82,188.16,185.42,185.68,187.74,188.44,191.2,193.18
1693,248.6,231.8,210.8,188.14,185.42,185.68,187.74,188.44,191.2,193.18
1694,248.6,231.8,210.74,188.12,185.4,185.68,187.74,188.44,191.2,193.18
1695,248.6,231.8,210.74,188.1,185.4,185.68,187.74,188.44,191.2,193.18
1696,248.6,231.8,210.66,188.1,185.36,185.68,187.74,188.44,191.2,193.18
1697,248.6,231.8,210.64,188.08,185.34,185.68,187.74,188.44,191.2,193.18
1698,248.6,231.8,210.56,188.08,185.34,185.68,187.74,188.44,191.2,193.18
1699,248.6,231.8,210.56,188.08,185.34,185.68,187.74,188.44,191.2,193.18
1700,248.6,231.8,210.5,188.08,185.32,185.68,187.74,188.44,191.2,193.18
1701,248.6,231.72,210.46,188.08,185.32,185.68,187.74,188.44,191.2,193.18
1702,248.6,231.7,210.46,188.08,185.32,185.68,187.74,188.44,191.2,193.18
1703,248.58,231.68,210.3,188.08,185.32,185.68,187.74,188.44,191.2,193.18
1704,248.58,231.68,210.3,188.06,185.32,185.68,187.74,188.44,191.2,193.18
1705,248.56,231.62,210.28,188.06,185.32,185.68,187.74,188.44,191.2,193.18
1706,248.56,231.62,210.28,188.06,185.3,185.68,187.74,188.44,191.2,193.18
1707,248.56,231.52,210.28,188.04,185.3,185.68,187.74,188.44,191.2,193.18
1708,248.56,231.52,210.24,188.02,185.28,185.68,187.74,188.44,191.2,193.18
1709,248.56,231.5,210.24,188.02,185.28,185.68,187.74,188.44,191.2,193.18
1710,248.56,231.5,210.24,188.0,185.26,185.68,187.74,188.44,191.2,193.18
1711,248.56,231.46,210.22,187.98,185.26,185.68,187.74,188.44,191.2,193.18
1712,248.56,231.42,210.18,187.96,185.24,185.68,187.74,188.44,191.2,193.18
1713,248.56,231.42,210.14,187.92,185.24,185.68,187.74,188.44,191.2,193.18
1714,248.56,231.42,210.04,187.9,185.24,185.68,187.74,188.44,191.2,193.18
1715,248.56,231.42,210.02,187.9,185.24,185.68,187.74,188.44,191.2,193.18
1716,248.56,231.32,210.0,187.9,185.22,185.68,187.74,188.44,191.2,193.18
1717,248.56,231.3,210.0,187.88,185.22,185.68,187.74,188.44,191.2,193.18
1718,248.56,231.26,209.98,187.88,185.2,185.68,187.74,188.44,191.2,193.18
1719,248.56,231.26,209.98,187.88,185.2,185.68,187.74,188.44,191.2,193.18
1720,248.56,231.22,209.92,187.86,185.2,185.68,187.74,188.44,191.2,193.18
1721,248.56,231.2,209.88,187.86,185.16,185.68,187.74,188.44,191.2,193.18
1722,248.52,231.14,209.8,187.84,185.16,185.68,187.74,188.44,191.2,193.18
1723,248.52,231.12,209.8,187.82,185.16,185.68,187.74,188.44,191.2,193.18
1724,248.5,231.06,209.66,187.82,185.16,185.66,187.74,188.44,191.2,193.18
1725,248.5,231.06,209.66,187.82,185.16,185.66,187.74,188.44,191.2,193.18
1726,248.46,231.04,209.66,187.82,185.16,185.66,187.74,188.44,191.2,193.18
1727,248.46,231.04,209.6,187.82,185.16,185.66,187.74,188.44,191.2,193.18
1728,248.42,231.04,209.56,187.78,185.16,185.66,187.74,188.44,191.2,193.18
1729,248.42,231.04,209.56,187.72,185.16,185.66,187.74,188.44,191.2,193.18
1730,248.42,231.02,209.48,187.7,185.16,185.66,187.74,188.44,191.2,193.18
1731,248.42,231.02,209.46,187.64,185.16,185.66,187.74,188.44,191.2,193.18
1732,248.42,230.94,209.4,187.64,185.12,185.66,187.74,188.44,191.2,193.18
1733,248.42,230.86,209.34,187.64,185.12,185.66,187.74,188.44,191.2,193.18
1734,248.42,230.86,209.32,187.64,185.12,185.66,187.74,188.44,191.2,193.18
1735,248.42,230.86,209.26,187.58,185.1,185.66,187.74,188.44,191.2,193.18
1736,248.38,230.86,209.26,187.56,185.1,185.66,187.74,188.44,191.2,193.18
1737,248.36,230.82,209.26,187.56,185.08,185.66,187.74,188.44,191.2,193.18
1738,248.36,230.82,209.24,187.54,185.08,185.66,187.74,188.44,191.2,193.18
1739,248.36,230.82,209.14,187.52,185.08,185.66,187.74,188.44,191.2,193.18
1740,248.36,230.8,209.12,187.48,185.08,185.66,187.74,188.44,191.2,193.18
1741,248.36,230.78,209.06,187.48,185.06,185.66,187.74,188.44,191.2,193.18
1742,248.36,230.76,209.02,187.46,185.06,185.66,187.74,188.44,191.2,193.18
1743,248.36,230.76,208.9,187.44,185.06,185.66,187.74,188.44,191.2,193.18
1744,248.36,230.74,208.86,187.44,185.06,185.66,187.74,188.44,191.2,193.18
1745,248.36,230.7,208.86,187.42,185.06,185.66,187.74,188.44,191.2,193.18
1746,248.36,230.7,208.84,187.4,185.02,185.66,187.74,188.44,191.2,193.18
1747,248.36,230.7,208.84,187.4,185.02,185.66,187.74,188.44,191.2,193.18
1748,248.36,230.64,208.84,187.38,185.0,185.66,187.74,188.44,191.2,193.18
1749,248.36,230.62,208.8,187.38,185.0,185.66,187.74,188.44,191.2,193.18
1750,248.34,230.56,208.74,187.36,184.98,185.66,187.74,188.44,191.2,193.18
1751,248.28,230.56,208.54,187.36,184.96,185.66,187.74,188.44,191.2,193.18
1752,248.28,230.56,208.54,187.36,184.96,185.66,187.74,188.44,191.2,193.18
1753,248.28,230.54,208.54,187.36,184.96,185.66,187.74,188.44,191.2,193.18
1754,248.26,230.54,208.54,187.36,184.94,185.66,187.74,188.44,191.2,193.18
1755,248.26,230.54,208.48,187.34,184.94,185.64,187.74,188.44,191.2,193.18
1756,248.26,230.54,208.46,187.34,184.92,185.64,187.74,188.44,191.2,193.18
1757,248.24,230.54,208.46,187.32,184.92,185.64,187.74,188.44,191.2,193.18
1758,248.24,230.54,208.46,187.32,184.92,185.64,187.74,188.44,191.2,193.18
1759,248.24,230.52,208.36,187.32,184.92,185.64,187.74,188.44,191.2,193.18
1760,248.24,230.5,208.28,187.32,184.9,185.64,187.74,188.44,191.2,193.18
1761,248.24,230.5,208.26,187.3,184.88,185.64,187.74,188.44,191.2,193.18
1762,248.24,230.5,208.26,187.3,184.88,185.64,187.74,188.44,191.2,193.18
1763,248.24,230.5,208.24,187.3,184.88,185.64,187.74,188.44,191.2,193.18
1764,248.24,230.44,208.24,187.28,184.88,185.64,187.74,188.44,191.2,193.18
1765,248.24,230.44,208.22,187.26,184.88,185.64,187.74,188.44,191.2,193.18
1766,248.24,230.44,208.2,187.24,184.88,185.64,187.74,188.44,191.2,193.18
1767,248.24,230.44,208.2,187.22,184.88,185.64,187.74,188.44,191.2,193.18
1768,248.24,230.36,208.18,187.22,184.88,185.64,187.74,188.44,191.2,193.18
1769,248.24,230.36,208.18,187.2,184.88,185.64,187.74,188.44,191.2,193.18
1770,248.24,230.34,208.14,187.2,184.88,185.64,187.74,188.44,191.2,193.18
1771,248.24,230.32,208.14,187.2,184.88,185.64,187.74,188.44,191.2,193.18
1772,248.24,230.32,208.06,187.2,184.88,185.64,187.74,188.44,191.2,193.18
1773,248.24,230.32,208.02,187.2,184.88,185.64,187.74,188.44,191.2,193.18
1774,248.24,230.3,208.0,187.18,184.86,185.64,187.74,188.44,191.2,193.18
1775,248.22,230.3,208.0,187.16,184.86,185.64,187.74,188.44,191.2,193.18
1776,248.22,230.22,208.0,187.16,184.86,185.64,187.74,188.44,191.2,193.18
1777,248.22,230.22,207.98,187.16,184.86,185.64,187.74,188.44,191.2,193.18
1778,248.22,230.2,207.96,187.12,184.84,185.64,187.74,188.44,191.2,193.18
1779,248.22,230.2,207.96,187.12,184.84,185.64,187.74,188.44,191.2,193.18
1780,248.22,230.18,207.96,187.12,184.84,185.64,187.74,188.44,191.2,193.18
1781,248.18,230.16,207.96,187.12,184.84,185.64,187.74,188.44,191.2,193.18
1782,248.18,230.16,207.92,187.12,184.84,185.64,187.74,188.44,191.2,193.18
1783,248.18,230.12,207.92,187.12,184.84,185.64,187.74,188.44,191.2,193.18
1784,248.18,230.1,207.82,187.12,184.84,185.64,187.74,188.44,191.2,193.18
1785,248.16,230.04,207.78,187.06,184.84,185.64,187.74,188.44,191.2,193.18
1786,248.12,230.04,207.74,187.06,184.84,185.64,187.74,188.44,191.2,193.18
1787,248.1,230.04,207.66,187.04,184.84,185.64,187.74,188.44,191.2,193.18
1788,248.1,230.04,207.66,187.04,184.84,185.64,187.74,188.44,191.2,193.18
1789,248.1,230.02,207.66,187.02,184.84,185.64,187.74,188.44,191.2,193.18
1790,248.1,230.02,207.66,187.02,184.84,185.64,187.74,188.44,191.2,193.18
1791,248.1,230.0,207.66,187.02,184.84,185.64,187.74,188.44,191.2,193.18
1792,248.1,230.0,207.62,187.0,184.84,185.62,187.74,188.44,191.2,193.18
1793,248.1,230.0,207.62,186.98,184.84,185.62,187.74,188.44,191.2,193.18
1794,248.1,229.96,207.6,186.98,184.84,185.62,187.74,188.44,191.2,193.18
1795,248.08,229.96,207.5,186.92,184.84,185.62,187.74,188.44,191.2,193.18
1796,248.08,229.86,207.5,186.92,184.84,185.62,187.74,188.44,191.2,193.18
1797,248.08,229.84,207.48,186.9,184.84,185.62,187.74,188.44,191.2,193.18
1798,248.08,229.82,207.42,186.9,184.84,185.6,187.74,188.44,191.2,193.18
1799,248.08,229.78,207.42,186.9,184.84,185.6,187.74,188.44,191.2,193.18
1800,248.08,229.78,207.38,186.9,184.84,185.6,187.74,188.44,191.2,193.18
1801,248.08,229.78,207.34,186.9,184.84,185.6,187.74,188.44,191.2,193.18
1802,248.08,229.7,207.34,186.9,184.84,185.6,187.74,188.44,191.2,193.18
1803,248.08,229.7,207.3,186.9,184.84,185.6,187.74,188.44,191.2,193.18
1804,248.08,229.7,207.22,186.9,184.84,185.6,187.74,188.44,191.2,193.18
1805,248.08,229.66,207.14,186.9,184.84,185.6,187.74,188.44,191.2,193.18
1806,248.06,229.66,207.14,186.88,184.84,185.6,187.74,188.44,191.2,193.18
1807,248.06,229.66,207.14,186.88,184.84,185.6,187.74,188.44,191.2,193.18
1808,248.06,229.62,207.14,186.88,184.84,185.6,187.74,188.44,191.2,193.18
1809,248.06,229.62,207.08,186.86,184.84,185.6,187.74,188.44,191.2,193.18
1810,248.06,229.62,207.06,186.84,184.84,185.6,187.74,188.44,191.2,193.18
1811,248.06,229.62,207.0,186.84,184.84,185.6,187.74,188.44,191.2,193.18
1812,248.04,229.62,206.92,186.8,184.84,185.6,187.74,188.44,191.2,193.18
1813,248.04,229.6,206.9,186.8,184.84,185.6,187.74,188.44,191.2,193.18
1814,248.04,229.6,206.9,186.8,184.82,185.6,187.74,188.44,191.2,193.18
1815,248.04,229.6,206.88,186.8,184.8,185.6,187.74,188.44,191.2,193.18
1816,248.04,229.58,206.76,186.8,184.8,185.6,187.74,188.44,191.2,193.18
1817,248.04,229.54,206.7,186.8,184.8,185.6,187.74,188.44,191.2,193.18
1818,248.04,229.52,206.7,186.78,184.8,185.6,187.74,188.44,191.2,193.18
1819,248.04,229.44,206.7,186.76,184.8,185.6,187.74,188.44,191.2,193.18
1820,248.04,229.42,206.7,186.72,184.8,185.6,187.74,188.44,191.2,193.18
1821,248.04,229.38,206.7,186.7,184.8,185.6,187.74,188.44,191.2,193.18
1822,248.04,229.38,206.64,186.7,184.8,185.6,187.74,188.44,191.2,193.18
1823,248.04,229.34,206.6,186.66,184.8,185.6,187.74,188.44,191.2,193.18
1824,248.04,229.34,206.56,186.66,184.78,185.6,187.74,188.44,191.2,193.18
1825,248.02,229.3,206.54,186.66,184.78,185.6,187.74,188.44,191.2,193.18
1826,248.02,229.3,206.52,186.66,184.76,185.6,187.74,188.44,191.2,193.18
1827,248.02,229.3,206.52,186.66,184.7,185.6,187.74,188.44,191.2,193.18
1828,248.02,229.3,206.44,186.64,184.7,185.6,187.74,188.44,191.2,193.18
1829,248.0,229.26,206.44,186.62,184.68,185.6,187.74,188.44,191.2,193.18
1830,248.0,229.24,206.42,186.62,184.68,185.6,187.74,188.44,191.2,193.18
1831,248.0,229.24,206.32,186.56,184.68,185.6,187.74,188.44,191.2,193.18
1832,248.0,229.24,206.32,186.56,184.68,185.6,187.74,188.44,191.2,193.18
1833,248.0,229.24,206.24,186.56,184.68,185.6,187.74,188.44,191.2,193.18
1834,247.98,229.14,206.24,186.54,184.68,185.6,187.74,188.44,191.2,193.18
1835,247.98,229.14,206.22,186.54,184.68,185.6,187.74,188.44,191.2,193.18
1836,247.98,229.1,206.18,186.54,184.68,185.6,187.74,188.44,191.2,193.18
1837,247.96,229.02,206.16,186.54,184.66,185.6,187.74,188.44,191.2,193.18
1838,247.96,229.02,206.14,186.54,184.66,185.6,187.74,188.44,191.2,193.18
1839,247.96,229.02,206.14,186.52,184.64,185.6,187.74,188.44,191.2,193.18
1840,247.96,229.0,206.06,186.52,184.64,185.6,187.74,188.44,191.2,193.18
1841,247.96,229.0,206.06,186.52,184.64,185.6,187.74,188.44,191.2,193.18
1842,247.96,229.0,206.02,186.5,184.64,185.6,187.74,188.44,191.2,193.18
1843,247.96,229.0,206.0,186.44,184.64,185.6,187.74,188.44,191.2,193.18
1844,247.96,228.98,205.94,186.42,184.64,185.6,187.74,188.44,191.2,193.18
1845,247.96,228.92,205.92,186.4,184.64,185.6,187.74,188.44,191.2,193.18
1846,247.96,228.88,205.92,186.4,184.62,185.6,187.74,188.44,191.2,193.18
1847,247.96,228.86,205.88,186.4,184.62,185.6,187.74,188.44,191.2,193.18
1848,247.96,228.84,205.86,186.4,184.62,185.6,187.74,188.44,191.2,193.18
1849,247.96,228.82,205.86,186.4,184.62,185.6,187.74,188.44,191.2,193.18
1850,247.96,228.82,205.76,186.38,184.62,185.6,187.74,188.44,191.2,193.18
1851,247.96,228.78,205.72,186.36,184.62,185.6,187.74,188.44,191.2,193.18
1852,247.96,228.74,205.68,186.36,184.62,185.6,187.74,188.44,191.2,193.18
1853,247.96,228.74,205.68,186.34,184.6,185.6,187.74,188.44,191.2,193.18
1854,247.96,228.74,205.64,186.32,184.6,185.6,187.74,188.44,191.2,193.18
1855,247.96,228.74,205.62,186.32,184.6,185.6,187.74,188.44,191.2,193.18
1856,247.96,228.74,205.62,186.32,184.6,185.6,187.74,188.44,191.2,193.18
1857,247.96,228.72,205.62,186.32,184.58,185.6,187.74,188.44,191.2,193.18
1858,247.96,228.72,205.6,186.3,184.58,185.6,187.74,188.44,191.2,193.18
1859,247.96,228.72,205.56,186.24,184.58,185.6,187.74,188.44,191.2,193.18
1860,247.96,228.72,205.54,186.24,184.58,185.6,187.74,188.44,191.2,193.18
1861,247.94,228.7,205.52,186.24,184.58,185.6,187.74,188.44,191.2,193.18
1862,247.94,228.7,205.48,186.24,184.58,185.6,187.74,188.44,191.2,193.18
1863,247.94,228.7,205.46,186.2,184.58,185.6,187.74,188.44,191.2,193.18
1864,247.94,228.68,205.44,186.2,184.58,185.6,187.74,188.44,191.2,193.18
1865,247.94,228.68,205.34,186.2,184.58,185.6,187.74,188.44,191.2,193.18
1866,247.92,228.68,205.28,186.2,184.58,185.6,187.74,188.44,191.2,193.18
1867,247.92,228.68,205.28,186.18,184.56,185.6,187.74,188.44,191.2,193.18
1868,247.92,228.66,205.24,186.18,184.56,185.6,187.74,188.44,191.2,193.18
1869,247.92,228.58,205.24,186.18,184.56,185.6,187.74,188.44,191.2,193.18
1870,247.9,228.58,205.22,186.18,184.56,185.6,187.74,188.44,191.2,193.18
1871,247.84,228.56,205.2,186.18,184.54,185.6,187.74,188.44,191.2,193.18
1872,247.84,228.52,205.2,186.18,184.54,185.6,187.74,188.44,191.2,193.18
1873,247.84,228.52,205.2,186.16,184.54,185.6,187.74,188.44,191.2,193.18
1874,247.82,228.5,205.18,186.16,184.54,185.6,187.74,188.44,191.2,193.18
1875,247.82,228.48,205.06,186.16,184.54,185.6,187.74,188.44,191.2,193.18
1876,247.8,228.46,205.02,186.16,184.54,185.6,187.74,188.44,191.2,193.18
1877,247.78,228.4,205.02,186.16,184.54,185.6,187.74,188.44,191.2,193.18
1878,247.78,228.4,204.98,186.16,184.52,185.6,187.74,188.44,191.2,193.18
1879,247.78,228.38,204.96,186.16,184.52,185.6,187.74,188.44,191.2,193.18
1880,247.78,228.38,204.96,186.16,184.52,185.6,187.74,188.44,191.2,193.18
1881,247.78,228.28,204.94,186.14,184.52,185.6,187.74,188.44,191.2,193.18
1882,247.74,228.28,204.9,186.12,184.52,185.6,187.74,188.44,191.2,193.18
1883,247.74,228.24,204.86,186.1,184.52,185.6,187.74,188.44,191.2,193.18
1884,247.74,228.24,204.86,186.1,184.52,185.6,187.74,188.44,191.2,193.18
1885,247.74,228.18,204.8,186.08,184.52,185.6,187.74,188.44,191.2,193.18
1886,247.72,228.14,204.8,186.08,184.52,185.6,187.74,188.44,191.2,193.18
1887,247.72,228.08,204.8,186.08,184.52,185.6,187.74,188.44,191.2,193.18
1888,247.72,228.08,204.78,186.06,184.52,185.6,187.74,188.44,191.2,193.18
1889,247.72,228.08,204.76,186.06,184.52,185.6,187.74,188.44,191.2,193.18
1890,247.72,228.08,204.76,186.04,184.52,185.6,187.74,188.44,191.2,193.18
1891,247.7,228.04,204.74,186.04,184.52,185.6,187.74,188.44,191.2,193.18
1892,247.7,228.04,204.74,186.04,184.52,185.6,187.74,188.44,191.2,193.18
1893,247.7,228.04,204.74,186.04,184.52,185.6,187.74,188.44,191.2,193.18
1894,247.7,228.04,204.72,186.04,184.52,185.6,187.74,188.44,191.2,193.18
1895,247.7,228.02,204.72,186.04,184.52,185.6,187.74,188.44,191.2,193.18
1896,247.7,228.02,204.7,186.0,184.52,185.6,187.74,188.44,191.2,193.18
1897,247.7,228.02,204.64,186.0,184.52,185.6,187.74,188.44,191.2,193.18
1898,247.7,228.0,204.64,186.0,184.52,185.6,187.74,188.44,191.2,193.18
1899,247.7,227.96,204.6,186.0,184.52,185.6,187.74,188.44,191.2,193.18
1900,247.7,227.92,204.52,185.98,184.52,185.6,187.74,188.44,191.2,193.18
1901,247.7,227.92,204.5,185.98,184.52,185.6,187.74,188.44,191.2,193.18
1902,247.7,227.92,204.5,185.98,184.52,185.6,187.74,188.44,191.2,193.18
1903,247.7,227.92,204.4,185.96,184.5,185.6,187.74,188.44,191.2,193.18
1904,247.68,227.88,204.4,185.96,184.5,185.6,187.74,188.44,191.2,193.18
1905,247.68,227.86,204.38,185.96,184.5,185.6,187.74,188.44,191.2,193.18
1906,247.68,227.84,204.34,185.96,184.5,185.6,187.74,188.44,191.2,193.18
1907,247.68,227.8,204.24,185.96,184.48,185.6,187.74,188.44,191.2,193.18
1908,247.68,227.8,204.22,185.96,184.48,185.6,187.74,188.44,191.2,193.18
1909,247.68,227.74,204.22,185.94,184.48,185.6,187.74,188.44,191.2,193.18
1910,247.68,227.74,204.2,185.94,184.48,185.6,187.74,188.44,191.2,193.18
1911,247.66,227.74,204.16,185.94,184.48,185.6,187.74,188.44,191.2,193.18
1912,247.66,227.7,204.16,185.92,184.48,185.6,187.74,188.44,191.2,193.18
1913,247.66,227.7,204.08,185.9,184.48,185.6,187.74,188.44,191.2,193.18
1914,247.66,227.68,204.06,185.9,184.48,185.6,187.74,188.44,191.2,193.18
1915,247.64,227.68,204.06,185.86,184.48,185.58,187.74,188.44,191.2,193.18
1916,247.64,227.68,204.04,185.84,184.48,185.58,187.74,188.44,191.2,193.18
1917,247.64,227.64,203.98,185.8,184.46,185.58,187.74,188.44,191.2,193.18
1918,247.62,227.62,203.92,185.8,184.46,185.58,187.74,188.44,191.2,193.18
1919,247.62,227.62,203.9,185.8,184.46,185.58,187.74,188.44,191.2,193.18
1920,247.62,227.62,203.9,185.78,184.46,185.58,187.74,188.44,191.2,193.18
1921,247.62,227.6,203.88,185.78,184.44,185.58,187.74,188.44,191.2,193.18
1922,247.62,227.58,203.86,185.74,184.44,185.58,187.74,188.44,191.2,193.18
1923,247.58,227.58,203.86,185.72,184.44,185.58,187.74,188.44,191.2,193.18
1924,247.58,227.58,203.82,185.72,184.44,185.58,187.74,188.44,191.2,193.18
1925,247.58,227.5,203.74,185.7,184.44,185.58,187.74,188.44,191.2,193.18
1926,247.58,227.5,203.7,185.68,184.44,185.58,187.74,188.44,191.2,193.18
1927,247.58,227.5,203.66,185.66,184.44,185.58,187.74,188.44,191.2,193.18
1928,247.58,227.46,203.64,185.66,184.44,185.58,187.74,188.44,191.2,193.18
1929,247.58,227.46,203.64,185.66,184.42,185.58,187.74,188.44,191.2,193.18
1930,247.58,227.46,203.54,185.6,184.42,185.58,187.74,188.44,191.2,193.18
1931,247.58,227.46,203.44,185.58,184.42,185.58,187.74,188.44,191.2,193.18
1932,247.56,227.4,203.42,185.56,184.42,185.58,187.74,188.44,191.2,193.18
1933,247.56,227.38,203.4,185.56,184.42,185.58,187.74,188.44,191.2,193.18
1934,247.56,227.38,203.4,185.56,184.42,185.58,187.74,188.44,191.2,193.18
1935,247.56,227.36,203.4,185.56,184.42,185.58,187.74,188.44,191.2,193.18
1936,247.56,227.32,203.38,185.52,184.42,185.58,187.74,188.44,191.2,193.18
1937,247.56,227.32,203.34,185.52,184.42,185.58,187.74,188.44,191.2,193.18
1938,247.54,227.32,203.34,185.52,184.42,185.58,187.74,188.44,191.2,193.18
1939,247.54,227.26,203.32,185.52,184.42,185.58,187.74,188.44,191.2,193.18
1940,247.54,227.26,203.3,185.52,184.42,185.58,187.74,188.44,191.2,193.18
1941,247.54,227.26,203.28,185.52,184.42,185.58,187.74,188.44,191.2,193.18
1942,247.54,227.26,203.24,185.52,184.42,185.58,187.74,188.44,191.2,193.18
1943,247.52,227.24,203.18,185.52,184.42,185.58,187.74,188.44,191.2,193.18
1944,247.52,227.18,203.18,185.52,184.42,185.58,187.74,188.44,191.2,193.18
1945,247.52,227.18,203.18,185.52,184.42,185.58,187.74,188.44,191.2,193.18
1946,247.52,227.14,203.18,185.52,184.42,185.58,187.74,188.44,191.2,193.18
1947,247.5,227.08,203.14,185.52,184.42,185.58,187.74,188.44,191.2,193.18
1948,247.5,227.02,203.12,185.52,184.42,185.58,187.74,188.44,191.2,193.18
1949,247.5,227.0,203.1,185.52,184.42,185.58,187.74,188.44,191.2,193.18
1950,247.5,227.0,203.04,185.52,184.42,185.58,187.74,188.44,191.2,193.18
1951,247.5,227.0,203.02,185.52,184.42,185.58,187.74,188.44,191.2,193.18
1952,247.5,226.98,203.02,185.5,184.42,185.58,187.74,188.44,191.2,193.18
1953,247.5,226.98,203.0,185.5,184.42,185.58,187.74,188.44,191.2,193.18
1954,247.5,226.88,202.96,185.5,184.42,185.58,187.74,188.44,191.2,193.18
1955,247.5,226.88,202.92,185.5,184.42,185.58,187.74,188.44,191.2,193.18
1956,247.5,226.88,202.92,185.5,184.42,185.58,187.74,188.44,191.2,193.18
1957,247.46,226.84,202.92,185.5,184.42,185.58,187.74,188.44,191.2,193.18
1958,247.46,226.84,202.92,185.5,184.42,185.58,187.74,188.44,191.2,193.18
1959,247.46,226.84,202.9,185.5,184.42,185.58,187.74,188.44,191.2,193.18
1960,247.46,226.84,202.84,185.5,184.42,185.58,187.74,188.44,191.2,193.18
1961,247.46,226.84,202.82,185.5,184.4,185.58,187.74,188.44,191.2,193.18
1962,247.42,226.84,202.78,185.5,184.4,185.58,187.74,188.44,191.2,193.18
1963,247.42,226.82,202.76,185.5,184.4,185.58,187.74,188.44,191.2,193.18
1964,247.42,226.82,202.68,185.48,184.4,185.58,187.74,188.44,191.2,193.18
1965,247.42,226.8,202.62,185.48,184.4,185.58,187.74,188.44,191.2,193.18
1966,247.42,226.76,202.56,185.46,184.4,185.58,187.74,188.44,191.2,193.18
1967,247.42,226.76,202.54,185.46,184.4,185.58,187.74,188.44,191.2,193.18
1968,247.42,226.76,202.54,185.46,184.4,185.58,187.74,188.44,191.2,193.18
1969,247.42,226.76,202.5,185.46,184.4,185.58,187.74,188.44,191.2,193.18
1970,247.42,226.76,202.5,185.46,184.4,185.58,187.74,188.44,191.2,193.18
1971,247.42,226.74,202.48,185.46,184.4,185.58,187.74,188.44,191.2,193.18
1972,247.42,226.74,202.42,185.46,184.38,185.58,187.74,188.44,191.2,193.18
1973,247.38,226.72,202.38,185.46,184.38,185.58,187.74,188.44,191.2,193.18
1974,247.38,226.72,202.32,185.42,184.38,185.56,187.74,188.44,191.2,193.18
1975,247.38,226.7,202.3,185.42,184.38,185.56,187.74,188.44,191.2,193.18
1976,247.38,226.7,202.3,185.4,184.38,185.56,187.74,188.44,191.2,193.18
1977,247.38,226.68,202.28,185.4,184.36,185.56,187.74,188.44,191.2,193.18
1978,247.38,226.6,202.26,185.4,184.36,185.56,187.74,188.44,191.2,193.18
1979,247.38,226.58,202.26,185.38,184.36,185.56,187.74,188.44,191.2,193.18
1980,247.38,226.52,202.24,185.38,184.36,185.56,187.74,188.44,191.2,193.18
1981,247.32,226.52,202.22,185.38,184.36,185.56,187.74,188.44,191.2,193.18
1982,247.32,226.42,202.22,185.38,184.36,185.56,187.74,188.44,191.2,193.18
1983,247.32,226.42,202.18,185.38,184.36,185.56,187.74,188.44,191.2,193.18
1984,247.32,226.42,202.14,185.38,184.36,185.56,187.74,188.44,191.2,193.18
1985,247.32,226.4,202.14,185.36,184.36,185.56,187.74,188.44,191.2,193.18
1986,247.32,226.4,202.14,185.34,184.36,185.56,187.74,188.44,191.2,193.18
1987,247.32,226.38,202.1,185.32,184.36,185.56,187.74,188.44,191.2,193.18
1988,247.32,226.38,202.04,185.32,184.36,185.56,187.74,188.44,191.2,193.18
1989,247.32,226.38,201.98,185.28,184.36,185.56,187.74,188.44,191.2,193.18
1990,247.32,226.38,201.96,185.28,184.36,185.56,187.74,188.44,191.2,193.18
1991,247.28,226.38,201.96,185.28,184.36,185.56,187.74,188.44,191.2,193.18
1992,247.28,226.38,201.94,185.26,184.36,185.56,187.74,188.44,191.2,193.18
1993,247.28,226.34,201.9,185.24,184.36,185.56,187.74,188.44,191.2,193.18
1994,247.28,226.34,201.9,185.24,184.36,185.56,187.74,188.44,191.2,193.18
1995,247.28,226.34,201.88,185.2,184.36,185.54,187.74,188.44,191.2,193.18
1996,247.28,226.32,201.88,185.2,184.36,185.54,187.74,188.44,191.2,193.18
1997,247.28,226.32,201.84,185.2,184.36,185.54,187.74,188.44,191.2,193.18
1998,247.28,226.32,201.82,185.2,184.36,185.54,187.74,188.44,191.2,193.18
1999,247.28,226.32,201.74,185.18,184.34,185.54,187.74,188.44,191.2,193.18
2000,247.26,226.32,201.68,185.18,184.34,185.54,187.74,188.44,191.2,193.18
2001,247.26,226.3,201.62,185.16,184.34,185.54,187.74,188.44,191.2,193.18
2002,247.26,226.22,201.56,185.16,184.34,185.54,187.74,188.44,191.2,193.18
2003,247.26,226.22,201.54,185.16,184.34,185.54,187.74,188.44,191.2,193.18
2004,247.24,226.22,201.44,185.16,184.34,185.54,187.74,188.44,191.2,193.18
2005,247.24,226.18,201.38,185.16,184.34,185.54,187.74,188.44,191.2,193.18
2006,247.24,226.18,201.36,185.14,184.34,185.54,187.74,188.44,191.2,193.18
2007,247.24,226.18,201.28,185.14,184.34,185.54,187.74,188.44,191.2,193.18
2008,247.22,226.18,201.24,185.14,184.34,185.54,187.74,188.44,191.2,193.18
2009,247.22,226.16,201.22,185.12,184.34,185.54,187.74,188.44,191.2,193.18
2010,247.22,226.16,201.18,185.12,184.34,185.54,187.74,188.44,191.2,193.18
2011,247.2,226.16,201.18,185.12,184.34,185.54,187.74,188.44,191.2,193.18
2012,247.2,226.14,201.12,185.12,184.34,185.54,187.74,188.44,191.2,193.18
2013,247.2,226.14,201.08,185.1,184.34,185.54,187.74,188.44,191.2,193.18
2014,247.18,226.08,201.04,185.08,184.34,185.54,187.74,188.44,191.2,193.18
2015,247.18,226.06,201.04,185.08,184.34,185.54,187.74,188.44,191.2,193.18
2016,247.18,226.06,201.04,185.08,184.32,185.54,187.74,188.44,191.2,193.18
2017,247.18,226.04,201.04,185.06,184.32,185.54,187.74,188.44,191.2,193.18
2018,247.18,226.02,201.0,185.06,184.32,185.54,187.74,188.44,191.2,193.18
2019,247.16,226.02,200.98,185.06,184.32,185.54,187.74,188.44,191.2,193.18
2020,247.14,226.02,200.94,185.06,184.32,185.54,187.74,188.44,191.2,193.18
2021,247.12,226.02,200.92,185.04,184.32,185.54,187.74,188.44,191.2,193.18
2022,247.12,225.98,200.88,185.02,184.32,185.54,187.74,188.44,191.2,193.18
2023,247.12,225.98,200.84,185.02,184.32,185.54,187.74,188.44,191.2,193.18
2024,247.12,225.94,200.82,185.02,184.32,185.54,187.74,188.44,191.2,193.18
2025,247.12,225.94,200.82,185.02,184.3,185.54,187.74,188.44,191.2,193.18
2026,247.12,225.94,200.8,185.02,184.3,185.54,187.74,188.44,191.2,193.18
2027,247.12,225.94,200.8,185.02,184.3,185.54,187.74,188.44,191.2,193.18
2028,247.12,225.94,200.78,185.02,184.3,185.54,187.74,188.44,191.2,193.18
2029,247.1,225.94,200.78,185.0,184.28,185.54,187.74,188.44,191.2,193.18
2030,247.08,225.92,200.72,185.0,184.28,185.54,187.74,188.44,191.2,193.18
2031,247.08,225.92,200.7,185.0,184.28,185.54,187.74,188.44,191.2,193.18
2032,247.08,225.82,200.64,185.0,184.28,185.54,187.74,188.44,191.2,193.18
2033,247.08,225.78,200.6,185.0,184.28,185.54,187.74,188.44,191.2,193.18
2034,247.08,225.72,200.58,185.0,184.28,185.54,187.74,188.44,191.2,193.18
2035,247.08,225.72,200.54,185.0,184.28,185.54,187.74,188.44,191.2,193.18
2036,247.06,225.72,200.52,185.0,184.28,185.54,187.74,188.44,191.2,193.18
2037,247.06,225.68,200.52,185.0,184.28,185.54,187.74,188.44,191.2,193.18
2038,247.06,225.68,200.5,184.98,184.28,185.54,187.74,188.44,191.2,193.18
2039,247.06,225.56,200.48,184.98,184.28,185.54,187.74,188.44,191.2,193.18
2040,247.06,225.56,200.44,184.98,184.26,185.54,187.74,188.44,191.2,193.18
2041,247.06,225.48,200.42,184.98,184.26,185.54,187.74,188.44,191.2,193.18
2042,247.04,225.46,200.42,184.98,184.26,185.54,187.74,188.44,191.2,193.18
2043,247.04,225.44,200.4,184.98,184.26,185.54,187.74,188.44,191.2,193.18
2044,247.04,225.42,200.4,184.98,184.26,185.54,187.74,188.44,191.2,193.18
2045,247.04,225.38,200.3,184.98,184.26,185.54,187.74,188.44,191.2,193.18
2046,247.04,225.34,200.28,184.98,184.26,185.54,187.74,188.44,191.2,193.18
2047,247.04,225.34,200.26,184.98,184.26,185.54,187.74,188.44,191.2,193.18
2048,247.04,225.32,200.18,184.98,184.24,185.54,187.74,188.44,191.2,193.18
2049,247.04,225.3,200.18,184.96,184.24,185.54,187.74,188.44,191.2,193.18
2050,247.04,225.3,200.18,184.96,184.24,185.54,187.74,188.44,191.2,193.18
2051,247.04,225.24,200.12,184.96,184.24,185.54,187.74,188.44,191.2,193.18
2052,247.04,225.24,200.1,184.96,184.24,185.54,187.74,188.44,191.2,193.18
2053,247.04,225.2,200.1,184.96,184.24,185.54,187.74,188.44,191.2,193.18
2054,247.04,225.16,200.0,184.94,184.24,185.54,187.74,188.44,191.2,193.18
2055,247.02,225.16,200.0,184.94,184.24,185.54,187.74,188.44,191.2,193.18
2056,247.02,225.14,199.94,184.94,184.24,185.54,187.74,188.44,191.2,193.18
2057,247.02,225.12,199.94,184.94,184.22,185.54,187.74,188.44,191.2,193.18
2058,247.02,225.08,199.86,184.94,184.22,185.54,187.74,188.44,191.2,193.18
2059,247.02,225.06,199.86,184.94,184.22,185.54,187.74,188.44,191.2,193.18
2060,247.02,225.04,199.84,184.94,184.22,185.54,187.74,188.44,191.2,193.18
2061,247.02,224.98,199.82,184.92,184.22,185.54,187.74,188.44,191.2,193.18
2062,247.02,224.98,199.8,184.92,184.22,185.54,187.74,188.44,191.2,193.18
2063,247.02,224.92,199.78,184.92,184.22,185.54,187.74,188.44,191.2,193.18
2064,247.0,224.9,199.74,184.92,184.2,185.54,187.74,188.44,191.2,193.18
2065,247.0,224.9,199.7,184.9,184.2,185.54,187.74,188.44,191.2,193.18
2066,247.0,224.8,199.68,184.9,184.2,185.54,187.74,188.44,191.2,193.18
2067,247.0,224.8,199.68,184.9,184.2,185.54,187.74,188.44,191.2,193.18
2068,247.0,224.78,199.66,184.9,184.2,185.54,187.74,188.44,191.2,193.18
2069,247.0,224.7,199.66,184.9,184.2,185.54,187.74,188.44,191.2,193.18
2070,247.0,224.6,199.66,184.9,184.2,185.54,187.74,188.44,191.2,193.18
2071,246.96,224.58,199.66,184.9,184.2,185.54,187.74,188.44,191.2,193.18
2072,246.96,224.58,199.66,184.9,184.18,185.54,187.74,188.44,191.2,193.18
2073,246.92,224.56,199.66,184.9,184.18,185.54,187.74,188.44,191.2,193.18
2074,246.88,224.56,199.64,184.9,184.18,185.54,187.74,188.44,191.2,193.18
2075,246.88,224.52,199.62,184.9,184.18,185.54,187.74,188.44,191.2,193.18
2076,246.88,224.52,199.58,184.88,184.16,185.54,187.74,188.44,191.2,193.18
2077,246.88,224.44,199.56,184.88,184.16,185.54,187.74,188.44,191.2,193.18
2078,246.88,224.44,199.54,184.86,184.16,185.54,187.74,188.44,191.2,193.18
2079,246.88,224.44,199.5,184.86,184.16,185.54,187.74,188.44,191.2,193.18
2080,246.88,224.44,199.46,184.86,184.16,185.54,187.74,188.44,191.2,193.18
2081,246.86,224.42,199.46,184.86,184.16,185.54,187.74,188.44,191.2,193.18
2082,246.8,224.42,199.46,184.86,184.16,185.54,187.74,188.44,191.2,193.18
2083,246.8,224.42,199.44,184.86,184.16,185.54,187.74,188.44,191.2,193.18
2084,246.8,224.4,199.42,184.86,184.16,185.54,187.74,188.44,191.2,193.18
2085,246.8,224.38,199.4,184.86,184.14,185.54,187.74,188.44,191.2,193.18
2086,246.8,224.36,199.38,184.86,184.14,185.54,187.74,188.44,191.2,193.18
2087,246.78,224.36,199.38,184.86,184.14,185.54,187.74,188.44,191.2,193.18
2088,246.78,224.34,199.38,184.84,184.14,185.54,187.74,188.44,191.2,193.18
2089,246.78,224.3,199.36,184.84,184.14,185.54,187.74,188.44,191.2,193.18
2090,246.78,224.28,199.34,184.84,184.14,185.54,187.74,188.44,191.2,193.18
2091,246.76,224.26,199.34,184.84,184.14,185.54,187.74,188.44,191.2,193.18
2092,246.76,224.26,199.34,184.84,184.14,185.54,187.74,188.44,191.2,193.18
2093,246.76,224.24,199.34,184.84,184.14,185.54,187.74,188.44,191.2,193.18
2094,246.76,224.24,199.3,184.84,184.14,185.54,187.74,188.44,191.2,193.18
2095,246.76,224.22,199.28,184.84,184.12,185.54,187.74,188.44,191.2,193.18
2096,246.74,224.16,199.28,184.84,184.12,185.54,187.74,188.44,191.2,193.18
2097,246.74,224.16,199.26,184.84,184.12,185.54,187.74,188.44,191.2,193.18
2098,246.74,224.14,199.26,184.84,184.12,185.54,187.74,188.44,191.2,193.18
2099,246.74,224.14,199.2,184.84,184.12,185.54,187.74,188.44,191.2,193.18
2100,246.74,224.08,199.2,184.84,184.12,185.54,187.74,188.44,191.2,193.18
2101,246.74,224.06,199.2,184.82,184.12,185.54,187.74,188.44,191.2,193.18
2102,246.74,224.06,199.2,184.82,184.12,185.54,187.74,188.44,191.2,193.18
2103,246.74,224.02,199.1,184.82,184.12,185.54,187.74,188.44,191.2,193.18
2104,246.74,224.0,199.1,184.82,184.12,185.54,187.74,188.44,191.2,193.18
2105,246.72,224.0,199.1,184.78,184.12,185.54,187.74,188.44,191.2,193.18
2106,246.72,223.98,199.08,184.78,184.12,185.54,187.74,188.44,191.2,193.18
2107,246.72,223.94,199.04,184.76,184.12,185.54,187.74,188.44,191.2,193.18
2108,246.72,223.9,198.98,184.76,184.12,185.54,187.74,188.44,191.2,193.18
2109,246.7,223.9,198.9,184.76,184.12,185.54,187.74,188.44,191.2,193.18
2110,246.68,223.9,198.9,184.76,184.12,185.54,187.74,188.44,191.2,193.18
2111,246.68,223.9,198.86,184.76,184.1,185.54,187.74,188.44,191.2,193.18
2112,246.68,223.9,198.8,184.76,184.1,185.54,187.74,188.44,191.2,193.18
2113,246.68,223.9,198.78,184.76,184.1,185.54,187.74,188.44,191.2,193.18
2114,246.68,223.9,198.76,184.72,184.1,185.54,187.74,188.44,191.2,193.18
2115,246.68,223.9,198.76,184.72,184.1,185.54,187.74,188.44,191.2,193.18
2116,246.66,223.9,198.76,184.72,184.1,185.54,187.74,188.44,191.2,193.18
2117,246.66,223.9,198.68,184.72,184.1,185.54,187.74,188.44,191.2,193.18
2118,246.66,223.88,198.66,184.68,184.1,185.54,187.74,188.44,191.2,193.18
2119,246.64,223.88,198.64,184.68,184.1,185.54,187.74,188.44,191.2,193.18
2120,246.64,223.88,198.62,184.66,184.1,185.54,187.74,188.44,191.2,193.18
2121,246.62,223.88,198.62,184.66,184.1,185.54,187.74,188.44,191.2,193.18
2122,246.62,223.86,198.58,184.66,184.1,185.54,187.74,188.44,191.2,193.18
2123,246.62,223.86,198.54,184.66,184.1,185.54,187.74,188.44,191.2,193.18
2124,246.62,223.72,198.5,184.66,184.1,185.54,187.74,188.44,191.2,193.18
2125,246.6,223.72,198.48,184.66,184.1,185.54,187.74,188.44,191.2,193.18
2126,246.6,223.66,198.46,184.66,184.1,185.54,187.74,188.44,191.2,193.18
2127,246.58,223.66,198.38,184.64,184.1,185.54,187.74,188.44,191.2,193.18
2128,246.58,223.66,198.38,184.62,184.08,185.54,187.74,188.44,191.2,193.18
2129,246.58,223.6,198.34,184.58,184.08,185.54,187.74,188.44,191.2,193.18
2130,246.58,223.58,198.28,184.58,184.08,185.54,187.74,188.44,191.2,193.18
2131,246.58,223.56,198.26,184.58,184.08,185.54,187.74,188.44,191.2,193.18
2132,246.58,223.56,198.22,184.58,184.08,185.54,187.74,188.44,191.2,193.18
2133,246.58,223.56,198.18,184.58,184.08,185.54,187.74,188.44,191.2,193.18
2134,246.58,223.54,198.16,184.58,184.08,185.54,187.74,188.44,191.2,193.18
2135,246.54,223.5,198.12,184.58,184.08,185.54,187.74,188.44,191.2,193.18
2136,246.54,223.48,198.12,184.58,184.06,185.54,187.74,188.44,191.2,193.18
2137,246.5,223.42,198.1,184.58,184.06,185.54,187.74,188.44,191.2,193.18
2138,246.5,223.42,198.04,184.58,184.06,185.54,187.74,188.44,191.2,193.18
2139,246.5,223.42,198.04,184.58,184.06,185.54,187.74,188.44,191.2,193.18
2140,246.5,223.42,198.04,184.56,184.06,185.54,187.74,188.44,191.2,193.18
2141,246.5,223.36,198.0,184.56,184.06,185.54,187.74,188.44,191.2,193.18
2142,246.5,223.36,197.96,184.56,184.06,185.54,187.74,188.44,191.2,193.18
2143,246.5,223.34,197.94,184.56,184.06,185.54,187.74,188.44,191.2,193.18
2144,246.5,223.34,197.92,184.54,184.04,185.52,187.74,188.44,191.2,193.18
2145,246.5,223.32,197.92,184.54,184.02,185.52,187.74,188.44,191.2,193.18
2146,246.5,223.3,197.9,184.54,184.02,185.52,187.74,188.44,191.2,193.18
2147,246.5,223.28,197.88,184.54,184.02,185.52,187.74,188.44,191.2,193.18
2148,246.5,223.26,197.86,184.54,184.02,185.52,187.74,188.44,191.2,193.18
2149,246.5,223.26,197.84,184.54,184.02,185.52,187.74,188.44,191.2,193.18
2150,246.5,223.26,197.84,184.54,184.0,185.52,187.74,188.44,191.2,193.18
2151,246.5,223.26,197.82,184.54,184.0,185.52,187.74,188.44,191.2,193.18
2152,246.5,223.24,197.82,184.54,184.0,185.52,187.74,188.44,191.2,193.18
2153,246.5,223.16,197.8,184.54,184.0,185.52,187.74,188.44,191.2,193.18
2154,246.5,223.16,197.8,184.54,184.0,185.52,187.74,188.44,191.2,193.18
2155,246.5,223.06,197.8,184.52,183.98,185.52,187.74,188.44,191.2,193.18
2156,246.5,223.04,197.76,184.52,183.98,185.52,187.74,188.44,191.2,193.18
2157,246.46,223.04,197.72,184.5,183.98,185.52,187.74,188.44,191.2,193.18
2158,246.46,223.04,197.72,184.5,183.98,185.52,187.74,188.44,191.2,193.18
2159,246.46,223.04,197.66,184.5,183.98,185.52,187.74,188.44,191.2,193.18
2160,246.44,223.02,197.66,184.46,183.98,185.52,187.74,188.44,191.2,193.18
2161,246.44,223.0,197.66,184.46,183.98,185.52,187.74,188.44,191.2,193.18
2162,246.44,222.96,197.58,184.44,183.98,185.52,187.74,188.44,191.2,193.18
2163,246.44,222.94,197.58,184.44,183.98,185.52,187.74,188.44,191.2,193.18
2164,246.42,222.94,197.54,184.44,183.98,185.52,187.74,188.44,191.2,193.18
2165,246.42,222.9,197.52,184.44,183.98,185.52,187.74,188.44,191.2,193.18
2166,246.42,222.9,197.5,184.44,183.98,185.52,187.74,188.44,191.2,193.18
2167,246.42,222.9,197.5,184.44,183.98,185.52,187.74,188.44,191.2,193.18
2168,246.4,222.9,197.5,184.44,183.98,185.52,187.74,188.44,191.2,193.18
2169,246.4,222.88,197.46,184.44,183.98,185.52,187.74,188.44,191.2,193.18
2170,246.4,222.86,197.46,184.44,183.98,185.52,187.74,188.44,191.2,193.18
2171,246.38,222.82,197.42,184.44,183.98,185.52,187.74,188.44,191.2,193.18
2172,246.32,222.82,197.38,184.44,183.98,185.52,187.74,188.44,191.2,193.18
2173,246.3,222.8,197.32,184.42,183.98,185.52,187.74,188.44,191.2,193.18
2174,246.3,222.78,197.26,184.4,183.98,185.52,187.74,188.44,191.2,193.18
2175,246.3,222.76,197.26,184.4,183.98,185.52,187.74,188.44,191.2,193.18
2176,246.3,222.76,197.22,184.4,183.98,185.52,187.74,188.44,191.2,193.18
2177,246.28,222.66,197.2,184.4,183.98,185.52,187.74,188.44,191.2,193.18
2178,246.28,222.62,197.18,184.4,183.96,185.52,187.74,188.44,191.2,193.18
2179,246.28,222.6,197.18,184.4,183.96,185.52,187.74,188.44,191.2,193.18
2180,246.28,222.54,197.18,184.4,183.96,185.52,187.74,188.44,191.2,193.18
2181,246.28,222.54,197.16,184.4,183.96,185.52,187.74,188.44,191.2,193.18
2182,246.28,222.5,197.16,184.4,183.96,185.52,187.74,188.44,191.2,193.18
2183,246.28,222.5,197.16,184.4,183.96,185.52,187.74,188.44,191.2,193.18
2184,246.28,222.44,197.16,184.38,183.96,185.52,187.74,188.44,191.2,193.18
2185,246.28,222.44,197.12,184.38,183.96,185.52,187.74,188.44,191.2,193.18
2186,246.28,222.38,197.04,184.38,183.96,185.52,187.74,188.44,191.2,193.18
2187,246.28,222.38,197.02,184.36,183.96,185.52,187.74,188.44,191.2,193.18
2188,246.26,222.38,196.96,184.36,183.96,185.52,187.74,188.44,191.2,193.18
2189,246.26,222.34,196.96,184.36,183.96,185.52,187.74,188.44,191.2,193.18
2190,246.22,222.34,196.9,184.36,183.96,185.52,187.74,188.44,191.2,193.18
2191,246.2,222.34,196.9,184.36,183.94,185.52,187.74,188.44,191.2,193.18
2192,246.2,222.3,196.86,184.36,183.94,185.52,187.74,188.44,191.2,193.18
2193,246.2,222.3,196.84,184.36,183.94,185.52,187.74,188.44,191.2,193.18
2194,246.2,222.22,196.8,184.36,183.94,185.52,187.74,188.44,191.2,193.18
2195,246.12,222.22,196.8,184.36,183.94,185.52,187.74,188.44,191.2,193.18
2196,246.12,222.22,196.74,184.36,183.94,185.52,187.74,188.44,191.2,193.18
2197,246.12,222.22,196.7,184.36,183.94,185.52,187.74,188.44,191.2,193.18
2198,246.12,222.18,196.66,184.36,183.94,185.52,187.74,188.44,191.2,193.18
2199,246.12,222.14,196.62,184.36,183.94,185.52,187.74,188.44,191.2,193.18
2200,246.1,222.12,196.56,184.36,183.94,185.52,187.74,188.44,191.2,193.18
2201,246.1,222.08,196.52,184.36,183.92,185.52,187.74,188.44,191.2,193.18
2202,246.08,222.02,196.48,184.36,183.92,185.52,187.74,188.44,191.2,193.18
2203,246.08,222.02,196.48,184.36,183.92,185.52,187.74,188.44,191.2,193.18
2204,246.08,222.02,196.48,184.36,183.92,185.52,187.74,188.44,191.2,193.18
2205,246.08,222.0,196.48,184.36,183.92,185.52,187.74,188.44,191.2,193.18
2206,246.08,221.96,196.48,184.36,183.92,185.52,187.74,188.44,191.2,193.18
2207,246.08,221.96,196.44,184.36,183.92,185.52,187.74,188.44,191.2,193.18
2208,246.08,221.96,196.4,184.36,183.92,185.52,187.74,188.44,191.2,193.18
2209,246.08,221.96,196.38,184.36,183.92,185.52,187.74,188.44,191.2,193.18
2210,246.08,221.96,196.38,184.34,183.92,185.52,187.74,188.44,191.2,193.18
2211,246.08,221.94,196.36,184.34,183.92,185.52,187.74,188.44,191.2,193.18
2212,246.06,221.94,196.36,184.34,183.92,185.52,187.74,188.44,191.2,193.18
2213,246.06,221.88,196.32,184.34,183.92,185.52,187.74,188.44,191.2,193.18
2214,246.06,221.88,196.28,184.34,183.92,185.52,187.74,188.44,191.2,193.18
2215,246.06,221.88,196.22,184.34,183.92,185.52,187.74,188.44,191.2,193.18
2216,246.06,221.84,196.22,184.34,183.92,185.52,187.74,188.44,191.2,193.18
2217,246.06,221.84,196.2,184.34,183.92,185.52,187.74,188.44,191.2,193.18
2218,246.06,221.8,196.18,184.34,183.92,185.52,187.74,188.44,191.2,193.18
2219,246.06,221.76,196.14,184.34,183.92,185.52,187.74,188.44,191.2,193.18
2220,246.06,221.76,196.02,184.34,183.92,185.52,187.74,188.44,191.2,193.18
2221,246.04,221.76,196.0,184.34,183.92,185.52,187.74,188.44,191.2,193.18
2222,246.04,221.76,195.98,184.34,183.92,185.52,187.74,188.44,191.2,193.18
2223,246.04,221.76,195.98,184.34,183.92,185.52,187.74,188.44,191.2,193.18
2224,246.04,221.76,195.92,184.32,183.92,185.52,187.74,188.44,191.2,193.18
2225,245.98,221.74,195.92,184.32,183.92,185.52,187.74,188.44,191.2,193.18
2226,245.92,221.72,195.92,184.32,183.92,185.52,187.74,188.44,191.2,193.18
2227,245.92,221.68,195.92,184.32,183.92,185.52,187.74,188.44,191.2,193.18
2228,245.88,221.68,195.88,184.32,183.92,185.52,187.74,188.44,191.2,193.18
2229,245.86,221.58,195.88,184.32,183.92,185.52,187.74,188.44,191.2,193.18
2230,245.86,221.5,195.86,184.32,183.92,185.52,187.74,188.44,191.2,193.18
2231,245.86,221.48,195.84,184.32,183.92,185.52,187.74,188.44,191.2,193.18
2232,245.86,221.48,195.78,184.32,183.92,185.52,187.74,188.44,191.2,193.18
2233,245.86,221.48,195.74,184.3,183.92,185.52,187.74,188.44,191.2,193.18
2234,245.86,221.46,195.74,184.3,183.9,185.52,187.74,188.44,191.2,193.18
2235,245.86,221.4,195.74,184.3,183.9,185.52,187.74,188.44,191.2,193.18
2236,245.86,221.36,195.74,184.3,183.9,185.52,187.74,188.44,191.2,193.18
2237,245.86,221.36,195.74,184.3,183.9,185.52,187.74,188.44,191.2,193.18
2238,245.86,221.34,195.7,184.3,183.9,185.52,187.74,188.44,191.2,193.18
2239,245.86,221.34,195.68,184.3,183.9,185.52,187.74,188.44,191.2,193.18
2240,245.86,221.32,195.68,184.3,183.9,185.52,187.74,188.44,191.2,193.18
2241,245.86,221.3,195.68,184.28,183.9,185.52,187.74,188.44,191.2,193.18
2242,245.86,221.26,195.64,184.26,183.9,185.52,187.74,188.44,191.2,193.18
2243,245.86,221.24,195.64,184.26,183.9,185.52,187.74,188.44,191.2,193.18
2244,245.84,221.2,195.62,184.26,183.9,185.52,187.74,188.44,191.2,193.18
2245,245.84,221.2,195.62,184.24,183.9,185.52,187.74,188.44,191.2,193.18
2246,245.84,221.2,195.62,184.24,183.9,185.52,187.74,188.44,191.2,193.18
2247,245.84,221.2,195.58,184.24,183.9,185.52,187.74,188.44,191.2,193.18
2248,245.8,221.2,195.58,184.24,183.9,185.52,187.74,188.44,191.2,193.18
2249,245.8,221.2,195.56,184.22,183.9,185.52,187.74,188.44,191.2,193.18
2250,245.8,221.18,195.5,184.22,183.9,185.52,187.74,188.44,191.2,193.18
2251,245.8,221.18,195.48,184.22,183.9,185.52,187.74,188.44,191.2,193.18
2252,245.8,221.18,195.4,184.22,183.9,185.52,187.74,188.44,191.2,193.18
2253,245.8,221.14,195.38,184.22,183.9,185.52,187.74,188.44,191.2,193.18
2254,245.78,221.14,195.34,184.22,183.9,185.52,187.74,188.44,191.2,193.18
2255,245.78,221.12,195.34,184.22,183.9,185.52,187.74,188.44,191.2,193.18
2256,245.78,221.1,195.34,184.2,183.9,185.52,187.74,188.44,191.2,193.18
2257,245.78,221.04,195.34,184.2,183.9,185.52,187.74,188.44,191.2,193.18
2258,245.78,221.02,195.32,184.2,183.9,185.52,187.74,188.44,191.2,193.18
2259,245.78,221.02,195.32,184.18,183.9,185.52,187.74,188.44,191.2,193.18
2260,245.78,221.02,195.32,184.16,183.9,185.52,187.74,188.44,191.2,193.18
2261,245.74,221.0,195.3,184.16,183.9,185.52,187.74,188.44,191.2,193.18
2262,245.74,221.0,195.26,184.16,183.9,185.52,187.74,188.44,191.2,193.18
2263,245.74,221.0,195.26,184.16,183.9,185.52,187.74,188.44,191.2,193.18
2264,245.74,221.0,195.26,184.16,183.9,185.52,187.74,188.44,191.2,193.18
2265,245.74,220.92,195.26,184.16,183.9,185.52,187.74,188.44,191.2,193.18
2266,245.74,220.88,195.22,184.14,183.9,185.52,187.74,188.44,191.2,193.18
2267,245.72,220.88,195.18,184.14,183.9,185.52,187.74,188.44,191.2,193.18
2268,245.72,220.84,195.18,184.14,183.9,185.52,187.74,188.44,191.2,193.18
2269,245.72,220.84,195.12,184.14,183.9,185.52,187.74,188.44,191.2,193.18
2270,245.72,220.84,195.1,184.14,183.9,185.52,187.74,188.44,191.2,193.18
2271,245.72,220.84,195.1,184.14,183.9,185.52,187.74,188.44,191.2,193.18
2272,245.72,220.84,195.06,184.14,183.9,185.52,187.74,188.44,191.2,193.18
2273,245.72,220.82,195.0,184.14,183.9,185.52,187.74,188.44,191.2,193.18
2274,245.72,220.8,195.0,184.12,183.9,185.52,187.74,188.44,191.2,193.18
2275,245.72,220.8,194.98,184.12,183.9,185.52,187.74,188.44,191.2,193.18
2276,245.72,220.8,194.96,184.12,183.9,185.52,187.74,188.44,191.2,193.18
2277,245.72,220.76,194.96,184.12,183.9,185.52,187.74,188.44,191.2,193.18
2278,245.72,220.74,194.94,184.12,183.9,185.52,187.74,188.44,191.2,193.18
2279,245.72,220.68,194.92,184.12,183.9,185.52,187.74,188.44,191.2,193.18
2280,245.7,220.68,194.88,184.12,183.9,185.52,187.74,188.44,191.2,193.18
2281,245.7,220.66,194.86,184.12,183.9,185.52,187.74,188.44,191.2,193.18
2282,245.7,220.66,194.86,184.12,183.9,185.52,187.74,188.44,191.2,193.18
2283,245.7,220.64,194.84,184.12,183.9,185.52,187.74,188.44,191.2,193.18
2284,245.7,220.64,194.82,184.12,183.9,185.52,187.74,188.44,191.2,193.18
2285,245.7,220.6,194.8,184.12,183.9,185.52,187.74,188.44,191.2,193.18
2286,245.7,220.52,194.8,184.1,183.88,185.52,187.74,188.44,191.2,193.18
2287,245.7,220.52,194.72,184.1,183.88,185.52,187.74,188.44,191.2,193.18
2288,245.7,220.48,194.66,184.1,183.86,185.52,187.74,188.44,191.2,193.18
2289,245.68,220.46,194.66,184.1,183.86,185.52,187.74,188.44,191.2,193.18
2290,245.68,220.42,194.64,184.1,183.86,185.52,187.74,188.44,191.2,193.18
2291,245.68,220.42,194.58,184.1,183.86,185.52,187.74,188.44,191.2,193.18
2292,245.68,220.4,194.54,184.1,183.86,185.52,187.74,188.44,191.2,193.18
2293,245.68,220.28,194.54,184.1,183.86,185.52,187.74,188.44,191.2,193.18
2294,245.68,220.28,194.54,184.1,183.86,185.52,187.74,188.44,191.2,193.18
2295,245.68,220.26,194.52,184.1,183.86,185.52,187.74,188.44,191.2,193.18
2296,245.68,220.2,194.46,184.1,183.86,185.52,187.74,188.44,191.2,193.18
2297,245.68,220.2,194.44,184.1,183.86,185.52,187.74,188.44,191.2,193.18
2298,245.68,220.18,194.42,184.08,183.86,185.52,187.74,188.44,191.2,193.18
2299,245.68,220.12,194.38,184.08,183.86,185.52,187.74,188.44,191.2,193.18
2300,245.68,220.12,194.36,184.08,183.86,185.52,187.74,188.44,191.2,193.18
2301,245.68,220.1,194.36,184.06,183.86,185.52,187.74,188.44,191.2,193.18
2302,245.68,220.06,194.28,184.06,183.84,185.52,187.74,188.44,191.2,193.18
2303,245.68,220.06,194.28,184.06,183.84,185.52,187.74,188.44,191.2,193.18
2304,245.68,220.06,194.24,184.06,183.84,185.52,187.74,188.44,191.2,193.18
2305,245.68,220.06,194.2,184.06,183.84,185.52,187.74,188.44,191.2,193.18
2306,245.68,220.06,194.2,184.06,183.84,185.52,187.74,188.44,191.2,193.18
2307,245.68,220.06,194.2,184.06,183.84,185.52,187.74,188.44,191.2,193.18
2308,245.68,220.02,194.12,184.06,183.84,185.52,187.74,188.44,191.2,193.18
2309,245.68,220.02,194.1,184.06,183.84,185.52,187.74,188.44,191.2,193.18
2310,245.68,220.02,194.08,184.06,183.84,185.52,187.74,188.44,191.2,193.18
2311,245.68,220.0,194.08,184.04,183.84,185.52,187.74,188.44,191.2,193.18
2312,245.68,220.0,194.04,184.04,183.84,185.52,187.74,188.44,191.2,193.18
2313,245.68,219.94,194.0,184.0,183.84,185.52,187.74,188.44,191.2,193.18
2314,245.68,219.94,193.96,183.98,183.84,185.52,187.74,188.44,191.2,193.18
2315,245.68,219.9,193.94,183.98,183.84,185.52,187.74,188.44,191.2,193.18
2316,245.68,219.9,193.92,183.96,183.84,185.52,187.74,188.44,191.2,193.18
2317,245.68,219.88,193.9,183.96,183.84,185.52,187.74,188.44,191.2,193.18
2318,245.68,219.88,193.88,183.96,183.84,185.52,187.74,188.44,191.2,193.18
2319,245.66,219.88,193.88,183.96,183.84,185.52,187.74,188.44,191.2,193.18
2320,245.66,219.88,193.88,183.96,183.84,185.52,187.74,188.44,191.2,193.18
2321,245.64,219.88,193.88,183.96,183.84,185.52,187.74,188.44,191.2,193.18
2322,245.64,219.86,193.84,183.96,183.84,185.52,187.74,188.44,191.2,193.18
2323,245.6,219.84,193.82,183.96,183.84,185.52,187.74,188.44,191.2,193.18
2324,245.6,219.76,193.82,183.96,183.84,185.52,187.74,188.44,191.2,193.18
2325,245.58,219.76,193.78,183.96,183.84,185.52,187.74,188.44,191.2,193.18
2326,245.56,219.72,193.74,183.96,183.84,185.52,187.74,188.44,191.2,193.18
2327,245.56,219.72,193.72,183.96,183.84,185.52,187.74,188.44,191.2,193.18
2328,245.56,219.68,193.7,183.96,183.84,185.52,187.74,188.44,191.2,193.18
2329,245.56,219.66,193.66,183.96,183.84,185.52,187.74,188.44,191.2,193.18
2330,245.54,219.64,193.64,183.96,183.84,185.52,187.74,188.44,191.2,193.18
2331,245.54,219.58,193.6,183.96,183.84,185.52,187.74,188.44,191.2,193.18
2332,245.54,219.58,193.58,183.96,183.84,185.52,187.74,188.44,191.2,193.18
2333,245.54,219.58,193.58,183.96,183.84,185.52,187.74,188.44,191.2,193.18
2334,245.54,219.56,193.58,183.96,183.84,185.52,187.74,188.44,191.2,193.18
2335,245.54,219.56,193.52,183.96,183.84,185.52,187.74,188.44,191.2,193.18
2336,245.52,219.52,193.52,183.96,183.84,185.52,187.74,188.44,191.2,193.18
2337,245.52,219.5,193.52,183.96,183.84,185.52,187.74,188.44,191.2,193.18
2338,245.52,219.44,193.5,183.96,183.84,185.52,187.74,188.44,191.2,193.18
2339,245.52,219.4,193.5,183.96,183.84,185.52,187.74,188.44,191.2,193.18
2340,245.5,219.4,193.5,183.96,183.84,185.52,187.74,188.44,191.2,193.18
2341,245.5,219.4,193.48,183.96,183.84,185.52,187.74,188.44,191.2,193.18
2342,245.5,219.4,193.48,183.96,183.84,185.52,187.74,188.44,191.2,193.18
2343,245.5,219.36,193.44,183.96,183.84,185.52,187.74,188.44,191.2,193.18
2344,245.5,219.32,193.44,183.96,183.84,185.52,187.74,188.44,191.2,193.18
2345,245.5,219.32,193.44,183.96,183.84,185.52,187.74,188.44,191.2,193.18
2346,245.5,219.32,193.42,183.96,183.84,185.52,187.74,188.44,191.2,193.18
2347,245.5,219.32,193.42,183.96,183.84,185.52,187.74,188.44,191.2,193.18
2348,245.5,219.3,193.42,183.96,183.84,185.52,187.74,188.44,191.2,193.18
2349,245.46,219.3,193.42,183.96,183.84,185.52,187.74,188.44,191.2,193.18
2350,245.46,219.28,193.4,183.96,183.84,185.52,187.74,188.44,191.2,193.18
2351,245.46,219.28,193.38,183.96,183.84,185.52,187.74,188.44,191.2,193.18
2352,245.46,219.22,193.36,183.96,183.84,185.52,187.74,188.44,191.2,193.18
2353,245.44,219.2,193.34,183.96,183.84,185.52,187.74,188.44,191.2,193.18
2354,245.42,219.2,193.32,183.96,183.84,185.52,187.74,188.44,191.2,193.18
2355,245.42,219.2,193.3,183.96,183.84,185.52,187.74,188.44,191.2,193.18
2356,245.42,219.2,193.3,183.96,183.84,185.52,187.74,188.44,191.2,193.18
2357,245.42,219.2,193.28,183.96,183.84,185.52,187.74,188.44,191.2,193.18
2358,245.42,219.2,193.28,183.96,183.84,185.52,187.74,188.44,191.2,193.18
2359,245.42,219.2,193.22,183.96,183.84,185.52,187.74,188.44,191.2,193.18
2360,245.42,219.2,193.22,183.96,183.84,185.52,187.74,188.44,191.2,193.18
2361,245.4,219.2,193.22,183.96,183.84,185.52,187.74,188.44,191.2,193.18
2362,245.4,219.16,193.22,183.96,183.84,185.52,187.74,188.44,191.2,193.18
2363,245.4,219.16,193.22,183.96,183.84,185.52,187.74,188.44,191.2,193.18
2364,245.4,219.16,193.22,183.96,183.84,185.52,187.74,188.44,191.2,193.18
2365,245.34,219.14,193.22,183.96,183.84,185.52,187.74,188.44,191.2,193.18
2366,245.34,219.08,193.2,183.96,183.84,185.52,187.74,188.44,191.2,193.18
2367,245.34,219.08,193.2,183.96,183.84,185.52,187.74,188.44,191.2,193.18
2368,245.32,219.08,193.2,183.96,183.84,185.52,187.74,188.44,191.2,193.18
2369,245.32,219.02,193.14,183.96,183.84,185.52,187.74,188.44,191.2,193.18
2370,245.32,218.98,193.14,183.96,183.84,185.52,187.74,188.44,191.2,193.18
2371,245.32,218.94,193.14,183.96,183.84,185.52,187.74,188.44,191.2,193.18
2372,245.32,218.94,193.12,183.96,183.84,185.52,187.74,188.44,191.2,193.18
2373,245.32,218.94,193.1,183.96,183.84,185.52,187.74,188.44,191.2,193.18
2374,245.32,218.9,193.1,183.96,183.84,185.52,187.74,188.44,191.2,193.18
2375,245.32,218.9,193.04,183.96,183.84,185.52,187.74,188.44,191.2,193.18
2376,245.32,218.88,193.02,183.96,183.84,185.52,187.74,188.44,191.2,193.18
2377,245.3,218.82,193.02,183.96,183.84,185.52,187.74,188.44,191.2,193.18
2378,245.3,218.8,193.0,183.96,183.84,185.52,187.74,188.44,191.2,193.18
2379,245.28,218.8,192.98,183.96,183.84,185.52,187.74,188.44,191.2,193.18
2380,245.28,218.64,192.96,183.96,183.84,185.52,187.74,188.44,191.2,193.18
2381,245.28,218.62,192.96,183.96,183.84,185.52,187.74,188.44,191.2,193.18
2382,245.28,218.58,192.92,183.96,183.84,185.52,187.74,188.44,191.2,193.18
2383,245.28,218.54,192.9,183.96,183.84,185.52,187.74,188.44,191.2,193.18
2384,245.28,218.5,192.88,183.96,183.84,185.52,187.74,188.44,191.2,193.18
2385,245.22,218.46,192.84,183.96,183.84,185.52,187.74,188.44,191.2,193.18
2386,245.22,218.44,192.8,183.94,183.82,185.52,187.74,188.44,191.2,193.18
2387,245.2,218.42,192.76,183.92,183.82,185.52,187.74,188.44,191.2,193.18
2388,245.18,218.42,192.76,183.92,183.82,185.52,187.74,188.44,191.2,193.18
2389,245.18,218.42,192.74,183.92,183.82,185.52,187.74,188.44,191.2,193.18
2390,245.14,218.42,192.74,183.92,183.82,185.52,187.74,188.44,191.2,193.18
2391,245.14,218.42,192.68,183.9,183.82,185.52,187.74,188.44,191.2,193.18
2392,245.12,218.4,192.68,183.9,183.82,185.52,187.74,188.44,191.2,193.18
2393,245.12,218.38,192.68,183.9,183.82,185.52,187.74,188.44,191.2,193.18
2394,245.12,218.38,192.66,183.9,183.8,185.52,187.74,188.44,191.2,193.18
2395,245.12,218.36,192.66,183.9,183.8,185.52,187.74,188.44,191.2,193.18
2396,245.1,218.36,192.66,183.88,183.8,185.52,187.74,188.44,191.2,193.18
2397,245.1,218.36,192.66,183.88,183.8,185.52,187.74,188.44,191.2,193.18
2398,245.1,218.3,192.64,183.88,183.8,185.52,187.74,188.44,191.2,193.18
2399,245.08,218.3,192.62,183.88,183.8,185.52,187.74,188.44,191.2,193.18
2400,245.08,218.3,192.6,183.88,183.8,185.52,187.74,188.44,191.2,193.18
2401,245.08,218.3,192.6,183.88,183.8,185.52,187.74,188.44,191.2,193.18
2402,245.08,218.3,192.6,183.88,183.8,185.52,187.74,188.44,191.2,193.18
2403,245.08,218.3,192.58,183.88,183.8,185.52,187.74,188.44,191.2,193.18
2404,245.06,218.26,192.56,183.88,183.8,185.52,187.74,188.44,191.2,193.18
2405,245.04,218.26,192.54,183.88,183.8,185.52,187.74,188.44,191.2,193.18
2406,245.04,218.26,192.54,183.88,183.8,185.52,187.74,188.44,191.2,193.18
2407,245.04,218.24,192.54,183.88,183.8,185.52,187.74,188.44,191.2,193.18
2408,245.04,218.18,192.5,183.88,183.8,185.52,187.74,188.44,191.2,193.18
2409,245.02,218.18,192.48,183.88,183.8,185.52,187.74,188.44,191.2,193.18
2410,245.0,218.18,192.48,183.88,183.8,185.52,187.74,188.44,191.2,193.18
2411,244.98,218.16,192.44,183.88,183.8,185.52,187.74,188.44,191.2,193.18
2412,244.98,218.14,192.44,183.88,183.8,185.52,187.74,188.44,191.2,193.18
2413,244.98,218.12,192.42,183.88,183.8,185.52,187.74,188.44,191.2,193.18
2414,244.98,218.06,192.4,183.88,183.8,185.52,187.74,188.44,191.2,193.18
2415,244.98,218.06,192.4,183.88,183.8,185.52,187.74,188.44,191.2,193.18
2416,244.96,218.06,192.38,183.88,183.8,185.52,187.74,188.44,191.2,193.18
2417,244.94,218.06,192.38,183.88,183.8,185.52,187.74,188.44,191.2,193.18
2418,244.94,218.06,192.38,183.86,183.8,185.52,187.74,188.44,191.2,193.18
2419,244.94,218.02,192.38,183.86,183.8,185.52,187.74,188.44,191.2,193.18
2420,244.94,218.0,192.38,183.86,183.8,185.52,187.74,188.44,191.2,193.18
2421,244.94,218.0,192.36,183.86,183.8,185.52,187.74,188.44,191.2,193.18
2422,244.94,217.98,192.36,183.86,183.8,185.52,187.74,188.44,191.2,193.18
2423,244.94,217.98,192.28,183.86,183.8,185.52,187.74,188.44,191.2,193.18
2424,244.94,217.98,192.28,183.86,183.8,185.52,187.74,188.44,191.2,193.18
2425,244.94,217.96,192.28,183.86,183.8,185.52,187.74,188.44,191.2,193.18
2426,244.94,217.96,192.24,183.86,183.8,185.52,187.74,188.44,191.2,193.18
2427,244.94,217.96,192.24,183.86,183.8,185.52,187.74,188.44,191.2,193.18
2428,244.94,217.92,192.22,183.86,183.8,185.52,187.74,188.44,191.2,193.18
2429,244.94,217.9,192.2,183.86,183.8,185.52,187.74,188.44,191.2,193.18
2430,244.94,217.84,192.16,183.86,183.8,185.52,187.74,188.44,191.2,193.18
2431,244.94,217.84,192.16,183.86,183.8,185.52,187.74,188.44,191.2,193.18
2432,244.94,217.84,192.16,183.86,183.8,185.52,187.74,188.44,191.2,193.18
2433,244.94,217.82,192.16,183.86,183.8,185.52,187.74,188.44,191.2,193.18
2434,244.94,217.78,192.16,183.86,183.8,185.52,187.74,188.44,191.2,193.18
2435,244.9,217.78,192.12,183.86,183.8,185.52,187.74,188.44,191.2,193.18
2436,244.86,217.78,192.12,183.86,183.8,185.52,187.74,188.44,191.2,193.18
2437,244.86,217.78,192.12,183.86,183.8,185.52,187.74,188.44,191.2,193.18
2438,244.86,217.78,192.12,183.86,183.8,185.52,187.74,188.44,191.2,193.18
2439,244.86,217.78,192.12,183.84,183.8,185.52,187.74,188.44,191.2,193.18
2440,244.86,217.76,192.1,183.84,183.8,185.52,187.74,188.44,191.2,193.18
2441,244.86,217.7,192.1,183.84,183.8,185.52,187.74,188.44,191.2,193.18
2442,244.86,217.64,192.08,183.84,183.8,185.52,187.74,188.44,191.2,193.18
2443,244.86,217.64,192.06,183.84,183.8,185.52,187.74,188.44,191.2,193.18
2444,244.86,217.62,192.06,183.84,183.8,185.52,187.74,188.44,191.2,193.18
2445,244.86,217.6,192.06,183.84,183.8,185.52,187.74,188.44,191.2,193.18
2446,244.86,217.6,192.06,183.84,183.8,185.52,187.74,188.44,191.2,193.18
2447,244.86,217.58,192.02,183.84,183.8,185.52,187.74,188.44,191.2,193.18
2448,244.86,217.58,192.0,183.84,183.8,185.52,187.74,188.44,191.2,193.18
2449,244.84,217.54,191.96,183.84,183.8,185.52,187.74,188.44,191.2,193.18
2450,244.84,217.44,191.96,183.84,183.8,185.52,187.74,188.44,191.2,193.18
2451,244.84,217.42,191.96,183.84,183.8,185.52,187.74,188.44,191.2,193.18
2452,244.84,217.4,191.96,183.84,183.8,185.52,187.74,188.44,191.2,193.18
2453,244.84,217.4,191.92,183.84,183.8,185.52,187.74,188.44,191.2,193.18
2454,244.84,217.4,191.9,183.84,183.8,185.52,187.74,188.44,191.2,193.18
2455,244.84,217.38,191.9,183.84,183.8,185.52,187.74,188.44,191.2,193.18
2456,244.84,217.32,191.9,183.84,183.8,185.52,187.74,188.44,191.2,193.18
2457,244.82,217.28,191.84,183.84,183.8,185.52,187.74,188.44,191.2,193.18
2458,244.82,217.26,191.84,183.84,183.8,185.52,187.74,188.44,191.2,193.18
2459,244.8,217.22,191.84,183.82,183.8,185.52,187.74,188.44,191.2,193.18
2460,244.8,217.18,191.82,183.82,183.8,185.52,187.74,188.44,191.2,193.18
2461,244.8,217.14,191.78,183.82,183.8,185.52,187.74,188.44,191.2,193.18
2462,244.8,217.12,191.76,183.8,183.8,185.52,187.74,188.44,191.2,193.18
2463,244.8,217.12,191.7,183.8,183.8,185.52,187.74,188.44,191.2,193.18
2464,244.8,217.06,191.7,183.8,183.8,185.52,187.74,188.44,191.2,193.18
2465,244.8,217.06,191.7,183.8,183.8,185.52,187.74,188.44,191.2,193.18
2466,244.8,217.06,191.7,183.8,183.8,185.52,187.74,188.44,191.2,193.18
2467,244.8,217.06,191.68,183.8,183.8,185.52,187.74,188.44,191.2,193.18
2468,244.78,217.06,191.66,183.8,183.8,185.52,187.74,188.44,191.2,193.18
2469,244.78,217.06,191.66,183.8,183.8,185.52,187.74,188.44,191.2,193.18
2470,244.78,217.06,191.64,183.8,183.8,185.52,187.74,188.44,191.2,193.18
2471,244.78,217.06,191.6,183.78,183.8,185.52,187.74,188.44,191.2,193.18
2472,244.76,217.06,191.58,183.78,183.8,185.52,187.74,188.44,191.2,193.18
2473,244.76,217.06,191.54,183.78,183.8,185.52,187.74,188.44,191.2,193.18
2474,244.76,217.04,191.54,183.76,183.8,185.52,187.74,188.44,191.2,193.18
2475,244.76,217.04,191.42,183.76,183.8,185.52,187.74,188.44,191.2,193.18
2476,244.76,217.0,191.42,183.76,183.8,185.52,187.74,188.44,191.2,193.18
2477,244.74,217.0,191.42,183.76,183.8,185.52,187.74,188.44,191.2,193.18
2478,244.74,216.94,191.38,183.76,183.78,185.52,187.74,188.44,191.2,193.18
2479,244.74,216.92,191.32,183.74,183.78,185.52,187.74,188.44,191.2,193.18
2480,244.72,216.92,191.32,183.74,183.78,185.52,187.74,188.44,191.2,193.18
2481,244.72,216.92,191.3,183.74,183.78,185.52,187.74,188.44,191.2,193.18
2482,244.72,216.88,191.3,183.74,183.78,185.52,187.74,188.44,191.2,193.18
2483,244.72,216.88,191.28,183.74,183.78,185.52,187.74,188.44,191.2,193.18
2484,244.72,216.78,191.26,183.74,183.78,185.52,187.74,188.44,191.2,193.18
2485,244.72,216.78,191.24,183.74,183.78,185.52,187.74,188.44,191.2,193.18
2486,244.66,216.78,191.2,183.74,183.78,185.52,187.74,188.44,191.2,193.18
2487,244.62,216.76,191.18,183.74,183.78,185.52,187.74,188.44,191.2,193.18
2488,244.58,216.74,191.18,183.74,183.78,185.52,187.74,188.44,191.2,193.18
2489,244.58,216.72,191.14,183.74,183.78,185.52,187.74,188.44,191.2,193.18
2490,244.58,216.68,191.1,183.74,183.78,185.52,187.74,188.44,191.2,193.18
2491,244.58,216.68,191.08,183.74,183.78,185.52,187.74,188.44,191.2,193.18
2492,244.58,216.66,191.08,183.74,183.78,185.52,187.74,188.44,191.2,193.18
2493,244.58,216.66,191.06,183.74,183.78,185.52,187.74,188.44,191.2,193.18
2494,244.58,216.6,191.06,183.74,183.78,185.52,187.74,188.44,191.2,193.18
2495,244.58,216.6,191.06,183.74,183.78,185.52,187.74,188.44,191.2,193.18
2496,244.58,216.58,191.04,183.74,183.78,185.52,187.74,188.44,191.2,193.18
2497,244.58,216.54,191.02,183.74,183.78,185.52,187.74,188.44,191.2,193.18
2498,244.58,216.5,191.0,183.74,183.78,185.52,187.74,188.44,191.2,193.18
2499,244.58,216.5,190.94,183.74,183.78,185.52,187.74,188.44,191.2,193.18
2500,244.58,216.46,190.9,183.74,183.78,185.52,187.74,188.44,191.2,193.18
2501,244.58,216.46,190.88,183.74,183.78,185.52,187.74,188.44,191.2,193.18
2502,244.58,216.46,190.84,183.74,183.78,185.52,187.74,188.44,191.2,193.18
2503,244.58,216.44,190.8,183.74,183.78,185.52,187.74,188.44,191.2,193.18
2504,244.58,216.42,190.78,183.74,183.78,185.52,187.74,188.44,191.2,193.18
2505,244.58,216.42,190.78,183.74,183.78,185.52,187.74,188.44,191.2,193.18
2506,244.58,216.42,190.76,183.74,183.78,185.52,187.74,188.44,191.2,193.18
2507,244.58,216.42,190.72,183.74,183.78,185.52,187.74,188.44,191.2,193.18
2508,244.56,216.38,190.72,183.74,183.78,185.52,187.74,188.44,191.2,193.18
2509,244.56,216.38,190.72,183.74,183.78,185.52,187.74,188.44,191.2,193.18
2510,244.56,216.38,190.72,183.74,183.78,185.52,187.74,188.44,191.2,193.18
2511,244.56,216.38,190.72,183.74,183.78,185.52,187.74,188.44,191.2,193.18
2512,244.56,216.36,190.7,183.74,183.78,185.52,187.74,188.44,191.2,193.18
2513,244.56,216.34,190.64,183.74,183.78,185.52,187.74,188.44,191.2,193.18
2514,244.54,216.26,190.64,183.74,183.78,185.52,187.74,188.44,191.2,193.18
2515,244.54,216.24,190.64,183.74,183.78,185.52,187.74,188.44,191.2,193.18
2516,244.54,216.24,190.64,183.74,183.78,185.52,187.74,188.44,191.2,193.18
2517,244.54,216.22,190.62,183.74,183.78,185.52,187.74,188.44,191.2,193.18
2518,244.54,216.22,190.62,183.74,183.78,185.52,187.74,188.44,191.2,193.18
2519,244.54,216.2,190.6,183.74,183.78,185.52,187.74,188.44,191.2,193.18
2520,244.54,216.2,190.6,183.74,183.78,185.52,187.74,188.44,191.2,193.18
2521,244.54,216.14,190.6,183.74,183.78,185.52,187.74,188.44,191.2,193.18
2522,244.54,216.14,190.56,183.74,183.78,185.52,187.74,188.44,191.2,193.18
2523,244.54,216.12,190.52,183.74,183.78,185.52,187.74,188.44,191.2,193.18
2524,244.54,216.08,190.52,183.74,183.78,185.52,187.74,188.44,191.2,193.18
2525,244.54,216.08,190.5,183.74,183.78,185.52,187.74,188.44,191.2,193.18
2526,244.54,216.08,190.5,183.74,183.78,185.52,187.74,188.44,191.2,193.18
2527,244.5,216.06,190.46,183.74,183.78,185.52,187.74,188.44,191.2,193.18
2528,244.48,216.02,190.44,183.74,183.78,185.52,187.74,188.44,191.2,193.18
2529,244.48,216.0,190.44,183.74,183.78,185.52,187.74,188.44,191.2,193.18
2530,244.48,216.0,190.44,183.74,183.78,185.52,187.74,188.44,191.2,193.18
2531,244.48,216.0,190.44,183.74,183.78,185.52,187.74,188.44,191.2,193.18
2532,244.48,215.98,190.44,183.72,183.78,185.52,187.74,188.44,191.2,193.18
2533,244.48,215.98,190.44,183.72,183.78,185.52,187.74,188.44,191.2,193.18
2534,244.48,215.98,190.44,183.72,183.78,185.52,187.74,188.44,191.2,193.18
2535,244.46,215.92,190.44,183.72,183.78,185.52,187.74,188.44,191.2,193.18
2536,244.44,215.88,190.44,183.72,183.78,185.52,187.74,188.44,191.2,193.18
2537,244.44,215.88,190.44,183.72,183.78,185.52,187.74,188.44,191.2,193.18
2538,244.44,215.88,190.44,183.72,183.78,185.52,187.74,188.44,191.2,193.18
2539,244.44,215.84,190.44,183.72,183.78,185.52,187.74,188.44,191.2,193.18
2540,244.44,215.82,190.42,183.72,183.78,185.52,187.74,188.44,191.2,193.18
2541,244.42,215.82,190.34,183.72,183.78,185.52,187.74,188.44,191.2,193.18
2542,244.42,215.78,190.32,183.72,183.78,185.52,187.74,188.44,191.2,193.18
2543,244.42,215.78,190.32,183.72,183.78,185.52,187.74,188.44,191.2,193.18
2544,244.42,215.76,190.32,183.72,183.78,185.52,187.74,188.44,191.2,193.18
2545,244.42,215.74,190.3,183.72,183.78,185.52,187.74,188.44,191.2,193.18
2546,244.4,215.7,190.3,183.72,183.78,185.52,187.74,188.44,191.2,193.18
2547,244.4,215.7,190.26,183.72,183.78,185.52,187.74,188.44,191.2,193.18
2548,244.4,215.7,190.18,183.72,183.78,185.52,187.74,188.44,191.2,193.18
2549,244.4,215.64,190.16,183.72,183.78,185.52,187.74,188.44,191.2,193.18
2550,244.4,215.64,190.12,183.72,183.78,185.52,187.74,188.44,191.2,193.18
2551,244.4,215.62,190.12,183.72,183.78,185.52,187.74,188.44,191.2,193.18
2552,244.38,215.6,190.1,183.72,183.78,185.52,187.74,188.44,191.2,193.18
2553,244.34,215.58,190.1,183.72,183.78,185.52,187.74,188.44,191.2,193.18
2554,244.34,215.52,190.1,183.72,183.78,185.52,187.74,188.44,191.2,193.18
2555,244.34,215.52,190.08,183.72,183.78,185.52,187.74,188.44,191.2,193.18
2556,244.32,215.52,190.08,183.72,183.78,185.52,187.74,188.44,191.2,193.18
2557,244.32,215.52,190.08,183.72,183.78,185.52,187.74,188.44,191.2,193.18
2558,244.3,215.52,190.06,183.72,183.78,185.52,187.74,188.44,191.2,193.18
2559,244.3,215.48,190.02,183.72,183.78,185.52,187.74,188.44,191.2,193.18
2560,244.3,215.46,189.98,183.72,183.78,185.52,187.74,188.44,191.2,193.18
2561,244.28,215.46,189.96,183.72,183.78,185.52,187.74,188.44,191.2,193.18
2562,244.22,215.46,189.96,183.72,183.78,185.52,187.74,188.44,191.2,193.18
2563,244.18,215.46,189.96,183.72,183.78,185.52,187.74,188.44,191.2,193.18
2564,244.16,215.4,189.96,183.72,183.78,185.52,187.74,188.44,191.2,193.18
2565,244.16,215.36,189.94,183.72,183.78,185.52,187.74,188.44,191.2,193.18
2566,244.16,215.34,189.94,183.72,183.78,185.52,187.74,188.44,191.2,193.18
2567,244.16,215.3,189.94,183.72,183.78,185.52,187.74,188.44,191.2,193.18
2568,244.16,215.26,189.94,183.72,183.78,185.52,187.74,188.44,191.2,193.18
2569,244.14,215.26,189.94,183.72,183.78,185.52,187.74,188.44,191.2,193.18
2570,244.14,215.22,189.94,183.72,183.78,185.52,187.74,188.44,191.2,193.18
2571,244.14,215.2,189.92,183.72,183.78,185.52,187.74,188.44,191.2,193.18
2572,244.14,215.2,189.92,183.72,183.78,185.52,187.74,188.44,191.2,193.18
2573,244.14,215.2,189.9,183.72,183.78,185.52,187.74,188.44,191.2,193.18
2574,244.12,215.2,189.88,183.72,183.78,185.52,187.74,188.44,191.2,193.18
2575,244.12,215.18,189.84,183.72,183.78,185.52,187.74,188.44,191.2,193.18
2576,244.12,215.16,189.84,183.72,183.78,185.52,187.74,188.44,191.2,193.18
2577,244.12,215.12,189.84,183.72,183.76,185.52,187.74,188.44,191.2,193.18
2578,244.12,215.04,189.8,183.72,183.76,185.52,187.74,188.44,191.2,193.18
2579,244.12,215.0,189.8,183.72,183.76,185.52,187.74,188.44,191.2,193.18
2580,244.1,214.96,189.8,183.72,183.76,185.52,187.74,188.44,191.2,193.18
2581,244.1,214.96,189.8,183.72,183.74,185.52,187.74,188.44,191.2,193.18
2582,244.1,214.96,189.78,183.72,183.74,185.52,187.74,188.44,191.2,193.18
2583,244.1,214.9,189.78,183.72,183.74,185.52,187.74,188.44,191.2,193.18
2584,244.1,214.88,189.74,183.72,183.74,185.52,187.74,188.44,191.2,193.18
2585,244.1,214.88,189.72,183.72,183.74,185.52,187.74,188.44,191.2,193.18
2586,244.1,214.88,189.68,183.72,183.74,185.52,187.74,188.44,191.2,193.18
2587,244.1,214.84,189.68,183.72,183.74,185.52,187.74,188.44,191.2,193.18
2588,244.08,214.78,189.68,183.72,183.74,185.52,187.74,188.44,191.2,193.18
2589,244.08,214.78,189.66,183.7,183.74,185.52,187.74,188.44,191.2,193.18
2590,244.08,214.76,189.64,183.7,183.74,185.52,187.74,188.44,191.2,193.18
2591,244.06,214.68,189.64,183.7,183.74,185.52,187.74,188.44,191.2,193.18
2592,244.06,214.6,189.64,183.7,183.74,185.52,187.74,188.44,191.2,193.18
2593,244.06,214.6,189.64,183.7,183.74,185.52,187.74,188.44,191.2,193.18
2594,244.06,214.56,189.62,183.7,183.74,185.52,187.74,188.44,191.2,193.18
2595,244.06,214.52,189.6,183.68,183.74,185.52,187.74,188.44,191.2,193.18
2596,244.06,214.52,189.6,183.68,183.74,185.52,187.74,188.44,191.2,193.18
2597,244.06,214.5,189.58,183.68,183.74,185.52,187.74,188.44,191.2,193.18
2598,244.06,214.46,189.58,183.68,183.74,185.52,187.74,188.44,191.2,193.18
2599,244.06,214.46,189.58,183.68,183.74,185.52,187.74,188.44,191.2,193.18
2600,244.06,214.46,189.58,183.68,183.74,185.52,187.74,188.44,191.2,193.18
2601,244.04,214.46,189.58,183.68,183.74,185.52,187.74,188.44,191.2,193.18
2602,244.04,214.42,189.56,183.68,183.74,185.52,187.74,188.44,191.2,193.18
2603,244.04,214.38,189.54,183.68,183.74,185.52,187.74,188.44,191.2,193.18
2604,244.04,214.38,189.54,183.68,183.74,185.52,187.74,188.44,191.2,193.18
2605,244.02,214.36,189.54,183.66,183.74,185.52,187.74,188.44,191.2,193.18
2606,243.98,214.36,189.5,183.64,183.74,185.52,187.74,188.44,191.2,193.18
2607,243.98,214.34,189.5,183.64,183.74,185.52,187.74,188.44,191.2,193.18
2608,243.86,214.34,189.48,183.64,183.74,185.52,187.74,188.44,191.2,193.18
2609,243.86,214.28,189.46,183.64,183.74,185.52,187.74,188.44,191.2,193.18
2610,243.86,214.28,189.46,183.64,183.74,185.52,187.74,188.44,191.2,193.18
2611,243.86,214.26,189.46,183.64,183.74,185.52,187.74,188.44,191.2,193.18
2612,243.86,214.26,189.46,183.64,183.72,185.52,187.74,188.44,191.2,193.18
2613,243.86,214.24,189.42,183.64,183.72,185.52,187.74,188.44,191.2,193.18
2614,243.84,214.24,189.4,183.64,183.72,185.52,187.74,188.44,191.2,193.18
2615,243.84,214.24,189.4,183.64,183.72,185.52,187.74,188.44,191.2,193.18
2616,243.84,214.24,189.38,183.64,183.72,185.52,187.74,188.44,191.2,193.18
2617,243.84,214.2,189.36,183.64,183.72,185.52,187.74,188.44,191.2,193.18
2618,243.84,214.18,189.36,183.64,183.7,185.52,187.74,188.44,191.2,193.18
2619,243.84,214.18,189.34,183.64,183.7,185.52,187.74,188.44,191.2,193.18
2620,243.82,214.14,189.32,183.64,183.7,185.52,187.74,188.44,191.2,193.18
2621,243.82,214.14,189.32,183.64,183.7,185.52,187.74,188.44,191.2,193.18
2622,243.82,214.12,189.32,183.64,183.7,185.52,187.74,188.44,191.2,193.18
2623,243.82,214.06,189.3,183.64,183.7,185.52,187.74,188.44,191.2,193.18
2624,243.82,214.04,189.28,183.64,183.7,185.52,187.74,188.44,191.2,193.18
2625,243.78,213.96,189.28,183.64,183.7,185.52,187.74,188.44,191.2,193.18
2626,243.76,213.9,189.28,183.64,183.7,185.52,187.74,188.44,191.2,193.18
2627,243.76,213.88,189.28,183.64,183.7,185.52,187.74,188.44,191.2,193.18
2628,243.76,213.86,189.28,183.64,183.7,185.52,187.74,188.44,191.2,193.18
2629,243.76,213.86,189.28,183.64,183.7,185.52,187.74,188.44,191.2,193.18
2630,243.74,213.82,189.28,183.64,183.7,185.52,187.74,188.44,191.2,193.18
2631,243.74,213.76,189.28,183.64,183.7,185.52,187.74,188.44,191.2,193.18
2632,243.74,213.76,189.26,183.64,183.7,185.52,187.74,188.44,191.2,193.18
2633,243.74,213.76,189.24,183.64,183.7,185.52,187.74,188.44,191.2,193.18
2634,243.74,213.76,189.24,183.62,183.7,185.52,187.74,188.44,191.2,193.18
2635,243.74,213.66,189.2,183.62,183.7,185.52,187.74,188.44,191.2,193.18
2636,243.74,213.64,189.2,183.62,183.7,185.52,187.74,188.44,191.2,193.18
2637,243.72,213.64,189.18,183.62,183.7,185.52,187.74,188.44,191.2,193.18
2638,243.72,213.62,189.18,183.62,183.7,185.52,187.74,188.44,191.2,193.18
2639,243.72,213.6,189.18,183.62,183.7,185.52,187.74,188.44,191.2,193.18
2640,243.72,213.6,189.12,183.6,183.7,185.52,187.74,188.44,191.2,193.18
2641,243.7,213.56,189.12,183.6,183.7,185.52,187.74,188.44,191.2,193.18
2642,243.7,213.54,189.12,183.6,183.7,185.52,187.74,188.44,191.2,193.18
2643,243.7,213.54,189.1,183.6,183.7,185.52,187.74,188.44,191.2,193.18
2644,243.68,213.54,189.1,183.6,183.7,185.52,187.74,188.44,191.2,193.18
2645,243.68,213.52,189.1,183.6,183.7,185.52,187.74,188.44,191.2,193.18
2646,243.68,213.52,189.1,183.6,183.7,185.52,187.74,188.44,191.2,193.18
2647,243.68,213.5,189.08,183.6,183.7,185.52,187.74,188.44,191.2,193.18
2648,243.68,213.46,189.04,183.6,183.7,185.52,187.74,188.44,191.2,193.18
2649,243.68,213.46,189.04,183.6,183.7,185.52,187.74,188.44,191.2,193.18
2650,243.68,213.42,189.02,183.6,183.7,185.52,187.74,188.44,191.2,193.18
2651,243.68,213.42,189.0,183.6,183.7,185.52,187.74,188.44,191.2,193.18
2652,243.68,213.4,189.0,183.6,183.7,185.52,187.74,188.44,191.2,193.18
2653,243.66,213.38,188.98,183.6,183.7,185.52,187.74,188.44,191.2,193.18
2654,243.66,213.36,188.98,183.6,183.7,185.52,187.74,188.44,191.2,193.18
2655,243.66,213.32,188.96,183.6,183.7,185.52,187.74,188.44,191.2,193.18
2656,243.66,213.32,188.92,183.58,183.7,185.52,187.74,188.44,191.2,193.18
2657,243.64,213.3,188.88,183.58,183.7,185.52,187.74,188.44,191.2,193.18
2658,243.64,213.3,188.86,183.58,183.7,185.52,187.74,188.44,191.2,193.18
2659,243.62,213.3,188.86,183.58,183.7,185.52,187.74,188.44,191.2,193.18
2660,243.62,213.26,188.82,183.58,183.7,185.52,187.74,188.44,191.2,193.18
2661,243.62,213.2,188.8,183.58,183.7,185.52,187.74,188.44,191.2,193.18
2662,243.62,213.2,188.8,183.58,183.7,185.52,187.74,188.44,191.2,193.18
2663,243.62,213.18,188.8,183.58,183.7,185.52,187.74,188.44,191.2,193.18
2664,243.6,213.16,188.78,183.58,183.7,185.52,187.74,188.44,191.2,193.18
2665,243.6,213.16,188.74,183.58,183.7,185.52,187.74,188.44,191.2,193.18
2666,243.6,213.12,188.74,183.58,183.7,185.52,187.74,188.44,191.2,193.18
2667,243.6,213.12,188.74,183.58,183.7,185.52,187.74,188.44,191.2,193.18
2668,243.6,213.04,188.72,183.58,183.7,185.52,187.74,188.44,191.2,193.18
2669,243.6,213.04,188.7,183.58,183.7,185.52,187.74,188.44,191.2,193.18
2670,243.6,213.02,188.7,183.58,183.7,185.52,187.74,188.44,191.2,193.18
2671,243.6,212.96,188.7,183.58,183.7,185.52,187.74,188.44,191.2,193.18
2672,243.6,212.96,188.68,183.58,183.7,185.52,187.74,188.44,191.2,193.18
2673,243.6,212.94,188.68,183.58,183.7,185.52,187.74,188.44,191.2,193.18
2674,243.6,212.92,188.66,183.58,183.7,185.52,187.74,188.44,191.2,193.18
2675,243.6,212.92,188.66,183.58,183.7,185.52,187.74,188.44,191.2,193.18
2676,243.6,212.86,188.66,183.58,183.7,185.52,187.74,188.44,191.2,193.18
2677,243.6,212.84,188.64,183.58,183.7,185.52,187.74,188.44,191.2,193.18
2678,243.58,212.78,188.64,183.58,183.7,185.52,187.74,188.44,191.2,193.18
2679,243.58,212.76,188.64,183.58,183.7,185.52,187.74,188.44,191.2,193.18
2680,243.58,212.76,188.64,183.58,183.7,185.52,187.74,188.44,191.2,193.18
2681,243.58,212.76,188.62,183.58,183.7,185.52,187.74,188.44,191.2,193.18
2682,243.54,212.76,188.62,183.58,183.7,185.52,187.74,188.44,191.2,193.18
2683,243.54,212.74,188.62,183.58,183.7,185.52,187.74,188.44,191.2,193.18
2684,243.52,212.74,188.62,183.58,183.7,185.52,187.74,188.44,191.2,193.18
2685,243.52,212.68,188.62,183.58,183.7,185.52,187.74,188.44,191.2,193.18
2686,243.52,212.68,188.58,183.58,183.7,185.52,187.74,188.44,191.2,193.18
2687,243.52,212.68,188.58,183.58,183.7,185.52,187.74,188.44,191.2,193.18
2688,243.5,212.64,188.56,183.58,183.7,185.52,187.74,188.44,191.2,193.18
2689,243.48,212.64,188.56,183.56,183.7,185.52,187.74,188.44,191.2,193.18
2690,243.48,212.62,188.56,183.56,183.7,185.52,187.74,188.44,191.2,193.18
2691,243.48,212.62,188.54,183.56,183.7,185.52,187.74,188.44,191.2,193.18
2692,243.48,212.62,188.54,183.56,183.7,185.52,187.74,188.44,191.2,193.18
2693,243.46,212.62,188.54,183.56,183.7,185.52,187.74,188.44,191.2,193.18
2694,243.46,212.58,188.52,183.56,183.7,185.52,187.74,188.44,191.2,193.18
2695,243.46,212.58,188.5,183.56,183.7,185.52,187.74,188.44,191.2,193.18
2696,243.46,212.56,188.5,183.56,183.7,185.52,187.74,188.44,191.2,193.18
2697,243.46,212.56,188.5,183.56,183.7,185.52,187.74,188.44,191.2,193.18
2698,243.46,212.54,188.5,183.56,183.7,185.52,187.74,188.44,191.2,193.18
2699,243.46,212.54,188.5,183.56,183.7,185.52,187.74,188.44,191.2,193.18
2700,243.46,212.5,188.48,183.56,183.7,185.52,187.74,188.44,191.2,193.18
2701,243.46,212.46,188.44,183.56,183.7,185.52,187.74,188.44,191.2,193.18
2702,243.46,212.42,188.44,183.56,183.7,185.52,187.74,188.44,191.2,193.18
2703,243.46,212.42,188.42,183.56,183.7,185.52,187.74,188.44,191.2,193.18
2704,243.46,212.4,188.4,183.56,183.7,185.52,187.74,188.44,191.2,193.18
2705,243.46,212.38,188.36,183.56,183.7,185.52,187.74,188.44,191.2,193.18
2706,243.46,212.38,188.32,183.56,183.7,185.52,187.74,188.44,191.2,193.18
2707,243.46,212.38,188.32,183.56,183.7,185.52,187.74,188.44,191.2,193.18
2708,243.42,212.36,188.3,183.56,183.7,185.52,187.74,188.44,191.2,193.18
2709,243.42,212.36,188.3,183.56,183.7,185.52,187.74,188.44,191.2,193.18
2710,243.4,212.36,188.3,183.56,183.7,185.52,187.74,188.44,191.2,193.18
2711,243.4,212.36,188.26,183.56,183.7,185.52,187.74,188.44,191.2,193.18
2712,243.4,212.34,188.24,183.56,183.7,185.52,187.74,188.44,191.2,193.18
2713,243.4,212.3,188.22,183.56,183.7,185.52,187.74,188.44,191.2,193.18
2714,243.38,212.24,188.2,183.54,183.7,185.52,187.74,188.44,191.2,193.18
2715,243.34,212.24,188.2,183.54,183.7,185.52,187.74,188.44,191.2,193.18
2716,243.34,212.24,188.2,183.54,183.7,185.52,187.74,188.44,191.2,193.18
2717,243.34,212.24,188.16,183.54,183.7,185.52,187.74,188.44,191.2,193.18
2718,243.34,212.2,188.12,183.54,183.7,185.52,187.74,188.44,191.2,193.18
2719,243.34,212.2,188.12,183.54,183.7,185.52,187.74,188.44,191.2,193.18
2720,243.34,212.2,188.12,183.54,183.7,185.52,187.74,188.44,191.2,193.18
2721,243.34,212.16,188.12,183.54,183.7,185.52,187.74,188.44,191.2,193.18
2722,243.32,212.16,188.12,183.52,183.7,185.52,187.74,188.44,191.2,193.18
2723,243.32,212.14,188.12,183.52,183.7,185.52,187.74,188.44,191.2,193.18
2724,243.3,212.1,188.12,183.52,183.7,185.52,187.74,188.44,191.2,193.18
2725,243.3,212.08,188.06,183.52,183.7,185.52,187.74,188.44,191.2,193.18
2726,243.3,212.0,188.06,183.52,183.7,185.52,187.74,188.44,191.2,193.18
2727,243.3,212.0,188.06,183.52,183.7,185.52,187.74,188.44,191.2,193.18
2728,243.3,211.98,188.02,183.52,183.7,185.52,187.74,188.44,191.2,193.18
2729,243.3,211.96,188.02,183.52,183.7,185.52,187.74,188.44,191.2,193.18
2730,243.26,211.94,188.02,183.52,183.7,185.52,187.74,188.44,191.2,193.18
2731,243.26,211.94,188.0,183.52,183.7,185.52,187.74,188.44,191.2,193.18
2732,243.24,211.92,188.0,183.52,183.7,185.52,187.74,188.44,191.2,193.18
2733,243.24,211.9,188.0,183.52,183.7,185.52,187.74,188.44,191.2,193.18
2734,243.18,211.9,188.0,183.52,183.7,185.52,187.74,188.44,191.2,193.18
2735,243.16,211.9,187.98,183.52,183.7,185.52,187.74,188.44,191.2,193.18
2736,243.16,211.9,187.92,183.52,183.7,185.52,187.74,188.44,191.2,193.18
2737,243.16,211.9,187.9,183.52,183.7,185.52,187.74,188.44,191.2,193.18
2738,243.16,211.88,187.9,183.52,183.7,185.52,187.74,188.44,191.2,193.18
2739,243.16,211.88,187.9,183.52,183.7,185.52,187.74,188.44,191.2,193.18
2740,243.16,211.88,187.86,183.52,183.7,185.52,187.74,188.44,191.2,193.18
2741,243.16,211.86,187.86,183.52,183.7,185.52,187.74,188.44,191.2,193.18
2742,243.16,211.86,187.86,183.52,183.7,185.52,187.74,188.44,191.2,193.18
2743,243.16,211.82,187.84,183.52,183.7,185.52,187.74,188.44,191.2,193.18
2744,243.14,211.82,187.84,183.5,183.7,185.52,187.74,188.44,191.2,193.18
2745,243.14,211.82,187.84,183.5,183.7,185.52,187.74,188.44,191.2,193.18
2746,243.14,211.8,187.84,183.5,183.7,185.52,187.74,188.44,191.2,193.18
2747,243.14,211.8,187.84,183.5,183.7,185.52,187.74,188.44,191.2,193.18
2748,243.12,211.8,187.8,183.5,183.7,185.52,187.74,188.44,191.2,193.18
2749,243.12,211.8,187.8,183.5,183.7,185.52,187.74,188.44,191.2,193.18
2750,243.12,211.8,187.8,183.5,183.7,185.52,187.74,188.44,191.2,193.18
2751,243.12,211.78,187.8,183.5,183.7,185.52,187.74,188.44,191.2,193.18
2752,243.12,211.74,187.78,183.5,183.7,185.52,187.74,188.44,191.2,193.18
2753,243.12,211.72,187.78,183.5,183.7,185.52,187.74,188.44,191.2,193.18
2754,243.12,211.7,187.78,183.5,183.7,185.52,187.74,188.44,191.2,193.18
2755,243.12,211.7,187.76,183.5,183.7,185.52,187.74,188.44,191.2,193.18
2756,243.12,211.68,187.76,183.5,183.7,185.52,187.74,188.44,191.2,193.18
2757,243.12,211.66,187.74,183.5,183.7,185.52,187.74,188.44,191.2,193.18
2758,243.12,211.6,187.72,183.5,183.7,185.52,187.74,188.44,191.2,193.18
2759,243.12,211.58,187.7,183.5,183.7,185.52,187.74,188.44,191.2,193.18
2760,243.12,211.58,187.7,183.5,183.7,185.52,187.74,188.44,191.2,193.18
2761,243.12,211.52,187.68,183.5,183.7,185.52,187.74,188.44,191.2,193.18
2762,243.12,211.5,187.68,183.5,183.7,185.52,187.74,188.44,191.2,193.18
2763,243.1,211.5,187.68,183.5,183.7,185.52,187.74,188.44,191.2,193.18
2764,243.1,211.5,187.68,183.5,183.7,185.52,187.74,188.44,191.2,193.18
2765,243.1,211.5,187.68,183.5,183.7,185.52,187.74,188.44,191.2,193.18
2766,243.1,211.44,187.66,183.5,183.7,185.52,187.74,188.44,191.2,193.18
2767,243.1,211.44,187.66,183.5,183.7,185.52,187.74,188.44,191.2,193.18
2768,243.1,211.42,187.62,183.5,183.7,185.52,187.74,188.44,191.2,193.18
2769,243.1,211.42,187.62,183.5,183.7,185.52,187.74,188.44,191.2,193.18
2770,243.1,211.42,187.6,183.5,183.7,185.52,187.74,188.44,191.2,193.18
2771,243.1,211.36,187.6,183.5,183.7,185.52,187.74,188.44,191.2,193.18
2772,243.1,211.34,187.6,183.5,183.7,185.52,187.74,188.44,191.2,193.18
2773,243.08,211.32,187.56,183.5,183.7,185.52,187.74,188.44,191.2,193.18
2774,243.08,211.3,187.5,183.5,183.7,185.52,187.74,188.44,191.2,193.18
2775,243.08,211.3,187.5,183.5,183.7,185.52,187.74,188.44,191.2,193.18
2776,243.08,211.3,187.44,183.5,183.7,185.52,187.74,188.44,191.2,193.18
2777,243.08,211.3,187.4,183.5,183.7,185.52,187.74,188.44,191.2,193.18
2778,243.06,211.28,187.4,183.5,183.7,185.52,187.74,188.44,191.2,193.18
2779,243.06,211.24,187.4,183.5,183.7,185.52,187.74,188.44,191.2,193.18
2780,243.06,211.24,187.4,183.5,183.7,185.52,187.74,188.44,191.2,193.18
2781,243.02,211.24,187.38,183.5,183.7,185.52,187.74,188.44,191.2,193.18
2782,243.02,211.24,187.38,183.5,183.7,185.52,187.74,188.44,191.2,193.18
2783,243.02,211.24,187.36,183.5,183.7,185.52,187.74,188.44,191.2,193.18
2784,243.02,211.24,187.34,183.5,183.7,185.52,187.74,188.44,191.2,193.18
2785,243.02,211.2,187.32,183.48,183.7,185.52,187.74,188.44,191.2,193.18
2786,243.02,211.16,187.3,183.48,183.7,185.52,187.74,188.44,191.2,193.18
2787,243.02,211.16,187.28,183.48,183.7,185.52,187.74,188.44,191.2,193.18
2788,243.02,211.14,187.28,183.48,183.7,185.52,187.74,188.44,191.2,193.18
2789,243.02,211.14,187.28,183.48,183.7,185.52,187.74,188.44,191.2,193.18
2790,243.02,211.12,187.26,183.48,183.7,185.52,187.74,188.44,191.2,193.18
2791,243.02,211.12,187.22,183.48,183.7,185.52,187.74,188.44,191.2,193.18
2792,243.02,211.12,187.22,183.48,183.7,185.52,187.74,188.44,191.2,193.18
2793,243.02,211.12,187.22,183.46,183.7,185.52,187.74,188.44,191.2,193.18
2794,243.02,211.06,187.22,183.46,183.7,185.52,187.74,188.44,191.2,193.18
2795,243.02,211.04,187.22,183.46,183.7,185.52,187.74,188.44,191.2,193.18
2796,243.02,211.0,187.22,183.46,183.7,185.52,187.74,188.44,191.2,193.18
2797,243.02,211.0,187.22,183.46,183.7,185.52,187.74,188.44,191.2,193.18
2798,243.02,210.96,187.2,183.46,183.7,185.52,187.74,188.44,191.2,193.18
2799,243.0,210.92,187.2,183.46,183.7,185.52,187.74,188.44,191.2,193.18
2800,243.0,210.9,187.2,183.46,183.7,185.52,187.74,188.44,191.2,193.18
2801,243.0,210.9,187.2,183.46,183.7,185.52,187.74,188.44,191.2,193.18
2802,243.0,210.9,187.2,183.46,183.7,185.52,187.74,188.44,191.2,193.18
2803,243.0,210.9,187.2,183.46,183.7,185.52,187.74,188.44,191.2,193.18
2804,242.98,210.9,187.16,183.46,183.7,185.52,187.74,188.44,191.2,193.18
2805,242.98,210.86,187.16,183.46,183.7,185.52,187.74,188.44,191.2,193.18
2806,242.98,210.84,187.16,183.46,183.7,185.52,187.74,188.44,191.2,193.18
2807,242.98,210.84,187.16,183.46,183.7,185.52,187.74,188.44,191.2,193.18
2808,242.98,210.82,187.12,183.46,183.7,185.52,187.74,188.44,191.2,193.18
2809,242.96,210.82,187.08,183.46,183.7,185.52,187.74,188.44,191.2,193.18
2810,242.96,210.8,187.08,183.46,183.7,185.52,187.74,188.44,191.2,193.18
2811,242.94,210.8,187.06,183.46,183.7,185.52,187.74,188.44,191.2,193.18
2812,242.94,210.78,187.06,183.46,183.7,185.52,187.74,188.44,191.2,193.18
2813,242.94,210.76,187.06,183.46,183.7,185.52,187.74,188.44,191.2,193.18
2814,242.92,210.76,187.06,183.46,183.7,185.52,187.74,188.44,191.2,193.18
2815,242.92,210.76,187.06,183.46,183.7,185.52,187.74,188.44,191.2,193.18
2816,242.92,210.76,187.06,183.46,183.7,185.52,187.74,188.44,191.2,193.18
2817,242.92,210.76,187.06,183.46,183.7,185.52,187.74,188.44,191.2,193.18
2818,242.92,210.76,187.06,183.46,183.7,185.52,187.74,188.44,191.2,193.18
2819,242.92,210.76,187.06,183.46,183.7,185.52,187.74,188.44,191.2,193.18
2820,242.9,210.72,187.06,183.46,183.7,185.52,187.74,188.44,191.2,193.18
2821,242.9,210.7,187.06,183.46,183.7,185.52,187.74,188.44,191.2,193.18
2822,242.9,210.7,187.04,183.46,183.7,185.52,187.74,188.44,191.2,193.18
2823,242.9,210.68,187.04,183.46,183.7,185.52,187.74,188.44,191.2,193.18
2824,242.9,210.68,187.04,183.46,183.7,185.52,187.74,188.44,191.2,193.18
2825,242.88,210.64,187.02,183.46,183.7,185.52,187.74,188.44,191.2,193.18
2826,242.88,210.56,187.02,183.46,183.7,185.52,187.74,188.44,191.2,193.18
2827,242.88,210.54,187.02,183.46,183.7,185.52,187.74,188.44,191.2,193.18
2828,242.88,210.54,187.02,183.46,183.7,185.52,187.74,188.44,191.2,193.18
2829,242.88,210.54,187.0,183.46,183.7,185.52,187.74,188.44,191.2,193.18
2830,242.88,210.52,187.0,183.46,183.7,185.52,187.74,188.44,191.2,193.18
2831,242.88,210.52,187.0,183.46,183.7,185.52,187.74,188.44,191.2,193.18
2832,242.88,210.5,187.0,183.46,183.7,185.52,187.74,188.44,191.2,193.18
2833,242.88,210.5,187.0,183.46,183.7,185.52,187.74,188.44,191.2,193.18
2834,242.88,210.5,187.0,183.46,183.7,185.52,187.74,188.44,191.2,193.18
2835,242.88,210.5,187.0,183.46,183.7,185.52,187.74,188.44,191.2,193.18
2836,242.88,210.48,186.98,183.46,183.7,185.52,187.74,188.44,191.2,193.18
2837,242.88,210.48,186.98,183.46,183.7,185.52,187.74,188.44,191.2,193.18
2838,242.88,210.44,186.98,183.46,183.7,185.52,187.74,188.44,191.2,193.18
2839,242.88,210.4,186.94,183.46,183.7,185.52,187.74,188.44,191.2,193.18
2840,242.88,210.32,186.94,183.46,183.7,185.52,187.74,188.44,191.2,193.18
2841,242.88,210.3,186.94,183.46,183.7,185.52,187.74,188.44,191.2,193.18
2842,242.8,210.3,186.9,183.46,183.7,185.52,187.74,188.44,191.2,193.18
2843,242.8,210.3,186.86,183.46,183.7,185.52,187.74,188.44,191.2,193.18
2844,242.76,210.22,186.86,183.46,183.7,185.52,187.74,188.44,191.2,193.18
2845,242.76,210.18,186.84,183.46,183.7,185.52,187.74,188.44,191.2,193.18
2846,242.76,210.18,186.84,183.46,183.7,185.52,187.74,188.44,191.2,193.18
2847,242.76,210.14,186.84,183.46,183.7,185.52,187.74,188.44,191.2,193.18
2848,242.74,210.14,186.84,183.46,183.7,185.52,187.74,188.44,191.2,193.18
2849,242.7,210.14,186.84,183.46,183.7,185.52,187.74,188.44,191.2,193.18
2850,242.7,210.14,186.84,183.46,183.7,185.52,187.74,188.44,191.2,193.18
2851,242.7,210.1,186.82,183.46,183.7,185.52,187.74,188.44,191.2,193.18
2852,242.7,210.08,186.78,183.46,183.7,185.52,187.74,188.44,191.2,193.18
2853,242.7,210.08,186.78,183.46,183.7,185.52,187.74,188.44,191.2,193.18
2854,242.7,210.06,186.74,183.46,183.7,185.52,187.74,188.44,191.2,193.18
2855,242.7,210.04,186.74,183.46,183.7,185.52,187.74,188.44,191.2,193.18
2856,242.7,210.0,186.72,183.46,183.7,185.52,187.74,188.44,191.2,193.18
2857,242.7,209.96,186.72,183.46,183.7,185.52,187.74,188.44,191.2,193.18
2858,242.66,209.94,186.72,183.46,183.7,185.52,187.74,188.44,191.2,193.18
2859,242.66,209.9,186.72,183.46,183.7,185.52,187.74,188.44,191.2,193.18
2860,242.66,209.9,186.72,183.46,183.7,185.52,187.74,188.44,191.2,193.18
2861,242.66,209.9,186.72,183.46,183.7,185.52,187.74,188.44,191.2,193.18
2862,242.64,209.84,186.72,183.46,183.7,185.52,187.74,188.44,191.2,193.18
2863,242.64,209.82,186.7,183.46,183.7,185.52,187.74,188.44,191.2,193.18
2864,242.64,209.8,186.7,183.46,183.7,185.52,187.74,188.44,191.2,193.18
2865,242.64,209.8,186.7,183.46,183.7,185.52,187.74,188.44,191.2,193.18
2866,242.64,209.76,186.7,183.46,183.7,185.52,187.74,188.44,191.2,193.18
2867,242.64,209.76,186.7,183.46,183.7,185.52,187.74,188.44,191.2,193.18
2868,242.64,209.76,186.7,183.46,183.7,185.52,187.74,188.44,191.2,193.18
2869,242.64,209.76,186.7,183.46,183.7,185.52,187.74,188.44,191.2,193.18
2870,242.62,209.72,186.68,183.46,183.7,185.52,187.74,188.44,191.2,193.18
2871,242.58,209.66,186.68,183.46,183.7,185.52,187.74,188.44,191.2,193.18
2872,242.58,209.64,186.68,183.46,183.7,185.52,187.74,188.44,191.2,193.18
2873,242.58,209.64,186.68,183.46,183.7,185.52,187.74,188.44,191.2,193.18
2874,242.58,209.64,186.68,183.46,183.7,185.52,187.74,188.44,191.2,193.18
2875,242.58,209.6,186.68,183.46,183.7,185.52,187.74,188.44,191.2,193.18
2876,242.58,209.6,186.68,183.44,183.7,185.52,187.74,188.44,191.2,193.18
2877,242.58,209.58,186.64,183.42,183.7,185.52,187.74,188.44,191.2,193.18
2878,242.56,209.56,186.64,183.42,183.7,185.52,187.74,188.44,191.2,193.18
2879,242.56,209.56,186.62,183.42,183.7,185.52,187.74,188.44,191.2,193.18
2880,242.56,209.56,186.62,183.42,183.7,185.52,187.74,188.44,191.2,193.18
2881,242.56,209.56,186.62,183.42,183.7,185.52,187.74,188.44,191.2,193.18
2882,242.56,209.56,186.62,183.42,183.7,185.52,187.74,188.44,191.2,193.18
2883,242.56,209.54,186.62,183.42,183.7,185.52,187.74,188.44,191.2,193.18
2884,242.56,209.54,186.62,183.42,183.7,185.52,187.74,188.44,191.2,193.18
2885,242.56,209.54,186.62,183.42,183.7,185.52,187.74,188.44,191.2,193.18
2886,242.56,209.44,186.62,183.42,183.7,185.52,187.74,188.44,191.2,193.18
2887,242.54,209.38,186.62,183.42,183.7,185.52,187.74,188.44,191.2,193.18
2888,242.54,209.32,186.62,183.42,183.7,185.52,187.74,188.44,191.2,193.18
2889,242.54,209.28,186.62,183.42,183.7,185.52,187.74,188.44,191.2,193.18
2890,242.54,209.22,186.6,183.42,183.7,185.52,187.74,188.44,191.2,193.18
2891,242.54,209.22,186.6,183.4,183.7,185.52,187.74,188.44,191.2,193.18
2892,242.54,209.22,186.6,183.4,183.7,185.52,187.74,188.44,191.2,193.18
2893,242.54,209.22,186.6,183.4,183.7,185.52,187.74,188.44,191.2,193.18
2894,242.54,209.22,186.6,183.4,183.7,185.52,187.74,188.44,191.2,193.18
2895,242.54,209.22,186.6,183.4,183.7,185.52,187.74,188.44,191.2,193.18
2896,242.54,209.22,186.6,183.4,183.7,185.52,187.74,188.44,191.2,193.18
2897,242.48,209.2,186.6,183.4,183.7,185.52,187.74,188.44,191.2,193.18
2898,242.46,209.18,186.6,183.4,183.7,185.52,187.74,188.44,191.2,193.18
2899,242.46,209.16,186.6,183.4,183.7,185.52,187.74,188.44,191.2,193.18
2900,242.44,209.14,186.6,183.4,183.7,185.52,187.74,188.44,191.2,193.18
2901,242.44,209.14,186.6,183.4,183.7,185.52,187.74,188.44,191.2,193.18
2902,242.44,209.14,186.58,183.4,183.7,185.52,187.74,188.44,191.2,193.18
2903,242.44,209.14,186.56,183.4,183.7,185.52,187.74,188.44,191.2,193.18
2904,242.42,209.14,186.54,183.4,183.7,185.52,187.74,188.44,191.2,193.18
2905,242.42,209.12,186.54,183.4,183.7,185.52,187.74,188.44,191.2,193.18
2906,242.42,209.12,186.54,183.4,183.7,185.52,187.74,188.44,191.2,193.18
2907,242.42,209.1,186.52,183.4,183.7,185.52,187.74,188.44,191.2,193.18
2908,242.42,209.1,186.52,183.38,183.7,185.52,187.74,188.44,191.2,193.18
2909,242.42,209.08,186.52,183.38,183.7,185.52,187.74,188.44,191.2,193.18
2910,242.4,209.08,186.52,183.38,183.7,185.52,187.74,188.44,191.2,193.18
2911,242.4,209.08,186.52,183.38,183.7,185.52,187.74,188.44,191.2,193.18
2912,242.4,209.08,186.52,183.38,183.7,185.52,187.74,188.44,191.2,193.18
2913,242.4,209.04,186.52,183.36,183.7,185.52,187.74,188.44,191.2,193.18
2914,242.4,208.9,186.52,183.36,183.7,185.52,187.74,188.44,191.2,193.18
2915,242.4,208.9,186.52,183.36,183.7,185.52,187.74,188.44,191.2,193.18
2916,242.4,208.88,186.52,183.36,183.7,185.52,187.74,188.44,191.2,193.18
2917,242.38,208.84,186.52,183.36,183.7,185.52,187.74,188.44,191.2,193.18
2918,242.38,208.84,186.52,183.36,183.7,185.52,187.74,188.44,191.2,193.18
2919,242.38,208.84,186.52,183.36,183.7,185.52,187.74,188.44,191.2,193.18
2920,242.38,208.84,186.52,183.36,183.7,185.52,187.74,188.44,191.2,193.18
2921,242.34,208.84,186.52,183.36,183.7,185.52,187.74,188.44,191.2,193.18
2922,242.34,208.84,186.52,183.36,183.7,185.52,187.74,188.44,191.2,193.18
2923,242.34,208.84,186.52,183.36,183.7,185.52,187.74,188.44,191.2,193.18
2924,242.34,208.82,186.52,183.36,183.7,185.52,187.74,188.44,191.2,193.18
2925,242.34,208.8,186.52,183.36,183.7,185.52,187.74,188.44,191.2,193.18
2926,242.3,208.78,186.52,183.36,183.7,185.52,187.74,188.44,191.2,193.18
2927,242.3,208.78,186.52,183.36,183.7,185.52,187.74,188.44,191.2,193.18
2928,242.3,208.74,186.52,183.36,183.7,185.52,187.74,188.44,191.2,193.18
2929,242.26,208.7,186.52,183.36,183.7,185.52,187.74,188.44,191.2,193.18
2930,242.26,208.7,186.52,183.36,183.7,185.52,187.74,188.44,191.2,193.18
2931,242.22,208.64,186.52,183.36,183.7,185.52,187.74,188.44,191.2,193.18
2932,242.22,208.64,186.48,183.36,183.7,185.52,187.74,188.44,191.2,193.18
2933,242.22,208.64,186.48,183.36,183.7,185.52,187.74,188.44,191.2,193.18
2934,242.22,208.62,186.48,183.36,183.7,185.52,187.74,188.44,191.2,193.18
2935,242.22,208.58,186.48,183.36,183.7,185.52,187.74,188.44,191.2,193.18
2936,242.22,208.52,186.48,183.36,183.7,185.52,187.74,188.44,191.2,193.18
2937,242.22,208.5,186.48,183.36,183.7,185.52,187.74,188.44,191.2,193.18
2938,242.2,208.46,186.48,183.36,183.7,185.52,187.74,188.44,191.2,193.18
2939,242.2,208.44,186.44,183.36,183.7,185.52,187.74,188.44,191.2,193.18
2940,242.16,208.42,186.44,183.36,183.7,185.52,187.74,188.44,191.2,193.18
2941,242.16,208.38,186.42,183.36,183.7,185.52,187.74,188.44,191.2,193.18
2942,242.16,208.38,186.42,183.36,183.7,185.52,187.74,188.44,191.2,193.18
2943,242.16,208.36,186.38,183.36,183.7,185.52,187.74,188.44,191.2,193.18
2944,242.16,208.36,186.34,183.36,183.7,185.52,187.74,188.44,191.2,193.18
2945,242.16,208.34,186.34,183.36,183.7,185.52,187.74,188.44,191.2,193.18
2946,242.16,208.34,186.34,183.36,183.7,185.52,187.74,188.44,191.2,193.18
2947,242.16,208.3,186.34,183.36,183.7,185.52,187.74,188.44,191.2,193.18
2948,242.16,208.3,186.34,183.36,183.7,185.52,187.74,188.44,191.2,193.18
2949,242.16,208.3,186.34,183.36,183.7,185.52,187.74,188.44,191.2,193.18
2950,242.16,208.26,186.34,183.36,183.7,185.52,187.74,188.44,191.2,193.18
2951,242.16,208.2,186.34,183.36,183.7,185.52,187.74,188.44,191.2,193.18
2952,242.16,208.2,186.34,183.36,183.7,185.52,187.74,188.44,191.2,193.18
2953,242.16,208.14,186.32,183.36,183.7,185.52,187.74,188.44,191.2,193.18
2954,242.14,208.14,186.32,183.36,183.7,185.52,187.74,188.44,191.2,193.18
2955,242.14,208.1,186.3,183.36,183.7,185.52,187.74,188.44,191.2,193.18
2956,242.14,208.1,186.28,183.36,183.7,185.52,187.74,188.44,191.2,193.18
2957,242.14,208.1,186.28,183.36,183.7,185.52,187.74,188.44,191.2,193.18
2958,242.08,208.1,186.28,183.36,183.7,185.52,187.74,188.44,191.2,193.18
2959,242.08,208.06,186.28,183.36,183.7,185.52,187.74,188.44,191.2,193.18
2960,242.08,208.06,186.28,183.36,183.7,185.52,187.74,188.44,191.2,193.18
2961,242.08,208.04,186.28,183.36,183.7,185.52,187.74,188.44,191.2,193.18
2962,242.08,207.98,186.26,183.36,183.7,185.52,187.74,188.44,191.2,193.18
2963,242.08,207.92,186.26,183.36,183.7,185.52,187.74,188.44,191.2,193.18
2964,242.08,207.92,186.24,183.36,183.7,185.52,187.74,188.44,191.2,193.18
2965,242.08,207.9,186.24,183.36,183.7,185.52,187.74,188.44,191.2,193.18
2966,242.08,207.9,186.24,183.36,183.7,185.52,187.74,188.44,191.2,193.18
2967,242.08,207.88,186.22,183.36,183.7,185.52,187.74,188.44,191.2,193.18
2968,242.08,207.84,186.22,183.36,183.7,185.52,187.74,188.44,191.2,193.18
2969,242.08,207.84,186.2,183.36,183.7,185.52,187.74,188.44,191.2,193.18
2970,242.08,207.84,186.18,183.36,183.7,185.52,187.74,188.44,191.2,193.18
2971,242.06,207.82,186.18,183.36,183.7,185.52,187.74,188.44,191.2,193.18
2972,242.06,207.78,186.18,183.36,183.7,185.52,187.74,188.44,191.2,193.18
2973,242.06,207.76,186.18,183.36,183.7,185.52,187.74,188.44,191.2,193.18
2974,242.06,207.74,186.16,183.36,183.7,185.52,187.74,188.44,191.2,193.18
2975,242.06,207.74,186.16,183.36,183.7,185.52,187.74,188.44,191.2,193.18
2976,242.0,207.74,186.16,183.36,183.7,185.52,187.74,188.44,191.2,193.18
2977,242.0,207.72,186.14,183.36,183.7,185.52,187.74,188.44,191.2,193.18
2978,242.0,207.62,186.14,183.36,183.7,185.52,187.74,188.44,191.2,193.18
2979,242.0,207.62,186.12,183.36,183.7,185.52,187.74,188.44,191.2,193.18
2980,242.0,207.56,186.12,183.36,183.7,185.52,187.74,188.44,191.2,193.18
2981,241.98,207.56,186.1,183.36,183.7,185.52,187.74,188.44,191.2,193.18
2982,241.98,207.56,186.1,183.34,183.7,185.52,187.74,188.44,191.2,193.18
2983,241.96,207.56,186.08,183.34,183.7,185.52,187.74,188.44,191.2,193.18
2984,241.96,207.54,186.08,183.34,183.7,185.52,187.74,188.44,191.2,193.18
2985,241.96,207.54,186.04,183.34,183.7,185.52,187.74,188.44,191.2,193.18
2986,241.96,207.54,186.04,183.32,183.7,185.52,187.74,188.44,191.2,193.18
2987,241.96,207.5,186.02,183.32,183.7,185.52,187.74,188.44,191.2,193.18
2988,241.96,207.44,186.02,183.32,183.7,185.52,187.74,188.44,191.2,193.18
2989,241.96,207.44,186.0,183.32,183.7,185.52,187.74,188.44,191.2,193.18
2990,241.96,207.44,185.98,183.32,183.7,185.52,187.74,188.44,191.2,193.18
2991,241.94,207.4,185.98,183.32,183.7,185.52,187.74,188.44,191.2,193.18
2992,241.9,207.4,185.96,183.32,183.7,185.52,187.74,188.44,191.2,193.18
2993,241.88,207.38,185.96,183.32,183.7,185.52,187.74,188.44,191.2,193.18
2994,241.88,207.38,185.96,183.32,183.7,185.52,187.74,188.44,191.2,193.18
2995,241.88,207.38,185.94,183.32,183.7,185.52,187.74,188.44,191.2,193.18
2996,241.88,207.34,185.94,183.32,183.7,185.52,187.74,188.44,191.2,193.18
2997,241.88,207.34,185.92,183.32,183.7,185.52,187.74,188.44,191.2,193.18
2998,241.88,207.3,185.92,183.32,183.7,185.52,187.74,188.44,191.2,193.18
2999,241.88,207.3,185.92,183.32,183.7,185.52,187.74,188.44,191.2,193.18
3000,241.88,207.24,185.92,183.32,183.7,185.52,187.74,188.44,191.2,193.18
