Generation,0.50_N10,0.80_N10,1.00_N10,1.20_N10,1.50_N10,1.80_N10,2.00_N10,2.50_N10,3.00_N10,4.00_N10
1,268.3,267.32,268.06,268.06,267.36,267.08,267.68,267.32,268.1,268.58
2,266.22,265.14,265.36,266.06,264.98,265.38,265.42,265.68,266.22,266.7
3,264.28,263.38,263.18,264.52,263.52,263.8,263.3,263.86,264.52,265.5
4,262.98,261.88,261.66,263.14,262.18,262.7,262.2,262.82,263.14,264.58
5,261.9,260.64,260.34,261.74,260.98,261.64,261.18,261.9,261.98,263.82
6,260.78,259.86,259.32,260.5,259.84,260.7,260.5,261.36,260.86,262.84
7,259.44,259.12,258.16,259.56,258.9,259.84,259.64,260.48,260.14,262.08
8,258.6,258.26,257.46,259.06,258.14,259.14,258.98,259.74,259.42,261.22
9,257.76,257.56,256.64,258.2,257.52,258.34,258.4,259.1,258.8,260.72
10,257.0,256.8,256.0,257.46,257.08,257.74,257.82,258.6,258.3,260.16
11,256.36,256.12,255.6,256.92,256.28,257.3,257.18,258.06,257.5,259.62
12,255.76,255.68,255.16,256.2,255.66,256.84,256.74,257.42,257.12,259.2
13,255.18,254.96,254.76,255.66,255.24,256.5,256.0,257.02,256.76,258.62
14,254.72,254.44,254.26,255.0,254.7,256.14,255.58,256.66,256.52,258.04
15,253.88,253.74,253.84,254.28,254.24,255.58,255.2,256.16,255.92,257.5
16,253.5,253.36,253.3,253.72,253.76,255.02,254.72,255.6,255.42,257.1
17,253.24,253.02,252.8,253.26,253.3,254.68,254.26,255.14,254.94,256.78
18,252.86,252.7,252.56,252.88,252.96,254.26,253.8,254.76,254.54,256.46
19,252.26,252.14,252.16,252.48,252.62,254.08,253.42,254.42,254.24,256.02
20,251.86,251.66,251.96,251.98,252.3,253.78,253.16,254.0,253.92,255.66
21,251.44,251.3,251.58,251.72,252.14,253.34,253.0,253.66,253.5,255.4
22,250.78,250.96,251.26,251.46,251.7,253.16,252.7,253.48,253.12,255.08
23,250.46,250.64,250.96,251.06,251.44,252.84,252.42,253.34,252.92,254.74
24,250.06,250.44,250.7,250.7,251.1,252.72,252.12,252.92,252.74,254.64
25,249.66,249.98,250.38,250.4,250.8,252.46,251.64,252.66,252.52,254.42
26,249.3,249.72,249.94,250.14,250.46,252.22,251.34,252.28,252.22,254.04
27,249.0,249.58,249.72,249.88,250.12,251.98,251.1,252.02,251.86,253.84
28,248.82,249.34,249.34,249.54,249.8,251.66,250.92,251.86,251.66,253.46
29,248.5,248.96,249.02,249.22,249.72,251.36,250.76,251.56,251.44,253.18
30,248.14,248.7,248.78,248.94,249.5,251.06,250.5,251.34,251.28,253.0
31,247.8,248.58,248.5,248.68,249.3,250.64,250.22,251.1,251.1,252.88
32,247.68,248.42,248.2,248.42,249.08,250.46,249.88,250.98,250.94,252.64
33,247.46,248.1,247.94,248.26,248.88,250.3,249.66,250.78,250.74,252.52
34,247.2,247.74,247.52,248.02,248.56,250.06,249.32,250.62,250.6,252.34
35,247.04,247.6,247.22,247.72,248.44,249.86,249.08,250.52,250.42,252.14
36,246.94,247.3,247.1,247.42,248.24,249.7,248.94,250.4,250.1,251.88
37,246.72,247.04,246.9,247.16,248.22,249.62,248.8,250.16,249.9,251.72
38,246.4,246.86,246.86,247.08,248.2,249.42,248.7,250.1,249.84,251.52
39,246.2,246.66,246.62,246.86,248.0,249.1,248.46,249.86,249.66,251.34
40,245.98,246.44,246.44,246.7,247.76,248.94,248.32,249.8,249.38,251.14
41,245.82,246.2,246.18,246.52,247.66,248.86,248.2,249.66,249.24,251.02
42,245.68,245.86,246.04,246.3,247.52,248.64,248.0,249.5,249.04,250.98
43,245.42,245.82,245.92,246.16,247.3,248.54,247.82,249.34,248.96,250.84
44,245.32,245.58,245.72,246.08,247.02,248.38,247.74,249.16,248.86,250.7
45,245.22,245.32,245.48,245.92,246.84,248.22,247.6,249.02,248.72,250.6
46,245.0,245.08,245.36,245.7,246.68,248.02,247.52,248.94,248.68,250.56
47,244.8,244.88,245.22,245.42,246.54,247.86,247.32,248.82,248.46,250.48
48,244.66,244.72,245.12,245.36,246.28,247.74,247.22,248.68,248.28,250.4
49,244.52,244.56,245.06,245.18,246.06,247.64,247.1,248.56,248.2,250.3
50,244.32,244.44,244.94,245.04,245.94,247.46,246.96,248.38,248.04,250.24
51,244.2,244.26,244.72,244.76,245.86,247.32,246.8,248.08,247.9,250.0
52,244.14,244.12,244.62,244.56,245.84,247.12,246.62,247.82,247.76,249.9
53,244.0,244.0,244.42,244.38,245.78,246.96,246.4,247.64,247.64,249.84
54,243.88,243.84,244.34,244.28,245.64,246.82,246.3,247.5,247.54,249.68
55,243.7,243.64,244.12,244.04,245.42,246.68,246.22,247.26,247.38,249.58
56,243.48,243.48,243.94,243.98,245.28,246.52,246.02,247.14,247.36,249.52
57,243.44,243.34,243.82,243.82,245.12,246.4,245.8,247.12,247.18,249.38
58,243.28,243.2,243.7,243.66,244.96,246.12,245.74,247.0,247.14,249.3
59,243.1,243.1,243.58,243.56,244.88,246.0,245.6,246.86,246.94,249.12
60,242.94,243.04,243.46,243.42,244.82,245.86,245.4,246.72,246.82,248.94
61,242.86,242.78,243.34,243.24,244.62,245.68,245.28,246.6,246.62,248.74
62,242.72,242.76,243.24,243.1,244.36,245.52,245.14,246.5,246.54,248.64
63,242.6,242.64,243.08,242.98,244.26,245.42,245.0,246.4,246.46,248.54
64,242.46,242.56,243.0,242.88,244.16,245.16,244.98,246.3,246.26,248.44
65,242.36,242.52,242.88,242.72,244.06,245.06,244.9,246.2,246.12,248.28
66,242.18,242.48,242.72,242.68,243.98,245.0,244.9,245.88,246.1,248.24
67,242.0,242.32,242.64,242.56,243.96,244.92,244.74,245.78,246.04,248.18
68,241.9,242.22,242.48,242.48,243.88,244.88,244.64,245.66,246.0,248.12
69,241.82,242.04,242.44,242.38,243.78,244.78,244.58,245.64,245.96,248.02
70,241.7,241.92,242.32,242.28,243.64,244.62,244.54,245.6,245.84,247.98
71,241.48,241.78,242.2,242.22,243.46,244.52,244.42,245.52,245.72,247.96
72,241.44,241.76,242.08,242.16,243.34,244.42,244.3,245.5,245.62,247.88
73,241.4,241.6,241.94,241.96,243.26,244.38,244.24,245.46,245.48,247.82
74,241.24,241.54,241.82,241.92,243.18,244.26,244.18,245.42,245.34,247.7
75,241.12,241.52,241.82,241.78,243.1,244.2,244.08,245.38,245.3,247.54
76,241.0,241.36,241.8,241.74,243.04,244.16,244.04,245.3,245.1,247.44
77,240.88,241.3,241.7,241.62,243.0,244.0,243.92,245.3,245.02,247.36
78,240.76,241.26,241.6,241.54,242.84,243.9,243.86,245.22,244.92,247.26
79,240.66,241.14,241.54,241.48,242.72,243.78,243.84,245.14,244.92,247.14
80,240.54,241.02,241.46,241.42,242.62,243.72,243.74,245.08,244.92,247.08
81,240.48,240.9,241.28,241.38,242.56,243.66,243.64,245.04,244.82,247.06
82,240.38,240.76,241.22,241.38,242.44,243.58,243.64,244.98,244.78,247.04
83,240.36,240.64,241.08,241.3,242.36,243.48,243.56,244.9,244.72,246.98
84,240.24,240.56,241.08,241.26,242.26,243.46,243.56,244.84,244.66,246.94
85,240.18,240.42,241.0,241.26,242.2,243.4,243.42,244.74,244.6,246.86
86,240.1,240.34,240.86,241.1,242.12,243.38,243.36,244.68,244.56,246.86
87,240.08,240.28,240.74,241.04,242.08,243.3,243.24,244.66,244.54,246.82
88,239.92,240.26,240.68,240.94,242.04,243.3,243.2,244.64,244.42,246.78
89,239.82,240.14,240.56,240.94,241.96,243.26,243.12,244.5,244.32,246.76
90,239.68,240.1,240.52,240.86,241.96,243.18,243.1,244.46,244.22,246.7
91,239.6,240.06,240.42,240.78,241.94,243.1,243.04,244.42,244.22,246.62
92,239.52,239.98,240.4,240.62,241.86,243.0,243.04,244.36,244.16,246.58
93,239.44,239.92,240.28,240.6,241.86,242.92,242.98,244.36,244.16,246.56
94,239.42,239.84,240.2,240.48,241.76,242.88,242.94,244.32,244.14,246.54
95,239.38,239.76,240.18,240.46,241.7,242.88,242.92,244.18,244.1,246.52
96,239.28,239.7,240.12,240.36,241.66,242.88,242.82,244.06,244.08,246.44
97,239.26,239.62,240.08,240.28,241.66,242.78,242.76,243.98,244.02,246.38
98,239.16,239.54,239.98,240.22,241.58,242.74,242.7,243.88,243.96,246.36
99,239.12,239.44,239.92,240.22,241.56,242.66,242.64,243.84,243.94,246.3
100,239.02,239.34,239.78,240.16,241.56,242.62,242.58,243.8,243.92,246.3
101,238.82,239.26,239.72,240.1,241.52,242.58,242.54,243.72,243.86,246.28
102,238.66,239.16,239.6,240.02,241.52,242.5,242.52,243.66,243.8,246.24
103,238.54,239.14,239.56,239.84,241.52,242.48,242.46,243.64,243.74,246.22
104,238.46,239.1,239.54,239.82,241.42,242.38,242.36,243.6,243.68,246.18
105,238.34,239.02,239.44,239.74,241.34,242.34,242.28,243.54,243.64,246.14
106,238.32,238.96,239.4,239.7,241.24,242.3,242.28,243.52,243.64,246.1
107,238.18,238.84,239.4,239.7,241.14,242.28,242.24,243.48,243.58,246.08
108,238.06,238.82,239.38,239.62,241.1,242.24,242.18,243.4,243.58,246.06
109,238.0,238.7,239.38,239.58,241.08,242.2,242.18,243.34,243.56,246.0
110,237.9,238.68,239.3,239.56,241.04,242.16,242.1,243.32,243.46,246.0
111,237.88,238.6,239.22,239.54,241.0,242.1,242.08,243.24,243.44,245.96
112,237.7,238.56,239.14,239.46,240.94,242.02,242.08,243.22,243.44,245.92
113,237.62,238.5,239.06,239.42,240.88,241.96,242.0,243.22,243.44,245.92
114,237.6,238.48,239.06,239.42,240.78,241.9,241.96,243.18,243.42,245.9
115,237.56,238.48,239.02,239.4,240.74,241.86,241.96,243.18,243.38,245.9
116,237.44,238.46,239.0,239.32,240.74,241.84,241.84,243.16,243.3,245.88
117,237.34,238.42,238.96,239.24,240.62,241.76,241.84,243.14,243.26,245.84
118,237.2,238.26,238.96,239.2,240.58,241.72,241.84,243.1,243.26,245.82
119,237.12,238.26,238.94,239.14,240.56,241.66,241.8,243.08,243.18,245.72
120,237.04,238.18,238.86,239.14,240.52,241.62,241.78,243.02,243.12,245.7
121,237.02,238.12,238.82,239.1,240.5,241.58,241.74,242.94,243.12,245.68
122,236.96,238.1,238.74,239.0,240.5,241.54,241.64,242.94,243.1,245.68
123,236.92,238.08,238.68,238.88,240.48,241.54,241.58,242.9,243.08,245.68
124,236.88,238.04,238.66,238.78,240.46,241.48,241.56,242.86,243.06,245.68
125,236.78,237.94,238.6,238.78,240.42,241.44,241.56,242.84,242.98,245.66
126,236.72,237.92,238.56,238.66,240.36,241.38,241.54,242.72,242.94,245.64
127,236.68,237.88,238.56,238.62,240.32,241.36,241.52,242.68,242.92,245.62
128,236.68,237.84,238.52,238.6,240.26,241.36,241.5,242.66,242.88,245.62
129,236.66,237.7,238.4,238.56,240.22,241.36,241.5,242.64,242.84,245.6
130,236.6,237.66,238.34,238.54,240.2,241.34,241.38,242.6,242.82,245.6
131,236.54,237.6,238.28,238.48,240.16,241.32,241.34,242.58,242.82,245.58
132,236.52,237.52,238.24,238.48,240.1,241.28,241.34,242.56,242.82,245.54
133,236.46,237.46,238.2,238.46,240.04,241.24,241.3,242.54,242.76,245.52
134,236.34,237.34,238.18,238.44,240.02,241.22,241.3,242.52,242.72,245.52
135,236.28,237.32,238.1,238.4,240.0,241.2,241.28,242.4,242.72,245.52
136,236.2,237.3,238.1,238.4,239.92,241.2,241.24,242.38,242.7,245.46
137,236.08,237.24,238.08,238.4,239.92,241.2,241.2,242.38,242.7,245.46
138,236.0,237.1,238.06,238.36,239.9,241.18,241.2,242.36,242.68,245.44
139,235.94,237.04,238.02,238.36,239.88,241.18,241.18,242.34,242.6,245.44
140,235.88,237.04,237.94,238.32,239.8,241.18,241.18,242.32,242.58,245.44
141,235.84,236.98,237.92,238.28,239.8,241.18,241.16,242.28,242.56,245.38
142,235.82,236.96,237.84,238.26,239.76,241.12,241.12,242.28,242.54,245.36
143,235.7,236.94,237.76,238.26,239.72,241.08,241.12,242.2,242.48,245.36
144,235.7,236.92,237.72,238.18,239.72,241.08,241.1,242.2,242.42,245.34
145,235.64,236.82,237.7,238.14,239.7,241.06,241.08,242.18,242.36,245.3
146,235.62,236.76,237.68,238.1,239.68,241.06,241.08,242.18,242.34,245.3
147,235.6,236.68,237.64,238.06,239.64,241.04,241.08,242.18,242.32,245.3
148,235.6,236.6,237.62,238.02,239.64,241.02,241.06,242.12,242.28,245.3
149,235.54,236.6,237.58,238.0,239.6,241.02,241.04,242.08,242.28,245.28
150,235.52,236.5,237.56,238.0,239.56,240.98,241.04,242.08,242.24,245.26
151,235.4,236.42,237.52,237.98,239.56,240.98,241.02,242.06,242.22,245.24
152,235.38,236.36,237.52,237.94,239.56,240.94,241.02,242.04,242.2,245.24
153,235.36,236.32,237.48,237.92,239.54,240.94,241.02,242.02,242.16,245.22
154,235.3,236.28,237.46,237.92,239.5,240.92,240.98,242.02,242.14,245.22
155,235.28,236.24,237.42,237.92,239.5,240.9,240.98,241.98,242.14,245.2
156,235.24,236.22,237.42,237.92,239.5,240.9,240.96,241.98,242.1,245.18
157,235.2,236.18,237.34,237.92,239.46,240.86,240.94,241.96,242.1,245.18
158,235.18,236.1,237.28,237.88,239.42,240.84,240.92,241.92,242.08,245.16
159,235.16,236.08,237.26,237.84,239.4,240.82,240.88,241.88,242.08,245.14
160,235.14,236.06,237.24,237.82,239.38,240.78,240.84,241.88,242.06,245.1
161,235.04,236.04,237.16,237.78,239.38,240.78,240.82,241.84,242.04,245.1
162,235.0,236.04,237.14,237.74,239.36,240.78,240.82,241.84,242.02,245.1
163,234.96,236.0,237.14,237.72,239.36,240.74,240.78,241.84,242.0,245.1
164,234.9,235.98,237.14,237.7,239.32,240.72,240.78,241.82,242.0,245.06
165,234.9,235.94,237.14,237.66,239.3,240.7,240.74,241.78,241.96,245.06
166,234.82,235.9,237.06,237.66,239.26,240.7,240.7,241.78,241.96,245.04
167,234.74,235.88,237.04,237.62,239.22,240.68,240.7,241.78,241.96,245.0
168,234.66,235.82,237.0,237.58,239.22,240.66,240.62,241.78,241.96,245.0
169,234.6,235.8,237.0,237.56,239.2,240.66,240.6,241.76,241.96,245.0
170,234.54,235.78,236.98,237.56,239.16,240.64,240.6,241.72,241.94,245.0
171,234.44,235.72,236.96,237.56,239.16,240.64,240.56,241.72,241.94,245.0
172,234.4,235.72,236.9,237.56,239.1,240.62,240.54,241.72,241.92,244.98
173,234.36,235.72,236.9,237.56,239.04,240.6,240.54,241.72,241.92,244.96
174,234.34,235.7,236.84,237.5,239.02,240.58,240.52,241.72,241.92,244.96
175,234.32,235.66,236.76,237.48,239.02,240.58,240.52,241.64,241.92,244.96
176,234.26,235.64,236.74,237.46,238.98,240.58,240.48,241.64,241.9,244.96
177,234.24,235.62,236.7,237.42,238.92,240.56,240.48,241.64,241.9,244.9
178,234.22,235.6,236.66,237.4,238.92,240.54,240.44,241.62,241.9,244.9
179,234.18,235.6,236.64,237.36,238.9,240.48,240.44,241.62,241.9,244.9
180,234.16,235.6,236.6,237.34,238.86,240.46,240.44,241.6,241.84,244.88
181,234.12,235.6,236.58,237.34,238.84,240.46,240.38,241.6,241.84,244.88
182,234.12,235.52,236.56,237.34,238.84,240.46,240.34,241.6,241.84,244.88
183,234.08,235.5,236.56,237.3,238.82,240.46,240.32,241.6,241.84,244.88
184,233.98,235.5,236.54,237.28,238.78,240.44,240.3,241.6,241.82,244.88
185,233.92,235.48,236.5,237.28,238.76,240.44,240.28,241.6,241.8,244.88
186,233.82,235.42,236.46,237.28,238.72,240.42,240.28,241.6,241.74,244.88
187,233.82,235.4,236.44,237.26,238.7,240.42,240.26,241.6,241.74,244.86
188,233.74,235.36,236.42,237.24,238.68,240.42,240.24,241.58,241.74,244.84
189,233.72,235.28,236.42,237.22,238.68,240.42,240.22,241.56,241.74,244.8
190,233.7,235.28,236.38,237.2,238.66,240.4,240.2,241.54,241.74,244.8
191,233.68,235.26,236.34,237.2,238.66,240.4,240.18,241.54,241.74,244.8
192,233.64,235.18,236.34,237.14,238.66,240.4,240.18,241.54,241.72,244.78
193,233.58,235.18,236.32,237.14,238.64,240.4,240.16,241.5,241.72,244.78
194,233.58,235.16,236.32,237.14,238.62,240.4,240.14,241.48,241.72,244.76
195,233.58,235.14,236.28,237.12,238.56,240.4,240.12,241.46,241.72,244.74
196,233.56,235.1,236.28,237.12,238.54,240.36,240.08,241.46,241.72,244.74
197,233.52,235.08,236.26,237.1,238.52,240.36,240.08,241.46,241.72,244.68
198,233.52,235.06,236.26,237.08,238.5,240.34,240.02,241.46,241.72,244.68
199,233.48,235.04,236.22,237.06,238.48,240.34,240.02,241.42,241.72,244.66
200,233.4,234.96,236.22,237.04,238.46,240.34,240.02,241.42,241.68,244.66
201,233.36,234.94,236.22,237.04,238.46,240.34,240.0,241.42,241.68,244.66
202,233.34,234.92,236.18,237.04,238.46,240.34,240.0,241.4,241.68,244.64
203,233.34,234.92,236.18,237.04,238.46,240.26,239.98,241.4,241.68,244.64
204,233.28,234.88,236.16,237.0,238.46,240.26,239.98,241.4,241.66,244.64
205,233.2,234.86,236.14,236.98,238.44,240.26,239.98,241.4,241.62,244.64
206,233.16,234.82,236.14,236.96,238.44,240.22,239.96,241.4,241.6,244.62
207,233.1,234.74,236.14,236.94,238.42,240.2,239.96,241.38,241.6,244.6
208,233.1,234.7,236.12,236.92,238.42,240.2,239.94,241.38,241.6,244.6
209,233.1,234.66,236.1,236.92,238.38,240.2,239.94,241.38,241.6,244.6
210,233.06,234.6,236.1,236.9,238.36,240.2,239.94,241.38,241.6,244.6
211,233.02,234.6,236.1,236.82,238.36,240.2,239.92,241.36,241.6,244.6
212,233.02,234.54,236.1,236.78,238.34,240.2,239.92,241.36,241.6,244.6
213,232.98,234.44,236.08,236.78,238.32,240.2,239.92,241.36,241.58,244.58
214,232.98,234.44,236.08,236.78,238.3,240.2,239.82,241.36,241.58,244.58
215,232.9,234.4,236.04,236.74,238.26,240.18,239.82,241.36,241.58,244.56
216,232.84,234.36,236.0,236.72,238.22,240.16,239.8,241.32,241.58,244.56
217,232.8,234.28,235.98,236.7,238.22,240.16,239.8,241.28,241.58,244.56
218,232.78,234.26,235.96,236.7,238.2,240.16,239.8,241.26,241.58,244.56
219,232.76,234.22,235.96,236.68,238.18,240.14,239.76,241.26,241.56,244.56
220,232.74,234.2,235.94,236.66,238.16,240.12,239.74,241.24,241.56,244.56
221,232.68,234.18,235.92,236.6,238.14,240.04,239.74,241.22,241.56,244.56
222,232.62,234.16,235.9,236.6,238.12,240.04,239.7,241.22,241.54,244.56
223,232.54,234.16,235.86,236.56,238.12,240.02,239.7,241.22,241.54,244.56
224,232.52,234.12,235.86,236.52,238.12,240.02,239.68,241.22,241.54,244.54
225,232.5,234.1,235.86,236.52,238.12,240.02,239.68,241.22,241.54,244.52
226,232.42,234.08,235.84,236.5,238.1,240.0,239.66,241.22,241.54,244.52
227,232.4,234.06,235.82,236.5,238.1,240.0,239.66,241.22,241.54,244.48
228,232.38,234.04,235.82,236.5,238.1,240.0,239.62,241.18,241.5,244.48
229,232.34,234.02,235.82,236.5,238.08,239.96,239.62,241.16,241.5,244.48
230,232.3,234.0,235.8,236.5,238.08,239.96,239.62,241.12,241.5,244.44
231,232.24,233.94,235.78,236.5,238.08,239.96,239.6,241.12,241.5,244.44
232,232.22,233.82,235.78,236.46,238.04,239.96,239.58,241.12,241.5,244.44
233,232.2,233.8,235.74,236.4,238.04,239.96,239.58,241.12,241.5,244.44
234,232.14,233.72,235.72,236.4,238.02,239.94,239.56,241.08,241.5,244.44
235,232.12,233.7,235.7,236.38,238.02,239.94,239.56,241.08,241.48,244.4
236,232.1,233.6,235.7,236.38,238.02,239.88,239.56,241.08,241.48,244.4
237,232.0,233.56,235.7,236.34,238.02,239.88,239.56,241.08,241.48,244.4
238,231.98,233.54,235.7,236.28,238.02,239.88,239.56,241.06,241.48,244.4
239,231.92,233.48,235.7,236.26,238.02,239.86,239.52,241.04,241.48,244.38
240,231.92,233.48,235.7,236.26,238.02,239.86,239.5,241.04,241.48,244.38
241,231.92,233.48,235.66,236.26,238.02,239.86,239.5,241.04,241.48,244.38
242,231.76,233.46,235.66,236.24,238.02,239.84,239.5,241.02,241.48,244.34
243,231.72,233.38,235.64,236.24,237.98,239.84,239.5,241.02,241.48,244.32
244,231.7,233.36,235.62,236.22,237.96,239.84,239.48,241.0,241.48,244.32
245,231.66,233.36,235.62,236.16,237.96,239.84,239.48,241.0,241.48,244.32
246,231.62,233.34,235.6,236.14,237.94,239.84,239.48,241.0,241.48,244.32
247,231.58,233.32,235.58,236.12,237.92,239.84,239.42,240.98,241.48,244.32
248,231.54,233.32,235.58,236.1,237.92,239.82,239.42,240.96,241.48,244.32
249,231.5,233.28,235.58,236.1,237.92,239.82,239.42,240.96,241.48,244.32
250,231.42,233.28,235.54,236.1,237.92,239.82,239.42,240.96,241.48,244.3
251,231.4,233.28,235.54,236.04,237.88,239.82,239.42,240.96,241.48,244.3
252,231.38,233.26,235.54,236.04,237.86,239.82,239.42,240.96,241.48,244.3
253,231.36,233.26,235.52,236.0,237.86,239.8,239.42,240.96,241.48,244.3
254,231.34,233.26,235.5,236.0,237.86,239.8,239.42,240.96,241.46,244.3
255,231.3,233.22,235.48,236.0,237.86,239.78,239.42,240.94,241.46,244.3
256,231.22,233.22,235.46,235.98,237.86,239.78,239.42,240.94,241.46,244.3
257,231.2,233.2,235.44,235.98,237.86,239.78,239.42,240.94,241.46,244.28
258,231.16,233.18,235.44,235.98,237.86,239.78,239.42,240.94,241.46,244.28
259,231.12,233.16,235.42,235.94,237.86,239.72,239.42,240.94,241.44,244.28
260,231.04,233.1,235.38,235.9,237.86,239.72,239.42,240.94,241.44,244.28
261,231.02,233.08,235.34,235.9,237.86,239.72,239.42,240.94,241.42,244.26
262,231.02,233.04,235.34,235.9,237.84,239.72,239.42,240.92,241.4,244.26
263,231.02,233.02,235.34,235.9,237.84,239.72,239.42,240.92,241.4,244.24
264,231.0,232.98,235.32,235.88,237.8,239.72,239.4,240.92,241.4,244.24
265,231.0,232.96,235.32,235.86,237.78,239.72,239.38,240.92,241.4,244.24
266,231.0,232.94,235.32,235.82,237.78,239.72,239.38,240.92,241.4,244.24
267,231.0,232.92,235.32,235.82,237.76,239.72,239.36,240.9,241.36,244.24
268,230.98,232.9,235.32,235.8,237.76,239.72,239.3,240.9,241.36,244.24
269,230.98,232.9,235.32,235.76,237.76,239.72,239.28,240.9,241.32,244.24
270,230.98,232.88,235.3,235.74,237.74,239.7,239.26,240.9,241.32,244.22
271,230.92,232.86,235.24,235.72,237.74,239.7,239.26,240.9,241.3,244.22
272,230.92,232.84,235.2,235.7,237.74,239.7,239.26,240.9,241.3,244.22
273,230.92,232.82,235.2,235.7,237.74,239.7,239.22,240.9,241.28,244.22
274,230.9,232.82,235.2,235.66,237.74,239.7,239.22,240.9,241.28,244.22
275,230.88,232.8,235.18,235.64,237.74,239.7,239.22,240.88,241.28,244.22
276,230.88,232.78,235.18,235.62,237.74,239.7,239.22,240.86,241.26,244.22
277,230.88,232.74,235.16,235.6,237.74,239.7,239.22,240.86,241.26,244.2
278,230.86,232.72,235.14,235.58,237.74,239.68,239.22,240.8,241.26,244.2
279,230.86,232.64,235.1,235.58,237.74,239.68,239.22,240.8,241.26,244.2
280,230.86,232.62,235.1,235.58,237.74,239.68,239.2,240.8,241.26,244.2
281,230.8,232.62,235.1,235.58,237.72,239.68,239.2,240.8,241.26,244.2
282,230.8,232.6,235.08,235.58,237.72,239.68,239.18,240.8,241.26,244.2
283,230.76,232.5,235.08,235.58,237.72,239.68,239.16,240.8,241.24,244.2
284,230.7,232.48,235.08,235.56,237.72,239.68,239.16,240.8,241.2,244.2
285,230.66,232.48,235.08,235.56,237.68,239.66,239.16,240.8,241.2,244.2
286,230.66,232.44,235.08,235.54,237.68,239.66,239.16,240.78,241.2,244.2
287,230.64,232.42,235.08,235.54,237.68,239.66,239.16,240.74,241.2,244.16
288,230.64,232.4,235.08,235.54,237.68,239.66,239.16,240.74,241.18,244.16
289,230.64,232.4,235.08,235.5,237.68,239.64,239.16,240.72,241.18,244.16
290,230.62,232.36,235.04,235.5,237.64,239.58,239.16,240.72,241.18,244.14
291,230.6,232.36,235.04,235.48,237.62,239.58,239.14,240.72,241.18,244.12
292,230.58,232.36,235.0,235.46,237.62,239.58,239.14,240.68,241.18,244.12
293,230.58,232.34,235.0,235.44,237.62,239.58,239.14,240.68,241.18,244.12
294,230.52,232.3,235.0,235.44,237.6,239.58,239.12,240.68,241.18,244.12
295,230.5,232.28,235.0,235.44,237.58,239.58,239.1,240.68,241.18,244.12
296,230.5,232.24,235.0,235.42,237.52,239.56,239.1,240.68,241.18,244.12
297,230.5,232.2,235.0,235.42,237.52,239.56,239.1,240.68,241.18,244.12
298,230.48,232.18,234.98,235.42,237.52,239.56,239.1,240.68,241.18,244.12
299,230.48,232.16,234.96,235.4,237.48,239.56,239.06,240.68,241.18,244.12
300,230.46,232.14,234.94,235.4,237.48,239.56,239.06,240.68,241.18,244.12
301,230.4,232.12,234.94,235.4,237.4,239.56,239.06,240.64,241.18,244.12
302,230.38,232.12,234.94,235.36,237.4,239.56,239.06,240.64,241.18,244.12
303,230.38,232.1,234.92,235.34,237.38,239.56,239.06,240.64,241.18,244.12
304,230.38,232.1,234.9,235.34,237.36,239.54,239.06,240.64,241.18,244.1
305,230.36,232.08,234.88,235.34,237.36,239.54,239.06,240.64,241.18,244.1
306,230.34,232.04,234.88,235.32,237.36,239.54,239.06,240.64,241.16,244.1
307,230.32,232.02,234.86,235.3,237.36,239.54,239.04,240.64,241.16,244.1
308,230.3,232.02,234.84,235.3,237.36,239.52,239.04,240.62,241.14,244.1
309,230.28,232.0,234.84,235.3,237.34,239.52,239.04,240.62,241.14,244.1
310,230.28,231.98,234.82,235.3,237.34,239.52,239.04,240.62,241.14,244.1
311,230.28,231.98,234.8,235.26,237.32,239.5,239.04,240.62,241.14,244.1
312,230.28,231.96,234.8,235.26,237.32,239.5,238.98,240.6,241.14,244.08
313,230.24,231.96,234.8,235.22,237.32,239.5,238.98,240.58,241.14,244.08
314,230.24,231.96,234.8,235.22,237.32,239.5,238.96,240.58,241.14,244.08
315,230.24,231.96,234.8,235.2,237.32,239.5,238.96,240.58,241.14,244.08
316,230.22,231.96,234.8,235.16,237.3,239.5,238.92,240.58,241.14,244.08
317,230.2,231.96,234.8,235.16,237.3,239.5,238.9,240.56,241.14,244.08
318,230.2,231.96,234.78,235.12,237.28,239.48,238.9,240.56,241.12,244.08
319,230.18,231.92,234.76,235.12,237.28,239.48,238.9,240.56,241.12,244.08
320,230.14,231.9,234.76,235.12,237.28,239.48,238.86,240.56,241.12,244.08
321,230.14,231.9,234.74,235.12,237.28,239.48,238.86,240.56,241.12,244.08
322,230.12,231.9,234.74,235.12,237.28,239.48,238.86,240.56,241.12,244.08
323,230.12,231.9,234.72,235.12,237.28,239.48,238.84,240.54,241.12,244.08
324,230.12,231.9,234.7,235.12,237.28,239.48,238.84,240.54,241.06,244.08
325,230.1,231.9,234.68,235.12,237.28,239.48,238.84,240.54,241.04,244.08
326,230.08,231.9,234.68,235.1,237.28,239.48,238.84,240.54,241.04,244.08
327,230.06,231.9,234.6,235.1,237.26,239.46,238.82,240.5,241.04,244.06
328,230.06,231.9,234.56,235.1,237.24,239.46,238.8,240.5,241.04,244.06
329,230.0,231.9,234.54,235.08,237.24,239.44,238.8,240.5,241.04,244.06
330,229.98,231.88,234.54,235.04,237.24,239.44,238.78,240.5,241.04,244.06
331,229.96,231.88,234.54,235.02,237.24,239.44,238.72,240.5,241.04,244.06
332,229.96,231.88,234.54,235.0,237.22,239.44,238.7,240.5,241.04,244.06
333,229.94,231.86,234.52,234.98,237.22,239.44,238.7,240.5,241.04,244.06
334,229.88,231.84,234.52,234.94,237.2,239.44,238.7,240.48,241.04,244.06
335,229.88,231.82,234.52,234.94,237.16,239.44,238.7,240.46,241.04,244.06
336,229.88,231.82,234.52,234.94,237.16,239.42,238.7,240.46,241.04,244.06
337,229.86,231.8,234.52,234.94,237.14,239.42,238.66,240.46,241.04,244.06
338,229.84,231.78,234.5,234.94,237.12,239.42,238.66,240.46,241.04,244.06
339,229.82,231.78,234.5,234.94,237.12,239.42,238.64,240.46,241.04,244.06
340,229.82,231.78,234.48,234.9,237.1,239.42,238.64,240.46,241.04,244.06
341,229.76,231.78,234.44,234.9,237.1,239.42,238.64,240.44,241.04,244.06
342,229.72,231.72,234.42,234.9,237.08,239.4,238.64,240.44,241.04,244.06
343,229.7,231.72,234.42,234.88,237.08,239.4,238.64,240.44,241.04,244.06
344,229.7,231.68,234.42,234.86,237.08,239.4,238.64,240.44,241.04,244.06
345,229.7,231.66,234.42,234.86,237.08,239.4,238.6,240.44,241.04,244.06
346,229.7,231.64,234.4,234.86,237.06,239.4,238.6,240.44,241.04,244.06
347,229.64,231.6,234.36,234.86,237.06,239.4,238.6,240.44,241.04,244.06
348,229.6,231.6,234.34,234.86,237.06,239.4,238.6,240.44,241.04,244.06
349,229.6,231.58,234.34,234.86,237.06,239.4,238.58,240.44,241.04,244.06
350,229.6,231.58,234.34,234.84,237.02,239.4,238.58,240.44,241.04,244.04
351,229.58,231.58,234.32,234.84,237.0,239.4,238.58,240.44,241.04,244.04
352,229.54,231.56,234.26,234.84,237.0,239.4,238.56,240.44,241.02,244.0
353,229.54,231.54,234.26,234.8,237.0,239.4,238.56,240.44,241.02,243.98
354,229.5,231.54,234.24,234.8,237.0,239.4,238.56,240.44,241.02,243.98
355,229.5,231.54,234.24,234.78,237.0,239.4,238.54,240.44,241.02,243.98
356,229.5,231.52,234.24,234.78,236.98,239.4,238.54,240.44,241.02,243.98
357,229.5,231.48,234.24,234.78,236.98,239.4,238.54,240.44,241.02,243.98
358,229.5,231.48,234.24,234.72,236.98,239.4,238.52,240.44,241.02,243.98
359,229.48,231.46,234.22,234.72,236.98,239.4,238.52,240.4,241.02,243.98
360,229.48,231.44,234.2,234.7,236.98,239.4,238.5,240.4,241.02,243.98
361,229.44,231.4,234.18,234.7,236.98,239.4,238.48,240.38,241.02,243.98
362,229.44,231.38,234.18,234.68,236.98,239.4,238.48,240.38,241.02,243.98
363,229.44,231.36,234.18,234.68,236.98,239.4,238.46,240.38,241.02,243.98
364,229.44,231.34,234.18,234.68,236.98,239.4,238.44,240.38,241.02,243.98
365,229.38,231.34,234.18,234.68,236.98,239.4,238.44,240.38,241.02,243.98
366,229.38,231.34,234.18,234.68,236.98,239.4,238.44,240.38,241.02,243.98
367,229.38,231.3,234.18,234.66,236.98,239.4,238.44,240.38,241.02,243.98
368,229.38,231.24,234.14,234.64,236.98,239.4,238.4,240.38,241.02,243.98
369,229.38,231.22,234.12,234.64,236.94,239.4,238.4,240.38,241.02,243.98
370,229.38,231.22,234.12,234.64,236.94,239.38,238.4,240.38,241.02,243.98
371,229.36,231.2,234.12,234.62,236.94,239.38,238.4,240.38,241.02,243.96
372,229.34,231.2,234.12,234.6,236.94,239.38,238.4,240.38,241.02,243.94
373,229.32,231.16,234.12,234.6,236.94,239.38,238.4,240.38,241.02,243.94
374,229.26,231.12,234.12,234.6,236.94,239.38,238.4,240.38,241.02,243.92
375,229.24,231.1,234.12,234.6,236.94,239.38,238.4,240.38,241.02,243.92
376,229.24,231.1,234.12,234.6,236.94,239.38,238.4,240.38,241.02,243.92
377,229.24,231.1,234.12,234.56,236.94,239.38,238.38,240.38,241.02,243.92
378,229.24,231.1,234.1,234.54,236.94,239.36,238.38,240.38,241.02,243.92
379,229.24,231.06,234.06,234.5,236.94,239.36,238.38,240.38,241.02,243.92
380,229.22,231.06,234.06,234.48,236.94,239.36,238.38,240.38,241.02,243.92
381,229.2,231.06,234.02,234.46,236.94,239.36,238.38,240.38,241.02,243.92
382,229.2,231.04,234.0,234.46,236.94,239.36,238.38,240.38,241.02,243.92
383,229.18,231.04,233.96,234.46,236.94,239.36,238.38,240.38,241.02,243.92
384,229.16,231.04,233.92,234.44,236.94,239.34,238.38,240.36,241.02,243.92
385,229.16,231.02,233.86,234.42,236.94,239.34,238.38,240.36,241.02,243.92
386,229.16,231.0,233.86,234.42,236.94,239.32,238.38,240.36,241.02,243.9
387,229.14,231.0,233.84,234.4,236.94,239.32,238.36,240.36,241.02,243.9
388,229.12,230.98,233.84,234.38,236.94,239.32,238.36,240.36,241.02,243.9
389,229.08,230.98,233.82,234.38,236.94,239.32,238.36,240.36,241.02,243.9
390,229.04,230.98,233.82,234.38,236.94,239.32,238.36,240.36,241.02,243.88
391,229.04,230.96,233.8,234.34,236.92,239.32,238.34,240.36,241.02,243.88
392,229.0,230.96,233.8,234.32,236.92,239.32,238.34,240.36,241.02,243.88
393,228.98,230.96,233.8,234.3,236.92,239.32,238.34,240.36,241.02,243.88
394,228.94,230.94,233.8,234.3,236.92,239.32,238.34,240.34,241.02,243.88
395,228.92,230.94,233.8,234.3,236.92,239.32,238.34,240.34,241.02,243.88
396,228.92,230.9,233.8,234.3,236.92,239.32,238.34,240.34,241.02,243.88
397,228.92,230.86,233.8,234.26,236.92,239.32,238.32,240.34,241.02,243.88
398,228.92,230.84,233.8,234.24,236.92,239.32,238.32,240.34,241.02,243.88
399,228.92,230.84,233.74,234.24,236.92,239.32,238.32,240.34,241.02,243.88
400,228.9,230.82,233.74,234.24,236.92,239.32,238.32,240.34,241.02,243.88
401,228.86,230.78,233.74,234.24,236.92,239.32,238.32,240.32,241.02,243.88
402,228.86,230.78,233.7,234.24,236.92,239.32,238.32,240.32,241.02,243.88
403,228.86,230.76,233.68,234.22,236.92,239.32,238.32,240.32,241.02,243.88
404,228.86,230.68,233.68,234.2,236.88,239.32,238.32,240.32,241.02,243.88
405,228.86,230.68,233.68,234.18,236.88,239.32,238.28,240.32,241.02,243.88
406,228.84,230.68,233.66,234.18,236.88,239.32,238.28,240.32,241.02,243.88
407,228.82,230.62,233.64,234.18,236.88,239.3,238.28,240.32,241.02,243.88
408,228.82,230.62,233.64,234.18,236.88,239.3,238.28,240.32,241.0,243.88
409,228.78,230.62,233.64,234.18,236.88,239.3,238.28,240.32,241.0,243.88
410,228.76,230.62,233.58,234.18,236.88,239.3,238.28,240.32,241.0,243.88
411,228.66,230.6,233.58,234.18,236.88,239.3,238.26,240.32,241.0,243.88
412,228.66,230.6,233.54,234.16,236.88,239.3,238.26,240.32,241.0,243.88
413,228.66,230.6,233.54,234.16,236.88,239.3,238.26,240.32,241.0,243.88
414,228.66,230.6,233.52,234.14,236.88,239.3,238.24,240.32,241.0,243.88
415,228.64,230.6,233.52,234.14,236.88,239.3,238.24,240.32,241.0,243.88
416,228.6,230.6,233.5,234.14,236.88,239.3,238.24,240.32,241.0,243.88
417,228.6,230.6,233.5,234.14,236.88,239.3,238.24,240.32,240.98,243.88
418,228.56,230.58,233.5,234.14,236.88,239.26,238.24,240.32,240.98,243.88
419,228.54,230.58,233.46,234.14,236.88,239.26,238.24,240.32,240.98,243.88
420,228.54,230.58,233.46,234.12,236.88,239.26,238.22,240.32,240.98,243.88
421,228.54,230.5,233.46,234.08,236.86,239.26,238.22,240.32,240.98,243.88
422,228.52,230.48,233.46,234.08,236.86,239.26,238.22,240.32,240.98,243.88
423,228.5,230.46,233.46,234.08,236.86,239.26,238.22,240.32,240.98,243.88
424,228.48,230.44,233.46,234.08,236.86,239.24,238.22,240.32,240.98,243.88
425,228.46,230.42,233.46,234.06,236.86,239.22,238.22,240.32,240.98,243.88
426,228.44,230.4,233.46,234.04,236.84,239.22,238.22,240.3,240.96,243.88
427,228.44,230.4,233.4,234.04,236.84,239.22,238.22,240.3,240.96,243.88
428,228.4,230.4,233.4,234.04,236.84,239.22,238.2,240.3,240.96,243.88
429,228.38,230.4,233.4,234.02,236.84,239.22,238.2,240.3,240.96,243.88
430,228.38,230.4,233.4,234.0,236.84,239.22,238.2,240.3,240.96,243.88
431,228.36,230.4,233.38,234.0,236.84,239.2,238.2,240.28,240.96,243.88
432,228.32,230.4,233.38,234.0,236.84,239.2,238.2,240.28,240.96,243.84
433,228.32,230.4,233.36,234.0,236.84,239.2,238.2,240.28,240.96,243.84
434,228.32,230.4,233.36,234.0,236.84,239.2,238.2,240.28,240.96,243.84
435,228.32,230.38,233.34,234.0,236.8,239.2,238.2,240.28,240.96,243.84
436,228.3,230.36,233.34,234.0,236.8,239.2,238.2,240.28,240.96,243.84
437,228.28,230.34,233.34,234.0,236.78,239.2,238.2,240.28,240.96,243.84
438,228.26,230.34,233.34,234.0,236.74,239.2,238.2,240.28,240.96,243.84
439,228.26,230.34,233.32,234.0,236.74,239.2,238.2,240.28,240.96,243.84
440,228.24,230.34,233.3,234.0,236.72,239.2,238.2,240.28,240.96,243.84
441,228.24,230.34,233.3,234.0,236.72,239.2,238.2,240.24,240.96,243.84
442,228.22,230.32,233.24,234.0,236.72,239.2,238.2,240.24,240.96,243.84
443,228.2,230.32,233.22,234.0,236.72,239.2,238.18,240.24,240.96,243.84
444,228.2,230.32,233.22,233.98,236.7,239.2,238.16,240.24,240.96,243.84
445,228.2,230.3,233.2,233.96,236.68,239.18,238.16,240.24,240.96,243.84
446,228.18,230.3,233.18,233.96,236.68,239.18,238.16,240.24,240.96,243.84
447,228.18,230.28,233.16,233.94,236.68,239.18,238.16,240.22,240.96,243.82
448,228.18,230.28,233.14,233.94,236.68,239.16,238.14,240.22,240.96,243.82
449,228.18,230.28,233.12,233.94,236.68,239.16,238.14,240.2,240.96,243.82
450,228.16,230.26,233.08,233.94,236.68,239.14,238.12,240.18,240.96,243.82
451,228.16,230.24,233.08,233.94,236.68,239.14,238.12,240.14,240.96,243.82
452,228.16,230.24,233.08,233.94,236.68,239.1,238.12,240.14,240.96,243.82
453,228.12,230.24,233.04,233.92,236.68,239.1,238.12,240.12,240.96,243.82
454,228.08,230.24,233.02,233.92,236.68,239.1,238.12,240.12,240.96,243.82
455,228.08,230.24,232.94,233.9,236.68,239.08,238.12,240.1,240.96,243.82
456,228.04,230.24,232.94,233.9,236.68,239.08,238.12,240.08,240.96,243.82
457,228.02,230.24,232.92,233.9,236.68,239.08,238.12,240.06,240.96,243.82
458,228.02,230.22,232.92,233.9,236.68,239.08,238.12,240.04,240.96,243.82
459,228.02,230.22,232.92,233.9,236.68,239.08,238.12,240.02,240.96,243.82
460,228.0,230.22,232.92,233.9,236.68,239.08,238.12,240.02,240.94,243.82
461,228.0,230.18,232.92,233.9,236.68,239.08,238.1,240.0,240.94,243.82
462,228.0,230.14,232.9,233.9,236.68,239.06,238.1,240.0,240.94,243.82
463,228.0,230.14,232.88,233.9,236.68,239.06,238.1,239.98,240.94,243.82
464,227.98,230.14,232.88,233.86,236.68,239.06,238.1,239.96,240.94,243.82
465,227.98,230.14,232.88,233.86,236.68,239.04,238.1,239.96,240.94,243.82
466,227.98,230.14,232.86,233.84,236.66,239.04,238.1,239.96,240.94,243.82
467,227.98,230.14,232.86,233.84,236.66,239.04,238.1,239.94,240.94,243.82
468,227.98,230.14,232.86,233.84,236.66,239.04,238.1,239.94,240.94,243.82
469,227.96,230.14,232.86,233.84,236.66,239.04,238.1,239.94,240.94,243.82
470,227.96,230.12,232.84,233.82,236.66,239.02,238.1,239.94,240.94,243.82
471,227.92,230.12,232.84,233.8,236.66,239.02,238.1,239.94,240.94,243.82
472,227.88,230.1,232.84,233.8,236.66,239.02,238.1,239.94,240.94,243.82
473,227.86,230.08,232.84,233.8,236.66,239.02,238.1,239.94,240.94,243.82
474,227.86,230.04,232.82,233.8,236.66,239.02,238.1,239.94,240.94,243.82
475,227.78,230.04,232.82,233.8,236.66,239.02,238.1,239.94,240.94,243.82
476,227.78,230.04,232.82,233.8,236.66,239.02,238.08,239.94,240.94,243.82
477,227.78,230.04,232.8,233.8,236.66,239.02,238.08,239.94,240.94,243.82
478,227.76,230.04,232.8,233.8,236.66,239.02,238.08,239.94,240.94,243.82
479,227.76,230.04,232.78,233.8,236.66,239.02,238.08,239.94,240.94,243.82
480,227.76,230.04,232.74,233.8,236.66,239.02,238.08,239.92,240.94,243.82
481,227.76,230.02,232.72,233.8,236.66,239.02,238.08,239.92,240.94,243.82
482,227.74,230.0,232.72,233.8,236.66,239.02,238.08,239.92,240.92,243.82
483,227.74,229.96,232.72,233.8,236.66,239.02,238.08,239.92,240.92,243.82
484,227.72,229.96,232.72,233.78,236.66,239.02,238.08,239.9,240.92,243.82
485,227.72,229.96,232.72,233.78,236.66,238.98,238.06,239.9,240.92,243.82
486,227.72,229.96,232.72,233.76,236.66,238.98,238.06,239.9,240.92,243.82
487,227.72,229.96,232.68,233.76,236.66,238.98,238.06,239.9,240.86,243.82
488,227.72,229.96,232.64,233.76,236.64,238.98,238.06,239.9,240.86,243.82
489,227.72,229.96,232.62,233.7,236.64,238.98,238.06,239.9,240.86,243.82
490,227.72,229.96,232.58,233.7,236.64,238.98,238.06,239.9,240.86,243.82
491,227.7,229.96,232.58,233.66,236.64,238.98,238.06,239.9,240.86,243.82
492,227.7,229.96,232.58,233.66,236.64,238.98,238.06,239.9,240.86,243.82
493,227.7,229.92,232.58,233.62,236.64,238.98,238.06,239.9,240.86,243.82
494,227.7,229.9,232.58,233.62,236.64,238.98,238.06,239.9,240.86,243.82
495,227.68,229.9,232.54,233.62,236.62,238.98,238.04,239.9,240.86,243.82
496,227.68,229.86,232.52,233.62,236.62,238.98,238.0,239.9,240.86,243.82
497,227.68,229.84,232.42,233.62,236.62,238.98,238.0,239.9,240.86,243.82
498,227.64,229.78,232.38,233.62,236.62,238.98,238.0,239.9,240.86,243.82
499,227.64,229.78,232.38,233.6,236.62,238.96,238.0,239.9,240.86,243.82
500,227.64,229.78,232.36,233.56,236.6,238.96,238.0,239.9,240.86,243.82
501,227.64,229.78,232.36,233.56,236.6,238.96,238.0,239.9,240.84,243.82
502,227.64,229.78,232.36,233.56,236.6,238.96,238.0,239.9,240.84,243.82
503,227.64,229.78,232.32,233.56,236.6,238.96,238.0,239.9,240.84,243.82
504,227.64,229.78,232.32,233.56,236.6,238.96,238.0,239.9,240.84,243.82
505,227.62,229.78,232.3,233.56,236.6,238.96,238.0,239.9,240.84,243.8
506,227.6,229.76,232.26,233.56,236.6,238.96,238.0,239.9,240.84,243.8
507,227.6,229.76,232.26,233.56,236.6,238.94,238.0,239.9,240.84,243.8
508,227.58,229.74,232.26,233.56,236.58,238.94,238.0,239.9,240.84,243.8
509,227.58,229.72,232.26,233.56,236.58,238.94,238.0,239.9,240.82,243.8
510,227.56,229.7,232.26,233.56,236.58,238.94,238.0,239.88,240.8,243.8
511,227.52,229.68,232.26,233.56,236.58,238.94,237.98,239.88,240.8,243.8
512,227.48,229.68,232.24,233.56,236.58,238.94,237.98,239.88,240.8,243.8
513,227.44,229.68,232.18,233.56,236.58,238.94,237.98,239.88,240.8,243.8
514,227.44,229.66,232.18,233.54,236.58,238.94,237.96,239.88,240.8,243.8
515,227.42,229.62,232.18,233.54,236.58,238.94,237.96,239.88,240.8,243.8
516,227.42,229.62,232.16,233.54,236.58,238.94,237.96,239.86,240.8,243.8
517,227.42,229.62,232.16,233.5,236.58,238.94,237.96,239.86,240.8,243.8
518,227.4,229.6,232.14,233.5,236.58,238.94,237.96,239.86,240.76,243.8
519,227.38,229.58,232.14,233.5,236.58,238.94,237.96,239.86,240.76,243.8
520,227.38,229.56,232.12,233.5,236.58,238.94,237.96,239.86,240.76,243.8
521,227.38,229.54,232.12,233.5,236.58,238.94,237.96,239.86,240.76,243.8
522,227.38,229.54,232.12,233.48,236.58,238.94,237.96,239.86,240.76,243.8
523,227.38,229.52,232.12,233.48,236.58,238.94,237.96,239.86,240.76,243.8
524,227.36,229.52,232.12,233.48,236.58,238.94,237.92,239.86,240.76,243.8
525,227.36,229.5,232.12,233.48,236.58,238.94,237.92,239.84,240.76,243.8
526,227.34,229.5,232.12,233.48,236.58,238.94,237.92,239.84,240.76,243.8
527,227.34,229.5,232.12,233.48,236.58,238.94,237.9,239.84,240.76,243.78
528,227.32,229.48,232.1,233.48,236.58,238.92,237.9,239.82,240.76,243.78
529,227.3,229.48,232.1,233.46,236.58,238.92,237.9,239.82,240.76,243.78
530,227.26,229.48,232.06,233.46,236.58,238.9,237.9,239.82,240.76,243.78
531,227.26,229.48,232.06,233.46,236.58,238.9,237.9,239.82,240.76,243.78
532,227.26,229.48,232.04,233.46,236.58,238.9,237.9,239.8,240.76,243.78
533,227.24,229.48,232.04,233.46,236.56,238.88,237.88,239.78,240.76,243.78
534,227.24,229.48,232.04,233.46,236.56,238.88,237.88,239.78,240.76,243.78
535,227.24,229.46,232.0,233.46,236.56,238.88,237.86,239.78,240.76,243.78
536,227.2,229.4,232.0,233.42,236.56,238.88,237.86,239.76,240.76,243.78
537,227.18,229.38,232.0,233.42,236.56,238.88,237.86,239.76,240.76,243.78
538,227.16,229.38,232.0,233.4,236.56,238.86,237.86,239.76,240.76,243.78
539,227.16,229.34,231.98,233.36,236.56,238.86,237.86,239.76,240.76,243.78
540,227.16,229.34,231.98,233.36,236.56,238.86,237.86,239.72,240.74,243.78
541,227.14,229.34,231.98,233.36,236.54,238.86,237.86,239.72,240.74,243.78
542,227.1,229.34,231.98,233.36,236.5,238.84,237.86,239.72,240.74,243.78
543,227.08,229.34,231.98,233.36,236.48,238.84,237.86,239.72,240.74,243.78
544,227.06,229.34,231.98,233.36,236.48,238.84,237.86,239.72,240.74,243.78
545,227.06,229.34,231.98,233.34,236.48,238.8,237.86,239.72,240.74,243.76
546,227.06,229.32,231.96,233.34,236.48,238.8,237.86,239.72,240.74,243.76
547,227.04,229.28,231.96,233.34,236.46,238.78,237.86,239.72,240.74,243.76
548,227.04,229.28,231.94,233.34,236.46,238.78,237.86,239.72,240.74,243.76
549,227.04,229.28,231.94,233.32,236.46,238.78,237.86,239.72,240.74,243.76
550,227.04,229.28,231.92,233.28,236.42,238.78,237.86,239.72,240.74,243.74
551,227.0,229.28,231.92,233.24,236.42,238.78,237.84,239.72,240.74,243.74
552,226.94,229.28,231.92,233.2,236.42,238.78,237.84,239.7,240.74,243.74
553,226.94,229.28,231.92,233.2,236.42,238.78,237.8,239.7,240.74,243.74
554,226.92,229.28,231.9,233.2,236.42,238.78,237.8,239.7,240.72,243.74
555,226.92,229.26,231.9,233.18,236.42,238.78,237.8,239.7,240.72,243.74
556,226.92,229.26,231.9,233.18,236.42,238.78,237.8,239.68,240.72,243.74
557,226.92,229.26,231.9,233.18,236.4,238.78,237.8,239.68,240.72,243.74
558,226.9,229.26,231.88,233.18,236.38,238.78,237.8,239.68,240.72,243.74
559,226.88,229.26,231.88,233.18,236.38,238.78,237.8,239.66,240.72,243.74
560,226.86,229.24,231.88,233.18,236.38,238.78,237.8,239.66,240.72,243.74
561,226.86,229.22,231.88,233.18,236.38,238.78,237.8,239.64,240.72,243.74
562,226.86,229.22,231.86,233.16,236.38,238.76,237.8,239.64,240.7,243.74
563,226.84,229.18,231.86,233.16,236.36,238.76,237.8,239.64,240.7,243.74
564,226.82,229.18,231.86,233.16,236.36,238.76,237.8,239.64,240.7,243.74
565,226.8,229.18,231.86,233.14,236.36,238.76,237.8,239.64,240.7,243.74
566,226.8,229.14,231.84,233.14,236.36,238.76,237.8,239.64,240.7,243.74
567,226.78,229.14,231.84,233.12,236.34,238.76,237.8,239.64,240.7,243.74
568,226.76,229.14,231.8,233.12,236.34,238.76,237.8,239.64,240.7,243.74
569,226.76,229.1,231.8,233.12,236.34,238.74,237.78,239.64,240.7,243.74
570,226.76,229.1,231.8,233.12,236.34,238.74,237.78,239.64,240.7,243.74
571,226.72,229.08,231.8,233.12,236.34,238.74,237.78,239.64,240.7,243.74
572,226.7,229.08,231.8,233.12,236.34,238.74,237.78,239.64,240.7,243.74
573,226.68,229.08,231.8,233.1,236.32,238.74,237.78,239.64,240.7,243.74
574,226.68,229.08,231.76,233.08,236.32,238.74,237.74,239.62,240.7,243.74
575,226.66,229.08,231.76,233.04,236.28,238.74,237.74,239.62,240.7,243.74
576,226.64,229.06,231.76,233.04,236.28,238.74,237.74,239.62,240.7,243.72
577,226.62,229.06,231.74,233.04,236.26,238.74,237.74,239.62,240.7,243.72
578,226.58,229.06,231.74,233.04,236.22,238.74,237.74,239.62,240.7,243.72
579,226.58,229.06,231.74,233.04,236.2,238.74,237.74,239.62,240.7,243.72
580,226.56,229.06,231.72,233.04,236.2,238.74,237.74,239.62,240.7,243.72
581,226.54,229.06,231.68,233.02,236.2,238.74,237.74,239.62,240.7,243.72
582,226.54,229.04,231.68,233.02,236.2,238.74,237.74,239.62,240.7,243.72
583,226.54,229.04,231.68,233.02,236.2,238.74,237.74,239.62,240.7,243.72
584,226.52,229.02,231.68,233.0,236.2,238.74,237.74,239.62,240.7,243.72
585,226.5,229.02,231.68,233.0,236.2,238.74,237.74,239.62,240.7,243.72
586,226.5,229.0,231.68,233.0,236.18,238.74,237.74,239.62,240.7,243.72
587,226.5,229.0,231.68,233.0,236.18,238.74,237.74,239.62,240.68,243.72
588,226.48,229.0,231.68,233.0,236.16,238.74,237.74,239.62,240.68,243.72
589,226.48,228.96,231.62,233.0,236.12,238.74,237.74,239.62,240.68,243.72
590,226.48,228.96,231.62,232.98,236.12,238.74,237.74,239.62,240.68,243.72
591,226.48,228.96,231.6,232.96,236.1,238.74,237.74,239.62,240.68,243.72
592,226.48,228.94,231.6,232.96,236.1,238.74,237.74,239.62,240.66,243.72
593,226.48,228.94,231.6,232.96,236.1,238.74,237.74,239.62,240.66,243.72
594,226.46,228.94,231.6,232.94,236.1,238.74,237.74,239.6,240.66,243.72
595,226.44,228.92,231.58,232.94,236.1,238.74,237.74,239.6,240.66,243.7
596,226.44,228.88,231.58,232.92,236.08,238.74,237.74,239.6,240.66,243.7
597,226.44,228.88,231.58,232.92,236.08,238.74,237.74,239.58,240.66,243.7
598,226.44,228.88,231.58,232.92,236.08,238.74,237.74,239.58,240.66,243.7
599,226.42,228.88,231.58,232.9,236.08,238.72,237.74,239.58,240.66,243.7
600,226.42,228.88,231.58,232.88,236.08,238.72,237.74,239.58,240.66,243.7
601,226.38,228.88,231.58,232.86,236.06,238.72,237.72,239.56,240.66,243.7
602,226.38,228.86,231.58,232.86,236.06,238.72,237.72,239.56,240.66,243.7
603,226.38,228.86,231.58,232.86,236.06,238.72,237.7,239.56,240.66,243.7
604,226.36,228.86,231.56,232.86,236.06,238.68,237.7,239.56,240.66,243.7
605,226.36,228.86,231.56,232.86,236.06,238.68,237.7,239.54,240.66,243.7
606,226.36,228.84,231.54,232.86,236.06,238.66,237.7,239.54,240.66,243.7
607,226.34,228.84,231.54,232.84,236.06,238.66,237.7,239.54,240.66,243.7
608,226.32,228.84,231.52,232.84,236.06,238.66,237.7,239.54,240.66,243.7
609,226.26,228.84,231.52,232.82,236.06,238.66,237.7,239.54,240.66,243.7
610,226.26,228.84,231.52,232.76,236.04,238.66,237.7,239.54,240.66,243.7
611,226.26,228.78,231.5,232.74,236.02,238.62,237.7,239.54,240.66,243.7
612,226.22,228.76,231.5,232.74,236.02,238.62,237.7,239.54,240.66,243.7
613,226.22,228.76,231.5,232.74,236.02,238.62,237.7,239.54,240.66,243.7
614,226.22,228.76,231.48,232.74,236.02,238.62,237.7,239.54,240.66,243.7
615,226.22,228.74,231.48,232.74,236.02,238.62,237.7,239.54,240.64,243.7
616,226.22,228.74,231.48,232.74,236.02,238.62,237.7,239.54,240.64,243.7
617,226.22,228.74,231.46,232.74,236.02,238.6,237.7,239.54,240.64,243.7
618,226.2,228.74,231.44,232.72,236.02,238.6,237.68,239.54,240.6,243.7
619,226.2,228.74,231.44,232.72,236.02,238.6,237.62,239.54,240.6,243.7
620,226.18,228.74,231.44,232.7,236.02,238.6,237.62,239.54,240.6,243.7
621,226.18,228.74,231.44,232.7,236.02,238.6,237.62,239.54,240.6,243.7
622,226.18,228.74,231.42,232.7,236.02,238.6,237.62,239.54,240.6,243.7
623,226.18,228.74,231.4,232.7,236.02,238.6,237.62,239.54,240.6,243.7
624,226.14,228.7,231.4,232.7,236.02,238.6,237.62,239.54,240.6,243.7
625,226.14,228.66,231.38,232.7,236.0,238.6,237.6,239.54,240.6,243.7
626,226.14,228.64,231.38,232.68,236.0,238.6,237.58,239.54,240.6,243.7
627,226.14,228.64,231.38,232.68,236.0,238.6,237.58,239.54,240.56,243.7
628,226.12,228.62,231.36,232.68,236.0,238.6,237.58,239.54,240.56,243.7
629,226.12,228.62,231.36,232.66,236.0,238.6,237.58,239.54,240.56,243.7
630,226.12,228.6,231.36,232.66,236.0,238.6,237.58,239.54,240.56,243.68
631,226.1,228.6,231.36,232.66,236.0,238.6,237.58,239.54,240.56,243.68
632,226.08,228.6,231.36,232.66,236.0,238.6,237.58,239.54,240.56,243.68
633,226.06,228.6,231.36,232.66,236.0,238.6,237.58,239.54,240.56,243.68
634,226.06,228.6,231.36,232.66,236.0,238.6,237.58,239.54,240.54,243.66
635,226.06,228.58,231.36,232.66,236.0,238.6,237.58,239.54,240.54,243.66
636,226.06,228.58,231.36,232.66,236.0,238.6,237.58,239.54,240.54,243.66
637,226.04,228.56,231.36,232.62,236.0,238.58,237.58,239.54,240.54,243.66
638,226.04,228.56,231.36,232.62,236.0,238.58,237.58,239.54,240.52,243.66
639,226.04,228.56,231.34,232.62,236.0,238.58,237.58,239.54,240.52,243.66
640,226.02,228.56,231.34,232.62,235.98,238.58,237.58,239.54,240.52,243.66
641,226.02,228.56,231.34,232.62,235.98,238.58,237.56,239.54,240.52,243.66
642,225.98,228.56,231.34,232.62,235.98,238.58,237.56,239.54,240.52,243.66
643,225.96,228.56,231.32,232.62,235.98,238.58,237.56,239.54,240.52,243.66
644,225.96,228.54,231.32,232.62,235.98,238.58,237.54,239.54,240.52,243.66
645,225.96,228.52,231.32,232.62,235.98,238.58,237.54,239.54,240.52,243.66
646,225.96,228.52,231.28,232.62,235.98,238.58,237.54,239.54,240.52,243.66
647,225.94,228.52,231.28,232.6,235.98,238.58,237.54,239.54,240.5,243.66
648,225.94,228.52,231.26,232.6,235.98,238.58,237.54,239.54,240.5,243.66
649,225.92,228.52,231.26,232.6,235.98,238.58,237.54,239.54,240.48,243.66
650,225.92,228.52,231.24,232.6,235.98,238.58,237.54,239.54,240.46,243.66
651,225.9,228.52,231.24,232.58,235.98,238.58,237.54,239.54,240.46,243.66
652,225.88,228.52,231.24,232.56,235.96,238.58,237.54,239.54,240.46,243.66
653,225.88,228.52,231.24,232.56,235.96,238.58,237.52,239.54,240.46,243.66
654,225.84,228.52,231.24,232.56,235.96,238.58,237.52,239.54,240.46,243.66
655,225.82,228.52,231.24,232.52,235.96,238.58,237.52,239.54,240.44,243.66
656,225.8,228.52,231.24,232.52,235.96,238.58,237.52,239.54,240.44,243.66
657,225.8,228.5,231.24,232.5,235.96,238.58,237.52,239.54,240.44,243.66
658,225.8,228.48,231.24,232.5,235.96,238.56,237.52,239.54,240.42,243.66
659,225.8,228.48,231.22,232.5,235.96,238.56,237.52,239.54,240.42,243.66
660,225.8,228.48,231.22,232.5,235.96,238.56,237.52,239.54,240.42,243.66
661,225.76,228.48,231.2,232.5,235.96,238.56,237.52,239.54,240.42,243.66
662,225.76,228.48,231.18,232.5,235.96,238.56,237.52,239.52,240.42,243.66
663,225.74,228.48,231.18,232.5,235.96,238.56,237.52,239.52,240.42,243.66
664,225.74,228.48,231.18,232.5,235.96,238.56,237.52,239.52,240.42,243.66
665,225.72,228.48,231.18,232.5,235.96,238.56,237.52,239.52,240.42,243.66
666,225.72,228.48,231.18,232.5,235.96,238.56,237.52,239.52,240.4,243.66
667,225.72,228.48,231.18,232.5,235.96,238.56,237.52,239.52,240.4,243.62
668,225.72,228.48,231.18,232.5,235.96,238.56,237.52,239.52,240.38,243.62
669,225.7,228.46,231.18,232.5,235.96,238.56,237.52,239.52,240.38,243.62
670,225.68,228.46,231.18,232.5,235.96,238.56,237.52,239.5,240.38,243.62
671,225.66,228.46,231.18,232.5,235.94,238.56,237.52,239.5,240.38,243.62
672,225.66,228.42,231.18,232.5,235.94,238.54,237.52,239.5,240.38,243.62
673,225.64,228.4,231.16,232.5,235.92,238.54,237.5,239.5,240.38,243.62
674,225.64,228.4,231.14,232.5,235.9,238.54,237.5,239.5,240.38,243.62
675,225.64,228.4,231.14,232.5,235.9,238.54,237.5,239.5,240.38,243.62
676,225.62,228.4,231.14,232.5,235.9,238.54,237.5,239.5,240.38,243.62
677,225.58,228.4,231.14,232.5,235.88,238.54,237.5,239.5,240.38,243.62
678,225.56,228.4,231.12,232.48,235.88,238.54,237.5,239.5,240.38,243.62
679,225.56,228.4,231.08,232.48,235.88,238.54,237.5,239.5,240.38,243.62
680,225.54,228.4,231.08,232.46,235.88,238.54,237.5,239.5,240.38,243.62
681,225.5,228.4,231.08,232.46,235.88,238.54,237.5,239.5,240.38,243.62
682,225.5,228.4,231.06,232.44,235.88,238.54,237.5,239.5,240.38,243.62
683,225.48,228.4,231.06,232.44,235.88,238.54,237.5,239.5,240.38,243.62
684,225.48,228.4,231.04,232.44,235.86,238.54,237.48,239.5,240.38,243.62
685,225.48,228.38,231.04,232.44,235.86,238.54,237.48,239.5,240.38,243.62
686,225.46,228.36,231.04,232.44,235.86,238.54,237.48,239.5,240.38,243.62
687,225.44,228.36,231.04,232.44,235.86,238.54,237.46,239.5,240.38,243.62
688,225.44,228.36,231.04,232.44,235.86,238.54,237.46,239.5,240.38,243.62
689,225.44,228.36,231.04,232.44,235.86,238.54,237.46,239.5,240.38,243.62
690,225.42,228.36,231.04,232.44,235.86,238.54,237.46,239.5,240.38,243.62
691,225.42,228.36,231.04,232.42,235.86,238.54,237.46,239.5,240.38,243.62
692,225.42,228.36,231.04,232.42,235.86,238.54,237.46,239.5,240.38,243.62
693,225.42,228.36,231.02,232.42,235.86,238.54,237.46,239.5,240.38,243.62
694,225.42,228.36,231.0,232.42,235.84,238.54,237.46,239.5,240.38,243.62
695,225.4,228.34,230.98,232.38,235.84,238.54,237.46,239.5,240.38,243.62
696,225.38,228.34,230.98,232.38,235.84,238.54,237.46,239.5,240.38,243.62
697,225.38,228.34,230.98,232.36,235.84,238.54,237.44,239.5,240.38,243.62
698,225.34,228.32,230.98,232.36,235.84,238.52,237.44,239.5,240.38,243.62
699,225.34,228.32,230.98,232.36,235.84,238.52,237.44,239.5,240.38,243.62
700,225.34,228.32,230.94,232.36,235.84,238.52,237.44,239.5,240.38,243.62
701,225.3,228.32,230.92,232.34,235.84,238.52,237.44,239.5,240.38,243.62
702,225.28,228.32,230.86,232.32,235.84,238.52,237.44,239.5,240.38,243.62
703,225.28,228.3,230.86,232.32,235.84,238.52,237.44,239.5,240.38,243.62
704,225.26,228.3,230.86,232.32,235.84,238.52,237.44,239.5,240.38,243.62
705,225.24,228.26,230.86,232.32,235.84,238.52,237.44,239.5,240.38,243.62
706,225.24,228.26,230.86,232.3,235.82,238.52,237.44,239.5,240.36,243.62
707,225.22,228.26,230.86,232.3,235.82,238.52,237.44,239.5,240.36,243.62
708,225.22,228.26,230.86,232.3,235.82,238.52,237.44,239.5,240.36,243.62
709,225.22,228.26,230.86,232.3,235.8,238.52,237.44,239.5,240.36,243.62
710,225.22,228.26,230.84,232.3,235.8,238.52,237.44,239.5,240.36,243.62
711,225.22,228.26,230.82,232.3,235.78,238.52,237.44,239.5,240.36,243.62
712,225.22,228.26,230.82,232.3,235.78,238.52,237.44,239.5,240.36,243.62
713,225.22,228.26,230.82,232.28,235.78,238.52,237.44,239.5,240.36,243.62
714,225.2,228.26,230.82,232.28,235.78,238.52,237.44,239.5,240.36,243.56
715,225.2,228.26,230.82,232.28,235.74,238.52,237.44,239.5,240.36,243.56
716,225.18,228.26,230.82,232.28,235.74,238.52,237.44,239.5,240.36,243.56
717,225.18,228.26,230.82,232.26,235.74,238.52,237.44,239.5,240.36,243.56
718,225.18,228.26,230.82,232.24,235.74,238.5,237.42,239.5,240.36,243.52
719,225.16,228.26,230.82,232.24,235.74,238.5,237.42,239.5,240.36,243.52
720,225.16,228.2,230.82,232.24,235.74,238.48,237.42,239.5,240.36,243.52
721,225.16,228.2,230.82,232.22,235.74,238.48,237.42,239.5,240.36,243.52
722,225.16,228.18,230.82,232.22,235.74,238.48,237.42,239.5,240.36,243.52
723,225.16,228.18,230.82,232.22,235.74,238.48,237.42,239.5,240.36,243.52
724,225.14,228.18,230.82,232.22,235.74,238.48,237.42,239.5,240.36,243.52
725,225.14,228.18,230.82,232.22,235.74,238.48,237.42,239.5,240.36,243.52
726,225.14,228.16,230.82,232.22,235.74,238.48,237.42,239.5,240.34,243.52
727,225.14,228.16,230.82,232.22,235.74,238.48,237.42,239.5,240.34,243.52
728,225.14,228.16,230.82,232.22,235.72,238.48,237.42,239.5,240.34,243.52
729,225.14,228.14,230.8,232.2,235.7,238.48,237.42,239.48,240.34,243.52
730,225.14,228.1,230.8,232.2,235.7,238.48,237.42,239.48,240.34,243.52
731,225.14,228.08,230.8,232.2,235.7,238.48,237.42,239.48,240.34,243.52
732,225.12,228.08,230.8,232.2,235.7,238.48,237.42,239.48,240.34,243.52
733,225.1,228.08,230.8,232.2,235.7,238.48,237.42,239.48,240.34,243.52
734,225.1,228.08,230.8,232.18,235.7,238.48,237.42,239.48,240.34,243.52
735,225.1,228.06,230.8,232.18,235.7,238.48,237.42,239.48,240.34,243.52
736,225.1,228.04,230.76,232.18,235.7,238.48,237.42,239.48,240.34,243.52
737,225.1,228.04,230.76,232.18,235.7,238.48,237.42,239.48,240.28,243.52
738,225.1,228.02,230.76,232.18,235.7,238.48,237.42,239.48,240.28,243.52
739,225.1,228.02,230.76,232.18,235.7,238.48,237.42,239.48,240.28,243.52
740,225.1,228.0,230.76,232.18,235.7,238.46,237.42,239.46,240.28,243.52
741,225.1,228.0,230.76,232.18,235.68,238.44,237.42,239.46,240.28,243.52
742,225.08,227.96,230.76,232.18,235.68,238.44,237.42,239.46,240.28,243.52
743,225.08,227.96,230.76,232.18,235.68,238.44,237.42,239.46,240.28,243.5
744,225.06,227.96,230.76,232.16,235.68,238.44,237.42,239.46,240.28,243.5
745,225.06,227.96,230.76,232.12,235.66,238.44,237.42,239.46,240.28,243.5
746,225.02,227.96,230.76,232.12,235.66,238.44,237.42,239.46,240.28,243.5
747,225.0,227.96,230.76,232.12,235.66,238.44,237.42,239.46,240.28,243.5
748,225.0,227.94,230.7,232.12,235.66,238.44,237.42,239.46,240.28,243.5
749,225.0,227.92,230.7,232.12,235.66,238.44,237.42,239.46,240.28,243.5
750,225.0,227.9,230.7,232.12,235.66,238.44,237.42,239.46,240.28,243.5
751,225.0,227.9,230.7,232.12,235.66,238.44,237.4,239.46,240.28,243.5
752,225.0,227.86,230.7,232.12,235.66,238.44,237.4,239.46,240.28,243.5
753,224.96,227.86,230.7,232.12,235.6,238.44,237.4,239.46,240.28,243.5
754,224.96,227.86,230.68,232.12,235.6,238.42,237.4,239.46,240.28,243.5
755,224.96,227.86,230.68,232.12,235.6,238.42,237.4,239.46,240.28,243.5
756,224.94,227.86,230.66,232.12,235.6,238.42,237.4,239.46,240.28,243.5
757,224.92,227.86,230.66,232.12,235.6,238.42,237.4,239.46,240.26,243.5
758,224.9,227.86,230.64,232.12,235.6,238.42,237.4,239.46,240.26,243.5
759,224.9,227.86,230.64,232.12,235.58,238.42,237.4,239.46,240.26,243.5
760,224.9,227.86,230.64,232.12,235.58,238.42,237.4,239.46,240.26,243.5
761,224.88,227.86,230.62,232.12,235.58,238.42,237.4,239.46,240.26,243.5
762,224.88,227.86,230.56,232.12,235.58,238.42,237.4,239.46,240.26,243.5
763,224.88,227.86,230.56,232.12,235.58,238.4,237.38,239.46,240.26,243.5
764,224.86,227.86,230.56,232.12,235.58,238.4,237.38,239.46,240.26,243.5
765,224.84,227.86,230.54,232.12,235.58,238.4,237.38,239.46,240.26,243.5
766,224.82,227.84,230.52,232.12,235.58,238.4,237.36,239.46,240.26,243.48
767,224.82,227.84,230.52,232.12,235.58,238.4,237.36,239.46,240.26,243.48
768,224.82,227.84,230.52,232.1,235.58,238.4,237.36,239.46,240.26,243.48
769,224.82,227.84,230.52,232.1,235.58,238.4,237.34,239.44,240.24,243.48
770,224.8,227.84,230.52,232.1,235.58,238.4,237.34,239.44,240.24,243.48
771,224.8,227.84,230.5,232.1,235.58,238.4,237.34,239.44,240.24,243.48
772,224.8,227.84,230.5,232.1,235.58,238.4,237.34,239.44,240.22,243.48
773,224.8,227.82,230.5,232.1,235.56,238.4,237.34,239.44,240.22,243.48
774,224.8,227.82,230.5,232.1,235.56,238.4,237.34,239.44,240.22,243.48
775,224.8,227.8,230.5,232.1,235.56,238.4,237.34,239.44,240.22,243.48
776,224.8,227.78,230.5,232.1,235.54,238.4,237.34,239.44,240.22,243.48
777,224.78,227.78,230.5,232.08,235.54,238.4,237.34,239.42,240.22,243.48
778,224.78,227.78,230.5,232.06,235.54,238.38,237.34,239.42,240.22,243.48
779,224.78,227.78,230.5,232.06,235.54,238.38,237.34,239.42,240.22,243.48
780,224.78,227.78,230.5,232.04,235.54,238.38,237.34,239.42,240.22,243.48
781,224.78,227.76,230.5,232.02,235.54,238.38,237.34,239.42,240.22,243.48
782,224.78,227.76,230.5,232.02,235.54,238.38,237.34,239.42,240.22,243.48
783,224.78,227.76,230.48,232.02,235.54,238.38,237.34,239.42,240.22,243.48
784,224.78,227.76,230.46,232.02,235.52,238.38,237.34,239.42,240.22,243.46
785,224.74,227.74,230.46,232.02,235.52,238.38,237.34,239.4,240.22,243.46
786,224.74,227.74,230.46,232.02,235.52,238.38,237.34,239.4,240.22,243.46
787,224.72,227.74,230.46,232.0,235.52,238.38,237.34,239.4,240.22,243.44
788,224.72,227.74,230.46,232.0,235.52,238.38,237.34,239.4,240.22,243.44
789,224.72,227.72,230.44,232.0,235.52,238.38,237.34,239.4,240.22,243.44
790,224.72,227.72,230.42,232.0,235.52,238.38,237.34,239.4,240.22,243.44
791,224.72,227.72,230.42,232.0,235.52,238.38,237.34,239.36,240.22,243.44
792,224.72,227.72,230.42,232.0,235.52,238.38,237.34,239.36,240.22,243.44
793,224.72,227.72,230.42,232.0,235.48,238.38,237.34,239.36,240.22,243.44
794,224.72,227.72,230.42,232.0,235.48,238.38,237.34,239.36,240.22,243.44
795,224.72,227.7,230.42,232.0,235.48,238.38,237.34,239.36,240.22,243.44
796,224.72,227.66,230.42,232.0,235.48,238.38,237.34,239.36,240.22,243.44
797,224.72,227.66,230.42,232.0,235.48,238.38,237.34,239.36,240.22,243.44
798,224.72,227.64,230.42,232.0,235.48,238.38,237.34,239.32,240.22,243.44
799,224.68,227.64,230.4,231.98,235.48,238.38,237.34,239.32,240.22,243.44
800,224.68,227.64,230.4,231.98,235.48,238.38,237.34,239.32,240.22,243.44
801,224.66,227.62,230.4,231.98,235.48,238.36,237.34,239.32,240.22,243.44
802,224.64,227.58,230.38,231.98,235.48,238.36,237.34,239.32,240.22,243.44
803,224.64,227.58,230.38,231.96,235.48,238.34,237.34,239.32,240.22,243.44
804,224.62,227.56,230.38,231.96,235.48,238.34,237.34,239.32,240.22,243.42
805,224.6,227.54,230.38,231.94,235.48,238.34,237.34,239.32,240.22,243.4
806,224.58,227.54,230.38,231.92,235.48,238.34,237.34,239.32,240.22,243.4
807,224.56,227.54,230.36,231.92,235.48,238.34,237.34,239.32,240.22,243.4
808,224.56,227.54,230.34,231.9,235.48,238.34,237.34,239.32,240.22,243.4
809,224.56,227.54,230.34,231.88,235.48,238.34,237.34,239.32,240.22,243.4
810,224.56,227.54,230.32,231.88,235.48,238.34,237.34,239.32,240.22,243.4
811,224.56,227.54,230.32,231.88,235.48,238.34,237.34,239.32,240.22,243.4
812,224.56,227.5,230.32,231.88,235.48,238.34,237.34,239.32,240.22,243.4
813,224.5,227.5,230.28,231.88,235.48,238.34,237.34,239.32,240.22,243.4
814,224.5,227.5,230.28,231.88,235.46,238.34,237.34,239.32,240.22,243.4
815,224.48,227.5,230.28,231.86,235.46,238.34,237.34,239.32,240.22,243.4
816,224.48,227.5,230.28,231.86,235.46,238.34,237.34,239.32,240.22,243.4
817,224.46,227.5,230.28,231.86,235.46,238.32,237.34,239.32,240.22,243.4
818,224.44,227.5,230.28,231.86,235.44,238.32,237.34,239.32,240.22,243.4
819,224.44,227.48,230.26,231.86,235.44,238.32,237.34,239.32,240.22,243.4
820,224.44,227.48,230.26,231.86,235.44,238.32,237.34,239.32,240.22,243.4
821,224.44,227.48,230.26,231.84,235.44,238.3,237.34,239.32,240.22,243.4
822,224.44,227.44,230.26,231.82,235.44,238.3,237.34,239.3,240.22,243.4
823,224.44,227.44,230.26,231.82,235.44,238.3,237.34,239.3,240.22,243.4
824,224.44,227.44,230.26,231.82,235.44,238.3,237.34,239.3,240.22,243.4
825,224.42,227.4,230.24,231.82,235.44,238.3,237.34,239.3,240.22,243.4
826,224.42,227.38,230.24,231.82,235.44,238.3,237.34,239.3,240.2,243.4
827,224.42,227.38,230.24,231.82,235.44,238.3,237.34,239.3,240.2,243.4
828,224.4,227.36,230.24,231.82,235.44,238.3,237.34,239.3,240.2,243.4
829,224.4,227.36,230.22,231.82,235.44,238.3,237.34,239.3,240.2,243.4
830,224.4,227.36,230.22,231.82,235.44,238.3,237.34,239.3,240.2,243.4
831,224.4,227.34,230.18,231.82,235.44,238.3,237.34,239.3,240.2,243.4
832,224.38,227.34,230.18,231.82,235.44,238.3,237.34,239.3,240.2,243.4
833,224.38,227.34,230.18,231.82,235.42,238.28,237.34,239.3,240.2,243.4
834,224.38,227.34,230.18,231.82,235.42,238.28,237.34,239.3,240.2,243.4
835,224.38,227.34,230.18,231.82,235.42,238.28,237.34,239.3,240.2,243.4
836,224.36,227.34,230.18,231.82,235.42,238.28,237.34,239.3,240.2,243.4
837,224.32,227.32,230.18,231.82,235.4,238.28,237.34,239.3,240.2,243.4
838,224.32,227.32,230.18,231.8,235.4,238.28,237.34,239.3,240.2,243.4
839,224.3,227.32,230.18,231.8,235.4,238.26,237.34,239.3,240.2,243.4
840,224.28,227.32,230.18,231.8,235.4,238.26,237.34,239.3,240.2,243.4
841,224.28,227.32,230.18,231.8,235.4,238.26,237.34,239.3,240.2,243.4
842,224.28,227.32,230.18,231.8,235.4,238.26,237.34,239.3,240.2,243.4
843,224.26,227.32,230.18,231.8,235.4,238.26,237.34,239.3,240.2,243.4
844,224.24,227.32,230.18,231.8,235.4,238.24,237.34,239.3,240.2,243.4
845,224.22,227.32,230.18,231.78,235.4,238.24,237.34,239.3,240.2,243.4
846,224.22,227.32,230.18,231.78,235.36,238.24,237.34,239.3,240.2,243.4
847,224.22,227.32,230.18,231.78,235.36,238.24,237.34,239.3,240.16,243.4
848,224.2,227.32,230.18,231.76,235.36,238.24,237.34,239.3,240.16,243.4
849,224.2,227.32,230.18,231.76,235.36,238.24,237.34,239.3,240.16,243.4
850,224.2,227.32,230.18,231.76,235.36,238.22,237.32,239.3,240.16,243.4
851,224.2,227.32,230.16,231.76,235.36,238.22,237.32,239.3,240.16,243.4
852,224.2,227.32,230.16,231.76,235.36,238.22,237.32,239.3,240.16,243.4
853,224.2,227.32,230.14,231.76,235.36,238.22,237.32,239.3,240.16,243.4
854,224.18,227.32,230.14,231.76,235.36,238.22,237.32,239.3,240.16,243.4
855,224.18,227.32,230.14,231.76,235.36,238.22,237.32,239.3,240.16,243.4
856,224.18,227.32,230.14,231.76,235.34,238.22,237.32,239.3,240.16,243.4
857,224.18,227.3,230.14,231.76,235.34,238.22,237.32,239.3,240.16,243.4
858,224.18,227.3,230.14,231.76,235.32,238.22,237.32,239.3,240.16,243.4
859,224.16,227.3,230.14,231.76,235.32,238.22,237.32,239.3,240.14,243.4
860,224.1,227.28,230.1,231.76,235.3,238.22,237.32,239.3,240.14,243.4
861,224.1,227.28,230.1,231.76,235.28,238.22,237.32,239.3,240.14,243.4
862,224.1,227.26,230.1,231.76,235.28,238.22,237.32,239.3,240.14,243.4
863,224.1,227.26,230.1,231.72,235.28,238.2,237.32,239.3,240.14,243.4
864,224.1,227.26,230.1,231.72,235.28,238.2,237.32,239.3,240.14,243.4
865,224.1,227.26,230.1,231.72,235.28,238.2,237.32,239.3,240.14,243.4
866,224.1,227.26,230.1,231.72,235.28,238.2,237.32,239.3,240.14,243.4
867,224.08,227.26,230.1,231.72,235.28,238.2,237.32,239.3,240.14,243.4
868,224.06,227.26,230.1,231.72,235.28,238.2,237.32,239.3,240.14,243.4
869,224.04,227.26,230.1,231.72,235.28,238.2,237.32,239.3,240.14,243.4
870,224.0,227.26,230.1,231.7,235.28,238.2,237.3,239.3,240.14,243.4
871,224.0,227.24,230.1,231.68,235.28,238.2,237.3,239.3,240.12,243.4
872,223.98,227.24,230.06,231.68,235.28,238.18,237.3,239.3,240.12,243.4
873,223.98,227.24,230.06,231.68,235.28,238.18,237.3,239.3,240.12,243.4
874,223.98,227.24,230.04,231.68,235.28,238.18,237.3,239.3,240.12,243.4
875,223.98,227.24,230.02,231.68,235.28,238.18,237.3,239.3,240.12,243.4
876,223.98,227.24,230.0,231.68,235.28,238.18,237.3,239.3,240.12,243.4
877,223.96,227.2,230.0,231.68,235.28,238.18,237.3,239.3,240.12,243.4
878,223.96,227.2,230.0,231.68,235.28,238.18,237.3,239.3,240.12,243.4
879,223.96,227.2,230.0,231.68,235.28,238.18,237.28,239.3,240.12,243.4
880,223.94,227.2,230.0,231.68,235.28,238.18,237.28,239.3,240.12,243.4
881,223.94,227.2,230.0,231.68,235.28,238.16,237.28,239.3,240.12,243.4
882,223.92,227.18,230.0,231.68,235.28,238.16,237.28,239.3,240.12,243.4
883,223.92,227.18,229.98,231.68,235.28,238.16,237.28,239.3,240.12,243.4
884,223.92,227.16,229.96,231.68,235.28,238.16,237.28,239.3,240.12,243.4
885,223.9,227.16,229.94,231.68,235.28,238.12,237.28,239.3,240.12,243.4
886,223.9,227.14,229.92,231.68,235.28,238.12,237.28,239.3,240.12,243.4
887,223.9,227.14,229.92,231.68,235.28,238.1,237.28,239.3,240.12,243.4
888,223.88,227.12,229.92,231.68,235.28,238.1,237.28,239.3,240.12,243.4
889,223.88,227.12,229.92,231.68,235.28,238.1,237.28,239.3,240.12,243.4
890,223.88,227.12,229.92,231.68,235.28,238.08,237.28,239.3,240.12,243.4
891,223.88,227.12,229.92,231.68,235.28,238.08,237.28,239.3,240.12,243.4
892,223.88,227.12,229.92,231.68,235.28,238.08,237.28,239.3,240.12,243.4
893,223.88,227.12,229.92,231.68,235.28,238.08,237.28,239.3,240.12,243.4
894,223.86,227.12,229.92,231.68,235.28,238.08,237.24,239.3,240.12,243.4
895,223.84,227.12,229.92,231.68,235.28,238.08,237.24,239.3,240.12,243.4
896,223.84,227.12,229.92,231.68,235.28,238.08,237.24,239.3,240.12,243.4
897,223.82,227.12,229.9,231.66,235.24,238.08,237.24,239.3,240.12,243.4
898,223.82,227.12,229.9,231.66,235.24,238.08,237.24,239.3,240.12,243.4
899,223.82,227.12,229.9,231.66,235.22,238.08,237.24,239.3,240.12,243.4
900,223.8,227.12,229.9,231.66,235.22,238.08,237.24,239.3,240.12,243.4
901,223.8,227.12,229.9,231.66,235.22,238.08,237.24,239.3,240.12,243.4
902,223.8,227.12,229.9,231.66,235.22,238.08,237.24,239.3,240.12,243.4
903,223.8,227.12,229.9,231.66,235.22,238.08,237.24,239.3,240.12,243.4
904,223.8,227.12,229.9,231.66,235.22,238.08,237.24,239.3,240.12,243.4
905,223.8,227.1,229.9,231.64,235.22,238.08,237.24,239.3,240.12,243.4
906,223.8,227.1,229.9,231.64,235.22,238.08,237.24,239.3,240.12,243.4
907,223.8,227.1,229.9,231.64,235.2,238.08,237.24,239.3,240.12,243.4
908,223.78,227.08,229.9,231.64,235.2,238.08,237.24,239.3,240.12,243.4
909,223.78,227.08,229.9,231.64,235.2,238.08,237.24,239.3,240.12,243.4
910,223.78,227.06,229.9,231.64,235.2,238.08,237.24,239.3,240.12,243.4
911,223.78,227.06,229.9,231.64,235.2,238.08,237.22,239.3,240.12,243.38
912,223.78,227.04,229.9,231.64,235.2,238.08,237.22,239.3,240.12,243.38
913,223.78,227.0,229.9,231.64,235.2,238.08,237.22,239.3,240.12,243.38
914,223.78,227.0,229.9,231.64,235.18,238.08,237.22,239.3,240.12,243.38
915,223.78,226.98,229.9,231.64,235.18,238.08,237.22,239.3,240.12,243.38
916,223.76,226.96,229.9,231.62,235.18,238.08,237.22,239.3,240.12,243.38
917,223.76,226.96,229.9,231.62,235.18,238.08,237.22,239.3,240.12,243.38
918,223.76,226.96,229.9,231.62,235.18,238.08,237.22,239.3,240.12,243.38
919,223.76,226.96,229.9,231.62,235.18,238.08,237.22,239.3,240.12,243.38
920,223.76,226.96,229.9,231.62,235.18,238.08,237.22,239.3,240.12,243.38
921,223.76,226.96,229.9,231.6,235.18,238.08,237.2,239.3,240.12,243.38
922,223.76,226.94,229.9,231.6,235.18,238.08,237.2,239.3,240.12,243.38
923,223.74,226.94,229.9,231.6,235.18,238.08,237.2,239.3,240.12,243.38
924,223.74,226.92,229.9,231.6,235.18,238.08,237.2,239.3,240.12,243.38
925,223.74,226.92,229.9,231.6,235.18,238.06,237.2,239.3,240.12,243.38
926,223.74,226.92,229.86,231.6,235.18,238.06,237.2,239.3,240.12,243.38
927,223.74,226.92,229.86,231.6,235.18,238.06,237.2,239.3,240.12,243.38
928,223.74,226.92,229.86,231.6,235.18,238.06,237.2,239.3,240.12,243.38
929,223.74,226.9,229.86,231.6,235.18,238.02,237.2,239.3,240.12,243.38
930,223.74,226.88,229.86,231.58,235.18,238.02,237.2,239.3,240.12,243.38
931,223.74,226.86,229.86,231.58,235.18,238.02,237.2,239.3,240.12,243.38
932,223.74,226.86,229.86,231.58,235.18,238.02,237.2,239.3,240.12,243.38
933,223.72,226.86,229.86,231.58,235.18,238.02,237.2,239.3,240.12,243.38
934,223.72,226.86,229.86,231.58,235.18,238.02,237.2,239.3,240.12,243.38
935,223.72,226.86,229.86,231.58,235.18,238.02,237.2,239.3,240.12,243.38
936,223.72,226.84,229.86,231.58,235.18,238.02,237.2,239.3,240.12,243.38
937,223.72,226.84,229.86,231.58,235.18,238.02,237.2,239.3,240.12,243.38
938,223.72,226.8,229.86,231.58,235.18,238.02,237.2,239.3,240.12,243.38
939,223.72,226.74,229.86,231.58,235.18,238.02,237.2,239.3,240.12,243.38
940,223.7,226.74,229.86,231.56,235.18,238.02,237.2,239.3,240.12,243.38
941,223.7,226.74,229.86,231.56,235.18,238.02,237.2,239.3,240.12,243.38
942,223.7,226.74,229.86,231.56,235.18,237.98,237.2,239.3,240.12,243.38
943,223.7,226.74,229.86,231.56,235.18,237.96,237.2,239.3,240.12,243.38
944,223.68,226.74,229.86,231.56,235.16,237.96,237.2,239.3,240.12,243.38
945,223.68,226.74,229.86,231.56,235.16,237.96,237.2,239.3,240.12,243.38
946,223.68,226.74,229.86,231.54,235.16,237.94,237.2,239.3,240.12,243.38
947,223.68,226.74,229.86,231.52,235.16,237.94,237.2,239.3,240.12,243.38
948,223.68,226.74,229.86,231.52,235.16,237.94,237.2,239.3,240.12,243.38
949,223.68,226.72,229.86,231.52,235.16,237.94,237.2,239.3,240.12,243.38
950,223.68,226.72,229.86,231.52,235.16,237.94,237.2,239.3,240.12,243.38
951,223.68,226.72,229.86,231.52,235.14,237.94,237.2,239.3,240.12,243.38
952,223.68,226.68,229.86,231.52,235.14,237.94,237.2,239.3,240.12,243.38
953,223.68,226.68,229.84,231.52,235.14,237.94,237.2,239.3,240.12,243.38
954,223.68,226.68,229.84,231.52,235.14,237.94,237.2,239.3,240.1,243.38
955,223.68,226.68,229.84,231.5,235.12,237.94,237.2,239.3,240.06,243.38
956,223.66,226.66,229.84,231.5,235.12,237.94,237.2,239.3,240.06,243.38
957,223.66,226.64,229.84,231.5,235.12,237.94,237.18,239.3,240.06,243.38
958,223.66,226.64,229.84,231.5,235.12,237.94,237.18,239.3,240.06,243.38
959,223.66,226.62,229.84,231.48,235.12,237.92,237.18,239.3,240.06,243.38
960,223.66,226.62,229.82,231.48,235.12,237.92,237.18,239.3,240.06,243.36
961,223.66,226.6,229.82,231.48,235.12,237.92,237.18,239.3,240.06,243.36
962,223.66,226.6,229.82,231.48,235.12,237.92,237.18,239.3,240.06,243.36
963,223.62,226.6,229.82,231.48,235.12,237.92,237.18,239.3,240.06,243.36
964,223.6,226.6,229.82,231.48,235.12,237.92,237.18,239.3,240.06,243.36
965,223.6,226.58,229.82,231.48,235.12,237.92,237.18,239.3,240.06,243.36
966,223.58,226.58,229.82,231.48,235.12,237.92,237.18,239.3,240.04,243.36
967,223.58,226.58,229.82,231.48,235.12,237.9,237.18,239.3,240.04,243.36
968,223.58,226.58,229.82,231.48,235.12,237.9,237.18,239.3,240.04,243.36
969,223.56,226.58,229.82,231.48,235.12,237.9,237.18,239.3,240.04,243.36
970,223.56,226.58,229.82,231.48,235.12,237.9,237.18,239.3,240.04,243.36
971,223.56,226.58,229.82,231.48,235.12,237.9,237.18,239.3,240.04,243.36
972,223.54,226.56,229.78,231.48,235.12,237.9,237.18,239.3,240.04,243.36
973,223.54,226.56,229.78,231.48,235.12,237.9,237.18,239.3,240.04,243.36
974,223.54,226.56,229.78,231.48,235.12,237.9,237.18,239.3,240.04,243.36
975,223.54,226.54,229.78,231.48,235.12,237.9,237.18,239.3,240.04,243.36
976,223.54,226.54,229.78,231.48,235.12,237.9,237.18,239.3,240.04,243.36
977,223.54,226.54,229.78,231.48,235.12,237.9,237.18,239.3,240.02,243.36
978,223.54,226.54,229.78,231.48,235.12,237.9,237.18,239.3,240.02,243.36
979,223.54,226.54,229.78,231.46,235.12,237.9,237.18,239.3,240.02,243.36
980,223.52,226.54,229.78,231.46,235.12,237.9,237.18,239.3,240.02,243.36
981,223.52,226.54,229.78,231.46,235.12,237.9,237.18,239.3,240.02,243.36
982,223.5,226.54,229.78,231.46,235.12,237.9,237.18,239.3,240.02,243.36
983,223.5,226.54,229.78,231.46,235.12,237.9,237.18,239.3,240.02,243.36
984,223.5,226.54,229.78,231.46,235.12,237.9,237.18,239.3,240.02,243.36
985,223.5,226.54,229.78,231.46,235.12,237.9,237.18,239.3,240.02,243.36
986,223.5,226.54,229.78,231.46,235.12,237.88,237.18,239.3,240.02,243.36
987,223.5,226.54,229.78,231.44,235.12,237.88,237.18,239.3,240.02,243.36
988,223.5,226.54,229.78,231.44,235.12,237.88,237.18,239.3,240.02,243.36
989,223.5,226.54,229.78,231.44,235.12,237.88,237.18,239.3,240.02,243.36
990,223.5,226.54,229.78,231.44,235.12,237.88,237.18,239.3,240.02,243.36
991,223.5,226.54,229.78,231.44,235.12,237.86,237.18,239.3,240.02,243.36
992,223.5,226.52,229.78,231.44,235.12,237.84,237.18,239.3,240.0,243.36
993,223.5,226.52,229.78,231.44,235.12,237.84,237.18,239.3,240.0,243.36
994,223.5,226.52,229.78,231.42,235.12,237.84,237.18,239.3,240.0,243.36
995,223.48,226.52,229.78,231.38,235.12,237.84,237.18,239.3,240.0,243.36
996,223.48,226.52,229.78,231.38,235.12,237.84,237.18,239.3,240.0,243.34
997,223.48,226.52,229.78,231.38,235.12,237.84,237.16,239.3,240.0,243.34
998,223.46,226.52,229.78,231.38,235.12,237.84,237.16,239.3,240.0,243.34
999,223.46,226.52,229.78,231.38,235.12,237.84,237.16,239.3,240.0,243.34
1000,223.46,226.52,229.78,231.38,235.12,237.84,237.16,239.3,240.0,243.34
1001,223.46,226.52,229.78,231.38,235.12,237.84,237.12,239.3,240.0,243.34
1002,223.46,226.52,229.78,231.38,235.12,237.84,237.12,239.3,240.0,243.34
1003,223.46,226.52,229.78,231.38,235.12,237.84,237.12,239.3,240.0,243.34
1004,223.46,226.52,229.78,231.36,235.12,237.84,237.1,239.3,239.98,243.34
1005,223.46,226.52,229.78,231.36,235.12,237.84,237.1,239.3,239.98,243.34
1006,223.44,226.52,229.78,231.36,235.12,237.84,237.1,239.3,239.98,243.34
1007,223.44,226.52,229.78,231.36,235.12,237.84,237.1,239.3,239.98,243.34
1008,223.44,226.52,229.78,231.36,235.12,237.84,237.1,239.3,239.98,243.34
1009,223.44,226.52,229.78,231.36,235.12,237.84,237.06,239.3,239.98,243.34
1010,223.44,226.52,229.78,231.36,235.12,237.84,237.04,239.3,239.98,243.34
1011,223.44,226.52,229.78,231.34,235.12,237.84,237.04,239.3,239.98,243.34
1012,223.44,226.52,229.78,231.34,235.12,237.84,237.04,239.3,239.98,243.34
1013,223.44,226.5,229.78,231.34,235.1,237.84,237.04,239.3,239.98,243.34
1014,223.42,226.5,229.78,231.34,235.08,237.84,237.04,239.3,239.98,243.34
1015,223.4,226.5,229.78,231.32,235.08,237.84,237.04,239.3,239.98,243.34
1016,223.4,226.48,229.78,231.3,235.08,237.84,237.02,239.3,239.98,243.34
1017,223.4,226.48,229.78,231.3,235.08,237.84,237.02,239.3,239.98,243.34
1018,223.4,226.48,229.78,231.3,235.08,237.84,237.02,239.3,239.98,243.34
1019,223.38,226.48,229.78,231.3,235.06,237.84,237.02,239.3,239.98,243.34
1020,223.36,226.48,229.78,231.28,235.06,237.84,237.02,239.3,239.98,243.34
1021,223.36,226.48,229.78,231.28,235.06,237.84,237.02,239.3,239.98,243.34
1022,223.36,226.48,229.78,231.28,235.06,237.84,237.02,239.3,239.98,243.34
1023,223.36,226.48,229.78,231.28,235.06,237.84,237.02,239.3,239.98,243.34
1024,223.36,226.48,229.78,231.28,235.06,237.84,237.02,239.3,239.98,243.34
1025,223.34,226.48,229.78,231.28,235.06,237.84,237.02,239.3,239.98,243.34
1026,223.32,226.48,229.78,231.28,235.06,237.84,237.02,239.3,239.98,243.34
1027,223.32,226.46,229.76,231.28,235.06,237.84,237.02,239.3,239.98,243.34
1028,223.32,226.46,229.76,231.26,235.06,237.84,237.02,239.3,239.98,243.32
1029,223.32,226.44,229.76,231.26,235.06,237.84,237.02,239.3,239.98,243.32
1030,223.32,226.42,229.76,231.26,235.04,237.84,237.02,239.3,239.98,243.32
1031,223.3,226.42,229.76,231.26,235.04,237.84,237.02,239.3,239.98,243.32
1032,223.3,226.4,229.76,231.26,235.04,237.84,236.96,239.3,239.98,243.32
1033,223.3,226.4,229.76,231.26,235.04,237.84,236.96,239.3,239.98,243.32
1034,223.3,226.38,229.76,231.26,235.04,237.84,236.96,239.3,239.98,243.32
1035,223.3,226.38,229.76,231.26,235.04,237.84,236.96,239.3,239.98,243.32
1036,223.3,226.38,229.76,231.26,235.04,237.84,236.96,239.3,239.98,243.32
1037,223.28,226.38,229.76,231.26,235.04,237.84,236.96,239.3,239.98,243.32
1038,223.26,226.38,229.76,231.26,235.04,237.84,236.96,239.3,239.98,243.32
1039,223.26,226.38,229.76,231.26,235.02,237.84,236.96,239.3,239.98,243.32
1040,223.26,226.32,229.76,231.26,235.0,237.84,236.96,239.3,239.98,243.32
1041,223.26,226.32,229.76,231.26,235.0,237.84,236.96,239.3,239.98,243.32
1042,223.26,226.32,229.76,231.26,235.0,237.84,236.96,239.3,239.98,243.32
1043,223.26,226.32,229.76,231.26,234.98,237.84,236.96,239.3,239.98,243.3
1044,223.26,226.3,229.76,231.24,234.98,237.84,236.96,239.3,239.98,243.3
1045,223.26,226.28,229.74,231.24,234.98,237.84,236.96,239.3,239.98,243.3
1046,223.22,226.28,229.74,231.24,234.98,237.84,236.96,239.3,239.98,243.3
1047,223.22,226.28,229.74,231.24,234.98,237.84,236.96,239.3,239.98,243.3
1048,223.22,226.28,229.74,231.24,234.98,237.84,236.96,239.3,239.98,243.3
1049,223.22,226.28,229.74,231.24,234.98,237.84,236.96,239.3,239.98,243.3
1050,223.22,226.28,229.74,231.24,234.98,237.84,236.96,239.3,239.98,243.3
1051,223.22,226.28,229.74,231.24,234.98,237.84,236.96,239.3,239.98,243.3
1052,223.22,226.28,229.74,231.24,234.98,237.84,236.96,239.3,239.98,243.3
1053,223.22,226.28,229.74,231.24,234.96,237.84,236.96,239.3,239.98,243.28
1054,223.22,226.28,229.74,231.24,234.96,237.84,236.96,239.3,239.98,243.28
1055,223.22,226.28,229.74,231.24,234.96,237.84,236.96,239.3,239.98,243.26
1056,223.22,226.26,229.74,231.24,234.96,237.84,236.96,239.3,239.98,243.26
1057,223.22,226.26,229.74,231.24,234.96,237.84,236.96,239.3,239.98,243.26
1058,223.22,226.26,229.74,231.24,234.96,237.84,236.96,239.3,239.98,243.26
1059,223.22,226.26,229.74,231.24,234.96,237.84,236.96,239.3,239.98,243.26
1060,223.22,226.24,229.74,231.24,234.96,237.84,236.96,239.3,239.98,243.26
1061,223.22,226.24,229.74,231.24,234.96,237.84,236.96,239.3,239.98,243.26
1062,223.22,226.22,229.74,231.24,234.96,237.84,236.96,239.3,239.98,243.26
1063,223.22,226.22,229.72,231.24,234.96,237.84,236.96,239.3,239.98,243.26
1064,223.2,226.22,229.72,231.22,234.96,237.84,236.96,239.3,239.98,243.26
1065,223.2,226.2,229.72,231.22,234.96,237.84,236.96,239.3,239.98,243.26
1066,223.2,226.2,229.72,231.22,234.96,237.84,236.96,239.3,239.98,243.26
1067,223.2,226.2,229.72,231.2,234.96,237.84,236.96,239.3,239.98,243.26
1068,223.2,226.18,229.72,231.2,234.96,237.84,236.96,239.3,239.98,243.26
1069,223.2,226.18,229.72,231.2,234.96,237.84,236.96,239.3,239.98,243.26
1070,223.18,226.18,229.72,231.18,234.96,237.84,236.96,239.3,239.98,243.26
1071,223.18,226.18,229.72,231.16,234.96,237.84,236.96,239.3,239.98,243.26
1072,223.18,226.18,229.72,231.16,234.96,237.84,236.96,239.3,239.98,243.26
1073,223.16,226.16,229.72,231.16,234.96,237.84,236.96,239.3,239.98,243.24
1074,223.16,226.16,229.72,231.16,234.96,237.8,236.96,239.3,239.98,243.24
1075,223.16,226.16,229.72,231.16,234.96,237.8,236.96,239.3,239.98,243.24
1076,223.14,226.16,229.72,231.16,234.96,237.78,236.96,239.3,239.98,243.24
1077,223.14,226.14,229.72,231.16,234.96,237.78,236.96,239.3,239.98,243.24
1078,223.14,226.14,229.72,231.16,234.96,237.78,236.96,239.3,239.98,243.22
1079,223.12,226.14,229.72,231.14,234.96,237.76,236.96,239.3,239.98,243.22
1080,223.12,226.12,229.72,231.12,234.96,237.76,236.96,239.3,239.98,243.22
1081,223.12,226.1,229.72,231.12,234.96,237.76,236.96,239.3,239.98,243.2
1082,223.12,226.1,229.72,231.12,234.96,237.76,236.96,239.3,239.98,243.2
1083,223.12,226.08,229.7,231.12,234.96,237.76,236.96,239.3,239.98,243.2
1084,223.1,226.08,229.7,231.12,234.96,237.76,236.96,239.3,239.98,243.2
1085,223.1,226.08,229.7,231.12,234.96,237.76,236.96,239.3,239.98,243.2
1086,223.1,226.04,229.7,231.12,234.96,237.76,236.96,239.3,239.98,243.2
1087,223.1,226.04,229.64,231.12,234.96,237.76,236.96,239.3,239.98,243.2
1088,223.1,226.04,229.62,231.12,234.96,237.76,236.96,239.3,239.98,243.2
1089,223.1,226.04,229.6,231.12,234.96,237.76,236.96,239.3,239.98,243.2
1090,223.1,226.04,229.6,231.12,234.94,237.76,236.96,239.3,239.98,243.2
1091,223.1,226.04,229.6,231.12,234.92,237.76,236.96,239.3,239.98,243.2
1092,223.1,226.02,229.6,231.12,234.92,237.76,236.96,239.3,239.98,243.2
1093,223.1,226.0,229.6,231.12,234.92,237.76,236.96,239.3,239.98,243.2
1094,223.1,226.0,229.6,231.12,234.92,237.76,236.96,239.3,239.98,243.2
1095,223.1,226.0,229.6,231.12,234.92,237.76,236.96,239.3,239.98,243.2
1096,223.1,226.0,229.6,231.12,234.92,237.76,236.96,239.3,239.98,243.2
1097,223.1,226.0,229.6,231.12,234.92,237.74,236.96,239.3,239.98,243.2
1098,223.1,226.0,229.6,231.12,234.9,237.74,236.96,239.3,239.98,243.2
1099,223.1,226.0,229.6,231.12,234.9,237.74,236.96,239.3,239.98,243.2
1100,223.08,226.0,229.6,231.1,234.9,237.74,236.96,239.3,239.98,243.2
1101,223.08,226.0,229.6,231.08,234.9,237.72,236.94,239.28,239.98,243.2
1102,223.08,225.98,229.6,231.08,234.9,237.72,236.94,239.26,239.98,243.2
1103,223.08,225.96,229.6,231.08,234.9,237.72,236.94,239.26,239.98,243.2
1104,223.08,225.96,229.6,231.08,234.9,237.72,236.94,239.26,239.98,243.2
1105,223.06,225.96,229.6,231.08,234.9,237.72,236.94,239.26,239.98,243.2
1106,223.06,225.96,229.58,231.08,234.88,237.72,236.94,239.26,239.98,243.2
1107,223.06,225.96,229.58,231.08,234.88,237.72,236.94,239.26,239.98,243.2
1108,223.06,225.96,229.58,231.08,234.88,237.72,236.94,239.26,239.98,243.2
1109,223.04,225.96,229.58,231.08,234.88,237.72,236.94,239.26,239.98,243.2
1110,223.04,225.96,229.58,231.08,234.84,237.72,236.94,239.26,239.98,243.2
1111,223.04,225.96,229.58,231.08,234.84,237.72,236.94,239.26,239.98,243.2
1112,223.04,225.96,229.58,231.06,234.84,237.72,236.94,239.26,239.98,243.2
1113,223.04,225.94,229.58,231.06,234.84,237.72,236.94,239.26,239.98,243.2
1114,223.04,225.94,229.58,231.04,234.84,237.72,236.94,239.26,239.98,243.2
1115,223.04,225.94,229.56,231.04,234.84,237.72,236.94,239.26,239.98,243.2
1116,223.04,225.94,229.56,231.04,234.84,237.72,236.94,239.26,239.98,243.2
1117,223.04,225.94,229.56,231.02,234.84,237.72,236.94,239.26,239.98,243.2
1118,223.04,225.92,229.56,231.0,234.84,237.72,236.94,239.26,239.98,243.2
1119,223.04,225.92,229.56,231.0,234.84,237.72,236.94,239.26,239.98,243.2
1120,223.02,225.92,229.56,231.0,234.84,237.72,236.94,239.26,239.98,243.2
1121,223.0,225.92,229.56,231.0,234.84,237.72,236.94,239.26,239.98,243.2
1122,223.0,225.92,229.56,230.98,234.84,237.72,236.94,239.26,239.98,243.2
1123,223.0,225.92,229.56,230.96,234.84,237.72,236.94,239.26,239.98,243.2
1124,223.0,225.92,229.56,230.96,234.84,237.72,236.94,239.26,239.98,243.2
1125,223.0,225.9,229.56,230.96,234.84,237.72,236.94,239.26,239.98,243.2
1126,223.0,225.9,229.56,230.96,234.84,237.72,236.94,239.26,239.98,243.2
1127,223.0,225.9,229.54,230.94,234.84,237.72,236.94,239.26,239.98,243.2
1128,223.0,225.9,229.54,230.94,234.84,237.72,236.94,239.26,239.98,243.2
1129,223.0,225.9,229.54,230.92,234.84,237.72,236.94,239.26,239.98,243.2
1130,222.98,225.9,229.54,230.92,234.84,237.72,236.94,239.24,239.98,243.2
1131,222.98,225.88,229.54,230.92,234.84,237.72,236.94,239.24,239.98,243.2
1132,222.98,225.88,229.54,230.92,234.84,237.72,236.94,239.24,239.96,243.2
1133,222.98,225.84,229.54,230.92,234.84,237.72,236.94,239.24,239.96,243.2
1134,222.98,225.84,229.54,230.92,234.84,237.72,236.94,239.24,239.96,243.2
1135,222.98,225.84,229.54,230.92,234.84,237.72,236.94,239.24,239.96,243.2
1136,222.98,225.84,229.54,230.9,234.84,237.72,236.94,239.24,239.96,243.2
1137,222.94,225.84,229.52,230.88,234.84,237.72,236.94,239.22,239.96,243.2
1138,222.94,225.84,229.52,230.88,234.84,237.7,236.94,239.22,239.96,243.2
1139,222.94,225.82,229.52,230.88,234.84,237.7,236.94,239.22,239.96,243.2
1140,222.94,225.82,229.52,230.88,234.84,237.7,236.94,239.22,239.96,243.2
1141,222.9,225.82,229.52,230.88,234.84,237.64,236.94,239.22,239.96,243.2
1142,222.9,225.82,229.52,230.88,234.84,237.64,236.94,239.22,239.96,243.2
1143,222.9,225.82,229.52,230.88,234.84,237.64,236.94,239.22,239.96,243.2
1144,222.9,225.82,229.52,230.88,234.8,237.64,236.94,239.22,239.96,243.2
1145,222.9,225.82,229.52,230.88,234.8,237.64,236.94,239.22,239.96,243.2
1146,222.9,225.82,229.52,230.88,234.8,237.64,236.94,239.22,239.96,243.2
1147,222.9,225.82,229.52,230.88,234.8,237.64,236.94,239.22,239.96,243.2
1148,222.9,225.82,229.52,230.88,234.8,237.64,236.94,239.22,239.96,243.2
1149,222.9,225.82,229.52,230.88,234.8,237.64,236.94,239.22,239.96,243.2
1150,222.9,225.82,229.52,230.88,234.78,237.64,236.94,239.22,239.96,243.2
1151,222.9,225.82,229.52,230.88,234.78,237.64,236.94,239.22,239.96,243.2
1152,222.9,225.82,229.52,230.88,234.78,237.64,236.94,239.22,239.96,243.2
1153,222.9,225.8,229.52,230.88,234.78,237.64,236.92,239.22,239.96,243.2
1154,222.9,225.8,229.52,230.88,234.78,237.64,236.92,239.22,239.96,243.2
1155,222.9,225.8,229.52,230.88,234.78,237.64,236.92,239.22,239.96,243.2
1156,222.9,225.8,229.52,230.88,234.78,237.64,236.92,239.22,239.96,243.2
1157,222.9,225.8,229.52,230.88,234.76,237.62,236.92,239.22,239.96,243.2
1158,222.9,225.8,229.52,230.88,234.76,237.62,236.92,239.18,239.96,243.2
1159,222.9,225.78,229.52,230.88,234.76,237.58,236.92,239.18,239.96,243.2
1160,222.88,225.78,229.52,230.88,234.76,237.58,236.92,239.18,239.96,243.2
1161,222.86,225.74,229.52,230.84,234.76,237.58,236.92,239.18,239.96,243.2
1162,222.86,225.74,229.52,230.84,234.76,237.58,236.92,239.16,239.96,243.2
1163,222.84,225.74,229.5,230.84,234.76,237.58,236.92,239.16,239.96,243.2
1164,222.84,225.74,229.5,230.84,234.76,237.58,236.92,239.16,239.96,243.2
1165,222.84,225.74,229.5,230.84,234.76,237.58,236.92,239.16,239.96,243.2
1166,222.82,225.74,229.5,230.84,234.76,237.58,236.92,239.16,239.96,243.2
1167,222.82,225.74,229.5,230.82,234.76,237.58,236.92,239.16,239.96,243.2
1168,222.82,225.74,229.5,230.82,234.76,237.56,236.92,239.16,239.96,243.2
1169,222.82,225.74,229.5,230.8,234.76,237.56,236.88,239.16,239.96,243.2
1170,222.82,225.74,229.5,230.8,234.74,237.56,236.88,239.16,239.96,243.2
1171,222.82,225.72,229.5,230.8,234.74,237.56,236.88,239.14,239.96,243.2
1172,222.82,225.7,229.5,230.8,234.74,237.56,236.88,239.14,239.96,243.2
1173,222.82,225.7,229.5,230.8,234.74,237.56,236.88,239.12,239.96,243.2
1174,222.82,225.68,229.5,230.78,234.74,237.56,236.88,239.12,239.96,243.2
1175,222.82,225.68,229.48,230.78,234.74,237.56,236.88,239.12,239.96,243.2
1176,222.82,225.68,229.48,230.78,234.74,237.56,236.88,239.12,239.96,243.2
1177,222.82,225.68,229.48,230.78,234.74,237.54,236.88,239.12,239.96,243.2
1178,222.82,225.68,229.48,230.78,234.74,237.54,236.88,239.12,239.96,243.2
1179,222.82,225.66,229.48,230.76,234.72,237.54,236.88,239.12,239.96,243.2
1180,222.82,225.66,229.48,230.76,234.72,237.54,236.88,239.12,239.96,243.2
1181,222.82,225.66,229.48,230.76,234.72,237.52,236.88,239.12,239.96,243.2
1182,222.82,225.66,229.48,230.76,234.72,237.52,236.88,239.12,239.96,243.2
1183,222.82,225.66,229.48,230.76,234.72,237.52,236.88,239.12,239.96,243.2
1184,222.82,225.64,229.48,230.76,234.72,237.52,236.88,239.12,239.96,243.2
1185,222.82,225.64,229.48,230.74,234.7,237.52,236.88,239.12,239.96,243.2
1186,222.8,225.64,229.48,230.74,234.7,237.52,236.88,239.12,239.96,243.2
1187,222.8,225.64,229.48,230.74,234.7,237.52,236.88,239.12,239.96,243.2
1188,222.8,225.64,229.48,230.74,234.7,237.52,236.88,239.12,239.96,243.2
1189,222.8,225.64,229.48,230.74,234.68,237.52,236.88,239.12,239.96,243.2
1190,222.78,225.64,229.48,230.74,234.66,237.52,236.88,239.12,239.96,243.2
1191,222.76,225.64,229.48,230.74,234.66,237.52,236.88,239.12,239.96,243.2
1192,222.76,225.64,229.48,230.74,234.66,237.52,236.88,239.12,239.96,243.2
1193,222.76,225.6,229.48,230.74,234.66,237.52,236.88,239.12,239.96,243.2
1194,222.76,225.6,229.48,230.74,234.64,237.5,236.86,239.12,239.96,243.2
1195,222.76,225.6,229.48,230.74,234.64,237.5,236.86,239.12,239.96,243.2
1196,222.76,225.6,229.48,230.74,234.64,237.5,236.86,239.12,239.96,243.2
1197,222.76,225.6,229.48,230.74,234.64,237.48,236.86,239.12,239.96,243.2
1198,222.76,225.6,229.48,230.74,234.64,237.48,236.86,239.12,239.96,243.2
1199,222.76,225.58,229.48,230.72,234.64,237.48,236.86,239.12,239.96,243.2
1200,222.76,225.58,229.46,230.72,234.64,237.48,236.86,239.12,239.96,243.2
1201,222.76,225.58,229.46,230.72,234.64,237.48,236.86,239.12,239.96,243.2
1202,222.76,225.58,229.46,230.72,234.64,237.48,236.86,239.12,239.96,243.2
1203,222.76,225.56,229.46,230.72,234.64,237.48,236.86,239.12,239.96,243.2
1204,222.76,225.56,229.46,230.72,234.64,237.48,236.86,239.12,239.96,243.2
1205,222.76,225.56,229.46,230.7,234.64,237.48,236.86,239.12,239.96,243.2
1206,222.76,225.56,229.44,230.7,234.64,237.48,236.86,239.12,239.96,243.2
1207,222.76,225.56,229.44,230.7,234.64,237.46,236.86,239.12,239.96,243.18
1208,222.76,225.56,229.44,230.7,234.64,237.46,236.8,239.12,239.96,243.18
1209,222.74,225.56,229.44,230.68,234.64,237.46,236.8,239.12,239.96,243.18
1210,222.74,225.56,229.44,230.68,234.64,237.46,236.8,239.12,239.96,243.18
1211,222.74,225.56,229.44,230.68,234.64,237.46,236.8,239.12,239.96,243.16
1212,222.74,225.56,229.44,230.68,234.64,237.46,236.8,239.12,239.96,243.16
1213,222.74,225.54,229.44,230.68,234.62,237.46,236.8,239.12,239.96,243.16
1214,222.74,225.54,229.44,230.68,234.62,237.46,236.8,239.12,239.96,243.16
1215,222.74,225.54,229.44,230.68,234.62,237.46,236.8,239.12,239.96,243.16
1216,222.72,225.54,229.44,230.68,234.62,237.46,236.8,239.12,239.96,243.16
1217,222.72,225.52,229.44,230.68,234.62,237.46,236.76,239.12,239.96,243.16
1218,222.72,225.52,229.44,230.68,234.62,237.46,236.76,239.12,239.96,243.16
1219,222.72,225.52,229.42,230.68,234.62,237.46,236.76,239.12,239.96,243.16
1220,222.72,225.5,229.42,230.68,234.62,237.46,236.76,239.12,239.96,243.16
1221,222.72,225.5,229.42,230.68,234.62,237.46,236.76,239.12,239.96,243.16
1222,222.72,225.5,229.4,230.68,234.62,237.46,236.76,239.12,239.96,243.16
1223,222.72,225.5,229.4,230.68,234.6,237.46,236.76,239.12,239.96,243.14
1224,222.72,225.48,229.4,230.68,234.58,237.46,236.76,239.12,239.96,243.14
1225,222.72,225.48,229.4,230.68,234.58,237.46,236.76,239.12,239.96,243.14
1226,222.7,225.48,229.4,230.68,234.58,237.46,236.76,239.12,239.96,243.14
1227,222.7,225.48,229.4,230.68,234.58,237.46,236.74,239.12,239.96,243.14
1228,222.7,225.48,229.4,230.68,234.58,237.46,236.74,239.12,239.96,243.14
1229,222.7,225.48,229.4,230.68,234.56,237.46,236.74,239.12,239.96,243.14
1230,222.7,225.48,229.38,230.68,234.56,237.46,236.74,239.12,239.96,243.14
1231,222.7,225.48,229.38,230.68,234.56,237.46,236.74,239.12,239.96,243.14
1232,222.7,225.48,229.38,230.68,234.56,237.46,236.74,239.12,239.96,243.14
1233,222.7,225.44,229.38,230.68,234.56,237.46,236.74,239.12,239.96,243.14
1234,222.68,225.42,229.38,230.68,234.56,237.46,236.74,239.12,239.96,243.14
1235,222.68,225.42,229.38,230.68,234.56,237.46,236.74,239.12,239.96,243.14
1236,222.66,225.42,229.38,230.68,234.54,237.46,236.74,239.12,239.94,243.14
1237,222.66,225.42,229.38,230.68,234.54,237.46,236.74,239.12,239.94,243.14
1238,222.66,225.42,229.38,230.68,234.54,237.46,236.74,239.12,239.94,243.14
1239,222.66,225.42,229.38,230.68,234.54,237.46,236.74,239.12,239.94,243.14
1240,222.66,225.42,229.38,230.68,234.52,237.44,236.74,239.12,239.94,243.14
1241,222.66,225.42,229.38,230.68,234.52,237.44,236.74,239.12,239.94,243.14
1242,222.66,225.42,229.38,230.68,234.5,237.42,236.74,239.12,239.94,243.14
1243,222.66,225.42,229.34,230.68,234.5,237.42,236.74,239.12,239.94,243.14
1244,222.66,225.42,229.32,230.68,234.48,237.4,236.74,239.12,239.94,243.14
1245,222.66,225.4,229.32,230.68,234.48,237.4,236.74,239.12,239.94,243.14
1246,222.66,225.4,229.3,230.68,234.48,237.4,236.74,239.12,239.94,243.14
1247,222.64,225.4,229.28,230.68,234.48,237.38,236.74,239.12,239.94,243.14
1248,222.64,225.4,229.28,230.68,234.46,237.38,236.72,239.12,239.94,243.14
1249,222.62,225.4,229.28,230.68,234.46,237.38,236.72,239.12,239.94,243.14
1250,222.62,225.4,229.28,230.68,234.46,237.38,236.72,239.12,239.94,243.14
1251,222.62,225.4,229.26,230.68,234.46,237.36,236.72,239.12,239.94,243.14
1252,222.62,225.38,229.26,230.68,234.46,237.36,236.72,239.12,239.94,243.14
1253,222.62,225.38,229.26,230.68,234.46,237.36,236.72,239.12,239.94,243.14
1254,222.62,225.36,229.24,230.68,234.46,237.36,236.72,239.12,239.94,243.14
1255,222.62,225.36,229.24,230.68,234.46,237.36,236.72,239.12,239.94,243.14
1256,222.62,225.32,229.24,230.68,234.46,237.36,236.72,239.12,239.94,243.14
1257,222.62,225.32,229.24,230.68,234.46,237.36,236.72,239.12,239.94,243.14
1258,222.62,225.32,229.24,230.68,234.46,237.36,236.72,239.12,239.94,243.14
1259,222.62,225.32,229.24,230.68,234.46,237.36,236.72,239.12,239.94,243.14
1260,222.62,225.32,229.24,230.68,234.46,237.36,236.72,239.12,239.94,243.14
1261,222.62,225.32,229.24,230.68,234.46,237.36,236.72,239.12,239.94,243.14
1262,222.6,225.32,229.24,230.68,234.46,237.36,236.72,239.12,239.94,243.14
1263,222.58,225.32,229.24,230.68,234.46,237.36,236.72,239.12,239.94,243.14
1264,222.58,225.32,229.24,230.68,234.46,237.32,236.72,239.12,239.92,243.14
1265,222.58,225.32,229.24,230.68,234.46,237.32,236.72,239.12,239.92,243.14
1266,222.58,225.32,229.24,230.68,234.46,237.32,236.72,239.12,239.92,243.14
1267,222.58,225.3,229.24,230.68,234.46,237.3,236.7,239.12,239.92,243.14
1268,222.58,225.3,229.24,230.68,234.46,237.3,236.7,239.12,239.92,243.14
1269,222.56,225.28,229.24,230.68,234.46,237.3,236.7,239.12,239.92,243.14
1270,222.56,225.28,229.24,230.68,234.46,237.3,236.7,239.1,239.92,243.14
1271,222.56,225.28,229.24,230.68,234.46,237.3,236.7,239.1,239.92,243.14
1272,222.56,225.28,229.24,230.68,234.46,237.3,236.7,239.1,239.92,243.14
1273,222.56,225.28,229.24,230.68,234.46,237.3,236.7,239.1,239.92,243.14
1274,222.56,225.28,229.24,230.68,234.46,237.3,236.7,239.1,239.92,243.14
1275,222.56,225.28,229.24,230.68,234.46,237.3,236.7,239.1,239.9,243.14
1276,222.56,225.28,229.24,230.68,234.46,237.3,236.7,239.1,239.9,243.14
1277,222.56,225.28,229.24,230.68,234.46,237.3,236.7,239.1,239.9,243.14
1278,222.56,225.28,229.24,230.68,234.46,237.3,236.7,239.1,239.9,243.14
1279,222.56,225.28,229.24,230.68,234.46,237.3,236.7,239.1,239.9,243.14
1280,222.54,225.28,229.24,230.68,234.46,237.3,236.7,239.1,239.9,243.14
1281,222.54,225.28,229.24,230.68,234.46,237.3,236.7,239.1,239.9,243.14
1282,222.54,225.28,229.24,230.66,234.46,237.3,236.7,239.1,239.9,243.14
1283,222.54,225.28,229.24,230.66,234.46,237.3,236.7,239.1,239.9,243.14
1284,222.54,225.28,229.24,230.66,234.46,237.28,236.7,239.1,239.86,243.14
1285,222.52,225.26,229.24,230.66,234.46,237.28,236.7,239.1,239.86,243.14
1286,222.52,225.26,229.22,230.66,234.46,237.26,236.7,239.1,239.86,243.14
1287,222.52,225.26,229.2,230.66,234.46,237.26,236.7,239.1,239.86,243.14
1288,222.52,225.26,229.2,230.66,234.46,237.26,236.7,239.1,239.86,243.14
1289,222.5,225.26,229.2,230.66,234.46,237.26,236.7,239.1,239.86,243.14
1290,222.5,225.22,229.2,230.66,234.46,237.26,236.7,239.1,239.86,243.14
1291,222.5,225.22,229.2,230.66,234.46,237.26,236.7,239.1,239.86,243.14
1292,222.5,225.22,229.2,230.66,234.46,237.26,236.7,239.1,239.86,243.14
1293,222.5,225.22,229.2,230.66,234.46,237.24,236.7,239.1,239.86,243.14
1294,222.5,225.22,229.2,230.66,234.46,237.24,236.7,239.1,239.86,243.14
1295,222.5,225.2,229.2,230.66,234.46,237.24,236.7,239.1,239.86,243.14
1296,222.5,225.2,229.18,230.66,234.46,237.24,236.7,239.1,239.86,243.14
1297,222.5,225.2,229.18,230.66,234.46,237.24,236.7,239.1,239.86,243.14
1298,222.5,225.2,229.16,230.64,234.46,237.24,236.7,239.1,239.86,243.12
1299,222.5,225.2,229.16,230.64,234.46,237.24,236.7,239.1,239.86,243.12
1300,222.5,225.2,229.16,230.64,234.46,237.24,236.7,239.1,239.86,243.12
1301,222.5,225.2,229.16,230.64,234.46,237.24,236.7,239.1,239.86,243.12
1302,222.48,225.2,229.16,230.64,234.46,237.24,236.7,239.1,239.86,243.12
1303,222.48,225.2,229.16,230.64,234.46,237.24,236.7,239.1,239.86,243.08
1304,222.48,225.2,229.16,230.62,234.46,237.24,236.7,239.1,239.86,243.08
1305,222.46,225.2,229.16,230.62,234.46,237.24,236.7,239.1,239.86,243.08
1306,222.46,225.2,229.16,230.62,234.42,237.24,236.7,239.1,239.86,243.08
1307,222.46,225.18,229.16,230.62,234.42,237.24,236.7,239.1,239.86,243.08
1308,222.46,225.18,229.16,230.62,234.42,237.24,236.7,239.1,239.86,243.08
1309,222.46,225.18,229.16,230.62,234.42,237.24,236.7,239.1,239.86,243.08
1310,222.46,225.18,229.16,230.62,234.42,237.24,236.7,239.1,239.86,243.08
1311,222.46,225.18,229.16,230.62,234.42,237.24,236.7,239.08,239.86,243.08
1312,222.46,225.18,229.16,230.62,234.42,237.24,236.7,239.08,239.86,243.08
1313,222.46,225.18,229.16,230.62,234.42,237.22,236.7,239.06,239.86,243.08
1314,222.46,225.18,229.16,230.62,234.42,237.22,236.7,239.06,239.86,243.08
1315,222.46,225.18,229.16,230.62,234.42,237.22,236.68,239.06,239.86,243.08
1316,222.46,225.18,229.16,230.62,234.42,237.18,236.68,239.06,239.86,243.08
1317,222.46,225.18,229.16,230.62,234.42,237.18,236.68,239.06,239.86,243.08
1318,222.44,225.18,229.16,230.62,234.42,237.18,236.68,239.06,239.86,243.08
1319,222.44,225.18,229.16,230.6,234.42,237.18,236.68,239.06,239.86,243.08
1320,222.44,225.18,229.16,230.6,234.42,237.18,236.68,239.06,239.86,243.08
1321,222.4,225.18,229.16,230.58,234.42,237.18,236.68,239.06,239.86,243.08
1322,222.4,225.18,229.16,230.58,234.42,237.18,236.68,239.06,239.86,243.08
1323,222.36,225.18,229.14,230.58,234.42,237.18,236.68,239.06,239.86,243.08
1324,222.36,225.18,229.14,230.58,234.42,237.18,236.68,239.06,239.86,243.08
1325,222.36,225.18,229.14,230.58,234.42,237.18,236.68,239.06,239.86,243.08
1326,222.36,225.18,229.14,230.56,234.42,237.18,236.68,239.06,239.86,243.08
1327,222.36,225.18,229.14,230.56,234.42,237.18,236.68,239.06,239.86,243.08
1328,222.36,225.18,229.14,230.56,234.42,237.18,236.68,239.06,239.86,243.08
1329,222.36,225.18,229.14,230.56,234.38,237.18,236.68,239.06,239.86,243.08
1330,222.36,225.18,229.14,230.56,234.38,237.18,236.66,239.06,239.86,243.08
1331,222.36,225.18,229.12,230.56,234.38,237.18,236.66,239.06,239.86,243.08
1332,222.36,225.18,229.12,230.56,234.36,237.18,236.66,239.06,239.86,243.08
1333,222.36,225.18,229.12,230.56,234.36,237.18,236.66,239.06,239.86,243.08
1334,222.36,225.18,229.12,230.56,234.36,237.18,236.66,239.06,239.86,243.08
1335,222.34,225.18,229.1,230.56,234.36,237.18,236.66,239.06,239.86,243.08
1336,222.34,225.18,229.1,230.56,234.36,237.18,236.66,239.06,239.86,243.08
1337,222.34,225.18,229.1,230.56,234.36,237.18,236.66,239.06,239.86,243.08
1338,222.34,225.18,229.1,230.54,234.36,237.18,236.64,239.06,239.86,243.08
1339,222.34,225.18,229.1,230.54,234.36,237.18,236.62,239.06,239.86,243.08
1340,222.34,225.18,229.08,230.54,234.36,237.18,236.62,239.06,239.86,243.08
1341,222.32,225.18,229.08,230.54,234.36,237.18,236.62,239.06,239.86,243.08
1342,222.32,225.18,229.08,230.54,234.36,237.16,236.62,239.06,239.86,243.06
1343,222.3,225.18,229.08,230.54,234.36,237.16,236.62,239.06,239.86,243.06
1344,222.3,225.18,229.08,230.54,234.36,237.16,236.62,239.06,239.86,243.06
1345,222.3,225.18,229.08,230.54,234.36,237.16,236.62,239.06,239.86,243.04
1346,222.3,225.18,229.06,230.54,234.36,237.16,236.62,239.06,239.86,243.04
1347,222.28,225.18,229.04,230.52,234.36,237.16,236.62,239.06,239.86,243.04
1348,222.28,225.18,229.04,230.52,234.36,237.16,236.62,239.06,239.86,243.04
1349,222.28,225.14,229.04,230.52,234.36,237.16,236.62,239.06,239.86,243.04
1350,222.28,225.14,229.04,230.52,234.36,237.16,236.62,239.06,239.86,243.04
1351,222.28,225.14,229.02,230.52,234.36,237.16,236.62,239.06,239.86,243.04
1352,222.28,225.14,229.02,230.52,234.34,237.16,236.62,239.06,239.86,243.04
1353,222.28,225.14,229.02,230.52,234.34,237.16,236.62,239.06,239.86,243.04
1354,222.28,225.14,229.02,230.52,234.34,237.16,236.62,239.06,239.86,243.0
1355,222.28,225.14,229.02,230.52,234.34,237.16,236.62,239.06,239.86,243.0
1356,222.28,225.14,229.02,230.52,234.32,237.16,236.62,239.06,239.86,243.0
1357,222.26,225.14,229.02,230.52,234.32,237.16,236.62,239.06,239.86,243.0
1358,222.22,225.14,229.02,230.52,234.32,237.16,236.62,239.06,239.86,243.0
1359,222.22,225.14,229.02,230.52,234.3,237.16,236.62,239.06,239.86,243.0
1360,222.22,225.12,229.02,230.52,234.3,237.16,236.6,239.06,239.86,242.98
1361,222.18,225.12,229.02,230.52,234.3,237.16,236.6,239.06,239.86,242.96
1362,222.18,225.12,229.02,230.5,234.3,237.16,236.6,239.06,239.86,242.96
1363,222.16,225.12,229.02,230.48,234.3,237.16,236.6,239.06,239.86,242.96
1364,222.16,225.12,229.02,230.48,234.3,237.16,236.6,239.06,239.86,242.96
1365,222.16,225.08,229.02,230.48,234.3,237.16,236.6,239.06,239.86,242.96
1366,222.16,225.08,229.0,230.46,234.3,237.16,236.6,239.06,239.86,242.96
1367,222.14,225.08,229.0,230.46,234.3,237.16,236.6,239.06,239.86,242.94
1368,222.14,225.08,228.98,230.46,234.3,237.16,236.6,239.06,239.86,242.94
1369,222.14,225.08,228.98,230.46,234.3,237.16,236.6,239.06,239.86,242.94
1370,222.14,225.08,228.98,230.46,234.3,237.16,236.6,239.04,239.86,242.94
1371,222.12,225.08,228.96,230.46,234.3,237.16,236.6,239.04,239.86,242.92
1372,222.12,225.08,228.96,230.46,234.3,237.16,236.6,239.04,239.86,242.92
1373,222.12,225.08,228.96,230.46,234.28,237.16,236.6,239.04,239.86,242.92
1374,222.12,225.08,228.96,230.46,234.28,237.16,236.6,239.04,239.86,242.92
1375,222.1,225.08,228.96,230.46,234.28,237.16,236.6,239.04,239.86,242.92
1376,222.08,225.06,228.96,230.46,234.28,237.16,236.6,239.04,239.86,242.92
1377,222.08,225.06,228.96,230.46,234.28,237.16,236.6,239.04,239.86,242.92
1378,222.02,225.06,228.96,230.46,234.28,237.16,236.6,239.04,239.86,242.92
1379,222.02,225.06,228.96,230.46,234.28,237.16,236.6,239.04,239.86,242.92
1380,222.02,225.06,228.94,230.46,234.28,237.16,236.6,239.04,239.86,242.9
1381,221.98,225.06,228.94,230.44,234.26,237.16,236.6,239.04,239.86,242.9
1382,221.98,225.06,228.94,230.44,234.26,237.16,236.6,239.04,239.86,242.9
1383,221.98,225.06,228.94,230.44,234.26,237.16,236.6,239.04,239.86,242.9
1384,221.98,225.04,228.94,230.44,234.26,237.16,236.6,239.0,239.86,242.9
1385,221.98,225.04,228.94,230.42,234.26,237.14,236.6,239.0,239.86,242.9
1386,221.98,225.04,228.94,230.42,234.26,237.14,236.6,239.0,239.86,242.9
1387,221.96,225.04,228.94,230.42,234.26,237.14,236.6,239.0,239.86,242.9
1388,221.96,225.04,228.94,230.42,234.26,237.14,236.6,239.0,239.86,242.9
1389,221.96,225.04,228.94,230.36,234.26,237.12,236.6,239.0,239.86,242.9
1390,221.96,225.04,228.94,230.36,234.26,237.12,236.6,239.0,239.86,242.9
1391,221.96,225.04,228.94,230.36,234.26,237.12,236.6,239.0,239.86,242.9
1392,221.96,225.04,228.94,230.36,234.26,237.12,236.6,239.0,239.86,242.9
1393,221.92,225.04,228.94,230.36,234.26,237.12,236.6,239.0,239.86,242.9
1394,221.92,225.04,228.94,230.36,234.26,237.12,236.6,239.0,239.86,242.9
1395,221.9,225.04,228.94,230.36,234.26,237.12,236.6,239.0,239.86,242.9
1396,221.9,225.04,228.94,230.36,234.26,237.1,236.6,238.96,239.86,242.9
1397,221.9,225.02,228.94,230.36,234.26,237.1,236.6,238.96,239.86,242.9
1398,221.9,225.02,228.94,230.36,234.26,237.1,236.6,238.96,239.86,242.9
1399,221.9,225.02,228.9,230.36,234.26,237.1,236.6,238.96,239.86,242.9
1400,221.9,225.02,228.9,230.36,234.26,237.08,236.6,238.96,239.86,242.9
1401,221.9,225.02,228.86,230.36,234.26,237.08,236.6,238.96,239.86,242.9
1402,221.9,225.02,228.86,230.36,234.26,237.06,236.6,238.96,239.86,242.9
1403,221.9,225.02,228.86,230.36,234.26,237.06,236.6,238.96,239.86,242.9
1404,221.9,225.0,228.86,230.36,234.26,237.06,236.6,238.96,239.86,242.9
1405,221.88,225.0,228.86,230.36,234.26,237.06,236.6,238.96,239.86,242.9
1406,221.88,225.0,228.84,230.36,234.26,237.06,236.6,238.96,239.86,242.9
1407,221.88,225.0,228.84,230.36,234.26,237.02,236.6,238.96,239.86,242.9
1408,221.88,225.0,228.84,230.36,234.26,237.02,236.6,238.96,239.86,242.9
1409,221.88,225.0,228.84,230.36,234.26,237.0,236.6,238.96,239.86,242.9
1410,221.88,225.0,228.84,230.36,234.26,236.98,236.6,238.96,239.86,242.9
1411,221.88,225.0,228.84,230.36,234.26,236.98,236.6,238.96,239.86,242.9
1412,221.88,225.0,228.82,230.36,234.26,236.96,236.6,238.96,239.86,242.9
1413,221.86,224.98,228.82,230.34,234.26,236.96,236.6,238.96,239.86,242.9
1414,221.86,224.98,228.82,230.34,234.26,236.9,236.6,238.96,239.86,242.9
1415,221.86,224.96,228.8,230.34,234.26,236.9,236.6,238.96,239.86,242.9
1416,221.84,224.96,228.8,230.34,234.26,236.9,236.6,238.96,239.86,242.9
1417,221.84,224.96,228.78,230.34,234.26,236.9,236.6,238.96,239.86,242.9
1418,221.84,224.96,228.78,230.34,234.26,236.9,236.6,238.96,239.86,242.9
1419,221.84,224.96,228.78,230.34,234.26,236.9,236.6,238.96,239.86,242.9
1420,221.84,224.96,228.78,230.34,234.26,236.9,236.6,238.96,239.86,242.9
1421,221.84,224.96,228.78,230.34,234.26,236.9,236.6,238.96,239.86,242.9
1422,221.84,224.96,228.78,230.34,234.26,236.9,236.6,238.96,239.86,242.9
1423,221.84,224.94,228.78,230.34,234.26,236.9,236.6,238.96,239.86,242.9
1424,221.84,224.94,228.78,230.34,234.26,236.9,236.6,238.96,239.86,242.9
1425,221.84,224.94,228.78,230.34,234.26,236.9,236.6,238.96,239.86,242.9
1426,221.84,224.94,228.78,230.34,234.26,236.9,236.6,238.96,239.86,242.9
1427,221.84,224.92,228.78,230.34,234.26,236.9,236.6,238.96,239.86,242.9
1428,221.84,224.92,228.78,230.34,234.26,236.9,236.6,238.96,239.86,242.9
1429,221.84,224.92,228.78,230.34,234.26,236.9,236.6,238.96,239.86,242.9
1430,221.84,224.92,228.78,230.34,234.26,236.9,236.6,238.96,239.86,242.9
1431,221.84,224.92,228.78,230.34,234.26,236.9,236.6,238.96,239.86,242.9
1432,221.84,224.9,228.76,230.34,234.26,236.9,236.6,238.96,239.86,242.9
1433,221.82,224.9,228.76,230.34,234.26,236.9,236.6,238.96,239.86,242.9
1434,221.82,224.9,228.76,230.34,234.26,236.9,236.6,238.96,239.86,242.9
1435,221.82,224.9,228.76,230.34,234.26,236.9,236.6,238.96,239.86,242.9
1436,221.78,224.88,228.76,230.34,234.26,236.9,236.6,238.96,239.86,242.9
1437,221.76,224.88,228.76,230.32,234.26,236.9,236.6,238.96,239.86,242.9
1438,221.74,224.88,228.76,230.32,234.26,236.9,236.6,238.96,239.86,242.9
1439,221.74,224.88,228.74,230.32,234.26,236.9,236.6,238.96,239.86,242.9
1440,221.74,224.88,228.74,230.32,234.26,236.9,236.6,238.96,239.86,242.9
1441,221.74,224.88,228.74,230.32,234.26,236.9,236.6,238.96,239.86,242.9
1442,221.74,224.88,228.74,230.32,234.26,236.9,236.6,238.96,239.86,242.9
1443,221.74,224.88,228.74,230.3,234.26,236.9,236.6,238.96,239.86,242.9
1444,221.74,224.88,228.74,230.3,234.26,236.9,236.6,238.96,239.86,242.9
1445,221.72,224.88,228.74,230.3,234.26,236.9,236.56,238.96,239.86,242.9
1446,221.7,224.88,228.74,230.3,234.26,236.9,236.56,238.96,239.86,242.9
1447,221.7,224.88,228.74,230.3,234.26,236.9,236.56,238.96,239.86,242.9
1448,221.7,224.88,228.74,230.3,234.26,236.88,236.56,238.96,239.86,242.9
1449,221.7,224.88,228.74,230.3,234.26,236.88,236.56,238.96,239.86,242.9
1450,221.7,224.86,228.74,230.3,234.26,236.88,236.56,238.96,239.86,242.9
1451,221.7,224.84,228.74,230.3,234.26,236.88,236.56,238.96,239.86,242.9
1452,221.7,224.84,228.74,230.28,234.26,236.88,236.56,238.96,239.86,242.9
1453,221.7,224.84,228.74,230.28,234.26,236.88,236.56,238.96,239.86,242.9
1454,221.7,224.84,228.74,230.28,234.26,236.88,236.56,238.96,239.86,242.9
1455,221.7,224.84,228.74,230.28,234.26,236.88,236.56,238.96,239.86,242.9
1456,221.7,224.82,228.74,230.28,234.26,236.88,236.56,238.96,239.86,242.9
1457,221.7,224.82,228.74,230.28,234.26,236.86,236.56,238.96,239.86,242.9
1458,221.68,224.8,228.74,230.28,234.26,236.86,236.56,238.96,239.86,242.9
1459,221.68,224.8,228.74,230.28,234.24,236.86,236.56,238.96,239.86,242.9
1460,221.68,224.8,228.74,230.28,234.24,236.86,236.56,238.96,239.86,242.9
1461,221.68,224.8,228.74,230.28,234.24,236.86,236.56,238.96,239.86,242.9
1462,221.64,224.8,228.74,230.28,234.24,236.86,236.56,238.96,239.86,242.9
1463,221.64,224.8,228.74,230.28,234.24,236.86,236.56,238.96,239.86,242.9
1464,221.64,224.8,228.74,230.28,234.2,236.86,236.56,238.96,239.86,242.9
1465,221.64,224.8,228.74,230.28,234.2,236.86,236.56,238.96,239.86,242.9
1466,221.64,224.8,228.74,230.28,234.2,236.86,236.56,238.96,239.86,242.86
1467,221.64,224.8,228.74,230.28,234.2,236.86,236.56,238.96,239.86,242.86
1468,221.64,224.8,228.74,230.28,234.2,236.86,236.56,238.96,239.86,242.86
1469,221.64,224.8,228.74,230.28,234.2,236.82,236.56,238.96,239.86,242.86
1470,221.64,224.8,228.74,230.28,234.2,236.82,236.56,238.96,239.86,242.86
1471,221.64,224.8,228.74,230.28,234.2,236.82,236.56,238.96,239.86,242.86
1472,221.64,224.8,228.74,230.28,234.2,236.82,236.56,238.96,239.86,242.86
1473,221.64,224.8,228.72,230.28,234.2,236.82,236.56,238.96,239.86,242.86
1474,221.64,224.8,228.72,230.28,234.2,236.82,236.56,238.96,239.86,242.86
1475,221.64,224.8,228.72,230.28,234.2,236.82,236.56,238.96,239.86,242.86
1476,221.62,224.8,228.72,230.28,234.18,236.82,236.56,238.96,239.86,242.86
1477,221.62,224.8,228.72,230.28,234.18,236.82,236.56,238.96,239.86,242.86
1478,221.6,224.8,228.72,230.28,234.18,236.82,236.56,238.96,239.86,242.86
1479,221.58,224.78,228.72,230.28,234.18,236.82,236.56,238.96,239.86,242.86
1480,221.56,224.78,228.7,230.28,234.18,236.82,236.56,238.96,239.86,242.86
1481,221.56,224.78,228.7,230.28,234.18,236.82,236.56,238.96,239.86,242.86
1482,221.56,224.78,228.7,230.28,234.18,236.82,236.56,238.96,239.86,242.86
1483,221.56,224.78,228.68,230.28,234.18,236.82,236.56,238.96,239.86,242.86
1484,221.56,224.78,228.68,230.28,234.18,236.82,236.56,238.96,239.86,242.86
1485,221.56,224.78,228.68,230.28,234.18,236.82,236.56,238.96,239.86,242.86
1486,221.56,224.78,228.68,230.28,234.18,236.82,236.56,238.96,239.86,242.86
1487,221.56,224.78,228.68,230.28,234.18,236.82,236.56,238.96,239.86,242.86
1488,221.56,224.76,228.68,230.28,234.18,236.82,236.52,238.96,239.86,242.86
1489,221.56,224.76,228.68,230.28,234.18,236.82,236.52,238.96,239.86,242.86
1490,221.56,224.76,228.68,230.28,234.18,236.82,236.52,238.96,239.86,242.86
1491,221.56,224.76,228.68,230.28,234.18,236.82,236.52,238.96,239.86,242.86
1492,221.56,224.76,228.68,230.28,234.18,236.82,236.52,238.96,239.86,242.86
1493,221.56,224.76,228.68,230.28,234.18,236.82,236.52,238.96,239.86,242.86
1494,221.56,224.76,228.68,230.28,234.18,236.82,236.52,238.96,239.86,242.86
1495,221.56,224.76,228.68,230.28,234.18,236.82,236.52,238.96,239.86,242.86
1496,221.56,224.76,228.68,230.28,234.18,236.82,236.52,238.96,239.86,242.86
1497,221.56,224.74,228.68,230.28,234.18,236.82,236.52,238.96,239.84,242.86
1498,221.56,224.74,228.68,230.28,234.18,236.82,236.52,238.96,239.84,242.86
1499,221.56,224.74,228.64,230.28,234.18,236.82,236.52,238.96,239.84,242.86
1500,221.56,224.74,228.64,230.28,234.18,236.82,236.52,238.96,239.84,242.86
1501,221.56,224.72,228.64,230.28,234.18,236.82,236.52,238.96,239.84,242.86
1502,221.54,224.72,228.62,230.28,234.18,236.82,236.52,238.96,239.84,242.86
1503,221.54,224.72,228.62,230.28,234.18,236.82,236.52,238.96,239.84,242.86
1504,221.54,224.72,228.62,230.28,234.18,236.82,236.52,238.96,239.84,242.86
1505,221.54,224.7,228.62,230.28,234.18,236.82,236.52,238.96,239.84,242.86
1506,221.54,224.7,228.62,230.28,234.16,236.82,236.52,238.96,239.84,242.86
1507,221.54,224.68,228.62,230.28,234.16,236.82,236.52,238.96,239.82,242.86
1508,221.54,224.68,228.62,230.28,234.16,236.82,236.52,238.96,239.82,242.86
1509,221.52,224.68,228.62,230.28,234.16,236.82,236.52,238.96,239.8,242.86
1510,221.52,224.68,228.62,230.28,234.16,236.82,236.52,238.96,239.8,242.86
1511,221.52,224.68,228.62,230.28,234.16,236.82,236.52,238.96,239.8,242.86
1512,221.52,224.68,228.6,230.28,234.16,236.82,236.52,238.96,239.8,242.86
1513,221.52,224.68,228.6,230.24,234.16,236.82,236.52,238.96,239.8,242.86
1514,221.52,224.68,228.6,230.24,234.16,236.82,236.52,238.96,239.8,242.86
1515,221.5,224.68,228.6,230.24,234.16,236.8,236.52,238.96,239.8,242.86
1516,221.5,224.68,228.6,230.24,234.16,236.8,236.52,238.96,239.8,242.86
1517,221.5,224.68,228.6,230.24,234.16,236.8,236.52,238.96,239.8,242.86
1518,221.48,224.68,228.6,230.24,234.16,236.8,236.52,238.96,239.8,242.86
1519,221.48,224.68,228.6,230.24,234.16,236.8,236.52,238.96,239.8,242.86
1520,221.48,224.68,228.58,230.24,234.16,236.8,236.52,238.96,239.8,242.86
1521,221.46,224.68,228.58,230.24,234.16,236.8,236.52,238.96,239.8,242.86
1522,221.46,224.68,228.58,230.24,234.16,236.8,236.52,238.96,239.8,242.86
1523,221.46,224.66,228.58,230.24,234.16,236.8,236.52,238.96,239.8,242.86
1524,221.46,224.66,228.58,230.24,234.14,236.8,236.52,238.96,239.8,242.86
1525,221.46,224.66,228.56,230.24,234.14,236.8,236.52,238.96,239.8,242.86
1526,221.46,224.66,228.56,230.24,234.14,236.8,236.52,238.96,239.8,242.86
1527,221.44,224.66,228.56,230.24,234.14,236.76,236.52,238.96,239.8,242.86
1528,221.44,224.66,228.54,230.24,234.12,236.76,236.5,238.96,239.8,242.86
1529,221.44,224.66,228.54,230.24,234.12,236.76,236.5,238.96,239.8,242.86
1530,221.44,224.66,228.54,230.24,234.1,236.76,236.5,238.96,239.8,242.86
1531,221.44,224.66,228.54,230.24,234.1,236.76,236.5,238.96,239.8,242.86
1532,221.44,224.66,228.54,230.24,234.1,236.76,236.5,238.96,239.8,242.86
1533,221.44,224.66,228.54,230.24,234.1,236.76,236.5,238.96,239.8,242.86
1534,221.44,224.66,228.54,230.24,234.1,236.76,236.5,238.96,239.8,242.86
1535,221.44,224.66,228.54,230.24,234.1,236.76,236.5,238.96,239.8,242.86
1536,221.44,224.66,228.54,230.24,234.1,236.76,236.5,238.96,239.8,242.86
1537,221.44,224.66,228.54,230.24,234.08,236.76,236.5,238.96,239.8,242.86
1538,221.44,224.66,228.52,230.24,234.08,236.76,236.5,238.96,239.8,242.86
1539,221.44,224.66,228.52,230.24,234.08,236.76,236.5,238.96,239.8,242.86
1540,221.44,224.66,228.52,230.24,234.08,236.76,236.48,238.96,239.8,242.86
1541,221.44,224.66,228.52,230.24,234.08,236.76,236.48,238.96,239.8,242.86
1542,221.44,224.64,228.52,230.24,234.08,236.76,236.48,238.96,239.8,242.86
1543,221.44,224.64,228.52,230.24,234.08,236.76,236.48,238.96,239.8,242.86
1544,221.44,224.62,228.52,230.24,234.08,236.72,236.48,238.96,239.8,242.86
1545,221.44,224.62,228.52,230.2,234.08,236.72,236.48,238.96,239.8,242.86
1546,221.44,224.62,228.52,230.2,234.06,236.72,236.48,238.96,239.8,242.86
1547,221.44,224.62,228.52,230.2,234.06,236.72,236.48,238.96,239.8,242.86
1548,221.44,224.62,228.52,230.2,234.06,236.72,236.48,238.9,239.8,242.86
1549,221.44,224.6,228.52,230.2,234.06,236.72,236.48,238.9,239.8,242.86
1550,221.44,224.6,228.52,230.2,234.06,236.72,236.48,238.9,239.8,242.86
1551,221.44,224.6,228.52,230.2,234.06,236.72,236.48,238.9,239.8,242.86
1552,221.44,224.6,228.52,230.2,234.06,236.72,236.46,238.9,239.8,242.86
1553,221.44,224.58,228.52,230.2,234.06,236.72,236.46,238.9,239.8,242.86
1554,221.44,224.58,228.52,230.2,234.06,236.72,236.46,238.9,239.8,242.86
1555,221.44,224.56,228.52,230.18,234.06,236.72,236.46,238.9,239.8,242.86
1556,221.44,224.56,228.52,230.18,234.06,236.72,236.46,238.9,239.8,242.86
1557,221.44,224.56,228.52,230.18,234.06,236.72,236.46,238.9,239.8,242.86
1558,221.44,224.56,228.52,230.16,234.06,236.72,236.46,238.9,239.8,242.86
1559,221.44,224.56,228.52,230.16,234.06,236.72,236.46,238.9,239.8,242.86
1560,221.44,224.56,228.52,230.16,234.06,236.72,236.46,238.9,239.8,242.86
1561,221.44,224.56,228.52,230.16,234.06,236.72,236.46,238.9,239.8,242.86
1562,221.44,224.56,228.52,230.16,234.06,236.72,236.46,238.9,239.8,242.86
1563,221.44,224.56,228.52,230.16,234.06,236.72,236.46,238.9,239.8,242.86
1564,221.44,224.56,228.52,230.14,234.06,236.72,236.46,238.9,239.8,242.86
1565,221.44,224.54,228.5,230.14,234.06,236.72,236.44,238.9,239.8,242.86
1566,221.44,224.54,228.5,230.14,234.06,236.72,236.44,238.9,239.78,242.86
1567,221.42,224.54,228.5,230.14,234.06,236.72,236.44,238.9,239.78,242.86
1568,221.42,224.54,228.5,230.14,234.06,236.72,236.44,238.9,239.78,242.86
1569,221.42,224.52,228.5,230.14,234.06,236.72,236.44,238.9,239.78,242.86
1570,221.42,224.52,228.5,230.14,234.06,236.72,236.44,238.9,239.78,242.86
1571,221.42,224.5,228.5,230.14,234.06,236.72,236.44,238.9,239.78,242.86
1572,221.42,224.5,228.5,230.14,234.06,236.72,236.44,238.9,239.78,242.86
1573,221.42,224.5,228.5,230.14,234.06,236.72,236.44,238.9,239.78,242.86
1574,221.42,224.5,228.5,230.14,234.06,236.72,236.44,238.9,239.78,242.86
1575,221.42,224.5,228.5,230.14,234.06,236.72,236.44,238.9,239.78,242.86
1576,221.42,224.5,228.5,230.14,234.06,236.72,236.44,238.9,239.78,242.86
1577,221.42,224.5,228.5,230.14,234.06,236.72,236.44,238.9,239.78,242.86
1578,221.42,224.5,228.5,230.14,234.06,236.72,236.44,238.9,239.78,242.86
1579,221.42,224.5,228.5,230.14,234.06,236.72,236.44,238.9,239.78,242.86
1580,221.4,224.5,228.5,230.14,234.06,236.72,236.44,238.9,239.78,242.86
1581,221.4,224.5,228.48,230.14,234.06,236.72,236.44,238.9,239.78,242.86
1582,221.4,224.5,228.48,230.14,234.06,236.72,236.44,238.9,239.78,242.86
1583,221.38,224.5,228.48,230.14,234.06,236.68,236.44,238.9,239.78,242.86
1584,221.38,224.5,228.46,230.14,234.06,236.68,236.44,238.9,239.74,242.86
1585,221.38,224.5,228.46,230.14,234.06,236.68,236.44,238.9,239.74,242.86
1586,221.38,224.5,228.46,230.12,234.06,236.68,236.44,238.9,239.74,242.86
1587,221.38,224.5,228.46,230.12,234.04,236.68,236.42,238.9,239.74,242.86
1588,221.38,224.5,228.46,230.12,234.04,236.68,236.42,238.9,239.74,242.86
1589,221.38,224.5,228.44,230.12,234.04,236.68,236.42,238.9,239.74,242.86
1590,221.38,224.5,228.44,230.12,234.04,236.68,236.42,238.9,239.74,242.86
1591,221.38,224.5,228.44,230.12,234.04,236.68,236.42,238.9,239.74,242.86
1592,221.36,224.5,228.44,230.1,234.04,236.68,236.42,238.9,239.74,242.86
1593,221.36,224.5,228.44,230.1,234.04,236.68,236.42,238.9,239.74,242.86
1594,221.34,224.5,228.44,230.1,234.04,236.68,236.42,238.9,239.74,242.86
1595,221.32,224.5,228.44,230.1,234.04,236.68,236.42,238.9,239.74,242.86
1596,221.32,224.5,228.44,230.1,234.02,236.68,236.42,238.9,239.74,242.86
1597,221.32,224.5,228.44,230.1,234.02,236.68,236.42,238.9,239.74,242.86
1598,221.32,224.5,228.42,230.1,234.02,236.68,236.42,238.9,239.74,242.86
1599,221.32,224.48,228.42,230.1,234.02,236.68,236.42,238.9,239.74,242.86
1600,221.32,224.48,228.4,230.1,234.0,236.68,236.42,238.9,239.74,242.86
1601,221.32,224.46,228.4,230.1,234.0,236.68,236.42,238.9,239.74,242.86
1602,221.32,224.46,228.4,230.08,234.0,236.68,236.42,238.9,239.74,242.86
1603,221.32,224.46,228.4,230.08,234.0,236.68,236.42,238.9,239.74,242.86
1604,221.3,224.46,228.4,230.08,234.0,236.68,236.42,238.9,239.74,242.86
1605,221.3,224.46,228.4,230.08,234.0,236.68,236.4,238.9,239.74,242.86
1606,221.3,224.46,228.4,230.08,234.0,236.68,236.4,238.9,239.74,242.86
1607,221.3,224.46,228.38,230.08,234.0,236.68,236.4,238.9,239.74,242.86
1608,221.3,224.46,228.38,230.08,234.0,236.68,236.4,238.9,239.74,242.86
1609,221.26,224.46,228.38,230.08,234.0,236.68,236.4,238.9,239.74,242.86
1610,221.26,224.46,228.34,230.08,234.0,236.68,236.4,238.9,239.74,242.86
1611,221.26,224.46,228.34,230.08,234.0,236.68,236.4,238.9,239.74,242.86
1612,221.26,224.46,228.34,230.08,234.0,236.68,236.4,238.9,239.74,242.86
1613,221.26,224.46,228.34,230.08,234.0,236.68,236.4,238.9,239.74,242.86
1614,221.22,224.46,228.34,230.08,234.0,236.68,236.4,238.9,239.74,242.86
1615,221.22,224.46,228.34,230.08,234.0,236.68,236.4,238.9,239.74,242.86
1616,221.22,224.46,228.34,230.08,234.0,236.68,236.4,238.9,239.74,242.86
1617,221.22,224.46,228.34,230.08,233.98,236.68,236.4,238.9,239.74,242.86
1618,221.2,224.46,228.34,230.08,233.98,236.68,236.4,238.9,239.74,242.86
1619,221.2,224.44,228.34,230.08,233.98,236.68,236.4,238.9,239.74,242.86
1620,221.2,224.42,228.34,230.08,233.98,236.68,236.4,238.9,239.74,242.86
1621,221.2,224.42,228.34,230.08,233.98,236.68,236.4,238.9,239.74,242.86
1622,221.2,224.42,228.34,230.08,233.98,236.68,236.4,238.9,239.74,242.86
1623,221.2,224.42,228.34,230.08,233.98,236.68,236.4,238.9,239.74,242.86
1624,221.2,224.42,228.34,230.08,233.98,236.68,236.4,238.9,239.74,242.86
1625,221.2,224.4,228.34,230.08,233.98,236.68,236.4,238.9,239.74,242.86
1626,221.2,224.4,228.34,230.08,233.98,236.68,236.4,238.9,239.74,242.86
1627,221.2,224.38,228.34,230.08,233.98,236.68,236.4,238.9,239.74,242.86
1628,221.2,224.38,228.34,230.08,233.98,236.68,236.4,238.9,239.74,242.86
1629,221.2,224.38,228.34,230.08,233.98,236.68,236.4,238.9,239.74,242.86
1630,221.2,224.38,228.34,230.08,233.98,236.68,236.4,238.9,239.74,242.86
1631,221.2,224.38,228.34,230.08,233.98,236.68,236.4,238.9,239.74,242.86
1632,221.2,224.38,228.34,230.08,233.98,236.68,236.4,238.9,239.74,242.86
1633,221.2,224.38,228.34,230.08,233.98,236.68,236.4,238.9,239.74,242.86
1634,221.2,224.38,228.34,230.08,233.98,236.68,236.4,238.9,239.74,242.86
1635,221.2,224.36,228.34,230.08,233.98,236.68,236.4,238.9,239.74,242.86
1636,221.2,224.36,228.32,230.08,233.98,236.68,236.4,238.9,239.74,242.86
1637,221.2,224.36,228.32,230.08,233.98,236.68,236.4,238.9,239.74,242.86
1638,221.2,224.36,228.32,230.08,233.98,236.68,236.4,238.9,239.74,242.86
1639,221.18,224.36,228.32,230.08,233.98,236.68,236.4,238.9,239.74,242.86
1640,221.18,224.36,228.32,230.08,233.98,236.68,236.4,238.9,239.74,242.86
1641,221.18,224.36,228.32,230.08,233.98,236.68,236.4,238.9,239.74,242.86
1642,221.18,224.36,228.32,230.08,233.98,236.68,236.4,238.9,239.74,242.86
1643,221.16,224.36,228.32,230.08,233.98,236.68,236.4,238.9,239.74,242.86
1644,221.16,224.36,228.32,230.04,233.98,236.68,236.4,238.9,239.74,242.86
1645,221.16,224.36,228.32,230.04,233.98,236.68,236.4,238.9,239.74,242.86
1646,221.16,224.36,228.32,230.04,233.98,236.68,236.4,238.9,239.74,242.86
1647,221.14,224.36,228.32,230.04,233.98,236.68,236.4,238.9,239.74,242.86
1648,221.14,224.36,228.26,230.04,233.98,236.68,236.4,238.9,239.74,242.86
1649,221.12,224.36,228.24,230.02,233.98,236.68,236.4,238.9,239.74,242.86
1650,221.12,224.36,228.24,230.02,233.98,236.68,236.4,238.9,239.74,242.86
1651,221.12,224.36,228.24,230.02,233.98,236.68,236.4,238.9,239.74,242.86
1652,221.12,224.36,228.24,230.02,233.98,236.68,236.4,238.9,239.74,242.86
1653,221.12,224.36,228.24,230.02,233.98,236.68,236.4,238.9,239.74,242.86
1654,221.12,224.36,228.24,230.02,233.98,236.68,236.4,238.9,239.74,242.86
1655,221.12,224.36,228.24,230.02,233.98,236.68,236.4,238.9,239.74,242.86
1656,221.12,224.36,228.22,230.02,233.98,236.68,236.4,238.9,239.74,242.86
1657,221.12,224.36,228.22,230.02,233.98,236.68,236.4,238.9,239.74,242.86
1658,221.12,224.36,228.22,230.02,233.98,236.68,236.4,238.9,239.74,242.86
1659,221.1,224.36,228.22,230.02,233.98,236.68,236.4,238.9,239.74,242.86
1660,221.1,224.36,228.22,230.02,233.98,236.68,236.4,238.9,239.74,242.86
1661,221.1,224.36,228.22,230.02,233.98,236.68,236.4,238.9,239.74,242.86
1662,221.1,224.36,228.22,230.02,233.98,236.68,236.4,238.9,239.74,242.86
1663,221.1,224.36,228.22,230.02,233.98,236.68,236.4,238.9,239.74,242.86
1664,221.1,224.36,228.22,230.02,233.98,236.68,236.4,238.9,239.74,242.86
1665,221.1,224.36,228.22,230.02,233.98,236.68,236.4,238.9,239.74,242.86
1666,221.1,224.36,228.22,230.02,233.98,236.68,236.4,238.9,239.74,242.86
1667,221.1,224.36,228.22,230.02,233.98,236.68,236.4,238.9,239.74,242.86
1668,221.1,224.36,228.22,230.02,233.98,236.68,236.4,238.9,239.74,242.86
1669,221.1,224.36,228.22,230.02,233.98,236.68,236.4,238.9,239.74,242.86
1670,221.1,224.36,228.22,230.02,233.98,236.68,236.4,238.9,239.74,242.86
1671,221.1,224.36,228.22,230.02,233.98,236.68,236.4,238.9,239.74,242.86
1672,221.1,224.36,228.22,230.02,233.98,236.68,236.4,238.9,239.74,242.86
1673,221.08,224.36,228.22,230.02,233.98,236.68,236.4,238.9,239.74,242.86
1674,221.08,224.36,228.22,230.02,233.98,236.68,236.4,238.88,239.74,242.86
1675,221.08,224.36,228.22,230.02,233.98,236.68,236.4,238.88,239.74,242.86
1676,221.08,224.36,228.22,230.02,233.98,236.68,236.38,238.88,239.74,242.86
1677,221.08,224.36,228.22,230.02,233.98,236.68,236.38,238.88,239.74,242.86
1678,221.08,224.36,228.22,230.02,233.98,236.66,236.38,238.88,239.74,242.86
1679,221.08,224.36,228.22,230.02,233.98,236.66,236.38,238.88,239.74,242.86
1680,221.08,224.36,228.22,230.02,233.98,236.66,236.38,238.88,239.74,242.86
1681,221.08,224.36,228.22,230.02,233.98,236.66,236.38,238.88,239.74,242.86
1682,221.08,224.36,228.22,230.02,233.98,236.66,236.38,238.88,239.74,242.86
1683,221.08,224.36,228.22,230.02,233.98,236.66,236.38,238.88,239.74,242.86
1684,221.08,224.36,228.22,230.02,233.98,236.66,236.38,238.88,239.74,242.86
1685,221.08,224.36,228.22,230.02,233.98,236.66,236.38,238.88,239.74,242.86
1686,221.08,224.36,228.22,230.0,233.96,236.66,236.38,238.88,239.74,242.86
1687,221.06,224.36,228.22,230.0,233.96,236.66,236.38,238.88,239.74,242.86
1688,221.06,224.36,228.22,230.0,233.96,236.66,236.38,238.88,239.74,242.86
1689,221.06,224.36,228.22,230.0,233.96,236.66,236.38,238.88,239.74,242.86
1690,221.06,224.34,228.22,230.0,233.96,236.66,236.38,238.88,239.74,242.86
1691,221.06,224.34,228.22,230.0,233.96,236.66,236.38,238.88,239.74,242.86
1692,221.06,224.34,228.22,230.0,233.96,236.66,236.38,238.88,239.74,242.86
1693,221.06,224.34,228.22,230.0,233.96,236.66,236.38,238.88,239.74,242.86
1694,221.06,224.34,228.22,230.0,233.96,236.66,236.38,238.88,239.74,242.86
1695,221.06,224.34,228.22,230.0,233.96,236.66,236.38,238.88,239.74,242.86
1696,221.06,224.32,228.22,230.0,233.96,236.66,236.38,238.88,239.74,242.86
1697,221.06,224.3,228.22,230.0,233.96,236.66,236.38,238.88,239.74,242.86
1698,221.06,224.3,228.22,230.0,233.96,236.66,236.38,238.86,239.74,242.86
1699,221.06,224.3,228.22,229.98,233.96,236.66,236.38,238.86,239.74,242.86
1700,221.06,224.3,228.22,229.98,233.96,236.66,236.38,238.86,239.74,242.86
1701,221.06,224.3,228.22,229.98,233.96,236.66,236.38,238.86,239.74,242.86
1702,221.06,224.3,228.22,229.98,233.96,236.66,236.38,238.86,239.74,242.86
1703,221.06,224.3,228.22,229.98,233.96,236.66,236.38,238.86,239.74,242.86
1704,221.02,224.3,228.22,229.98,233.96,236.66,236.38,238.86,239.74,242.86
1705,221.02,224.3,228.22,229.98,233.96,236.66,236.38,238.86,239.74,242.86
1706,220.98,224.3,228.22,229.98,233.96,236.66,236.38,238.86,239.74,242.86
1707,220.98,224.3,228.22,229.98,233.96,236.66,236.38,238.86,239.74,242.86
1708,220.98,224.28,228.22,229.96,233.96,236.66,236.38,238.86,239.74,242.86
1709,220.98,224.28,228.22,229.96,233.96,236.66,236.38,238.86,239.74,242.86
1710,220.98,224.28,228.22,229.96,233.96,236.66,236.38,238.86,239.74,242.86
1711,220.98,224.28,228.22,229.96,233.96,236.66,236.38,238.86,239.74,242.86
1712,220.98,224.28,228.22,229.96,233.96,236.66,236.38,238.86,239.74,242.86
1713,220.98,224.28,228.22,229.96,233.96,236.66,236.38,238.86,239.74,242.86
1714,220.98,224.28,228.22,229.96,233.96,236.66,236.38,238.86,239.72,242.86
1715,220.98,224.28,228.22,229.96,233.96,236.66,236.38,238.86,239.72,242.86
1716,220.98,224.28,228.22,229.96,233.96,236.66,236.38,238.86,239.72,242.86
1717,220.98,224.28,228.22,229.96,233.96,236.66,236.38,238.86,239.72,242.86
1718,220.98,224.28,228.22,229.96,233.96,236.66,236.38,238.86,239.72,242.86
1719,220.98,224.28,228.22,229.96,233.96,236.66,236.38,238.86,239.72,242.86
1720,220.98,224.28,228.22,229.96,233.96,236.66,236.38,238.86,239.72,242.86
1721,220.98,224.28,228.22,229.96,233.96,236.66,236.38,238.86,239.72,242.86
1722,220.98,224.28,228.22,229.94,233.96,236.66,236.38,238.86,239.72,242.86
1723,220.98,224.28,228.22,229.94,233.96,236.66,236.38,238.86,239.72,242.86
1724,220.98,224.28,228.22,229.94,233.96,236.66,236.38,238.86,239.72,242.86
1725,220.98,224.28,228.22,229.94,233.96,236.66,236.38,238.86,239.72,242.86
1726,220.98,224.28,228.22,229.94,233.96,236.66,236.38,238.86,239.72,242.86
1727,220.98,224.28,228.22,229.94,233.96,236.66,236.38,238.86,239.72,242.86
1728,220.98,224.28,228.22,229.92,233.94,236.66,236.38,238.86,239.72,242.86
1729,220.98,224.28,228.22,229.92,233.94,236.66,236.38,238.86,239.72,242.86
1730,220.98,224.28,228.22,229.92,233.94,236.66,236.38,238.86,239.72,242.86
1731,220.98,224.28,228.22,229.92,233.94,236.66,236.38,238.84,239.72,242.86
1732,220.98,224.28,228.22,229.92,233.92,236.66,236.38,238.84,239.72,242.86
1733,220.98,224.28,228.22,229.92,233.92,236.66,236.38,238.84,239.72,242.86
1734,220.98,224.28,228.22,229.92,233.92,236.66,236.38,238.84,239.72,242.86
1735,220.96,224.28,228.22,229.92,233.92,236.66,236.38,238.84,239.72,242.86
1736,220.96,224.28,228.22,229.92,233.92,236.66,236.38,238.82,239.72,242.86
1737,220.96,224.28,228.22,229.92,233.92,236.66,236.38,238.82,239.72,242.86
1738,220.96,224.28,228.22,229.9,233.92,236.66,236.38,238.82,239.72,242.86
1739,220.96,224.28,228.22,229.9,233.92,236.66,236.38,238.82,239.72,242.86
1740,220.96,224.28,228.22,229.9,233.92,236.66,236.38,238.82,239.72,242.86
1741,220.96,224.28,228.22,229.9,233.92,236.66,236.38,238.82,239.72,242.86
1742,220.96,224.28,228.22,229.9,233.92,236.66,236.38,238.82,239.72,242.86
1743,220.96,224.28,228.22,229.9,233.92,236.66,236.38,238.82,239.72,242.86
1744,220.96,224.28,228.22,229.9,233.92,236.66,236.38,238.82,239.72,242.86
1745,220.96,224.28,228.22,229.9,233.92,236.66,236.38,238.82,239.72,242.86
1746,220.94,224.28,228.22,229.9,233.92,236.66,236.38,238.82,239.72,242.86
1747,220.94,224.28,228.22,229.9,233.92,236.66,236.38,238.82,239.72,242.86
1748,220.94,224.28,228.22,229.9,233.92,236.66,236.38,238.82,239.72,242.86
1749,220.94,224.28,228.22,229.9,233.92,236.66,236.38,238.82,239.68,242.86
1750,220.94,224.28,228.2,229.9,233.92,236.66,236.38,238.82,239.68,242.86
1751,220.94,224.28,228.2,229.9,233.92,236.66,236.38,238.82,239.68,242.86
1752,220.92,224.28,228.2,229.9,233.92,236.66,236.38,238.82,239.68,242.86
1753,220.92,224.28,228.2,229.9,233.92,236.66,236.38,238.82,239.68,242.86
1754,220.92,224.28,228.2,229.9,233.92,236.66,236.38,238.82,239.68,242.86
1755,220.92,224.28,228.2,229.9,233.92,236.66,236.38,238.82,239.68,242.86
1756,220.92,224.28,228.2,229.9,233.92,236.66,236.38,238.82,239.68,242.86
1757,220.92,224.24,228.2,229.9,233.92,236.66,236.38,238.82,239.68,242.86
1758,220.92,224.24,228.2,229.9,233.92,236.66,236.38,238.82,239.68,242.86
1759,220.92,224.24,228.18,229.9,233.92,236.66,236.38,238.82,239.68,242.86
1760,220.92,224.24,228.18,229.9,233.92,236.66,236.38,238.82,239.68,242.86
1761,220.92,224.24,228.18,229.9,233.92,236.66,236.38,238.82,239.68,242.86
1762,220.92,224.24,228.18,229.9,233.92,236.66,236.38,238.8,239.68,242.86
1763,220.92,224.24,228.18,229.9,233.92,236.66,236.38,238.8,239.68,242.86
1764,220.92,224.24,228.18,229.9,233.92,236.66,236.38,238.8,239.68,242.86
1765,220.92,224.24,228.18,229.9,233.92,236.66,236.38,238.8,239.68,242.86
1766,220.92,224.24,228.18,229.9,233.9,236.66,236.38,238.8,239.68,242.86
1767,220.92,224.24,228.18,229.9,233.9,236.66,236.38,238.8,239.68,242.86
1768,220.92,224.24,228.18,229.9,233.88,236.66,236.38,238.8,239.68,242.86
1769,220.92,224.24,228.18,229.9,233.84,236.66,236.38,238.8,239.68,242.86
1770,220.92,224.22,228.16,229.9,233.84,236.66,236.38,238.8,239.68,242.86
1771,220.92,224.22,228.16,229.9,233.84,236.66,236.38,238.8,239.68,242.86
1772,220.92,224.22,228.16,229.88,233.84,236.66,236.38,238.8,239.68,242.86
1773,220.92,224.22,228.14,229.86,233.84,236.66,236.38,238.8,239.68,242.86
1774,220.92,224.22,228.14,229.86,233.84,236.66,236.38,238.8,239.68,242.86
1775,220.92,224.22,228.14,229.86,233.84,236.66,236.38,238.8,239.68,242.86
1776,220.9,224.22,228.14,229.84,233.84,236.66,236.38,238.8,239.68,242.86
1777,220.9,224.22,228.14,229.82,233.8,236.66,236.38,238.8,239.68,242.86
1778,220.9,224.2,228.14,229.82,233.8,236.66,236.38,238.8,239.68,242.86
1779,220.9,224.2,228.14,229.82,233.8,236.66,236.38,238.8,239.68,242.86
1780,220.9,224.2,228.14,229.82,233.8,236.66,236.38,238.8,239.68,242.86
1781,220.9,224.2,228.14,229.82,233.8,236.66,236.38,238.8,239.68,242.86
1782,220.9,224.2,228.14,229.82,233.8,236.66,236.38,238.8,239.68,242.86
1783,220.9,224.2,228.14,229.82,233.8,236.66,236.38,238.8,239.68,242.86
1784,220.88,224.2,228.14,229.82,233.8,236.66,236.38,238.8,239.68,242.86
1785,220.88,224.2,228.14,229.82,233.8,236.66,236.36,238.8,239.68,242.86
1786,220.88,224.2,228.14,229.82,233.8,236.66,236.36,238.8,239.68,242.86
1787,220.88,224.2,228.12,229.82,233.8,236.66,236.36,238.8,239.68,242.86
1788,220.88,224.2,228.12,229.82,233.8,236.66,236.36,238.8,239.68,242.86
1789,220.88,224.2,228.12,229.82,233.8,236.64,236.36,238.8,239.68,242.86
1790,220.88,224.2,228.12,229.82,233.8,236.64,236.36,238.8,239.68,242.86
1791,220.88,224.2,228.12,229.82,233.8,236.64,236.36,238.8,239.68,242.86
1792,220.88,224.2,228.1,229.82,233.78,236.64,236.36,238.8,239.68,242.86
1793,220.88,224.2,228.1,229.82,233.78,236.64,236.36,238.8,239.68,242.86
1794,220.88,224.2,228.1,229.82,233.78,236.64,236.36,238.8,239.68,242.86
1795,220.88,224.2,228.1,229.82,233.78,236.64,236.36,238.8,239.64,242.86
1796,220.88,224.18,228.1,229.82,233.78,236.64,236.36,238.8,239.64,242.86
1797,220.88,224.18,228.1,229.82,233.76,236.64,236.34,238.8,239.64,242.86
1798,220.88,224.16,228.1,229.82,233.76,236.62,236.34,238.8,239.64,242.86
1799,220.88,224.16,228.1,229.82,233.76,236.62,236.34,238.8,239.64,242.86
1800,220.88,224.16,228.1,229.82,233.76,236.62,236.34,238.8,239.64,242.86
1801,220.88,224.16,228.1,229.82,233.76,236.62,236.34,238.8,239.64,242.86
1802,220.88,224.16,228.1,229.82,233.76,236.62,236.34,238.8,239.64,242.86
1803,220.88,224.16,228.1,229.82,233.76,236.62,236.34,238.8,239.64,242.86
1804,220.88,224.14,228.1,229.8,233.76,236.62,236.34,238.8,239.62,242.86
1805,220.86,224.14,228.1,229.8,233.76,236.62,236.34,238.8,239.6,242.86
1806,220.86,224.14,228.1,229.78,233.76,236.62,236.32,238.8,239.6,242.86
1807,220.86,224.14,228.08,229.78,233.76,236.62,236.32,238.8,239.6,242.86
1808,220.86,224.14,228.08,229.78,233.76,236.62,236.32,238.8,239.6,242.86
1809,220.86,224.14,228.08,229.78,233.76,236.62,236.32,238.8,239.6,242.86
1810,220.86,224.14,228.08,229.78,233.76,236.62,236.32,238.8,239.6,242.86
1811,220.86,224.14,228.08,229.78,233.76,236.62,236.32,238.8,239.6,242.86
1812,220.86,224.14,228.08,229.76,233.76,236.62,236.32,238.8,239.6,242.86
1813,220.86,224.14,228.08,229.76,233.74,236.62,236.32,238.8,239.6,242.86
1814,220.86,224.14,228.08,229.76,233.74,236.62,236.32,238.8,239.6,242.86
1815,220.86,224.14,228.08,229.76,233.74,236.62,236.32,238.8,239.6,242.86
1816,220.86,224.14,228.08,229.76,233.74,236.62,236.32,238.8,239.6,242.86
1817,220.86,224.14,228.08,229.76,233.74,236.62,236.32,238.8,239.6,242.86
1818,220.86,224.14,228.08,229.76,233.74,236.62,236.32,238.8,239.6,242.86
1819,220.84,224.14,228.08,229.76,233.74,236.62,236.32,238.8,239.6,242.86
1820,220.84,224.14,228.08,229.76,233.72,236.62,236.32,238.8,239.6,242.86
1821,220.82,224.14,228.08,229.76,233.72,236.62,236.32,238.8,239.6,242.86
1822,220.82,224.14,228.08,229.76,233.72,236.62,236.32,238.8,239.6,242.86
1823,220.82,224.14,228.08,229.76,233.72,236.62,236.32,238.8,239.6,242.86
1824,220.82,224.14,228.08,229.76,233.72,236.62,236.32,238.8,239.6,242.86
1825,220.82,224.12,228.08,229.76,233.72,236.62,236.32,238.8,239.6,242.86
1826,220.82,224.12,228.08,229.76,233.72,236.62,236.32,238.8,239.6,242.86
1827,220.82,224.12,228.08,229.76,233.72,236.62,236.32,238.8,239.6,242.86
1828,220.82,224.12,228.08,229.76,233.72,236.62,236.32,238.8,239.6,242.86
1829,220.82,224.12,228.08,229.76,233.72,236.62,236.32,238.8,239.6,242.86
1830,220.82,224.12,228.08,229.76,233.72,236.62,236.32,238.8,239.6,242.86
1831,220.82,224.12,228.08,229.76,233.72,236.62,236.32,238.8,239.6,242.86
1832,220.82,224.12,228.08,229.76,233.72,236.62,236.32,238.8,239.6,242.86
1833,220.82,224.12,228.08,229.74,233.72,236.62,236.32,238.78,239.6,242.86
1834,220.82,224.12,228.08,229.74,233.72,236.62,236.32,238.78,239.6,242.86
1835,220.82,224.12,228.08,229.74,233.72,236.62,236.32,238.78,239.6,242.86
1836,220.82,224.12,228.08,229.74,233.72,236.62,236.32,238.78,239.6,242.86
1837,220.8,224.1,228.08,229.74,233.72,236.62,236.32,238.78,239.6,242.86
1838,220.8,224.1,228.08,229.74,233.7,236.62,236.32,238.78,239.6,242.86
1839,220.8,224.1,228.08,229.74,233.7,236.6,236.32,238.78,239.6,242.86
1840,220.8,224.1,228.08,229.74,233.68,236.6,236.32,238.78,239.6,242.86
1841,220.8,224.1,228.08,229.74,233.68,236.6,236.32,238.78,239.6,242.86
1842,220.8,224.1,228.08,229.74,233.68,236.58,236.32,238.78,239.6,242.86
1843,220.8,224.1,228.08,229.72,233.68,236.58,236.32,238.78,239.6,242.86
1844,220.8,224.1,228.08,229.72,233.68,236.58,236.32,238.78,239.6,242.86
1845,220.8,224.1,228.08,229.72,233.68,236.58,236.32,238.78,239.6,242.86
1846,220.8,224.1,228.08,229.72,233.68,236.58,236.32,238.78,239.6,242.86
1847,220.8,224.06,228.08,229.72,233.68,236.58,236.32,238.78,239.6,242.86
1848,220.8,224.06,228.08,229.72,233.68,236.58,236.32,238.78,239.6,242.86
1849,220.8,224.06,228.08,229.72,233.68,236.58,236.32,238.78,239.6,242.86
1850,220.8,224.06,228.08,229.72,233.68,236.58,236.32,238.78,239.6,242.86
1851,220.8,224.06,228.08,229.72,233.66,236.58,236.32,238.78,239.6,242.86
1852,220.8,224.06,228.08,229.72,233.66,236.58,236.32,238.78,239.6,242.86
1853,220.76,224.06,228.08,229.72,233.66,236.58,236.32,238.78,239.6,242.86
1854,220.76,224.06,228.08,229.72,233.66,236.56,236.32,238.78,239.6,242.86
1855,220.74,224.06,228.08,229.72,233.66,236.56,236.32,238.78,239.6,242.86
1856,220.74,224.04,228.08,229.72,233.66,236.56,236.32,238.78,239.6,242.86
1857,220.74,224.04,228.08,229.72,233.66,236.56,236.32,238.78,239.6,242.86
1858,220.72,224.04,228.08,229.72,233.66,236.56,236.32,238.78,239.6,242.86
1859,220.72,224.04,228.08,229.72,233.66,236.56,236.32,238.78,239.6,242.86
1860,220.72,224.04,228.08,229.72,233.66,236.56,236.32,238.78,239.6,242.86
1861,220.72,224.04,228.08,229.72,233.66,236.56,236.32,238.78,239.6,242.86
1862,220.72,224.04,228.08,229.72,233.66,236.56,236.32,238.78,239.6,242.86
1863,220.7,224.04,228.08,229.72,233.66,236.56,236.32,238.78,239.6,242.86
1864,220.68,224.04,228.08,229.72,233.66,236.56,236.32,238.78,239.6,242.86
1865,220.66,224.02,228.08,229.72,233.66,236.56,236.32,238.78,239.6,242.86
1866,220.66,224.02,228.08,229.72,233.66,236.56,236.32,238.78,239.6,242.86
1867,220.66,224.02,228.08,229.72,233.66,236.56,236.32,238.78,239.6,242.86
1868,220.66,224.02,228.08,229.72,233.66,236.54,236.32,238.78,239.6,242.86
1869,220.66,224.02,228.08,229.72,233.66,236.54,236.32,238.78,239.6,242.86
1870,220.66,224.02,228.08,229.72,233.66,236.54,236.32,238.78,239.6,242.86
1871,220.66,224.02,228.08,229.72,233.66,236.54,236.32,238.74,239.6,242.86
1872,220.66,224.02,228.08,229.72,233.66,236.54,236.32,238.74,239.6,242.86
1873,220.66,224.02,228.08,229.72,233.66,236.54,236.32,238.74,239.6,242.86
1874,220.66,224.02,228.08,229.72,233.66,236.54,236.32,238.74,239.6,242.86
1875,220.66,224.02,228.06,229.72,233.66,236.54,236.32,238.74,239.6,242.86
1876,220.66,224.02,228.06,229.72,233.66,236.54,236.32,238.74,239.6,242.86
1877,220.66,224.02,228.06,229.72,233.66,236.54,236.32,238.74,239.6,242.86
1878,220.64,224.02,228.06,229.72,233.66,236.54,236.32,238.74,239.6,242.86
1879,220.64,224.02,228.06,229.72,233.66,236.54,236.32,238.74,239.6,242.86
1880,220.64,224.02,228.06,229.72,233.66,236.54,236.32,238.74,239.6,242.86
1881,220.64,224.02,228.06,229.72,233.64,236.54,236.32,238.74,239.6,242.86
1882,220.64,224.02,228.06,229.72,233.64,236.54,236.32,238.74,239.6,242.86
1883,220.62,224.02,228.06,229.72,233.64,236.54,236.32,238.74,239.6,242.86
1884,220.62,224.02,228.06,229.72,233.64,236.54,236.32,238.74,239.6,242.86
1885,220.62,224.0,228.06,229.72,233.64,236.54,236.32,238.74,239.6,242.86
1886,220.62,224.0,228.06,229.7,233.64,236.54,236.32,238.74,239.6,242.86
1887,220.62,224.0,228.06,229.7,233.64,236.54,236.32,238.74,239.6,242.86
1888,220.62,224.0,228.06,229.7,233.64,236.54,236.32,238.74,239.6,242.86
1889,220.6,223.98,228.06,229.7,233.64,236.54,236.32,238.74,239.6,242.86
1890,220.6,223.98,228.06,229.7,233.64,236.54,236.32,238.74,239.6,242.86
1891,220.6,223.98,228.06,229.7,233.64,236.54,236.32,238.74,239.6,242.86
1892,220.6,223.98,228.06,229.68,233.64,236.54,236.32,238.74,239.6,242.86
1893,220.6,223.98,228.06,229.68,233.64,236.54,236.32,238.74,239.6,242.86
1894,220.6,223.98,228.06,229.68,233.64,236.5,236.3,238.74,239.6,242.86
1895,220.58,223.98,228.06,229.68,233.64,236.5,236.3,238.74,239.6,242.86
1896,220.58,223.98,228.06,229.68,233.64,236.5,236.3,238.74,239.6,242.86
1897,220.58,223.98,228.04,229.68,233.64,236.48,236.3,238.74,239.6,242.86
1898,220.58,223.98,228.04,229.68,233.64,236.48,236.3,238.74,239.6,242.86
1899,220.58,223.98,228.04,229.68,233.64,236.48,236.28,238.74,239.6,242.86
1900,220.56,223.98,228.04,229.68,233.64,236.48,236.28,238.74,239.6,242.86
1901,220.56,223.98,228.0,229.68,233.64,236.48,236.28,238.74,239.6,242.86
1902,220.56,223.98,227.98,229.68,233.64,236.48,236.28,238.74,239.6,242.86
1903,220.56,223.96,227.98,229.68,233.64,236.48,236.28,238.74,239.6,242.86
1904,220.56,223.96,227.98,229.68,233.64,236.48,236.28,238.74,239.6,242.86
1905,220.54,223.94,227.98,229.68,233.64,236.48,236.28,238.74,239.6,242.86
1906,220.54,223.94,227.98,229.68,233.64,236.48,236.28,238.74,239.6,242.86
1907,220.54,223.94,227.98,229.68,233.64,236.46,236.28,238.74,239.6,242.86
1908,220.54,223.94,227.98,229.68,233.64,236.46,236.28,238.74,239.6,242.86
1909,220.54,223.94,227.98,229.68,233.64,236.46,236.28,238.74,239.6,242.86
1910,220.54,223.94,227.98,229.68,233.64,236.46,236.28,238.74,239.6,242.86
1911,220.54,223.94,227.98,229.68,233.64,236.46,236.28,238.74,239.6,242.86
1912,220.54,223.92,227.98,229.68,233.64,236.46,236.28,238.74,239.56,242.86
1913,220.54,223.92,227.98,229.68,233.64,236.46,236.28,238.74,239.56,242.86
1914,220.54,223.92,227.98,229.68,233.64,236.46,236.28,238.74,239.56,242.86
1915,220.54,223.92,227.98,229.68,233.64,236.44,236.28,238.74,239.56,242.86
1916,220.54,223.92,227.98,229.68,233.64,236.44,236.28,238.74,239.56,242.86
1917,220.54,223.92,227.98,229.68,233.64,236.44,236.28,238.74,239.56,242.86
1918,220.54,223.92,227.98,229.68,233.64,236.44,236.28,238.74,239.56,242.86
1919,220.54,223.92,227.98,229.68,233.64,236.44,236.28,238.74,239.56,242.86
1920,220.54,223.92,227.98,229.68,233.64,236.44,236.28,238.74,239.56,242.86
1921,220.54,223.9,227.98,229.68,233.64,236.44,236.28,238.74,239.56,242.86
1922,220.54,223.9,227.98,229.68,233.64,236.44,236.28,238.74,239.56,242.86
1923,220.54,223.9,227.98,229.68,233.64,236.42,236.28,238.74,239.56,242.86
1924,220.52,223.9,227.98,229.68,233.64,236.42,236.28,238.74,239.56,242.86
1925,220.52,223.9,227.98,229.68,233.64,236.42,236.28,238.74,239.56,242.86
1926,220.52,223.9,227.98,229.68,233.64,236.42,236.28,238.74,239.56,242.86
1927,220.52,223.9,227.98,229.68,233.64,236.42,236.28,238.74,239.56,242.86
1928,220.52,223.9,227.98,229.68,233.64,236.42,236.28,238.74,239.56,242.86
1929,220.52,223.9,227.96,229.68,233.64,236.42,236.28,238.74,239.56,242.86
1930,220.52,223.9,227.96,229.68,233.64,236.42,236.28,238.74,239.56,242.86
1931,220.5,223.9,227.96,229.68,233.64,236.42,236.28,238.74,239.56,242.86
1932,220.5,223.88,227.96,229.68,233.64,236.42,236.28,238.74,239.56,242.86
1933,220.5,223.88,227.96,229.66,233.64,236.42,236.28,238.74,239.56,242.86
1934,220.5,223.88,227.96,229.66,233.64,236.42,236.28,238.74,239.56,242.86
1935,220.5,223.88,227.96,229.62,233.64,236.42,236.28,238.74,239.56,242.86
1936,220.5,223.86,227.96,229.62,233.64,236.42,236.28,238.74,239.56,242.86
1937,220.48,223.86,227.96,229.62,233.64,236.42,236.28,238.74,239.56,242.86
1938,220.48,223.86,227.96,229.62,233.64,236.42,236.28,238.74,239.56,242.86
1939,220.48,223.86,227.96,229.6,233.64,236.42,236.28,238.74,239.56,242.86
1940,220.48,223.84,227.96,229.6,233.64,236.42,236.28,238.74,239.56,242.86
1941,220.48,223.84,227.96,229.6,233.64,236.42,236.28,238.74,239.56,242.86
1942,220.46,223.84,227.96,229.58,233.64,236.42,236.28,238.74,239.56,242.86
1943,220.46,223.84,227.96,229.56,233.64,236.42,236.26,238.74,239.56,242.86
1944,220.46,223.84,227.96,229.56,233.64,236.42,236.26,238.74,239.56,242.86
1945,220.46,223.84,227.96,229.56,233.64,236.42,236.26,238.74,239.56,242.86
1946,220.46,223.84,227.96,229.56,233.64,236.42,236.26,238.74,239.56,242.86
1947,220.46,223.84,227.96,229.56,233.64,236.42,236.26,238.74,239.56,242.86
1948,220.46,223.84,227.96,229.56,233.64,236.42,236.26,238.74,239.56,242.86
1949,220.46,223.84,227.96,229.56,233.64,236.42,236.26,238.74,239.56,242.86
1950,220.46,223.84,227.96,229.56,233.64,236.42,236.26,238.74,239.56,242.86
1951,220.44,223.84,227.96,229.56,233.64,236.42,236.26,238.74,239.56,242.86
1952,220.44,223.84,227.94,229.56,233.64,236.42,236.26,238.74,239.56,242.86
1953,220.44,223.82,227.94,229.56,233.64,236.4,236.26,238.74,239.56,242.86
1954,220.44,223.82,227.94,229.56,233.64,236.4,236.26,238.74,239.56,242.86
1955,220.44,223.82,227.94,229.56,233.64,236.4,236.26,238.74,239.56,242.86
1956,220.44,223.82,227.94,229.56,233.64,236.4,236.26,238.74,239.56,242.86
1957,220.42,223.82,227.94,229.56,233.64,236.4,236.26,238.74,239.56,242.86
1958,220.42,223.82,227.94,229.56,233.64,236.4,236.26,238.74,239.56,242.86
1959,220.42,223.82,227.94,229.56,233.64,236.4,236.26,238.74,239.56,242.86
1960,220.42,223.82,227.94,229.56,233.64,236.4,236.26,238.74,239.56,242.86
1961,220.42,223.82,227.94,229.56,233.64,236.4,236.26,238.74,239.56,242.86
1962,220.42,223.82,227.94,229.56,233.64,236.4,236.26,238.74,239.56,242.86
1963,220.42,223.82,227.94,229.56,233.64,236.4,236.26,238.74,239.56,242.86
1964,220.42,223.82,227.94,229.56,233.64,236.4,236.26,238.74,239.56,242.86
1965,220.42,223.82,227.94,229.56,233.64,236.38,236.26,238.74,239.56,242.86
1966,220.42,223.82,227.94,229.56,233.64,236.38,236.26,238.74,239.56,242.86
1967,220.42,223.82,227.94,229.56,233.64,236.38,236.26,238.74,239.56,242.86
1968,220.42,223.82,227.94,229.56,233.64,236.38,236.26,238.74,239.56,242.86
1969,220.42,223.8,227.94,229.56,233.64,236.38,236.26,238.74,239.56,242.86
1970,220.42,223.8,227.94,229.54,233.64,236.38,236.26,238.74,239.56,242.86
1971,220.42,223.8,227.9,229.52,233.64,236.38,236.26,238.74,239.56,242.86
1972,220.42,223.8,227.9,229.52,233.64,236.38,236.26,238.74,239.56,242.86
1973,220.42,223.8,227.9,229.52,233.64,236.38,236.26,238.74,239.56,242.86
1974,220.42,223.8,227.9,229.52,233.64,236.38,236.26,238.74,239.56,242.86
1975,220.42,223.8,227.9,229.52,233.64,236.38,236.26,238.74,239.56,242.86
1976,220.42,223.78,227.9,229.52,233.64,236.38,236.26,238.74,239.56,242.86
1977,220.42,223.74,227.9,229.52,233.64,236.38,236.26,238.74,239.56,242.86
1978,220.42,223.74,227.9,229.52,233.64,236.38,236.26,238.74,239.56,242.86
1979,220.42,223.74,227.88,229.52,233.64,236.38,236.26,238.74,239.56,242.86
1980,220.42,223.74,227.88,229.52,233.64,236.38,236.26,238.74,239.56,242.86
1981,220.42,223.74,227.88,229.52,233.64,236.38,236.26,238.74,239.56,242.86
1982,220.42,223.74,227.88,229.52,233.64,236.38,236.26,238.74,239.56,242.86
1983,220.42,223.74,227.88,229.52,233.64,236.38,236.26,238.74,239.56,242.86
1984,220.42,223.74,227.88,229.52,233.64,236.38,236.26,238.74,239.56,242.86
1985,220.42,223.74,227.88,229.52,233.64,236.38,236.26,238.74,239.56,242.86
1986,220.42,223.74,227.88,229.52,233.64,236.38,236.26,238.74,239.56,242.86
1987,220.42,223.74,227.88,229.52,233.62,236.38,236.26,238.74,239.56,242.86
1988,220.42,223.74,227.88,229.52,233.62,236.38,236.26,238.74,239.56,242.86
1989,220.42,223.74,227.88,229.52,233.62,236.38,236.26,238.74,239.56,242.86
1990,220.42,223.72,227.88,229.5,233.62,236.38,236.26,238.74,239.56,242.86
1991,220.42,223.72,227.88,229.5,233.62,236.38,236.26,238.74,239.56,242.86
1992,220.42,223.72,227.88,229.5,233.62,236.38,236.26,238.74,239.56,242.86
1993,220.42,223.72,227.88,229.5,233.62,236.38,236.26,238.74,239.56,242.86
1994,220.4,223.72,227.88,229.5,233.62,236.38,236.26,238.74,239.56,242.86
1995,220.4,223.7,227.88,229.5,233.62,236.38,236.26,238.74,239.56,242.86
1996,220.4,223.7,227.86,229.5,233.62,236.38,236.26,238.74,239.56,242.86
1997,220.4,223.7,227.86,229.5,233.62,236.38,236.26,238.74,239.56,242.86
1998,220.4,223.7,227.86,229.5,233.62,236.38,236.26,238.74,239.56,242.86
1999,220.4,223.7,227.86,229.5,233.62,236.38,236.26,238.74,239.56,242.86
2000,220.4,223.7,227.86,229.5,233.62,236.38,236.26,238.74,239.56,242.86
2001,220.4,223.7,227.86,229.5,233.62,236.38,236.26,238.74,239.56,242.86
2002,220.4,223.7,227.84,229.5,233.62,236.38,236.26,238.74,239.56,242.86
2003,220.4,223.7,227.84,229.5,233.62,236.38,236.26,238.74,239.56,242.86
2004,220.4,223.7,227.84,229.5,233.62,236.38,236.26,238.74,239.56,242.86
2005,220.4,223.7,227.84,229.5,233.62,236.38,236.26,238.74,239.56,242.86
2006,220.4,223.7,227.84,229.5,233.62,236.38,236.26,238.74,239.56,242.86
2007,220.4,223.7,227.84,229.5,233.62,236.38,236.26,238.74,239.56,242.86
2008,220.4,223.68,227.84,229.5,233.62,236.38,236.26,238.74,239.56,242.86
2009,220.4,223.68,227.84,229.5,233.62,236.38,236.26,238.74,239.56,242.86
2010,220.4,223.68,227.84,229.48,233.62,236.38,236.26,238.74,239.56,242.86
2011,220.4,223.68,227.84,229.46,233.62,236.38,236.26,238.74,239.56,242.86
2012,220.38,223.68,227.84,229.44,233.62,236.38,236.26,238.74,239.56,242.86
2013,220.38,223.64,227.84,229.44,233.62,236.38,236.26,238.74,239.56,242.86
2014,220.38,223.64,227.84,229.44,233.62,236.38,236.26,238.74,239.56,242.86
2015,220.38,223.64,227.84,229.44,233.58,236.36,236.26,238.74,239.56,242.86
2016,220.38,223.64,227.84,229.44,233.58,236.36,236.26,238.74,239.56,242.86
2017,220.34,223.64,227.84,229.44,233.58,236.36,236.26,238.74,239.56,242.86
2018,220.3,223.64,227.84,229.4,233.58,236.36,236.26,238.74,239.56,242.86
2019,220.28,223.64,227.84,229.4,233.56,236.36,236.26,238.74,239.56,242.86
2020,220.28,223.64,227.84,229.4,233.56,236.36,236.26,238.74,239.56,242.86
2021,220.28,223.64,227.84,229.4,233.56,236.36,236.26,238.74,239.56,242.86
2022,220.28,223.64,227.82,229.38,233.56,236.36,236.26,238.74,239.56,242.86
2023,220.28,223.64,227.82,229.38,233.56,236.36,236.26,238.74,239.56,242.86
2024,220.26,223.64,227.82,229.38,233.56,236.36,236.26,238.74,239.56,242.86
2025,220.26,223.64,227.82,229.38,233.56,236.36,236.26,238.74,239.56,242.86
2026,220.26,223.62,227.82,229.38,233.56,236.36,236.26,238.74,239.56,242.86
2027,220.26,223.62,227.82,229.36,233.56,236.36,236.26,238.74,239.56,242.86
2028,220.24,223.62,227.82,229.36,233.56,236.36,236.26,238.74,239.56,242.86
2029,220.24,223.62,227.82,229.36,233.54,236.36,236.26,238.74,239.56,242.86
2030,220.24,223.62,227.82,229.34,233.54,236.36,236.26,238.74,239.56,242.86
2031,220.24,223.62,227.82,229.34,233.54,236.36,236.26,238.74,239.56,242.86
2032,220.24,223.62,227.82,229.34,233.54,236.36,236.26,238.74,239.56,242.86
2033,220.24,223.62,227.82,229.34,233.54,236.36,236.26,238.74,239.56,242.86
2034,220.2,223.62,227.82,229.34,233.54,236.36,236.26,238.74,239.56,242.86
2035,220.2,223.62,227.82,229.3,233.54,236.36,236.26,238.74,239.56,242.86
2036,220.2,223.62,227.82,229.3,233.54,236.36,236.26,238.74,239.56,242.86
2037,220.2,223.62,227.82,229.3,233.54,236.36,236.26,238.74,239.56,242.86
2038,220.2,223.62,227.82,229.3,233.54,236.36,236.26,238.74,239.56,242.86
2039,220.2,223.62,227.82,229.3,233.54,236.36,236.26,238.74,239.56,242.86
2040,220.2,223.62,227.82,229.3,233.54,236.36,236.26,238.74,239.56,242.86
2041,220.2,223.62,227.82,229.3,233.54,236.36,236.26,238.74,239.56,242.86
2042,220.2,223.62,227.82,229.3,233.54,236.36,236.26,238.74,239.56,242.86
2043,220.2,223.62,227.82,229.3,233.54,236.36,236.26,238.74,239.56,242.86
2044,220.2,223.62,227.82,229.3,233.54,236.36,236.26,238.74,239.56,242.86
2045,220.2,223.62,227.82,229.28,233.54,236.36,236.26,238.74,239.56,242.86
2046,220.2,223.62,227.82,229.28,233.54,236.36,236.26,238.74,239.56,242.86
2047,220.2,223.62,227.82,229.28,233.54,236.36,236.26,238.74,239.56,242.86
2048,220.2,223.62,227.8,229.28,233.54,236.36,236.26,238.74,239.56,242.86
2049,220.2,223.62,227.8,229.28,233.54,236.36,236.26,238.74,239.56,242.86
2050,220.2,223.62,227.8,229.26,233.54,236.36,236.26,238.74,239.56,242.86
2051,220.2,223.62,227.8,229.26,233.54,236.36,236.26,238.74,239.56,242.86
2052,220.2,223.62,227.8,229.26,233.54,236.36,236.26,238.74,239.56,242.86
2053,220.2,223.62,227.8,229.26,233.54,236.36,236.26,238.74,239.56,242.86
2054,220.2,223.62,227.8,229.26,233.54,236.36,236.26,238.74,239.56,242.86
2055,220.18,223.62,227.8,229.26,233.54,236.36,236.26,238.74,239.56,242.86
2056,220.18,223.62,227.8,229.26,233.54,236.36,236.26,238.74,239.56,242.86
2057,220.18,223.62,227.8,229.26,233.54,236.36,236.26,238.74,239.56,242.86
2058,220.18,223.62,227.8,229.26,233.54,236.36,236.26,238.74,239.56,242.86
2059,220.18,223.62,227.8,229.26,233.54,236.36,236.26,238.74,239.56,242.86
2060,220.18,223.62,227.8,229.24,233.54,236.36,236.26,238.74,239.56,242.86
2061,220.18,223.62,227.8,229.24,233.54,236.36,236.26,238.74,239.56,242.86
2062,220.16,223.62,227.8,229.24,233.54,236.36,236.26,238.74,239.56,242.86
2063,220.16,223.6,227.8,229.24,233.54,236.36,236.26,238.74,239.56,242.86
2064,220.16,223.6,227.8,229.22,233.54,236.36,236.26,238.74,239.56,242.86
2065,220.16,223.6,227.8,229.22,233.54,236.34,236.26,238.74,239.56,242.86
2066,220.14,223.6,227.8,229.22,233.54,236.34,236.26,238.74,239.56,242.86
2067,220.14,223.6,227.8,229.22,233.54,236.34,236.26,238.74,239.56,242.86
2068,220.14,223.6,227.78,229.22,233.54,236.34,236.26,238.74,239.56,242.86
2069,220.14,223.6,227.78,229.22,233.5,236.32,236.26,238.74,239.56,242.86
2070,220.14,223.6,227.78,229.22,233.5,236.28,236.24,238.74,239.56,242.86
2071,220.14,223.58,227.78,229.22,233.5,236.26,236.24,238.72,239.56,242.86
2072,220.14,223.58,227.78,229.22,233.5,236.24,236.24,238.72,239.56,242.86
2073,220.14,223.58,227.78,229.22,233.5,236.24,236.24,238.72,239.56,242.86
2074,220.12,223.58,227.78,229.22,233.5,236.24,236.24,238.72,239.56,242.86
2075,220.12,223.58,227.78,229.22,233.5,236.24,236.24,238.72,239.56,242.86
2076,220.12,223.58,227.78,229.22,233.5,236.24,236.24,238.72,239.56,242.86
2077,220.12,223.56,227.78,229.22,233.5,236.22,236.24,238.72,239.56,242.86
2078,220.12,223.56,227.78,229.22,233.5,236.22,236.24,238.72,239.56,242.86
2079,220.12,223.54,227.78,229.22,233.5,236.22,236.24,238.72,239.56,242.86
2080,220.12,223.54,227.78,229.22,233.5,236.22,236.24,238.72,239.56,242.86
2081,220.12,223.54,227.78,229.22,233.5,236.22,236.24,238.72,239.56,242.86
2082,220.12,223.54,227.76,229.22,233.5,236.22,236.24,238.72,239.56,242.86
2083,220.1,223.54,227.76,229.22,233.5,236.22,236.24,238.72,239.56,242.86
2084,220.1,223.54,227.76,229.22,233.5,236.22,236.24,238.72,239.56,242.86
2085,220.08,223.54,227.76,229.22,233.5,236.22,236.24,238.72,239.56,242.86
2086,220.08,223.54,227.76,229.22,233.5,236.22,236.24,238.72,239.56,242.86
2087,220.08,223.54,227.76,229.22,233.5,236.22,236.24,238.72,239.56,242.86
2088,220.08,223.54,227.76,229.22,233.5,236.22,236.24,238.72,239.56,242.86
2089,220.08,223.54,227.76,229.22,233.5,236.22,236.24,238.72,239.56,242.86
2090,220.06,223.54,227.76,229.22,233.5,236.22,236.24,238.72,239.56,242.86
2091,220.06,223.54,227.76,229.22,233.48,236.22,236.24,238.72,239.56,242.86
2092,220.06,223.54,227.76,229.22,233.48,236.22,236.24,238.72,239.56,242.86
2093,220.04,223.54,227.76,229.22,233.48,236.22,236.24,238.72,239.56,242.86
2094,220.04,223.54,227.76,229.22,233.48,236.2,236.24,238.72,239.56,242.86
2095,220.04,223.54,227.76,229.22,233.48,236.2,236.24,238.72,239.56,242.86
2096,220.04,223.54,227.76,229.22,233.48,236.2,236.24,238.72,239.56,242.86
2097,220.04,223.54,227.76,229.22,233.48,236.2,236.24,238.72,239.56,242.86
2098,220.04,223.54,227.76,229.22,233.48,236.2,236.24,238.72,239.56,242.86
2099,220.04,223.54,227.76,229.22,233.48,236.2,236.24,238.72,239.56,242.86
2100,220.04,223.54,227.76,229.22,233.48,236.2,236.24,238.72,239.56,242.86
2101,220.04,223.54,227.76,229.22,233.46,236.2,236.24,238.72,239.56,242.86
2102,220.04,223.54,227.76,229.22,233.46,236.2,236.24,238.72,239.56,242.86
2103,220.02,223.54,227.76,229.22,233.44,236.2,236.24,238.7,239.56,242.86
2104,220.0,223.54,227.76,229.22,233.44,236.2,236.24,238.7,239.56,242.86
2105,219.96,223.54,227.76,229.22,233.44,236.2,236.24,238.7,239.56,242.86
2106,219.96,223.54,227.76,229.22,233.44,236.2,236.24,238.7,239.56,242.86
2107,219.96,223.54,227.76,229.22,233.44,236.2,236.24,238.7,239.56,242.86
2108,219.96,223.52,227.76,229.22,233.44,236.2,236.24,238.68,239.56,242.86
2109,219.96,223.52,227.76,229.2,233.44,236.2,236.24,238.68,239.56,242.86
2110,219.96,223.52,227.74,229.2,233.44,236.2,236.24,238.68,239.56,242.86
2111,219.96,223.52,227.74,229.2,233.44,236.2,236.24,238.68,239.56,242.86
2112,219.96,223.52,227.74,229.2,233.44,236.2,236.24,238.68,239.56,242.86
2113,219.96,223.52,227.74,229.2,233.44,236.2,236.24,238.68,239.56,242.86
2114,219.96,223.52,227.74,229.2,233.44,236.2,236.24,238.68,239.56,242.86
2115,219.96,223.52,227.74,229.2,233.44,236.18,236.24,238.68,239.56,242.86
2116,219.96,223.52,227.74,229.2,233.44,236.18,236.24,238.68,239.56,242.86
2117,219.96,223.5,227.74,229.2,233.44,236.18,236.24,238.68,239.56,242.86
2118,219.96,223.5,227.74,229.2,233.44,236.18,236.24,238.68,239.56,242.86
2119,219.96,223.5,227.74,229.2,233.44,236.18,236.24,238.68,239.56,242.86
2120,219.96,223.5,227.74,229.2,233.44,236.16,236.24,238.68,239.56,242.86
2121,219.96,223.5,227.74,229.2,233.44,236.16,236.24,238.68,239.56,242.86
2122,219.96,223.5,227.74,229.2,233.42,236.16,236.24,238.68,239.56,242.86
2123,219.96,223.5,227.74,229.2,233.42,236.16,236.24,238.68,239.56,242.86
2124,219.96,223.5,227.74,229.2,233.42,236.16,236.24,238.68,239.56,242.86
2125,219.96,223.5,227.74,229.2,233.42,236.16,236.24,238.68,239.56,242.86
2126,219.96,223.5,227.74,229.2,233.42,236.16,236.24,238.68,239.54,242.86
2127,219.94,223.5,227.74,229.2,233.42,236.14,236.24,238.68,239.52,242.86
2128,219.94,223.5,227.74,229.2,233.42,236.14,236.24,238.68,239.52,242.86
2129,219.9,223.5,227.74,229.2,233.42,236.14,236.24,238.68,239.52,242.86
2130,219.9,223.48,227.74,229.2,233.42,236.14,236.24,238.68,239.52,242.86
2131,219.9,223.48,227.72,229.2,233.42,236.14,236.24,238.68,239.52,242.86
2132,219.9,223.48,227.72,229.2,233.42,236.14,236.24,238.68,239.52,242.86
2133,219.9,223.48,227.72,229.2,233.42,236.14,236.24,238.68,239.52,242.86
2134,219.9,223.48,227.72,229.2,233.42,236.14,236.24,238.68,239.52,242.86
2135,219.9,223.48,227.72,229.2,233.42,236.14,236.24,238.68,239.52,242.86
2136,219.9,223.48,227.72,229.2,233.42,236.14,236.24,238.68,239.52,242.86
2137,219.9,223.48,227.72,229.2,233.42,236.14,236.24,238.68,239.52,242.86
2138,219.9,223.48,227.72,229.2,233.42,236.14,236.24,238.68,239.52,242.86
2139,219.9,223.48,227.72,229.2,233.42,236.14,236.24,238.68,239.52,242.86
2140,219.9,223.48,227.72,229.18,233.42,236.14,236.24,238.68,239.52,242.86
2141,219.9,223.48,227.72,229.18,233.42,236.12,236.24,238.68,239.52,242.86
2142,219.9,223.48,227.72,229.18,233.42,236.12,236.24,238.68,239.52,242.86
2143,219.9,223.48,227.72,229.18,233.4,236.12,236.24,238.68,239.52,242.86
2144,219.9,223.48,227.72,229.18,233.4,236.12,236.24,238.68,239.52,242.86
2145,219.9,223.48,227.72,229.18,233.4,236.12,236.24,238.68,239.52,242.86
2146,219.9,223.48,227.72,229.18,233.4,236.12,236.24,238.68,239.52,242.86
2147,219.9,223.48,227.72,229.18,233.4,236.12,236.24,238.68,239.52,242.86
2148,219.9,223.46,227.72,229.18,233.4,236.12,236.24,238.68,239.52,242.86
2149,219.9,223.46,227.72,229.18,233.4,236.12,236.24,238.68,239.52,242.86
2150,219.9,223.46,227.72,229.18,233.4,236.12,236.24,238.68,239.52,242.86
2151,219.9,223.46,227.72,229.18,233.4,236.12,236.24,238.68,239.52,242.86
2152,219.88,223.46,227.72,229.18,233.4,236.12,236.24,238.68,239.52,242.86
2153,219.88,223.46,227.72,229.18,233.4,236.12,236.24,238.68,239.52,242.86
2154,219.88,223.46,227.72,229.16,233.4,236.12,236.24,238.68,239.52,242.86
2155,219.88,223.46,227.72,229.16,233.4,236.12,236.24,238.68,239.52,242.86
2156,219.88,223.46,227.7,229.16,233.4,236.12,236.24,238.68,239.52,242.86
2157,219.88,223.46,227.7,229.16,233.4,236.12,236.24,238.68,239.52,242.86
2158,219.88,223.46,227.7,229.16,233.4,236.12,236.24,238.68,239.52,242.86
2159,219.88,223.46,227.7,229.16,233.4,236.12,236.24,238.68,239.52,242.86
2160,219.88,223.46,227.7,229.16,233.38,236.12,236.24,238.68,239.52,242.86
2161,219.86,223.46,227.7,229.16,233.38,236.12,236.24,238.68,239.52,242.86
2162,219.86,223.46,227.7,229.16,233.38,236.12,236.24,238.68,239.52,242.86
2163,219.84,223.46,227.7,229.16,233.34,236.12,236.24,238.68,239.52,242.86
2164,219.84,223.46,227.7,229.16,233.34,236.1,236.24,238.68,239.52,242.86
2165,219.84,223.46,227.7,229.16,233.34,236.06,236.24,238.68,239.52,242.86
2166,219.84,223.46,227.7,229.16,233.34,236.06,236.24,238.68,239.52,242.86
2167,219.84,223.46,227.7,229.16,233.34,236.06,236.24,238.68,239.52,242.86
2168,219.84,223.44,227.7,229.16,233.34,236.06,236.24,238.68,239.52,242.86
2169,219.84,223.44,227.7,229.16,233.34,236.06,236.24,238.68,239.52,242.86
2170,219.84,223.44,227.7,229.16,233.34,236.06,236.24,238.68,239.52,242.86
2171,219.84,223.44,227.7,229.16,233.34,236.06,236.24,238.68,239.52,242.86
2172,219.84,223.44,227.7,229.16,233.34,236.06,236.24,238.68,239.52,242.86
2173,219.84,223.44,227.7,229.16,233.34,236.06,236.24,238.68,239.52,242.86
2174,219.82,223.44,227.7,229.16,233.34,236.06,236.24,238.68,239.52,242.86
2175,219.82,223.44,227.7,229.16,233.34,236.06,236.24,238.68,239.52,242.86
2176,219.8,223.44,227.7,229.16,233.34,236.06,236.24,238.68,239.52,242.86
2177,219.8,223.44,227.7,229.16,233.34,236.06,236.24,238.68,239.52,242.86
2178,219.8,223.44,227.7,229.16,233.34,236.06,236.24,238.68,239.52,242.86
2179,219.8,223.44,227.7,229.16,233.34,236.06,236.24,238.68,239.52,242.86
2180,219.78,223.44,227.68,229.16,233.34,236.06,236.24,238.68,239.52,242.86
2181,219.78,223.42,227.68,229.16,233.34,236.06,236.24,238.68,239.52,242.86
2182,219.78,223.42,227.68,229.16,233.34,236.06,236.24,238.68,239.52,242.86
2183,219.78,223.42,227.68,229.16,233.34,236.06,236.24,238.68,239.52,242.86
2184,219.78,223.4,227.68,229.16,233.34,236.06,236.24,238.68,239.52,242.86
2185,219.78,223.4,227.68,229.16,233.34,236.06,236.24,238.68,239.52,242.86
2186,219.78,223.4,227.68,229.16,233.34,236.06,236.24,238.68,239.52,242.86
2187,219.78,223.4,227.68,229.16,233.34,236.04,236.24,238.68,239.52,242.86
2188,219.76,223.4,227.68,229.16,233.34,236.04,236.24,238.68,239.52,242.86
2189,219.74,223.4,227.68,229.16,233.34,236.02,236.24,238.68,239.52,242.86
2190,219.74,223.4,227.68,229.16,233.34,236.02,236.24,238.68,239.52,242.86
2191,219.74,223.4,227.68,229.16,233.34,236.02,236.24,238.68,239.52,242.86
2192,219.74,223.4,227.68,229.16,233.34,236.02,236.24,238.68,239.52,242.86
2193,219.72,223.4,227.68,229.16,233.34,236.02,236.24,238.68,239.52,242.86
2194,219.72,223.4,227.68,229.16,233.34,236.02,236.24,238.68,239.52,242.86
2195,219.72,223.4,227.68,229.16,233.34,236.02,236.24,238.68,239.52,242.86
2196,219.72,223.4,227.68,229.16,233.34,236.02,236.24,238.68,239.52,242.86
2197,219.72,223.4,227.68,229.16,233.34,236.02,236.24,238.68,239.52,242.86
2198,219.72,223.4,227.68,229.16,233.34,236.02,236.24,238.68,239.52,242.86
2199,219.72,223.4,227.68,229.16,233.34,236.02,236.24,238.68,239.52,242.86
2200,219.72,223.4,227.68,229.16,233.34,236.02,236.24,238.68,239.52,242.86
2201,219.7,223.4,227.68,229.16,233.34,236.02,236.24,238.68,239.52,242.86
2202,219.7,223.38,227.68,229.16,233.34,236.02,236.24,238.68,239.52,242.86
2203,219.7,223.38,227.68,229.16,233.32,236.02,236.24,238.68,239.52,242.86
2204,219.7,223.38,227.68,229.16,233.32,236.02,236.24,238.68,239.52,242.86
2205,219.7,223.38,227.68,229.16,233.32,236.02,236.24,238.68,239.52,242.86
2206,219.7,223.38,227.68,229.16,233.32,236.02,236.24,238.68,239.52,242.86
2207,219.7,223.38,227.68,229.16,233.32,236.02,236.24,238.68,239.52,242.86
2208,219.68,223.36,227.64,229.16,233.32,236.02,236.24,238.68,239.52,242.86
2209,219.68,223.34,227.64,229.16,233.32,236.02,236.24,238.68,239.52,242.86
2210,219.68,223.3,227.62,229.16,233.32,236.02,236.24,238.68,239.52,242.86
2211,219.68,223.3,227.62,229.16,233.32,236.02,236.24,238.68,239.52,242.86
2212,219.66,223.3,227.62,229.16,233.32,236.02,236.24,238.68,239.52,242.86
2213,219.66,223.3,227.62,229.16,233.32,236.02,236.2,238.68,239.52,242.86
2214,219.64,223.3,227.62,229.16,233.32,236.02,236.2,238.68,239.52,242.86
2215,219.64,223.3,227.62,229.16,233.32,236.02,236.18,238.68,239.52,242.86
2216,219.64,223.3,227.62,229.16,233.32,236.02,236.18,238.68,239.52,242.86
2217,219.64,223.3,227.62,229.14,233.32,236.02,236.18,238.68,239.52,242.86
2218,219.64,223.3,227.62,229.14,233.32,236.02,236.18,238.68,239.52,242.86
2219,219.64,223.3,227.62,229.14,233.32,236.02,236.18,238.68,239.52,242.86
2220,219.64,223.3,227.62,229.12,233.32,236.02,236.16,238.68,239.52,242.86
2221,219.64,223.3,227.62,229.12,233.32,236.02,236.14,238.68,239.52,242.86
2222,219.64,223.3,227.62,229.12,233.32,236.02,236.14,238.68,239.52,242.86
2223,219.64,223.3,227.62,229.12,233.32,236.02,236.14,238.68,239.52,242.86
2224,219.64,223.3,227.62,229.12,233.32,236.02,236.14,238.68,239.52,242.86
2225,219.62,223.3,227.62,229.1,233.32,236.02,236.14,238.68,239.52,242.86
2226,219.62,223.3,227.62,229.1,233.32,236.02,236.14,238.68,239.52,242.86
2227,219.62,223.3,227.62,229.1,233.32,236.02,236.14,238.68,239.52,242.86
2228,219.62,223.28,227.62,229.1,233.32,236.02,236.14,238.68,239.52,242.86
2229,219.6,223.28,227.62,229.1,233.32,236.02,236.14,238.68,239.52,242.86
2230,219.6,223.26,227.62,229.1,233.32,236.02,236.14,238.68,239.52,242.86
2231,219.6,223.26,227.6,229.1,233.32,236.02,236.14,238.68,239.52,242.86
2232,219.6,223.26,227.6,229.1,233.32,236.02,236.14,238.68,239.52,242.86
2233,219.6,223.26,227.6,229.1,233.32,236.02,236.14,238.68,239.52,242.86
2234,219.6,223.26,227.6,229.1,233.32,236.02,236.14,238.68,239.52,242.86
2235,219.6,223.26,227.6,229.1,233.32,236.02,236.14,238.68,239.52,242.86
2236,219.6,223.26,227.6,229.1,233.32,236.02,236.14,238.68,239.52,242.86
2237,219.6,223.26,227.6,229.1,233.32,236.02,236.14,238.68,239.52,242.86
2238,219.6,223.26,227.6,229.1,233.32,236.02,236.14,238.68,239.52,242.86
2239,219.6,223.26,227.6,229.1,233.32,236.02,236.14,238.68,239.52,242.86
2240,219.6,223.26,227.6,229.1,233.32,236.02,236.14,238.68,239.52,242.86
2241,219.6,223.26,227.6,229.1,233.3,236.02,236.14,238.68,239.52,242.86
2242,219.6,223.24,227.6,229.08,233.3,236.02,236.14,238.68,239.52,242.86
2243,219.6,223.24,227.6,229.08,233.3,236.02,236.14,238.68,239.52,242.86
2244,219.6,223.24,227.6,229.08,233.3,236.02,236.14,238.68,239.52,242.86
2245,219.6,223.24,227.6,229.08,233.3,236.02,236.12,238.68,239.52,242.86
2246,219.6,223.24,227.56,229.08,233.3,236.02,236.12,238.68,239.52,242.86
2247,219.6,223.24,227.56,229.08,233.3,236.02,236.12,238.68,239.52,242.86
2248,219.6,223.24,227.56,229.08,233.3,236.02,236.12,238.68,239.52,242.86
2249,219.6,223.24,227.56,229.08,233.3,236.02,236.12,238.68,239.52,242.86
2250,219.58,223.24,227.54,229.08,233.3,236.02,236.12,238.68,239.52,242.86
2251,219.58,223.24,227.54,229.08,233.3,236.02,236.12,238.68,239.52,242.86
2252,219.58,223.24,227.54,229.08,233.3,236.02,236.12,238.68,239.52,242.86
2253,219.58,223.24,227.54,229.08,233.3,236.02,236.1,238.68,239.52,242.86
2254,219.58,223.22,227.54,229.08,233.3,236.02,236.1,238.68,239.52,242.86
2255,219.58,223.22,227.54,229.08,233.3,236.02,236.1,238.68,239.52,242.86
2256,219.58,223.2,227.54,229.08,233.3,236.02,236.1,238.68,239.52,242.86
2257,219.58,223.2,227.54,229.08,233.3,236.02,236.1,238.68,239.52,242.86
2258,219.58,223.2,227.54,229.08,233.3,236.02,236.08,238.68,239.52,242.86
2259,219.56,223.2,227.54,229.08,233.3,236.02,236.08,238.68,239.52,242.86
2260,219.56,223.2,227.54,229.08,233.3,236.02,236.08,238.68,239.52,242.86
2261,219.54,223.2,227.54,229.08,233.3,236.02,236.08,238.68,239.52,242.86
2262,219.54,223.2,227.54,229.08,233.3,236.02,236.08,238.68,239.52,242.86
2263,219.54,223.2,227.54,229.08,233.3,236.02,236.08,238.68,239.52,242.86
2264,219.52,223.2,227.54,229.08,233.3,236.02,236.06,238.68,239.52,242.86
2265,219.52,223.2,227.54,229.04,233.3,236.02,236.06,238.68,239.52,242.86
2266,219.52,223.2,227.54,229.02,233.3,236.02,236.06,238.68,239.52,242.86
2267,219.52,223.2,227.54,229.02,233.3,236.02,236.06,238.68,239.52,242.86
2268,219.52,223.2,227.54,229.02,233.3,236.02,236.06,238.68,239.52,242.86
2269,219.52,223.2,227.54,229.02,233.3,236.02,236.06,238.68,239.52,242.86
2270,219.48,223.2,227.54,229.02,233.3,236.02,236.06,238.66,239.52,242.86
2271,219.48,223.2,227.54,229.02,233.3,236.02,236.06,238.66,239.52,242.86
2272,219.46,223.2,227.54,229.02,233.3,236.02,236.06,238.66,239.52,242.86
2273,219.42,223.2,227.54,229.02,233.3,236.02,236.06,238.62,239.52,242.86
2274,219.4,223.2,227.54,229.02,233.3,236.02,236.06,238.62,239.52,242.86
2275,219.4,223.2,227.54,229.02,233.3,236.02,236.06,238.62,239.52,242.86
2276,219.4,223.2,227.54,229.02,233.3,236.02,236.06,238.62,239.52,242.86
2277,219.4,223.2,227.54,229.02,233.3,236.02,236.06,238.62,239.52,242.86
2278,219.4,223.2,227.54,229.0,233.3,236.02,236.06,238.62,239.52,242.86
2279,219.4,223.2,227.52,229.0,233.3,236.02,236.04,238.62,239.52,242.86
2280,219.4,223.2,227.52,228.98,233.3,236.02,236.04,238.62,239.52,242.86
2281,219.4,223.16,227.52,228.98,233.3,236.02,236.04,238.62,239.52,242.84
2282,219.4,223.16,227.52,228.98,233.26,236.02,236.04,238.62,239.52,242.82
2283,219.38,223.16,227.52,228.98,233.26,236.02,236.04,238.62,239.52,242.82
2284,219.38,223.16,227.52,228.98,233.26,236.02,236.04,238.62,239.52,242.82
2285,219.38,223.12,227.52,228.98,233.26,236.02,236.04,238.62,239.52,242.82
2286,219.38,223.12,227.52,228.98,233.26,236.02,236.02,238.62,239.52,242.82
2287,219.38,223.12,227.52,228.98,233.26,235.98,236.02,238.62,239.52,242.82
2288,219.38,223.12,227.52,228.98,233.26,235.98,236.02,238.62,239.52,242.82
2289,219.38,223.12,227.52,228.98,233.26,235.98,236.02,238.62,239.52,242.82
2290,219.38,223.12,227.5,228.98,233.26,235.98,236.02,238.62,239.52,242.82
2291,219.38,223.12,227.5,228.98,233.26,235.98,236.02,238.62,239.52,242.82
2292,219.38,223.12,227.48,228.98,233.26,235.98,236.02,238.62,239.52,242.82
2293,219.38,223.12,227.46,228.98,233.26,235.98,236.02,238.62,239.52,242.82
2294,219.38,223.12,227.46,228.98,233.26,235.98,236.02,238.62,239.52,242.8
2295,219.38,223.12,227.46,228.98,233.26,235.98,236.02,238.62,239.52,242.8
2296,219.38,223.12,227.46,228.98,233.26,235.98,236.02,238.62,239.52,242.8
2297,219.36,223.12,227.46,228.98,233.26,235.98,236.02,238.62,239.52,242.8
2298,219.36,223.12,227.46,228.98,233.26,235.98,236.0,238.62,239.52,242.8
2299,219.36,223.12,227.46,228.98,233.26,235.98,236.0,238.62,239.52,242.8
2300,219.36,223.12,227.46,228.98,233.26,235.98,236.0,238.62,239.52,242.8
2301,219.34,223.12,227.46,228.98,233.26,235.98,236.0,238.62,239.52,242.8
2302,219.34,223.12,227.46,228.98,233.26,235.98,236.0,238.62,239.52,242.8
2303,219.34,223.12,227.46,228.98,233.26,235.98,236.0,238.62,239.52,242.8
2304,219.34,223.12,227.46,228.98,233.26,235.98,236.0,238.62,239.52,242.8
2305,219.34,223.12,227.46,228.98,233.26,235.98,236.0,238.62,239.52,242.8
2306,219.34,223.12,227.46,228.98,233.26,235.98,236.0,238.62,239.52,242.8
2307,219.34,223.12,227.46,228.98,233.26,235.98,236.0,238.62,239.52,242.8
2308,219.32,223.12,227.46,228.98,233.26,235.98,236.0,238.62,239.52,242.8
2309,219.32,223.12,227.46,228.98,233.26,235.98,236.0,238.62,239.52,242.8
2310,219.32,223.12,227.46,228.98,233.26,235.98,236.0,238.62,239.52,242.8
2311,219.32,223.12,227.46,228.98,233.26,235.98,236.0,238.62,239.52,242.8
2312,219.32,223.12,227.46,228.98,233.26,235.98,236.0,238.62,239.52,242.8
2313,219.32,223.12,227.46,228.96,233.26,235.98,236.0,238.62,239.52,242.8
2314,219.26,223.08,227.46,228.96,233.26,235.98,236.0,238.62,239.52,242.8
2315,219.26,223.08,227.46,228.96,233.26,235.98,236.0,238.62,239.52,242.8
2316,219.26,223.08,227.46,228.96,233.26,235.98,236.0,238.62,239.52,242.8
2317,219.26,223.08,227.46,228.96,233.26,235.98,236.0,238.62,239.52,242.8
2318,219.26,223.08,227.46,228.96,233.26,235.98,236.0,238.62,239.52,242.8
2319,219.26,223.08,227.46,228.96,233.26,235.98,236.0,238.62,239.52,242.8
2320,219.24,223.08,227.46,228.96,233.26,235.98,236.0,238.62,239.52,242.8
2321,219.24,223.06,227.46,228.96,233.26,235.98,236.0,238.62,239.52,242.8
2322,219.24,223.06,227.46,228.96,233.26,235.98,236.0,238.62,239.52,242.8
2323,219.24,223.06,227.46,228.96,233.26,235.98,236.0,238.62,239.52,242.8
2324,219.24,223.06,227.46,228.94,233.26,235.98,236.0,238.62,239.52,242.8
2325,219.24,223.06,227.46,228.94,233.26,235.98,236.0,238.62,239.52,242.8
2326,219.24,223.06,227.46,228.94,233.26,235.98,236.0,238.62,239.52,242.8
2327,219.24,223.06,227.46,228.94,233.26,235.98,236.0,238.62,239.52,242.8
2328,219.24,223.06,227.46,228.94,233.26,235.98,236.0,238.62,239.52,242.8
2329,219.24,223.06,227.46,228.94,233.26,235.98,236.0,238.62,239.52,242.8
2330,219.24,223.06,227.46,228.94,233.26,235.98,236.0,238.62,239.52,242.8
2331,219.24,223.06,227.46,228.94,233.26,235.98,236.0,238.62,239.52,242.8
2332,219.24,223.02,227.46,228.94,233.26,235.98,236.0,238.62,239.52,242.8
2333,219.24,223.02,227.44,228.94,233.26,235.98,236.0,238.62,239.52,242.8
2334,219.24,223.02,227.44,228.94,233.26,235.98,236.0,238.62,239.52,242.8
2335,219.24,223.02,227.44,228.94,233.26,235.98,236.0,238.62,239.52,242.8
2336,219.24,223.0,227.44,228.94,233.26,235.98,236.0,238.62,239.48,242.8
2337,219.24,223.0,227.44,228.94,233.26,235.98,236.0,238.62,239.48,242.8
2338,219.24,223.0,227.44,228.94,233.26,235.96,236.0,238.62,239.48,242.8
2339,219.24,223.0,227.44,228.94,233.26,235.96,236.0,238.62,239.48,242.8
2340,219.24,223.0,227.44,228.94,233.26,235.96,236.0,238.62,239.48,242.8
2341,219.22,223.0,227.44,228.94,233.26,235.94,236.0,238.62,239.48,242.8
2342,219.2,223.0,227.44,228.94,233.26,235.94,236.0,238.62,239.48,242.8
2343,219.2,223.0,227.44,228.94,233.26,235.94,235.98,238.62,239.48,242.8
2344,219.2,223.0,227.44,228.94,233.26,235.94,235.98,238.6,239.48,242.8
2345,219.2,223.0,227.44,228.94,233.26,235.94,235.98,238.6,239.48,242.8
2346,219.18,223.0,227.44,228.92,233.26,235.94,235.98,238.6,239.48,242.8
2347,219.18,222.98,227.44,228.92,233.26,235.94,235.98,238.6,239.48,242.8
2348,219.18,222.98,227.44,228.92,233.26,235.94,235.98,238.58,239.48,242.8
2349,219.18,222.98,227.44,228.92,233.26,235.94,235.98,238.58,239.48,242.8
2350,219.18,222.98,227.44,228.92,233.26,235.92,235.98,238.58,239.48,242.8
2351,219.18,222.98,227.44,228.92,233.26,235.92,235.98,238.58,239.48,242.8
2352,219.18,222.98,227.44,228.92,233.26,235.92,235.98,238.56,239.48,242.8
2353,219.18,222.98,227.44,228.92,233.26,235.92,235.98,238.56,239.44,242.8
2354,219.18,222.98,227.44,228.92,233.26,235.92,235.98,238.56,239.44,242.8
2355,219.18,222.98,227.44,228.92,233.26,235.92,235.98,238.56,239.44,242.8
2356,219.18,222.98,227.44,228.92,233.26,235.92,235.98,238.56,239.44,242.8
2357,219.18,222.98,227.44,228.92,233.26,235.92,235.98,238.56,239.44,242.8
2358,219.18,222.98,227.44,228.92,233.26,235.92,235.98,238.56,239.44,242.8
2359,219.18,222.98,227.44,228.92,233.26,235.92,235.98,238.56,239.44,242.8
2360,219.18,222.98,227.44,228.92,233.26,235.92,235.98,238.56,239.44,242.8
2361,219.14,222.98,227.44,228.92,233.26,235.92,235.98,238.56,239.44,242.8
2362,219.14,222.98,227.44,228.92,233.26,235.92,235.98,238.56,239.44,242.8
2363,219.14,222.98,227.44,228.92,233.26,235.92,235.98,238.56,239.44,242.8
2364,219.14,222.98,227.44,228.9,233.26,235.92,235.98,238.56,239.44,242.8
2365,219.14,222.98,227.44,228.9,233.26,235.92,235.98,238.56,239.44,242.8
2366,219.12,222.98,227.44,228.9,233.26,235.92,235.98,238.56,239.44,242.8
2367,219.12,222.98,227.44,228.9,233.26,235.92,235.98,238.56,239.44,242.8
2368,219.12,222.96,227.44,228.9,233.26,235.92,235.98,238.56,239.44,242.8
2369,219.12,222.96,227.44,228.9,233.26,235.92,235.98,238.56,239.44,242.8
2370,219.12,222.96,227.44,228.9,233.26,235.92,235.98,238.56,239.44,242.8
2371,219.12,222.96,227.44,228.9,233.26,235.92,235.98,238.56,239.44,242.8
2372,219.12,222.96,227.44,228.9,233.26,235.92,235.98,238.56,239.44,242.8
2373,219.12,222.96,227.44,228.9,233.26,235.92,235.98,238.56,239.44,242.8
2374,219.12,222.96,227.42,228.9,233.26,235.92,235.98,238.56,239.44,242.8
2375,219.12,222.96,227.42,228.9,233.26,235.92,235.98,238.56,239.44,242.8
2376,219.1,222.96,227.42,228.9,233.26,235.92,235.98,238.56,239.44,242.8
2377,219.1,222.96,227.4,228.9,233.26,235.92,235.98,238.56,239.44,242.8
2378,219.1,222.96,227.4,228.9,233.26,235.92,235.98,238.56,239.44,242.8
2379,219.1,222.96,227.4,228.9,233.26,235.92,235.98,238.56,239.44,242.8
2380,219.1,222.96,227.4,228.9,233.26,235.92,235.98,238.56,239.44,242.8
2381,219.1,222.96,227.4,228.9,233.24,235.92,235.98,238.56,239.44,242.8
2382,219.1,222.96,227.4,228.9,233.24,235.92,235.98,238.56,239.44,242.8
2383,219.1,222.96,227.4,228.9,233.24,235.92,235.98,238.56,239.44,242.8
2384,219.08,222.96,227.4,228.9,233.22,235.92,235.98,238.56,239.44,242.8
2385,219.08,222.94,227.4,228.9,233.2,235.92,235.98,238.56,239.44,242.8
2386,219.08,222.94,227.4,228.9,233.2,235.92,235.98,238.56,239.44,242.8
2387,219.08,222.94,227.4,228.9,233.2,235.92,235.98,238.56,239.44,242.8
2388,219.08,222.94,227.4,228.9,233.2,235.92,235.98,238.56,239.44,242.8
2389,219.08,222.94,227.4,228.9,233.2,235.92,235.98,238.56,239.44,242.8
2390,219.08,222.94,227.4,228.9,233.2,235.92,235.98,238.56,239.44,242.8
2391,219.08,222.94,227.4,228.9,233.2,235.92,235.98,238.56,239.44,242.8
2392,219.08,222.94,227.4,228.9,233.2,235.92,235.96,238.56,239.44,242.8
2393,219.08,222.94,227.4,228.9,233.2,235.92,235.96,238.56,239.44,242.8
2394,219.06,222.94,227.4,228.9,233.2,235.92,235.96,238.56,239.44,242.8
2395,219.06,222.94,227.4,228.9,233.2,235.92,235.96,238.54,239.44,242.8
2396,219.06,222.94,227.38,228.88,233.2,235.92,235.96,238.54,239.44,242.8
2397,219.06,222.94,227.38,228.88,233.2,235.88,235.96,238.54,239.44,242.8
2398,219.06,222.94,227.38,228.88,233.2,235.88,235.96,238.54,239.44,242.8
2399,219.06,222.92,227.38,228.88,233.2,235.88,235.96,238.54,239.44,242.8
2400,219.06,222.92,227.38,228.88,233.2,235.88,235.96,238.54,239.44,242.8
2401,219.06,222.92,227.38,228.88,233.2,235.88,235.96,238.54,239.44,242.8
2402,219.06,222.92,227.38,228.88,233.2,235.88,235.96,238.54,239.44,242.8
2403,219.06,222.92,227.38,228.88,233.2,235.88,235.96,238.54,239.44,242.8
2404,219.06,222.92,227.38,228.88,233.2,235.86,235.96,238.54,239.44,242.8
2405,219.06,222.92,227.38,228.88,233.2,235.86,235.96,238.54,239.44,242.8
2406,219.06,222.92,227.38,228.88,233.2,235.86,235.96,238.54,239.44,242.8
2407,219.04,222.92,227.38,228.88,233.2,235.86,235.96,238.54,239.44,242.8
2408,219.02,222.92,227.38,228.88,233.2,235.84,235.96,238.54,239.44,242.8
2409,219.02,222.92,227.38,228.88,233.2,235.84,235.96,238.54,239.44,242.8
2410,219.02,222.92,227.38,228.88,233.2,235.84,235.96,238.54,239.44,242.8
2411,219.02,222.92,227.38,228.88,233.2,235.84,235.96,238.5,239.44,242.8
2412,219.02,222.92,227.38,228.88,233.2,235.84,235.96,238.5,239.44,242.8
2413,219.02,222.92,227.38,228.86,233.2,235.84,235.96,238.5,239.44,242.8
2414,219.02,222.92,227.38,228.86,233.2,235.84,235.96,238.5,239.44,242.8
2415,219.02,222.92,227.38,228.86,233.2,235.84,235.96,238.5,239.44,242.8
2416,219.02,222.92,227.38,228.86,233.2,235.84,235.96,238.5,239.44,242.8
2417,219.02,222.92,227.38,228.86,233.2,235.84,235.96,238.5,239.44,242.8
2418,219.02,222.92,227.38,228.86,233.2,235.84,235.96,238.5,239.44,242.8
2419,219.02,222.92,227.36,228.86,233.2,235.82,235.96,238.5,239.44,242.8
2420,219.02,222.92,227.36,228.86,233.2,235.82,235.96,238.5,239.44,242.8
2421,219.02,222.92,227.36,228.86,233.2,235.82,235.94,238.5,239.44,242.8
2422,219.02,222.92,227.36,228.86,233.2,235.82,235.94,238.5,239.44,242.8
2423,219.02,222.92,227.36,228.86,233.2,235.82,235.94,238.5,239.44,242.8
2424,219.02,222.92,227.36,228.86,233.2,235.82,235.94,238.5,239.44,242.8
2425,219.0,222.92,227.36,228.86,233.2,235.82,235.92,238.5,239.44,242.8
2426,219.0,222.92,227.36,228.86,233.2,235.82,235.92,238.5,239.44,242.8
2427,219.0,222.92,227.36,228.86,233.2,235.82,235.92,238.5,239.44,242.8
2428,219.0,222.92,227.36,228.86,233.2,235.82,235.92,238.5,239.44,242.8
2429,219.0,222.92,227.34,228.86,233.2,235.82,235.92,238.5,239.44,242.8
2430,218.98,222.92,227.34,228.86,233.2,235.82,235.92,238.5,239.44,242.8
2431,218.98,222.92,227.34,228.86,233.2,235.82,235.92,238.5,239.44,242.8
2432,218.98,222.92,227.34,228.86,233.2,235.82,235.92,238.5,239.44,242.8
2433,218.98,222.92,227.34,228.84,233.2,235.82,235.92,238.5,239.44,242.8
2434,218.98,222.92,227.34,228.84,233.2,235.82,235.92,238.5,239.44,242.8
2435,218.98,222.92,227.34,228.84,233.2,235.82,235.92,238.5,239.44,242.8
2436,218.98,222.92,227.34,228.84,233.2,235.82,235.92,238.5,239.44,242.8
2437,218.98,222.92,227.34,228.84,233.2,235.82,235.92,238.5,239.44,242.8
2438,218.98,222.92,227.34,228.84,233.2,235.82,235.92,238.5,239.44,242.8
2439,218.96,222.92,227.34,228.84,233.2,235.82,235.92,238.5,239.44,242.8
2440,218.96,222.92,227.34,228.84,233.2,235.82,235.92,238.5,239.44,242.8
2441,218.96,222.9,227.34,228.84,233.18,235.82,235.92,238.5,239.44,242.8
2442,218.96,222.9,227.34,228.84,233.18,235.82,235.92,238.5,239.44,242.8
2443,218.96,222.9,227.34,228.84,233.18,235.82,235.92,238.5,239.44,242.8
2444,218.96,222.9,227.34,228.84,233.18,235.82,235.92,238.5,239.44,242.8
2445,218.96,222.9,227.34,228.84,233.18,235.82,235.92,238.5,239.44,242.8
2446,218.96,222.9,227.34,228.84,233.18,235.82,235.92,238.5,239.44,242.8
2447,218.96,222.9,227.34,228.84,233.18,235.82,235.92,238.5,239.44,242.8
2448,218.96,222.9,227.34,228.84,233.18,235.82,235.92,238.5,239.44,242.8
2449,218.94,222.88,227.34,228.84,233.18,235.8,235.92,238.5,239.44,242.8
2450,218.94,222.88,227.34,228.84,233.18,235.8,235.92,238.5,239.44,242.8
2451,218.94,222.88,227.34,228.84,233.18,235.8,235.92,238.5,239.44,242.8
2452,218.94,222.88,227.34,228.84,233.18,235.8,235.92,238.5,239.44,242.8
2453,218.94,222.88,227.34,228.84,233.18,235.8,235.92,238.5,239.44,242.8
2454,218.94,222.88,227.34,228.84,233.18,235.8,235.92,238.5,239.44,242.8
2455,218.94,222.86,227.34,228.84,233.18,235.8,235.92,238.5,239.44,242.8
2456,218.94,222.86,227.34,228.84,233.18,235.8,235.92,238.5,239.44,242.8
2457,218.94,222.86,227.34,228.84,233.18,235.8,235.92,238.5,239.44,242.8
2458,218.94,222.86,227.34,228.84,233.18,235.8,235.92,238.5,239.44,242.8
2459,218.94,222.86,227.34,228.84,233.18,235.8,235.92,238.5,239.44,242.8
2460,218.94,222.86,227.34,228.84,233.18,235.8,235.92,238.5,239.44,242.8
2461,218.94,222.86,227.34,228.84,233.18,235.8,235.92,238.5,239.44,242.8
2462,218.94,222.86,227.34,228.84,233.18,235.8,235.92,238.5,239.44,242.8
2463,218.92,222.86,227.34,228.84,233.18,235.8,235.92,238.5,239.44,242.8
2464,218.92,222.86,227.34,228.84,233.18,235.8,235.92,238.5,239.44,242.8
2465,218.92,222.86,227.34,228.84,233.18,235.8,235.92,238.5,239.44,242.8
2466,218.92,222.86,227.34,228.84,233.18,235.8,235.92,238.5,239.44,242.8
2467,218.92,222.86,227.34,228.84,233.18,235.8,235.92,238.5,239.44,242.8
2468,218.92,222.86,227.34,228.84,233.18,235.8,235.92,238.5,239.44,242.8
2469,218.88,222.86,227.34,228.84,233.18,235.8,235.92,238.5,239.44,242.8
2470,218.88,222.86,227.34,228.84,233.18,235.8,235.92,238.5,239.44,242.8
2471,218.88,222.86,227.34,228.84,233.16,235.8,235.92,238.5,239.44,242.8
2472,218.88,222.86,227.34,228.84,233.16,235.8,235.92,238.5,239.44,242.8
2473,218.84,222.86,227.34,228.84,233.16,235.8,235.92,238.5,239.44,242.8
2474,218.84,222.86,227.34,228.84,233.16,235.8,235.92,238.5,239.44,242.8
2475,218.84,222.86,227.34,228.84,233.16,235.8,235.92,238.5,239.44,242.8
2476,218.84,222.86,227.34,228.84,233.16,235.8,235.92,238.5,239.44,242.8
2477,218.84,222.86,227.34,228.84,233.16,235.8,235.92,238.5,239.44,242.8
2478,218.84,222.86,227.34,228.84,233.16,235.8,235.92,238.5,239.44,242.8
2479,218.84,222.86,227.34,228.84,233.16,235.8,235.92,238.5,239.44,242.8
2480,218.84,222.86,227.34,228.84,233.16,235.8,235.92,238.5,239.44,242.8
2481,218.84,222.86,227.34,228.84,233.16,235.8,235.92,238.5,239.44,242.8
2482,218.84,222.86,227.34,228.84,233.16,235.8,235.92,238.5,239.44,242.8
2483,218.84,222.86,227.34,228.84,233.16,235.8,235.92,238.5,239.44,242.8
2484,218.84,222.86,227.34,228.84,233.16,235.8,235.92,238.5,239.44,242.8
2485,218.84,222.86,227.34,228.84,233.16,235.8,235.9,238.5,239.44,242.8
2486,218.82,222.86,227.34,228.84,233.16,235.8,235.9,238.5,239.44,242.8
2487,218.82,222.86,227.34,228.84,233.16,235.8,235.9,238.5,239.44,242.8
2488,218.82,222.84,227.34,228.84,233.16,235.8,235.9,238.5,239.44,242.8
2489,218.82,222.84,227.32,228.84,233.16,235.8,235.9,238.5,239.44,242.8
2490,218.82,222.84,227.32,228.84,233.16,235.8,235.9,238.5,239.44,242.8
2491,218.82,222.84,227.32,228.84,233.16,235.8,235.9,238.5,239.44,242.8
2492,218.82,222.84,227.3,228.84,233.16,235.8,235.9,238.5,239.44,242.8
2493,218.82,222.84,227.3,228.84,233.16,235.8,235.9,238.5,239.44,242.8
2494,218.82,222.84,227.3,228.84,233.16,235.8,235.9,238.5,239.44,242.8
2495,218.82,222.84,227.3,228.84,233.16,235.8,235.9,238.5,239.44,242.8
2496,218.8,222.84,227.3,228.84,233.14,235.8,235.9,238.5,239.44,242.8
2497,218.8,222.84,227.3,228.84,233.14,235.8,235.9,238.5,239.44,242.8
2498,218.8,222.84,227.3,228.82,233.14,235.8,235.9,238.5,239.44,242.8
2499,218.8,222.82,227.3,228.82,233.14,235.8,235.9,238.5,239.42,242.8
2500,218.78,222.82,227.3,228.82,233.14,235.8,235.9,238.5,239.42,242.8
2501,218.78,222.82,227.3,228.82,233.14,235.8,235.9,238.5,239.42,242.8
2502,218.78,222.82,227.3,228.82,233.14,235.8,235.9,238.5,239.42,242.8
2503,218.78,222.82,227.3,228.82,233.14,235.8,235.9,238.5,239.42,242.8
2504,218.78,222.82,227.28,228.82,233.14,235.8,235.9,238.5,239.42,242.8
2505,218.76,222.82,227.28,228.82,233.14,235.8,235.88,238.5,239.42,242.8
2506,218.76,222.82,227.28,228.82,233.14,235.8,235.88,238.5,239.42,242.8
2507,218.76,222.82,227.28,228.82,233.14,235.8,235.88,238.5,239.42,242.8
2508,218.76,222.82,227.28,228.82,233.14,235.8,235.88,238.5,239.42,242.8
2509,218.76,222.82,227.28,228.82,233.14,235.8,235.88,238.5,239.42,242.8
2510,218.76,222.82,227.28,228.82,233.14,235.8,235.88,238.5,239.42,242.8
2511,218.76,222.82,227.28,228.82,233.14,235.8,235.88,238.5,239.42,242.8
2512,218.76,222.8,227.28,228.82,233.14,235.8,235.88,238.5,239.42,242.8
2513,218.76,222.8,227.28,228.82,233.12,235.8,235.88,238.5,239.42,242.8
2514,218.76,222.8,227.28,228.8,233.12,235.8,235.88,238.5,239.42,242.8
2515,218.76,222.8,227.28,228.8,233.12,235.8,235.88,238.5,239.42,242.8
2516,218.76,222.8,227.28,228.8,233.1,235.8,235.88,238.5,239.42,242.8
2517,218.76,222.8,227.28,228.8,233.1,235.8,235.88,238.5,239.42,242.8
2518,218.76,222.8,227.28,228.8,233.1,235.8,235.88,238.5,239.42,242.8
2519,218.76,222.8,227.28,228.78,233.1,235.8,235.88,238.5,239.42,242.8
2520,218.76,222.8,227.28,228.78,233.1,235.8,235.88,238.5,239.42,242.8
2521,218.76,222.8,227.28,228.78,233.1,235.8,235.88,238.5,239.42,242.8
2522,218.76,222.8,227.28,228.78,233.1,235.8,235.88,238.5,239.42,242.8
2523,218.76,222.8,227.28,228.78,233.1,235.8,235.88,238.5,239.42,242.8
2524,218.76,222.8,227.28,228.78,233.1,235.8,235.88,238.5,239.42,242.8
2525,218.74,222.8,227.28,228.78,233.1,235.8,235.88,238.5,239.42,242.8
2526,218.74,222.8,227.28,228.78,233.1,235.8,235.88,238.5,239.42,242.8
2527,218.74,222.8,227.28,228.78,233.1,235.8,235.88,238.5,239.42,242.8
2528,218.74,222.8,227.28,228.78,233.1,235.8,235.88,238.5,239.42,242.8
2529,218.74,222.8,227.28,228.78,233.1,235.8,235.88,238.5,239.42,242.8
2530,218.74,222.8,227.28,228.78,233.1,235.78,235.88,238.5,239.42,242.8
2531,218.74,222.8,227.28,228.78,233.1,235.74,235.88,238.5,239.42,242.8
2532,218.74,222.8,227.28,228.78,233.1,235.74,235.88,238.5,239.42,242.8
2533,218.74,222.8,227.28,228.78,233.1,235.74,235.88,238.5,239.42,242.8
2534,218.74,222.8,227.28,228.78,233.08,235.74,235.88,238.5,239.42,242.8
2535,218.74,222.8,227.28,228.78,233.08,235.74,235.88,238.46,239.42,242.8
2536,218.74,222.8,227.28,228.78,233.08,235.74,235.88,238.46,239.42,242.8
2537,218.74,222.8,227.28,228.78,233.08,235.72,235.88,238.46,239.42,242.8
2538,218.74,222.8,227.28,228.78,233.08,235.72,235.88,238.46,239.42,242.8
2539,218.74,222.8,227.28,228.78,233.08,235.72,235.88,238.46,239.42,242.8
2540,218.74,222.8,227.28,228.78,233.08,235.72,235.88,238.46,239.42,242.8
2541,218.74,222.8,227.28,228.78,233.08,235.72,235.88,238.46,239.42,242.8
2542,218.74,222.8,227.28,228.78,233.08,235.72,235.88,238.46,239.42,242.8
2543,218.74,222.8,227.28,228.78,233.08,235.72,235.88,238.46,239.42,242.8
2544,218.74,222.8,227.28,228.78,233.08,235.72,235.88,238.46,239.42,242.8
2545,218.74,222.8,227.28,228.78,233.08,235.72,235.86,238.46,239.42,242.8
2546,218.74,222.8,227.28,228.78,233.08,235.72,235.86,238.46,239.42,242.8
2547,218.74,222.8,227.28,228.78,233.08,235.72,235.86,238.46,239.42,242.8
2548,218.74,222.8,227.28,228.78,233.08,235.72,235.86,238.46,239.42,242.8
2549,218.74,222.8,227.28,228.78,233.08,235.72,235.86,238.46,239.42,242.8
2550,218.74,222.78,227.28,228.78,233.08,235.72,235.86,238.46,239.42,242.8
2551,218.74,222.76,227.28,228.78,233.08,235.72,235.84,238.46,239.42,242.8
2552,218.74,222.76,227.28,228.78,233.08,235.72,235.84,238.46,239.42,242.8
2553,218.74,222.76,227.28,228.76,233.08,235.72,235.84,238.46,239.42,242.8
2554,218.74,222.76,227.28,228.76,233.08,235.72,235.84,238.46,239.42,242.8
2555,218.74,222.76,227.28,228.76,233.08,235.72,235.84,238.46,239.42,242.8
2556,218.74,222.76,227.28,228.76,233.06,235.72,235.84,238.46,239.42,242.8
2557,218.74,222.76,227.28,228.76,233.06,235.72,235.84,238.46,239.42,242.8
2558,218.74,222.76,227.28,228.76,233.06,235.72,235.84,238.46,239.42,242.8
2559,218.72,222.76,227.28,228.76,233.06,235.72,235.84,238.46,239.42,242.8
2560,218.72,222.76,227.28,228.76,233.06,235.72,235.84,238.46,239.42,242.8
2561,218.72,222.76,227.28,228.76,233.06,235.66,235.84,238.46,239.42,242.8
2562,218.72,222.74,227.28,228.76,233.06,235.64,235.84,238.46,239.42,242.8
2563,218.72,222.74,227.28,228.76,233.06,235.64,235.84,238.46,239.42,242.8
2564,218.72,222.74,227.28,228.76,233.06,235.64,235.84,238.46,239.42,242.8
2565,218.72,222.74,227.28,228.76,233.06,235.64,235.84,238.46,239.42,242.8
2566,218.72,222.74,227.28,228.76,233.06,235.64,235.84,238.46,239.42,242.8
2567,218.72,222.74,227.28,228.76,233.06,235.64,235.84,238.46,239.42,242.8
2568,218.72,222.74,227.28,228.76,233.06,235.64,235.84,238.46,239.42,242.8
2569,218.72,222.74,227.28,228.76,233.06,235.64,235.84,238.46,239.42,242.8
2570,218.72,222.74,227.28,228.76,233.06,235.64,235.84,238.46,239.42,242.8
2571,218.72,222.74,227.28,228.76,233.06,235.64,235.84,238.46,239.42,242.8
2572,218.72,222.74,227.28,228.76,233.06,235.64,235.84,238.46,239.42,242.8
2573,218.72,222.72,227.28,228.76,233.06,235.62,235.84,238.46,239.42,242.8
2574,218.72,222.72,227.28,228.76,233.06,235.62,235.84,238.46,239.42,242.8
2575,218.72,222.72,227.28,228.76,233.06,235.62,235.84,238.46,239.42,242.8
2576,218.72,222.72,227.28,228.76,233.06,235.58,235.84,238.46,239.42,242.8
2577,218.72,222.72,227.28,228.76,233.06,235.58,235.84,238.46,239.42,242.8
2578,218.72,222.72,227.28,228.76,233.06,235.58,235.84,238.46,239.42,242.8
2579,218.72,222.72,227.28,228.76,233.06,235.58,235.84,238.46,239.42,242.8
2580,218.72,222.72,227.28,228.76,233.06,235.58,235.84,238.46,239.42,242.8
2581,218.72,222.72,227.28,228.76,233.06,235.58,235.84,238.46,239.42,242.8
2582,218.72,222.72,227.24,228.76,233.06,235.58,235.84,238.46,239.42,242.8
2583,218.72,222.72,227.24,228.76,233.06,235.58,235.84,238.46,239.42,242.8
2584,218.72,222.72,227.24,228.76,233.06,235.58,235.84,238.46,239.42,242.8
2585,218.7,222.72,227.24,228.76,233.06,235.58,235.84,238.46,239.42,242.8
2586,218.7,222.72,227.24,228.76,233.06,235.58,235.84,238.46,239.42,242.8
2587,218.7,222.7,227.24,228.76,233.06,235.58,235.84,238.46,239.42,242.8
2588,218.7,222.7,227.24,228.76,233.06,235.58,235.84,238.44,239.42,242.8
2589,218.7,222.7,227.24,228.76,233.06,235.58,235.84,238.44,239.42,242.8
2590,218.68,222.7,227.2,228.76,233.06,235.58,235.84,238.44,239.42,242.8
2591,218.68,222.7,227.2,228.76,233.06,235.56,235.84,238.44,239.42,242.8
2592,218.66,222.7,227.2,228.76,233.06,235.56,235.84,238.38,239.42,242.8
2593,218.64,222.7,227.2,228.76,233.06,235.56,235.84,238.38,239.42,242.8
2594,218.64,222.7,227.18,228.76,233.06,235.56,235.84,238.38,239.42,242.8
2595,218.64,222.7,227.18,228.76,233.06,235.56,235.84,238.38,239.42,242.8
2596,218.64,222.7,227.16,228.76,233.06,235.56,235.84,238.38,239.42,242.8
2597,218.64,222.7,227.14,228.76,233.06,235.56,235.84,238.36,239.42,242.8
2598,218.64,222.7,227.12,228.76,233.06,235.56,235.84,238.36,239.42,242.8
2599,218.64,222.7,227.12,228.76,233.06,235.56,235.84,238.36,239.42,242.8
2600,218.64,222.7,227.12,228.76,233.06,235.56,235.84,238.36,239.42,242.8
2601,218.64,222.7,227.12,228.76,233.06,235.56,235.84,238.36,239.42,242.8
2602,218.62,222.7,227.12,228.76,233.06,235.54,235.84,238.36,239.42,242.8
2603,218.6,222.7,227.1,228.76,233.06,235.54,235.84,238.36,239.42,242.8
2604,218.6,222.7,227.1,228.76,233.06,235.54,235.84,238.36,239.42,242.8
2605,218.6,222.7,227.1,228.76,233.04,235.54,235.84,238.36,239.42,242.8
2606,218.6,222.7,227.1,228.76,233.04,235.54,235.84,238.36,239.42,242.8
2607,218.6,222.7,227.1,228.76,233.04,235.54,235.84,238.36,239.42,242.8
2608,218.6,222.7,227.1,228.76,233.04,235.54,235.84,238.36,239.42,242.8
2609,218.6,222.7,227.1,228.76,233.04,235.54,235.84,238.36,239.42,242.8
2610,218.6,222.7,227.1,228.76,233.04,235.54,235.84,238.36,239.42,242.8
2611,218.6,222.7,227.1,228.74,233.04,235.54,235.84,238.34,239.42,242.8
2612,218.6,222.7,227.1,228.74,233.04,235.54,235.84,238.34,239.42,242.8
2613,218.6,222.7,227.1,228.72,233.02,235.54,235.84,238.34,239.42,242.8
2614,218.6,222.7,227.1,228.72,233.02,235.54,235.84,238.34,239.42,242.8
2615,218.6,222.68,227.1,228.72,233.02,235.54,235.84,238.34,239.42,242.78
2616,218.6,222.68,227.1,228.72,233.02,235.54,235.84,238.34,239.42,242.78
2617,218.6,222.68,227.1,228.72,233.02,235.54,235.84,238.34,239.42,242.78
2618,218.6,222.68,227.1,228.72,233.02,235.54,235.84,238.34,239.42,242.78
2619,218.6,222.68,227.08,228.72,233.02,235.54,235.84,238.34,239.42,242.78
2620,218.6,222.68,227.08,228.72,233.02,235.54,235.84,238.34,239.42,242.76
2621,218.6,222.68,227.08,228.72,233.02,235.54,235.84,238.34,239.42,242.76
2622,218.6,222.68,227.08,228.72,233.02,235.54,235.84,238.32,239.42,242.76
2623,218.6,222.68,227.08,228.72,233.02,235.54,235.84,238.32,239.42,242.76
2624,218.6,222.68,227.08,228.7,233.02,235.54,235.84,238.32,239.42,242.76
2625,218.6,222.68,227.08,228.68,233.02,235.54,235.84,238.3,239.42,242.76
2626,218.6,222.68,227.08,228.68,233.02,235.54,235.84,238.3,239.42,242.76
2627,218.6,222.68,227.08,228.68,233.02,235.54,235.84,238.3,239.42,242.76
2628,218.6,222.68,227.08,228.66,233.02,235.54,235.84,238.3,239.42,242.76
2629,218.6,222.68,227.08,228.66,233.02,235.54,235.84,238.3,239.42,242.76
2630,218.6,222.68,227.08,228.66,233.02,235.54,235.84,238.3,239.42,242.76
2631,218.6,222.68,227.08,228.66,233.02,235.52,235.84,238.3,239.42,242.76
2632,218.6,222.68,227.08,228.66,233.02,235.52,235.84,238.3,239.42,242.76
2633,218.6,222.68,227.08,228.66,233.02,235.52,235.84,238.3,239.42,242.76
2634,218.6,222.68,227.08,228.66,233.02,235.52,235.84,238.3,239.42,242.76
2635,218.6,222.68,227.08,228.66,233.02,235.52,235.84,238.3,239.42,242.76
2636,218.6,222.68,227.08,228.64,233.02,235.52,235.84,238.3,239.42,242.76
2637,218.6,222.68,227.08,228.64,233.02,235.52,235.84,238.3,239.42,242.76
2638,218.6,222.68,227.08,228.64,233.02,235.52,235.84,238.3,239.42,242.76
2639,218.6,222.68,227.08,228.64,233.02,235.52,235.84,238.3,239.42,242.76
2640,218.6,222.68,227.08,228.64,233.02,235.52,235.84,238.3,239.42,242.76
2641,218.6,222.68,227.08,228.62,233.02,235.52,235.84,238.3,239.42,242.76
2642,218.6,222.68,227.08,228.62,233.02,235.52,235.84,238.3,239.42,242.76
2643,218.58,222.68,227.08,228.62,233.02,235.52,235.84,238.3,239.42,242.76
2644,218.58,222.68,227.08,228.62,233.02,235.52,235.84,238.3,239.42,242.76
2645,218.58,222.68,227.08,228.62,233.02,235.52,235.84,238.3,239.42,242.76
2646,218.58,222.68,227.08,228.62,233.02,235.52,235.84,238.3,239.42,242.76
2647,218.58,222.68,227.04,228.62,233.02,235.52,235.84,238.3,239.42,242.76
2648,218.58,222.68,227.04,228.62,233.02,235.52,235.84,238.3,239.42,242.76
2649,218.58,222.68,227.02,228.62,233.02,235.52,235.84,238.3,239.42,242.76
2650,218.56,222.68,227.02,228.62,233.02,235.52,235.84,238.3,239.42,242.76
2651,218.56,222.68,227.02,228.62,233.02,235.52,235.84,238.3,239.42,242.76
2652,218.56,222.68,227.02,228.62,233.02,235.52,235.84,238.3,239.42,242.76
2653,218.56,222.68,227.02,228.62,233.02,235.52,235.84,238.3,239.42,242.76
2654,218.56,222.68,227.02,228.62,233.02,235.52,235.84,238.3,239.42,242.76
2655,218.56,222.68,227.02,228.62,233.02,235.52,235.84,238.3,239.42,242.76
2656,218.56,222.68,227.02,228.62,233.02,235.52,235.84,238.3,239.42,242.76
2657,218.56,222.68,227.0,228.62,233.0,235.52,235.84,238.3,239.42,242.76
2658,218.56,222.68,226.98,228.62,233.0,235.52,235.84,238.3,239.42,242.76
2659,218.54,222.68,226.98,228.62,233.0,235.52,235.84,238.3,239.42,242.76
2660,218.54,222.68,226.98,228.62,233.0,235.52,235.84,238.3,239.42,242.76
2661,218.54,222.68,226.98,228.6,233.0,235.52,235.84,238.3,239.42,242.76
2662,218.54,222.68,226.98,228.6,233.0,235.52,235.84,238.3,239.42,242.76
2663,218.54,222.68,226.98,228.6,233.0,235.52,235.84,238.3,239.42,242.76
2664,218.54,222.66,226.98,228.6,233.0,235.52,235.84,238.3,239.42,242.76
2665,218.54,222.66,226.98,228.6,233.0,235.52,235.84,238.3,239.42,242.76
2666,218.52,222.66,226.98,228.6,233.0,235.52,235.84,238.3,239.42,242.76
2667,218.52,222.66,226.98,228.6,233.0,235.52,235.84,238.3,239.42,242.76
2668,218.52,222.66,226.98,228.6,233.0,235.52,235.84,238.3,239.42,242.76
2669,218.5,222.66,226.98,228.58,233.0,235.52,235.84,238.3,239.42,242.76
2670,218.5,222.66,226.98,228.58,233.0,235.52,235.84,238.3,239.42,242.76
2671,218.5,222.66,226.98,228.58,232.98,235.52,235.84,238.3,239.42,242.76
2672,218.5,222.66,226.98,228.58,232.98,235.52,235.84,238.3,239.42,242.76
2673,218.5,222.66,226.98,228.58,232.98,235.52,235.84,238.3,239.42,242.76
2674,218.5,222.66,226.98,228.58,232.98,235.52,235.84,238.3,239.42,242.76
2675,218.5,222.66,226.98,228.58,232.98,235.52,235.84,238.3,239.42,242.76
2676,218.5,222.66,226.98,228.58,232.98,235.52,235.84,238.3,239.42,242.76
2677,218.5,222.66,226.98,228.58,232.98,235.52,235.84,238.3,239.42,242.76
2678,218.5,222.64,226.98,228.58,232.98,235.52,235.84,238.3,239.42,242.74
2679,218.5,222.62,226.98,228.58,232.98,235.52,235.84,238.3,239.42,242.74
2680,218.5,222.62,226.98,228.56,232.98,235.52,235.84,238.3,239.42,242.72
2681,218.5,222.6,226.98,228.56,232.98,235.52,235.84,238.3,239.42,242.72
2682,218.5,222.6,226.98,228.56,232.98,235.52,235.84,238.3,239.42,242.72
2683,218.5,222.6,226.98,228.56,232.98,235.52,235.84,238.3,239.42,242.72
2684,218.5,222.6,226.98,228.56,232.96,235.5,235.84,238.3,239.42,242.72
2685,218.5,222.6,226.98,228.56,232.96,235.5,235.84,238.3,239.42,242.72
2686,218.5,222.6,226.96,228.56,232.96,235.5,235.84,238.3,239.42,242.72
2687,218.5,222.6,226.96,228.56,232.96,235.5,235.84,238.3,239.42,242.72
2688,218.5,222.6,226.96,228.56,232.96,235.5,235.84,238.3,239.42,242.72
2689,218.5,222.6,226.96,228.56,232.96,235.5,235.84,238.3,239.42,242.72
2690,218.5,222.6,226.96,228.56,232.96,235.5,235.84,238.3,239.42,242.72
2691,218.5,222.58,226.96,228.56,232.96,235.5,235.84,238.3,239.42,242.72
2692,218.5,222.58,226.96,228.56,232.96,235.5,235.84,238.3,239.42,242.72
2693,218.5,222.58,226.96,228.56,232.96,235.5,235.84,238.3,239.42,242.72
2694,218.48,222.58,226.96,228.56,232.96,235.5,235.84,238.3,239.42,242.72
2695,218.48,222.58,226.96,228.54,232.96,235.5,235.84,238.3,239.42,242.72
2696,218.48,222.56,226.96,228.54,232.96,235.5,235.84,238.3,239.42,242.72
2697,218.46,222.56,226.96,228.54,232.96,235.48,235.84,238.3,239.42,242.72
2698,218.46,222.56,226.96,228.54,232.96,235.48,235.84,238.3,239.42,242.72
2699,218.46,222.56,226.96,228.54,232.96,235.48,235.84,238.3,239.42,242.72
2700,218.46,222.56,226.96,228.54,232.96,235.48,235.84,238.3,239.42,242.72
2701,218.46,222.56,226.96,228.54,232.96,235.48,235.84,238.3,239.42,242.72
2702,218.46,222.56,226.96,228.54,232.96,235.48,235.84,238.3,239.42,242.72
2703,218.46,222.56,226.96,228.54,232.96,235.48,235.84,238.3,239.42,242.72
2704,218.46,222.54,226.96,228.54,232.96,235.48,235.84,238.3,239.42,242.72
2705,218.46,222.54,226.96,228.54,232.96,235.48,235.84,238.3,239.42,242.72
2706,218.46,222.54,226.96,228.54,232.96,235.48,235.84,238.3,239.42,242.72
2707,218.46,222.54,226.96,228.54,232.96,235.48,235.84,238.3,239.42,242.72
2708,218.46,222.52,226.96,228.54,232.96,235.48,235.84,238.3,239.42,242.72
2709,218.46,222.52,226.96,228.54,232.96,235.48,235.84,238.3,239.42,242.72
2710,218.46,222.5,226.96,228.54,232.96,235.48,235.84,238.3,239.42,242.72
2711,218.46,222.5,226.94,228.54,232.96,235.48,235.84,238.3,239.42,242.72
2712,218.46,222.5,226.94,228.54,232.96,235.48,235.84,238.3,239.42,242.72
2713,218.46,222.5,226.94,228.54,232.96,235.48,235.84,238.3,239.42,242.72
2714,218.46,222.5,226.94,228.54,232.94,235.48,235.84,238.3,239.42,242.72
2715,218.46,222.5,226.94,228.54,232.94,235.48,235.84,238.3,239.42,242.72
2716,218.46,222.5,226.94,228.54,232.92,235.48,235.84,238.3,239.42,242.72
2717,218.46,222.5,226.94,228.54,232.92,235.48,235.84,238.3,239.42,242.72
2718,218.46,222.48,226.94,228.54,232.92,235.48,235.84,238.3,239.42,242.72
2719,218.46,222.48,226.94,228.54,232.92,235.48,235.84,238.3,239.42,242.72
2720,218.46,222.48,226.94,228.54,232.92,235.48,235.84,238.3,239.42,242.72
2721,218.46,222.48,226.94,228.54,232.92,235.48,235.84,238.3,239.42,242.72
2722,218.46,222.48,226.94,228.54,232.92,235.48,235.84,238.3,239.42,242.72
2723,218.44,222.48,226.94,228.54,232.92,235.48,235.84,238.3,239.42,242.72
2724,218.44,222.48,226.94,228.54,232.92,235.48,235.84,238.3,239.42,242.72
2725,218.44,222.48,226.94,228.54,232.92,235.48,235.84,238.3,239.42,242.72
2726,218.44,222.48,226.94,228.54,232.92,235.48,235.84,238.3,239.42,242.72
2727,218.44,222.48,226.94,228.54,232.92,235.48,235.84,238.3,239.42,242.72
2728,218.44,222.48,226.94,228.54,232.92,235.48,235.82,238.3,239.42,242.72
2729,218.44,222.48,226.94,228.54,232.92,235.48,235.82,238.3,239.42,242.72
2730,218.44,222.48,226.94,228.54,232.92,235.48,235.82,238.3,239.42,242.7
2731,218.44,222.48,226.94,228.54,232.92,235.48,235.82,238.3,239.42,242.7
2732,218.42,222.48,226.94,228.54,232.92,235.48,235.82,238.3,239.42,242.7
2733,218.4,222.48,226.94,228.54,232.92,235.48,235.82,238.3,239.42,242.7
2734,218.4,222.48,226.94,228.54,232.92,235.48,235.82,238.3,239.42,242.7
2735,218.4,222.48,226.94,228.54,232.92,235.48,235.82,238.3,239.42,242.7
2736,218.4,222.46,226.94,228.54,232.92,235.48,235.82,238.3,239.42,242.7
2737,218.4,222.46,226.94,228.52,232.92,235.48,235.82,238.3,239.42,242.7
2738,218.4,222.46,226.94,228.52,232.92,235.48,235.82,238.3,239.42,242.7
2739,218.4,222.46,226.94,228.52,232.92,235.48,235.82,238.3,239.42,242.7
2740,218.4,222.46,226.94,228.52,232.92,235.48,235.82,238.3,239.42,242.7
2741,218.4,222.46,226.94,228.52,232.92,235.48,235.82,238.3,239.42,242.7
2742,218.4,222.46,226.94,228.52,232.92,235.48,235.82,238.3,239.42,242.7
2743,218.4,222.46,226.94,228.52,232.92,235.48,235.82,238.3,239.42,242.7
2744,218.38,222.46,226.94,228.52,232.92,235.48,235.82,238.3,239.42,242.7
2745,218.38,222.46,226.94,228.52,232.92,235.48,235.82,238.3,239.42,242.7
2746,218.38,222.46,226.94,228.52,232.92,235.46,235.82,238.3,239.42,242.7
2747,218.38,222.46,226.94,228.52,232.92,235.46,235.82,238.3,239.42,242.7
2748,218.38,222.46,226.94,228.52,232.92,235.46,235.82,238.3,239.42,242.7
2749,218.38,222.46,226.94,228.52,232.92,235.46,235.82,238.3,239.42,242.7
2750,218.38,222.44,226.94,228.52,232.92,235.46,235.82,238.3,239.42,242.7
2751,218.38,222.44,226.94,228.52,232.92,235.46,235.82,238.3,239.42,242.7
2752,218.36,222.42,226.94,228.52,232.92,235.46,235.82,238.3,239.42,242.7
2753,218.36,222.42,226.94,228.52,232.92,235.46,235.82,238.3,239.42,242.7
2754,218.36,222.42,226.94,228.52,232.92,235.46,235.82,238.3,239.42,242.7
2755,218.36,222.42,226.94,228.52,232.92,235.46,235.82,238.3,239.42,242.7
2756,218.36,222.42,226.94,228.52,232.92,235.46,235.82,238.3,239.42,242.7
2757,218.36,222.42,226.94,228.52,232.92,235.46,235.82,238.3,239.42,242.7
2758,218.36,222.42,226.94,228.52,232.92,235.46,235.82,238.3,239.42,242.68
2759,218.36,222.42,226.94,228.52,232.92,235.46,235.82,238.3,239.42,242.68
2760,218.36,222.42,226.94,228.52,232.92,235.46,235.82,238.3,239.42,242.66
2761,218.36,222.42,226.94,228.52,232.92,235.46,235.82,238.3,239.42,242.66
2762,218.36,222.42,226.94,228.52,232.92,235.46,235.82,238.3,239.42,242.66
2763,218.36,222.42,226.94,228.52,232.92,235.46,235.82,238.3,239.42,242.66
2764,218.36,222.42,226.94,228.52,232.92,235.46,235.82,238.3,239.42,242.66
2765,218.36,222.42,226.94,228.52,232.92,235.46,235.82,238.3,239.42,242.66
2766,218.36,222.42,226.94,228.52,232.92,235.46,235.82,238.3,239.42,242.66
2767,218.36,222.42,226.94,228.52,232.92,235.46,235.82,238.3,239.42,242.66
2768,218.36,222.42,226.92,228.52,232.92,235.46,235.82,238.3,239.42,242.66
2769,218.36,222.42,226.92,228.52,232.92,235.46,235.82,238.3,239.42,242.66
2770,218.36,222.42,226.92,228.52,232.92,235.46,235.82,238.3,239.42,242.66
2771,218.36,222.42,226.92,228.52,232.92,235.46,235.82,238.3,239.42,242.66
2772,218.36,222.42,226.92,228.52,232.92,235.46,235.82,238.3,239.42,242.66
2773,218.36,222.42,226.92,228.52,232.92,235.46,235.82,238.3,239.42,242.66
2774,218.36,222.42,226.92,228.52,232.92,235.44,235.82,238.3,239.42,242.66
2775,218.34,222.42,226.92,228.52,232.92,235.44,235.82,238.3,239.42,242.66
2776,218.34,222.42,226.92,228.52,232.92,235.44,235.82,238.3,239.42,242.66
2777,218.34,222.42,226.92,228.52,232.92,235.44,235.82,238.3,239.42,242.66
2778,218.34,222.42,226.92,228.52,232.92,235.44,235.82,238.3,239.42,242.66
2779,218.32,222.42,226.92,228.52,232.92,235.44,235.82,238.3,239.42,242.66
2780,218.32,222.42,226.9,228.52,232.92,235.44,235.8,238.3,239.42,242.66
2781,218.32,222.42,226.9,228.52,232.92,235.44,235.8,238.3,239.42,242.66
2782,218.32,222.42,226.9,228.52,232.92,235.44,235.8,238.3,239.42,242.66
2783,218.32,222.42,226.9,228.52,232.92,235.44,235.8,238.3,239.42,242.66
2784,218.32,222.42,226.9,228.52,232.92,235.44,235.8,238.3,239.42,242.66
2785,218.3,222.42,226.9,228.52,232.92,235.44,235.8,238.3,239.42,242.66
2786,218.3,222.42,226.9,228.52,232.92,235.44,235.8,238.3,239.42,242.66
2787,218.3,222.42,226.9,228.52,232.92,235.44,235.8,238.3,239.42,242.66
2788,218.3,222.42,226.9,228.52,232.92,235.44,235.8,238.3,239.42,242.66
2789,218.3,222.42,226.9,228.52,232.92,235.44,235.8,238.3,239.42,242.66
2790,218.3,222.42,226.9,228.52,232.92,235.44,235.8,238.3,239.42,242.66
2791,218.3,222.42,226.9,228.52,232.92,235.44,235.8,238.3,239.42,242.66
2792,218.3,222.42,226.9,228.52,232.92,235.44,235.8,238.3,239.42,242.66
2793,218.28,222.42,226.9,228.52,232.92,235.44,235.8,238.3,239.42,242.66
2794,218.28,222.42,226.9,228.5,232.9,235.44,235.8,238.3,239.42,242.66
2795,218.28,222.42,226.9,228.5,232.9,235.42,235.8,238.28,239.42,242.66
2796,218.28,222.42,226.9,228.5,232.9,235.38,235.8,238.28,239.42,242.66
2797,218.28,222.42,226.9,228.5,232.9,235.38,235.8,238.28,239.42,242.66
2798,218.26,222.42,226.9,228.5,232.9,235.38,235.8,238.28,239.42,242.66
2799,218.26,222.42,226.9,228.5,232.9,235.38,235.8,238.28,239.42,242.66
2800,218.26,222.42,226.9,228.5,232.9,235.38,235.8,238.28,239.42,242.66
2801,218.26,222.42,226.9,228.5,232.9,235.38,235.8,238.28,239.42,242.66
2802,218.26,222.42,226.9,228.5,232.9,235.38,235.8,238.28,239.42,242.66
2803,218.26,222.42,226.9,228.48,232.9,235.38,235.8,238.28,239.42,242.66
2804,218.26,222.42,226.9,228.48,232.9,235.38,235.8,238.28,239.42,242.66
2805,218.26,222.42,226.9,228.48,232.9,235.38,235.8,238.28,239.42,242.66
2806,218.26,222.42,226.9,228.46,232.9,235.38,235.8,238.28,239.42,242.66
2807,218.26,222.4,226.9,228.46,232.9,235.38,235.8,238.28,239.42,242.66
2808,218.26,222.4,226.9,228.46,232.9,235.38,235.8,238.28,239.42,242.66
2809,218.26,222.4,226.9,228.46,232.9,235.38,235.8,238.28,239.42,242.66
2810,218.26,222.4,226.9,228.46,232.9,235.38,235.8,238.28,239.42,242.66
2811,218.26,222.4,226.9,228.46,232.9,235.38,235.8,238.28,239.42,242.66
2812,218.26,222.4,226.9,228.46,232.9,235.38,235.8,238.28,239.42,242.66
2813,218.26,222.4,226.9,228.46,232.9,235.38,235.8,238.26,239.42,242.66
2814,218.26,222.4,226.9,228.46,232.9,235.38,235.8,238.26,239.42,242.66
2815,218.26,222.4,226.9,228.46,232.9,235.38,235.8,238.26,239.42,242.66
2816,218.26,222.4,226.9,228.46,232.9,235.38,235.8,238.26,239.42,242.66
2817,218.26,222.4,226.9,228.46,232.9,235.38,235.8,238.26,239.42,242.66
2818,218.26,222.4,226.9,228.46,232.9,235.38,235.8,238.26,239.42,242.66
2819,218.26,222.36,226.9,228.46,232.9,235.38,235.8,238.26,239.42,242.66
2820,218.26,222.36,226.9,228.46,232.9,235.38,235.8,238.26,239.42,242.66
2821,218.26,222.36,226.88,228.46,232.9,235.38,235.8,238.26,239.42,242.66
2822,218.26,222.36,226.88,228.46,232.9,235.38,235.8,238.26,239.42,242.66
2823,218.26,222.34,226.88,228.46,232.9,235.38,235.8,238.26,239.42,242.66
2824,218.26,222.34,226.86,228.46,232.9,235.38,235.8,238.26,239.42,242.66
2825,218.26,222.34,226.86,228.46,232.9,235.38,235.8,238.26,239.42,242.66
2826,218.26,222.34,226.86,228.46,232.9,235.38,235.8,238.26,239.42,242.66
2827,218.26,222.34,226.86,228.46,232.9,235.38,235.8,238.26,239.42,242.66
2828,218.26,222.34,226.86,228.46,232.9,235.38,235.8,238.26,239.42,242.66
2829,218.26,222.34,226.86,228.46,232.9,235.38,235.8,238.26,239.42,242.66
2830,218.26,222.34,226.86,228.46,232.9,235.38,235.8,238.26,239.42,242.66
2831,218.26,222.34,226.86,228.46,232.9,235.38,235.8,238.26,239.42,242.66
2832,218.26,222.34,226.86,228.46,232.9,235.38,235.8,238.26,239.42,242.66
2833,218.26,222.34,226.86,228.46,232.9,235.38,235.8,238.26,239.42,242.66
2834,218.26,222.34,226.86,228.46,232.9,235.38,235.8,238.26,239.42,242.66
2835,218.26,222.34,226.86,228.46,232.9,235.38,235.8,238.26,239.42,242.66
2836,218.26,222.34,226.86,228.46,232.9,235.38,235.8,238.26,239.42,242.66
2837,218.26,222.34,226.86,228.46,232.9,235.38,235.8,238.26,239.42,242.66
2838,218.26,222.34,226.86,228.46,232.9,235.38,235.8,238.26,239.42,242.66
2839,218.26,222.34,226.86,228.46,232.9,235.38,235.8,238.26,239.42,242.66
2840,218.26,222.34,226.86,228.46,232.9,235.38,235.8,238.26,239.42,242.66
2841,218.26,222.34,226.86,228.46,232.9,235.38,235.8,238.26,239.42,242.66
2842,218.26,222.34,226.86,228.46,232.9,235.38,235.8,238.26,239.42,242.66
2843,218.26,222.34,226.86,228.46,232.9,235.38,235.8,238.26,239.42,242.66
2844,218.24,222.34,226.86,228.46,232.9,235.38,235.8,238.26,239.42,242.66
2845,218.24,222.34,226.86,228.46,232.9,235.38,235.8,238.26,239.42,242.66
2846,218.24,222.34,226.86,228.46,232.9,235.38,235.8,238.26,239.42,242.66
2847,218.24,222.34,226.86,228.46,232.9,235.38,235.8,238.26,239.42,242.66
2848,218.24,222.34,226.86,228.46,232.9,235.38,235.8,238.26,239.42,242.66
2849,218.22,222.34,226.86,228.46,232.9,235.38,235.8,238.26,239.42,242.66
2850,218.22,222.34,226.86,228.46,232.9,235.38,235.8,238.26,239.42,242.66
2851,218.22,222.34,226.86,228.46,232.9,235.38,235.8,238.26,239.42,242.66
2852,218.22,222.34,226.86,228.46,232.9,235.38,235.8,238.26,239.42,242.66
2853,218.22,222.34,226.86,228.46,232.9,235.38,235.8,238.26,239.42,242.66
2854,218.22,222.34,226.86,228.46,232.9,235.38,235.8,238.26,239.42,242.66
2855,218.22,222.34,226.86,228.46,232.9,235.38,235.8,238.26,239.42,242.66
2856,218.22,222.34,226.86,228.46,232.9,235.38,235.8,238.26,239.42,242.66
2857,218.22,222.34,226.86,228.46,232.9,235.38,235.8,238.26,239.42,242.66
2858,218.22,222.34,226.84,228.46,232.9,235.38,235.8,238.26,239.42,242.66
2859,218.22,222.32,226.84,228.46,232.9,235.38,235.8,238.26,239.42,242.66
2860,218.2,222.32,226.84,228.46,232.9,235.38,235.8,238.26,239.42,242.66
2861,218.18,222.32,226.84,228.46,232.86,235.38,235.8,238.26,239.42,242.66
2862,218.18,222.32,226.84,228.46,232.84,235.38,235.8,238.26,239.42,242.66
2863,218.18,222.32,226.84,228.46,232.84,235.38,235.8,238.26,239.42,242.66
2864,218.18,222.32,226.84,228.46,232.84,235.38,235.8,238.26,239.42,242.66
2865,218.18,222.32,226.84,228.46,232.84,235.38,235.8,238.26,239.42,242.66
2866,218.18,222.32,226.84,228.46,232.84,235.38,235.8,238.26,239.42,242.66
2867,218.18,222.32,226.84,228.46,232.84,235.38,235.8,238.26,239.42,242.66
2868,218.18,222.32,226.84,228.46,232.84,235.38,235.8,238.26,239.42,242.66
2869,218.18,222.32,226.84,228.46,232.84,235.38,235.8,238.26,239.42,242.66
2870,218.18,222.32,226.82,228.46,232.84,235.38,235.8,238.26,239.42,242.66
2871,218.18,222.32,226.82,228.46,232.84,235.38,235.8,238.26,239.42,242.66
2872,218.18,222.32,226.82,228.46,232.84,235.38,235.8,238.26,239.42,242.66
2873,218.18,222.32,226.82,228.46,232.84,235.38,235.8,238.26,239.42,242.66
2874,218.18,222.32,226.82,228.46,232.84,235.38,235.8,238.26,239.42,242.66
2875,218.18,222.32,226.82,228.46,232.84,235.38,235.8,238.26,239.42,242.66
2876,218.18,222.32,226.82,228.46,232.84,235.38,235.8,238.26,239.42,242.66
2877,218.18,222.32,226.82,228.46,232.84,235.38,235.8,238.26,239.42,242.66
2878,218.18,222.32,226.82,228.46,232.84,235.38,235.8,238.26,239.42,242.66
2879,218.18,222.32,226.82,228.46,232.84,235.38,235.8,238.26,239.42,242.66
2880,218.18,222.32,226.82,228.46,232.82,235.38,235.8,238.26,239.42,242.66
2881,218.18,222.32,226.82,228.46,232.82,235.34,235.8,238.26,239.42,242.66
2882,218.18,222.32,226.82,228.44,232.82,235.34,235.8,238.26,239.42,242.66
2883,218.18,222.32,226.82,228.44,232.82,235.34,235.8,238.26,239.42,242.66
2884,218.18,222.32,226.82,228.44,232.82,235.34,235.8,238.26,239.42,242.66
2885,218.18,222.32,226.82,228.42,232.82,235.34,235.8,238.26,239.42,242.66
2886,218.18,222.32,226.82,228.42,232.82,235.34,235.8,238.26,239.42,242.66
2887,218.18,222.32,226.82,228.42,232.82,235.34,235.8,238.26,239.42,242.66
2888,218.18,222.32,226.82,228.42,232.82,235.34,235.8,238.26,239.42,242.66
2889,218.18,222.32,226.82,228.42,232.82,235.34,235.8,238.26,239.42,242.66
2890,218.18,222.32,226.82,228.42,232.82,235.32,235.8,238.26,239.42,242.66
2891,218.18,222.32,226.82,228.42,232.8,235.32,235.8,238.26,239.42,242.66
2892,218.16,222.32,226.8,228.42,232.8,235.32,235.8,238.26,239.42,242.66
2893,218.16,222.32,226.8,228.42,232.8,235.3,235.8,238.26,239.42,242.66
2894,218.16,222.32,226.8,228.42,232.8,235.3,235.8,238.26,239.4,242.66
2895,218.16,222.32,226.8,228.42,232.8,235.3,235.8,238.26,239.4,242.66
2896,218.16,222.32,226.8,228.42,232.8,235.3,235.8,238.26,239.38,242.66
2897,218.16,222.32,226.8,228.42,232.8,235.3,235.8,238.24,239.38,242.66
2898,218.16,222.32,226.8,228.42,232.8,235.3,235.8,238.24,239.38,242.66
2899,218.16,222.32,226.8,228.42,232.8,235.3,235.8,238.24,239.38,242.66
2900,218.16,222.32,226.8,228.42,232.8,235.3,235.8,238.24,239.38,242.66
2901,218.16,222.32,226.76,228.42,232.8,235.3,235.8,238.24,239.38,242.58
2902,218.16,222.32,226.76,228.38,232.8,235.28,235.8,238.24,239.38,242.58
2903,218.16,222.32,226.76,228.38,232.8,235.28,235.8,238.24,239.38,242.58
2904,218.16,222.32,226.76,228.38,232.8,235.28,235.8,238.24,239.38,242.58
2905,218.14,222.32,226.76,228.38,232.8,235.28,235.8,238.24,239.38,242.58
2906,218.14,222.32,226.76,228.38,232.8,235.28,235.8,238.24,239.38,242.58
2907,218.14,222.32,226.76,228.38,232.8,235.28,235.8,238.24,239.38,242.58
2908,218.14,222.32,226.76,228.38,232.8,235.28,235.8,238.24,239.38,242.58
2909,218.12,222.32,226.76,228.38,232.8,235.28,235.8,238.24,239.38,242.58
2910,218.12,222.32,226.76,228.38,232.8,235.28,235.8,238.24,239.38,242.58
2911,218.12,222.32,226.76,228.38,232.8,235.28,235.8,238.24,239.38,242.58
2912,218.12,222.32,226.76,228.38,232.8,235.28,235.8,238.24,239.38,242.58
2913,218.12,222.32,226.76,228.38,232.78,235.28,235.8,238.24,239.38,242.58
2914,218.12,222.32,226.76,228.38,232.78,235.28,235.8,238.24,239.38,242.58
2915,218.12,222.32,226.76,228.38,232.78,235.28,235.8,238.24,239.38,242.58
2916,218.12,222.32,226.76,228.38,232.76,235.28,235.8,238.24,239.38,242.58
2917,218.12,222.32,226.76,228.34,232.76,235.28,235.8,238.24,239.38,242.58
2918,218.12,222.32,226.76,228.34,232.76,235.28,235.8,238.22,239.38,242.58
2919,218.12,222.32,226.76,228.34,232.76,235.28,235.8,238.22,239.38,242.58
2920,218.12,222.32,226.76,228.34,232.76,235.28,235.8,238.22,239.38,242.58
2921,218.12,222.32,226.74,228.34,232.76,235.28,235.8,238.22,239.38,242.58
2922,218.12,222.32,226.74,228.34,232.76,235.28,235.8,238.22,239.38,242.58
2923,218.12,222.32,226.74,228.34,232.76,235.28,235.8,238.22,239.38,242.58
2924,218.1,222.32,226.74,228.34,232.76,235.28,235.8,238.22,239.38,242.58
2925,218.1,222.3,226.74,228.34,232.76,235.28,235.8,238.22,239.38,242.58
2926,218.1,222.3,226.74,228.34,232.76,235.28,235.8,238.22,239.38,242.58
2927,218.1,222.3,226.74,228.34,232.76,235.28,235.8,238.22,239.38,242.58
2928,218.1,222.3,226.74,228.34,232.76,235.28,235.8,238.22,239.38,242.58
2929,218.1,222.3,226.74,228.34,232.76,235.28,235.8,238.22,239.38,242.58
2930,218.1,222.3,226.74,228.34,232.76,235.28,235.8,238.22,239.38,242.58
2931,218.1,222.3,226.74,228.34,232.76,235.28,235.8,238.22,239.38,242.58
2932,218.1,222.28,226.74,228.34,232.76,235.28,235.8,238.22,239.38,242.58
2933,218.1,222.28,226.74,228.34,232.76,235.28,235.8,238.22,239.38,242.58
2934,218.1,222.28,226.74,228.32,232.76,235.28,235.8,238.22,239.38,242.58
2935,218.1,222.28,226.74,228.32,232.76,235.28,235.8,238.22,239.38,242.58
2936,218.1,222.28,226.72,228.32,232.76,235.28,235.8,238.22,239.38,242.58
2937,218.1,222.28,226.7,228.32,232.76,235.28,235.8,238.22,239.38,242.58
2938,218.1,222.28,226.7,228.32,232.76,235.28,235.8,238.22,239.38,242.58
2939,218.1,222.28,226.7,228.3,232.76,235.28,235.8,238.22,239.38,242.58
2940,218.1,222.28,226.7,228.3,232.76,235.28,235.8,238.22,239.38,242.58
2941,218.1,222.28,226.7,228.3,232.76,235.28,235.8,238.22,239.38,242.58
2942,218.1,222.28,226.7,228.3,232.76,235.28,235.8,238.22,239.38,242.58
2943,218.1,222.28,226.7,228.3,232.76,235.28,235.8,238.22,239.38,242.58
2944,218.1,222.28,226.7,228.3,232.76,235.28,235.8,238.22,239.38,242.58
2945,218.1,222.28,226.7,228.3,232.76,235.28,235.8,238.22,239.38,242.58
2946,218.1,222.28,226.7,228.3,232.76,235.28,235.8,238.22,239.38,242.58
2947,218.1,222.28,226.7,228.3,232.76,235.28,235.78,238.22,239.38,242.58
2948,218.1,222.28,226.7,228.3,232.76,235.28,235.78,238.22,239.38,242.58
2949,218.1,222.28,226.7,228.3,232.76,235.28,235.78,238.22,239.38,242.58
2950,218.1,222.28,226.7,228.3,232.76,235.28,235.78,238.22,239.38,242.58
2951,218.1,222.28,226.7,228.3,232.76,235.28,235.78,238.22,239.38,242.58
2952,218.1,222.28,226.7,228.3,232.76,235.28,235.78,238.22,239.38,242.58
2953,218.1,222.28,226.7,228.3,232.74,235.28,235.78,238.22,239.38,242.58
2954,218.1,222.28,226.7,228.3,232.74,235.28,235.78,238.22,239.38,242.58
2955,218.1,222.28,226.7,228.3,232.74,235.28,235.78,238.22,239.38,242.58
2956,218.1,222.28,226.7,228.3,232.74,235.28,235.78,238.22,239.38,242.58
2957,218.1,222.28,226.7,228.3,232.74,235.28,235.78,238.22,239.38,242.58
2958,218.08,222.28,226.7,228.3,232.74,235.28,235.78,238.22,239.38,242.58
2959,218.08,222.28,226.7,228.3,232.74,235.28,235.78,238.22,239.38,242.58
2960,218.08,222.28,226.7,228.3,232.74,235.28,235.78,238.22,239.38,242.58
2961,218.08,222.28,226.68,228.3,232.74,235.28,235.78,238.22,239.38,242.58
2962,218.08,222.28,226.68,228.3,232.74,235.28,235.78,238.22,239.38,242.58
2963,218.08,222.28,226.68,228.3,232.74,235.28,235.78,238.22,239.38,242.58
2964,218.06,222.28,226.68,228.3,232.74,235.28,235.78,238.22,239.38,242.58
2965,218.06,222.28,226.68,228.3,232.74,235.28,235.78,238.22,239.38,242.58
2966,218.06,222.28,226.68,228.3,232.74,235.28,235.78,238.22,239.38,242.58
2967,218.06,222.28,226.68,228.28,232.74,235.28,235.78,238.22,239.38,242.58
2968,218.06,222.28,226.68,228.28,232.74,235.28,235.78,238.22,239.38,242.58
2969,218.06,222.28,226.68,228.28,232.74,235.28,235.78,238.22,239.38,242.58
2970,218.06,222.28,226.68,228.28,232.74,235.28,235.76,238.22,239.38,242.58
2971,218.06,222.26,226.68,228.28,232.74,235.28,235.76,238.22,239.38,242.58
2972,218.06,222.26,226.68,228.28,232.74,235.28,235.76,238.22,239.38,242.58
2973,218.06,222.26,226.68,228.28,232.74,235.28,235.76,238.22,239.38,242.58
2974,218.06,222.26,226.68,228.28,232.74,235.28,235.76,238.22,239.38,242.58
2975,218.06,222.26,226.68,228.28,232.72,235.28,235.76,238.22,239.38,242.58
2976,218.06,222.26,226.68,228.28,232.72,235.28,235.76,238.22,239.38,242.58
2977,218.06,222.26,226.66,228.28,232.72,235.28,235.76,238.22,239.38,242.58
2978,218.06,222.26,226.66,228.28,232.72,235.28,235.76,238.22,239.38,242.58
2979,218.06,222.26,226.66,228.28,232.72,235.28,235.76,238.22,239.38,242.58
2980,218.06,222.26,226.66,228.28,232.72,235.28,235.76,238.22,239.38,242.58
2981,218.06,222.26,226.66,228.28,232.72,235.28,235.76,238.22,239.38,242.58
2982,218.06,222.26,226.66,228.28,232.72,235.28,235.76,238.22,239.38,242.58
2983,218.06,222.26,226.66,228.28,232.72,235.28,235.76,238.22,239.38,242.58
2984,218.06,222.26,226.66,228.28,232.72,235.28,235.76,238.22,239.38,242.58
2985,218.06,222.26,226.66,228.28,232.72,235.28,235.76,238.22,239.38,242.58
2986,218.06,222.24,226.66,228.28,232.72,235.28,235.76,238.22,239.38,242.58
2987,218.06,222.24,226.66,228.28,232.72,235.28,235.76,238.22,239.38,242.58
2988,218.06,222.24,226.66,228.26,232.72,235.28,235.76,238.22,239.38,242.58
2989,218.06,222.24,226.66,228.26,232.72,235.28,235.76,238.22,239.38,242.58
2990,218.06,222.24,226.66,228.26,232.72,235.28,235.76,238.22,239.38,242.58
2991,218.06,222.24,226.66,228.24,232.72,235.28,235.76,238.22,239.38,242.58
2992,218.06,222.24,226.66,228.24,232.72,235.28,235.76,238.22,239.38,242.58
2993,218.06,222.24,226.66,228.24,232.72,235.28,235.76,238.22,239.38,242.58
2994,218.06,222.22,226.66,228.24,232.72,235.28,235.76,238.22,239.38,242.58
2995,218.06,222.22,226.66,228.24,232.72,235.28,235.76,238.22,239.38,242.58
2996,218.06,222.22,226.66,228.24,232.72,235.28,235.76,238.22,239.38,242.58
2997,218.04,222.22,226.66,228.24,232.72,235.28,235.76,238.22,239.38,242.58
2998,218.04,222.22,226.66,228.24,232.72,235.28,235.76,238.22,239.38,242.58
2999,218.04,222.22,226.66,228.24,232.72,235.28,235.76,238.22,239.38,242.58
3000,218.04,222.22,226.66,228.24,232.72,235.28,235.76,238.22,239.38,242.58
