Generation,d0.010_N6,d0.020_N6,d0.005_N10,d0.010_N10,d0.015_N10,d0.020_N10,d0.030_N10,d0.010_N20,d0.015_N20,d0.020_N20
1,272.5,272.44,270.9,270.68,270.96,270.96,270.38,268.7,268.48,268.96
2,270.5,270.16,268.78,268.96,268.68,268.9,268.48,266.54,266.52,266.62
3,269.18,268.52,267.74,267.66,267.7,267.86,267.78,265.68,265.4,265.3
4,268.14,267.72,266.56,266.82,266.82,267.32,266.7,264.66,264.58,264.64
5,267.02,267.3,266.12,266.14,266.26,266.62,266.02,264.2,264.1,264.1
6,266.16,266.84,265.7,265.68,265.44,265.66,265.4,263.72,263.48,263.48
7,265.92,266.18,265.16,265.38,264.9,265.18,264.48,263.36,263.22,263.12
8,265.4,265.74,264.92,264.7,264.54,264.82,263.74,263.0,262.92,262.48
9,265.26,265.42,264.54,264.34,264.4,264.42,263.34,262.88,262.74,262.12
10,264.98,265.24,264.36,264.1,264.18,264.06,262.96,262.4,262.46,261.64
11,264.54,264.68,264.18,263.96,263.52,263.9,262.74,262.12,262.04,261.18
12,264.34,264.4,263.96,263.8,263.3,263.66,262.42,261.86,261.84,260.96
13,264.2,264.06,263.64,263.66,263.04,263.42,262.08,261.76,261.46,260.5
14,263.94,263.76,263.36,263.34,262.74,263.08,261.78,261.38,261.12,260.26
15,263.78,263.46,263.2,263.06,262.4,262.86,261.44,261.18,260.94,260.06
16,263.58,263.2,262.98,262.88,262.26,262.6,261.08,260.98,260.42,259.72
17,263.38,263.04,262.76,262.68,262.06,262.22,260.84,260.82,260.12,259.56
18,263.32,262.9,262.72,262.64,261.82,262.0,260.76,260.62,260.0,259.06
19,263.14,262.7,262.46,262.42,261.68,261.76,260.48,260.6,259.76,258.96
20,262.94,262.44,262.44,262.26,261.62,261.36,260.12,260.34,259.54,258.78
21,262.84,262.22,262.26,262.04,261.44,261.2,259.64,260.24,259.34,258.52
22,262.8,261.88,262.12,261.86,261.3,261.06,259.46,260.18,259.08,258.24
23,262.64,261.78,262.0,261.8,261.1,260.86,259.3,259.82,259.04,258.06
24,262.48,261.72,261.88,261.56,260.98,260.62,259.16,259.7,258.9,257.8
25,262.38,261.5,261.76,261.5,260.76,260.4,258.8,259.48,258.7,257.56
26,262.22,261.36,261.68,261.42,260.62,260.24,258.6,259.36,258.38,257.36
27,262.16,261.24,261.58,261.22,260.48,259.88,258.38,259.26,258.36,257.14
28,262.12,261.14,261.48,261.1,260.34,259.72,258.1,259.04,258.26,256.94
29,262.02,260.96,261.4,260.94,260.18,259.5,257.96,258.92,258.1,256.74
30,261.88,260.92,261.26,260.84,260.04,259.4,257.68,258.5,258.04,256.66
31,261.8,260.88,261.24,260.68,259.86,259.32,257.54,258.24,257.98,256.46
32,261.66,260.78,261.12,260.62,259.74,259.16,257.42,258.1,257.76,256.26
33,261.66,260.72,261.08,260.54,259.56,259.08,257.1,257.94,257.52,256.12
34,261.6,260.58,260.92,260.38,259.5,258.98,256.88,257.78,257.4,255.96
35,261.48,260.5,260.92,260.1,259.4,258.82,256.86,257.52,257.18,255.86
36,261.4,260.42,260.86,259.98,259.2,258.66,256.62,257.34,257.0,255.62
37,261.3,260.18,260.68,259.74,259.1,258.42,256.36,257.24,256.82,255.46
38,261.24,260.14,260.58,259.58,259.08,258.28,256.16,257.14,256.7,255.34
39,261.1,260.04,260.5,259.56,259.06,258.1,256.0,257.08,256.52,255.2
40,261.0,259.84,260.34,259.32,258.94,258.06,255.88,257.08,256.42,255.0
41,260.82,259.76,260.24,259.2,258.66,257.84,255.62,256.88,256.18,254.8
42,260.78,259.52,260.14,259.2,258.48,257.72,255.44,256.8,256.04,254.64
43,260.6,259.36,260.1,259.0,258.42,257.58,255.34,256.72,255.94,254.32
44,260.54,259.26,259.94,258.9,258.3,257.4,255.2,256.54,255.7,254.24
45,260.48,259.04,259.9,258.86,258.2,257.14,254.98,256.54,255.52,254.14
46,260.46,258.94,259.82,258.8,258.0,257.04,254.78,256.44,255.28,254.08
47,260.44,258.84,259.82,258.72,257.82,256.94,254.7,256.44,255.18,253.88
48,260.36,258.7,259.58,258.66,257.7,256.86,254.44,256.22,255.14,253.8
49,260.34,258.64,259.56,258.58,257.52,256.8,254.34,256.04,255.02,253.78
50,260.32,258.6,259.42,258.54,257.4,256.68,254.14,256.0,254.84,253.68
51,260.26,258.5,259.42,258.52,257.24,256.4,253.98,255.98,254.76,253.58
52,260.26,258.38,259.36,258.36,257.1,256.22,253.86,255.72,254.56,253.5
53,260.18,258.32,259.34,258.3,256.98,256.12,253.48,255.64,254.48,253.28
54,260.02,258.22,259.24,258.3,256.82,256.04,253.42,255.5,254.44,253.06
55,259.94,257.92,259.02,258.26,256.6,255.78,253.24,255.3,254.42,252.8
56,259.94,257.78,258.96,258.22,256.52,255.64,253.2,255.3,254.18,252.78
57,259.9,257.74,258.9,258.08,256.46,255.48,252.98,255.28,254.0,252.58
58,259.86,257.68,258.82,257.98,256.46,255.34,252.78,255.18,253.82,252.4
59,259.76,257.58,258.76,257.96,256.38,255.28,252.54,255.14,253.64,252.26
60,259.72,257.56,258.68,257.68,256.32,255.24,252.22,255.04,253.54,251.98
61,259.68,257.4,258.62,257.64,256.24,255.06,252.06,255.04,253.48,251.9
62,259.68,257.34,258.56,257.46,256.16,255.02,251.9,254.88,253.42,251.76
63,259.62,257.28,258.5,257.42,256.1,254.98,251.8,254.8,253.3,251.68
64,259.56,257.06,258.2,257.36,256.08,254.76,251.66,254.78,253.18,251.48
65,259.56,256.96,258.18,257.28,256.06,254.64,251.36,254.78,253.14,251.4
66,259.52,256.92,258.12,257.28,255.98,254.62,251.16,254.74,252.98,251.16
67,259.48,256.88,258.1,257.24,255.84,254.5,251.14,254.6,252.84,251.04
68,259.4,256.68,258.1,257.16,255.72,254.42,250.96,254.5,252.62,250.82
69,259.38,256.58,258.08,257.12,255.64,254.28,250.84,254.4,252.4,250.6
70,259.36,256.48,258.06,256.98,255.56,254.14,250.56,254.32,252.28,250.44
71,259.24,256.34,258.02,256.9,255.52,253.86,250.3,254.2,252.22,250.2
72,259.18,256.28,258.0,256.84,255.36,253.76,250.06,254.1,252.16,250.04
73,258.94,256.2,258.0,256.76,255.3,253.58,249.9,254.06,252.12,250.0
74,258.88,256.14,257.96,256.68,255.24,253.54,249.52,253.98,252.02,249.76
75,258.86,256.06,257.92,256.62,255.18,253.48,249.44,253.88,251.9,249.58
76,258.78,255.94,257.82,256.56,255.16,253.42,249.28,253.82,251.86,249.26
77,258.64,255.9,257.8,256.46,255.06,253.32,249.04,253.82,251.72,249.12
78,258.54,255.76,257.7,256.36,254.98,253.24,248.92,253.66,251.64,248.8
79,258.48,255.72,257.62,256.32,254.92,253.12,248.8,253.64,251.44,248.56
80,258.46,255.62,257.6,256.2,254.82,253.02,248.68,253.58,251.4,248.34
81,258.46,255.54,257.6,256.18,254.74,252.68,248.54,253.4,251.2,248.22
82,258.38,255.5,257.58,256.14,254.6,252.68,248.34,253.34,251.12,247.94
83,258.26,255.36,257.58,256.12,254.44,252.58,248.02,253.14,251.0,247.76
84,258.2,255.34,257.54,256.02,254.44,252.5,247.88,253.1,250.88,247.64
85,258.16,255.18,257.54,255.9,254.24,252.5,247.66,253.04,250.7,247.46
86,258.08,255.14,257.54,255.84,254.18,252.46,247.48,253.0,250.52,247.24
87,258.02,255.06,257.46,255.8,254.14,252.34,247.06,252.9,250.48,247.1
88,257.88,254.92,257.34,255.8,254.08,252.26,246.86,252.86,250.26,246.78
89,257.86,254.9,257.24,255.68,254.06,252.12,246.68,252.8,250.1,246.54
90,257.84,254.84,257.14,255.6,253.96,252.06,246.6,252.76,250.06,246.34
91,257.82,254.82,257.04,255.6,253.92,251.96,246.22,252.74,249.92,246.3
92,257.72,254.74,257.0,255.54,253.88,251.92,246.16,252.64,249.78,246.12
93,257.66,254.68,256.98,255.46,253.82,251.84,246.0,252.5,249.72,245.98
94,257.66,254.54,256.98,255.34,253.76,251.78,245.84,252.32,249.6,245.74
95,257.56,254.4,256.96,255.32,253.68,251.78,245.62,252.26,249.44,245.58
96,257.54,254.4,256.94,255.26,253.54,251.7,245.54,252.2,249.3,245.48
97,257.5,254.36,256.94,255.2,253.46,251.66,245.52,252.02,249.22,245.46
98,257.5,254.22,256.94,255.18,253.44,251.58,245.32,251.9,248.98,245.34
99,257.36,254.14,256.92,255.08,253.4,251.52,245.2,251.8,248.92,245.18
100,257.28,254.06,256.88,255.04,253.36,251.38,245.0,251.72,248.8,245.02
101,257.28,253.98,256.84,254.92,253.32,251.3,244.8,251.64,248.68,244.62
102,257.18,253.84,256.84,254.82,253.26,251.2,244.62,251.58,248.6,244.46
103,257.08,253.72,256.74,254.8,253.12,251.18,244.34,251.48,248.5,244.24
104,257.06,253.64,256.66,254.72,253.06,251.02,244.16,251.46,248.44,244.1
105,256.96,253.58,256.64,254.72,253.0,250.9,244.0,251.42,248.32,243.86
106,256.92,253.5,256.62,254.7,253.0,250.76,243.84,251.36,248.14,243.7
107,256.88,253.44,256.56,254.64,252.94,250.58,243.76,251.34,248.1,243.56
108,256.86,253.34,256.56,254.6,252.9,250.46,243.58,251.34,247.98,243.4
109,256.8,253.34,256.5,254.58,252.76,250.16,243.44,251.34,247.86,243.32
110,256.8,253.16,256.5,254.54,252.7,249.98,243.22,251.2,247.82,243.1
111,256.8,253.14,256.48,254.54,252.58,249.88,243.02,251.2,247.78,242.8
112,256.72,253.12,256.46,254.46,252.54,249.76,242.86,251.2,247.64,242.7
113,256.66,253.06,256.4,254.38,252.48,249.52,242.7,251.16,247.54,242.5
114,256.58,253.02,256.4,254.34,252.32,249.42,242.44,251.08,247.5,242.24
115,256.58,252.94,256.38,254.16,252.22,249.22,242.14,250.98,247.38,241.98
116,256.56,252.88,256.36,254.16,252.2,249.08,241.9,250.92,247.16,241.82
117,256.5,252.86,256.3,254.02,252.16,248.94,241.76,250.9,247.12,241.72
118,256.38,252.76,256.28,253.98,252.1,248.88,241.56,250.84,246.94,241.42
119,256.32,252.7,256.24,253.96,251.98,248.74,241.3,250.78,246.88,241.32
120,256.3,252.68,256.22,253.9,251.82,248.72,241.0,250.7,246.72,241.22
121,256.28,252.68,256.14,253.84,251.8,248.66,240.9,250.62,246.58,241.02
122,256.24,252.62,256.14,253.84,251.7,248.6,240.74,250.56,246.4,240.86
123,256.18,252.52,256.14,253.8,251.64,248.5,240.64,250.44,246.38,240.62
124,256.16,252.46,256.06,253.8,251.58,248.48,240.48,250.36,246.26,240.28
125,256.16,252.24,256.06,253.76,251.5,248.28,240.2,250.36,246.22,240.08
126,256.06,252.12,256.04,253.68,251.46,248.16,239.86,250.32,246.06,239.86
127,256.02,252.1,256.02,253.64,251.34,247.98,239.66,250.24,245.86,239.76
128,255.98,252.1,256.02,253.64,251.28,247.88,239.48,250.22,245.66,239.58
129,255.96,252.1,255.94,253.6,251.22,247.68,239.24,250.06,245.5,239.44
130,255.94,251.98,255.94,253.6,251.08,247.64,238.92,250.04,245.36,239.24
131,255.88,251.92,255.9,253.5,250.84,247.4,238.78,249.98,245.32,239.08
132,255.88,251.9,255.88,253.46,250.78,247.28,238.66,249.98,245.18,238.78
133,255.78,251.74,255.84,253.32,250.7,247.22,238.5,249.92,245.0,238.52
134,255.74,251.74,255.84,253.26,250.7,247.16,238.32,249.82,244.82,238.42
135,255.7,251.62,255.8,253.2,250.58,247.06,238.22,249.76,244.72,238.28
136,255.7,251.6,255.74,253.1,250.34,246.94,238.04,249.64,244.64,238.0
137,255.66,251.6,255.68,253.08,250.3,246.8,237.78,249.64,244.6,237.9
138,255.6,251.56,255.66,253.04,250.18,246.64,237.52,249.56,244.56,237.8
139,255.56,251.4,255.64,253.02,250.0,246.58,237.08,249.52,244.4,237.72
140,255.56,251.36,255.6,252.94,249.82,246.56,236.58,249.3,244.18,237.5
141,255.56,251.26,255.6,252.84,249.72,246.44,236.4,249.28,244.02,237.24
142,255.52,251.18,255.56,252.74,249.66,246.32,236.16,249.26,243.96,237.02
143,255.46,251.16,255.56,252.7,249.6,246.06,236.0,249.14,243.72,236.86
144,255.42,251.12,255.56,252.7,249.58,245.9,235.84,249.06,243.5,236.74
145,255.38,251.06,255.54,252.66,249.44,245.78,235.52,248.98,243.38,236.64
146,255.36,250.86,255.54,252.64,249.32,245.78,235.32,248.98,243.28,236.44
147,255.36,250.72,255.48,252.56,249.26,245.54,235.26,248.86,243.12,236.14
148,255.32,250.54,255.46,252.54,249.1,245.44,235.06,248.82,243.04,235.94
149,255.32,250.42,255.44,252.48,249.06,245.4,234.94,248.76,242.94,235.64
150,255.22,250.4,255.44,252.42,248.98,245.28,234.8,248.72,242.74,235.34
151,255.18,250.36,255.4,252.36,248.94,245.2,234.64,248.48,242.48,235.04
152,255.02,250.32,255.38,252.26,248.94,245.02,234.44,248.44,242.34,234.84
153,254.98,250.14,255.28,252.26,248.86,244.82,234.34,248.36,242.2,234.6
154,254.92,250.0,255.28,252.26,248.84,244.66,234.14,248.34,242.1,234.46
155,254.9,249.9,255.24,252.24,248.72,244.58,233.92,248.34,241.74,234.24
156,254.9,249.84,255.18,252.14,248.66,244.4,233.6,248.3,241.54,234.02
157,254.88,249.72,255.16,252.08,248.56,244.24,233.46,248.2,241.42,233.78
158,254.8,249.64,255.1,252.06,248.48,244.18,233.24,248.12,241.34,233.64
159,254.78,249.58,255.1,251.88,248.44,244.1,233.12,248.04,241.26,233.42
160,254.6,249.56,255.08,251.84,248.36,243.88,233.02,247.88,241.16,233.18
161,254.5,249.36,255.08,251.78,248.24,243.78,232.8,247.74,241.06,233.14
162,254.46,249.24,255.06,251.78,248.22,243.68,232.56,247.72,241.02,232.9
163,254.44,249.24,254.9,251.78,248.12,243.6,232.28,247.66,240.92,232.6
164,254.34,249.2,254.88,251.7,248.0,243.48,232.04,247.56,240.72,232.44
165,254.28,249.18,254.86,251.6,247.96,243.26,231.78,247.48,240.5,232.28
166,254.16,249.12,254.84,251.54,247.84,243.16,231.5,247.4,240.48,232.22
167,254.12,249.08,254.8,251.48,247.82,243.0,231.12,247.24,240.44,232.08
168,254.06,249.08,254.8,251.4,247.72,242.9,230.82,247.2,240.18,231.9
169,253.96,248.9,254.8,251.38,247.7,242.84,230.54,247.2,240.08,231.72
170,253.96,248.82,254.78,251.38,247.6,242.54,230.24,247.08,239.86,231.48
171,253.94,248.76,254.76,251.36,247.54,242.46,230.08,247.06,239.76,231.36
172,253.92,248.66,254.76,251.34,247.54,242.22,229.9,246.98,239.76,231.26
173,253.9,248.62,254.72,251.26,247.4,242.06,229.76,246.94,239.6,231.08
174,253.9,248.52,254.7,251.24,247.28,241.98,229.38,246.94,239.36,230.94
175,253.86,248.42,254.7,251.2,247.24,241.92,229.32,246.76,239.1,230.62
176,253.84,248.4,254.68,251.2,247.18,241.7,229.2,246.72,239.04,230.5
177,253.84,248.18,254.68,251.2,247.1,241.6,229.06,246.58,238.94,230.26
178,253.82,248.1,254.66,251.14,247.04,241.44,228.98,246.48,238.7,230.02
179,253.82,248.1,254.58,251.02,247.02,241.26,228.92,246.4,238.66,229.8
180,253.82,248.08,254.44,250.98,246.84,241.1,228.8,246.3,238.46,229.5
181,253.82,247.96,254.44,250.98,246.74,240.92,228.62,246.28,238.3,229.2
182,253.82,247.82,254.42,250.9,246.68,240.62,228.4,246.06,238.18,229.0
183,253.78,247.66,254.38,250.84,246.6,240.38,228.26,245.98,238.08,228.94
184,253.72,247.6,254.36,250.8,246.44,240.28,228.02,245.9,237.94,228.72
185,253.68,247.46,254.36,250.8,246.28,240.2,227.8,245.88,237.8,228.46
186,253.66,247.38,254.32,250.78,246.18,240.06,227.66,245.8,237.68,228.36
187,253.58,247.26,254.28,250.78,246.06,240.02,227.54,245.6,237.5,228.08
188,253.56,247.18,254.22,250.76,246.0,239.96,227.18,245.6,237.44,227.88
189,253.54,247.12,254.14,250.76,245.98,239.76,227.02,245.52,237.4,227.6
190,253.5,247.1,254.14,250.74,245.86,239.66,226.74,245.52,237.32,227.46
191,253.42,246.92,254.12,250.72,245.82,239.6,226.64,245.4,237.04,227.26
192,253.42,246.86,254.1,250.7,245.74,239.54,226.4,245.3,236.8,227.08
193,253.38,246.78,254.08,250.68,245.6,239.32,226.18,245.14,236.68,226.88
194,253.34,246.6,254.0,250.66,245.44,239.26,225.94,245.12,236.66,226.72
195,253.24,246.58,253.96,250.6,245.4,239.12,225.52,245.04,236.6,226.48
196,253.2,246.46,253.94,250.36,245.34,238.94,225.3,244.98,236.56,226.16
197,253.16,246.38,253.88,250.36,245.28,238.86,225.04,244.94,236.42,225.94
198,253.12,246.2,253.86,250.36,245.22,238.82,224.96,244.9,236.3,225.86
199,253.1,246.12,253.84,250.36,245.1,238.62,224.66,244.68,236.08,225.48
200,253.1,246.08,253.8,250.36,245.1,238.58,224.5,244.48,236.02,225.32
201,253.08,246.08,253.76,250.3,245.04,238.52,224.22,244.42,235.92,225.0
202,253.08,245.98,253.72,250.22,244.94,238.34,223.88,244.34,235.9,224.74
203,253.0,245.94,253.72,250.22,244.88,238.26,223.74,244.24,235.72,224.48
204,252.88,245.82,253.62,250.16,244.88,238.1,223.48,244.12,235.48,224.32
205,252.88,245.82,253.62,250.08,244.7,238.02,223.4,244.02,235.44,224.04
206,252.88,245.68,253.54,249.94,244.64,237.9,223.32,243.94,235.3,223.88
207,252.82,245.5,253.52,249.9,244.44,237.76,223.22,243.84,235.26,223.72
208,252.82,245.36,253.44,249.86,244.36,237.7,222.98,243.74,235.1,223.58
209,252.8,245.3,253.42,249.8,244.24,237.54,222.82,243.64,234.96,223.28
210,252.8,245.28,253.4,249.74,244.1,237.34,222.64,243.62,234.86,223.12
211,252.76,245.2,253.4,249.7,244.0,237.18,222.48,243.52,234.72,222.9
212,252.74,245.08,253.38,249.68,243.82,237.1,222.32,243.4,234.68,222.54
213,252.68,245.04,253.2,249.64,243.76,236.96,222.0,243.36,234.44,222.3
214,252.58,244.92,253.14,249.6,243.7,236.9,221.72,243.22,234.14,222.06
215,252.58,244.9,253.12,249.48,243.64,236.78,221.54,243.18,234.0,221.72
216,252.42,244.8,253.06,249.44,243.58,236.64,221.32,243.1,233.74,221.64
217,252.38,244.7,252.96,249.44,243.48,236.54,221.16,243.04,233.52,221.6
218,252.28,244.62,252.96,249.42,243.44,236.42,220.8,242.98,233.44,221.52
219,252.24,244.54,252.94,249.3,243.36,236.26,220.58,242.92,233.4,221.22
220,252.18,244.44,252.92,249.2,243.3,236.08,220.28,242.78,233.36,221.14
221,252.14,244.28,252.88,249.12,243.16,235.98,220.12,242.7,233.22,221.04
222,252.12,244.26,252.86,249.0,242.94,235.8,219.88,242.62,233.08,220.96
223,252.12,244.14,252.84,249.0,242.88,235.68,219.74,242.54,232.96,220.86
224,252.1,244.06,252.84,248.92,242.76,235.58,219.56,242.44,232.92,220.68
225,252.06,243.96,252.84,248.82,242.74,235.38,219.34,242.28,232.84,220.38
226,252.0,243.94,252.82,248.82,242.7,235.34,219.18,242.14,232.64,219.98
227,251.96,243.82,252.8,248.76,242.56,235.28,219.04,242.06,232.42,219.76
228,251.96,243.7,252.8,248.64,242.42,235.14,218.92,241.98,232.18,219.36
229,251.86,243.66,252.78,248.58,242.36,234.98,218.86,241.92,232.1,219.14
230,251.82,243.62,252.78,248.54,242.24,234.78,218.7,241.86,232.04,219.04
231,251.78,243.56,252.72,248.5,242.16,234.66,218.52,241.82,231.88,218.72
232,251.76,243.42,252.72,248.44,242.08,234.52,218.28,241.72,231.7,218.48
233,251.76,243.34,252.72,248.38,241.98,234.44,218.12,241.64,231.52,218.38
234,251.74,243.24,252.68,248.36,241.84,234.32,217.84,241.56,231.38,218.18
235,251.72,243.2,252.66,248.3,241.62,234.2,217.68,241.46,231.14,218.04
236,251.64,243.06,252.58,248.2,241.52,234.14,217.3,241.42,231.04,217.82
237,251.64,243.0,252.58,248.18,241.5,233.92,217.22,241.16,230.84,217.6
238,251.64,242.96,252.54,248.14,241.38,233.66,217.08,241.1,230.66,217.48
239,251.64,242.88,252.54,248.06,241.36,233.48,216.86,241.02,230.54,217.22
240,251.64,242.84,252.54,247.98,241.26,233.1,216.66,240.76,230.36,216.84
241,251.5,242.68,252.54,247.94,241.26,233.0,216.32,240.7,230.16,216.6
242,251.48,242.58,252.52,247.92,241.06,232.82,216.16,240.64,230.06,216.44
243,251.48,242.48,252.52,247.86,240.96,232.72,215.8,240.54,229.96,216.4
244,251.36,242.4,252.5,247.8,240.82,232.54,215.62,240.52,229.88,216.18
245,251.28,242.28,252.48,247.78,240.78,232.48,215.48,240.38,229.72,215.96
246,251.22,242.16,252.44,247.7,240.58,232.38,215.18,240.28,229.6,215.76
247,251.14,242.06,252.38,247.7,240.5,232.3,214.94,240.2,229.5,215.6
248,251.08,242.0,252.38,247.6,240.4,232.1,214.84,240.1,229.44,215.18
249,251.0,241.88,252.38,247.56,240.32,232.06,214.7,240.04,229.26,214.94
250,250.94,241.76,252.36,247.52,240.28,232.0,214.56,239.94,229.1,214.84
251,250.88,241.66,252.32,247.46,240.24,231.66,214.42,239.8,228.94,214.6
252,250.84,241.64,252.28,247.44,240.22,231.58,214.38,239.74,228.92,214.5
253,250.76,241.54,252.24,247.38,240.18,231.4,214.28,239.6,228.8,214.34
254,250.76,241.42,252.24,247.38,240.1,231.3,214.2,239.54,228.64,214.16
255,250.76,241.3,252.2,247.34,240.02,231.16,214.02,239.52,228.5,214.04
256,250.72,241.16,252.16,247.16,239.92,231.02,213.88,239.48,228.34,213.82
257,250.66,241.06,252.12,247.1,239.82,230.92,213.68,239.44,227.98,213.62
258,250.66,240.96,252.12,247.1,239.64,230.76,213.58,239.34,227.86,213.26
259,250.66,240.86,252.12,247.06,239.54,230.68,213.4,239.3,227.7,213.1
260,250.64,240.76,252.1,247.06,239.44,230.54,213.22,239.3,227.5,212.96
261,250.6,240.68,252.1,247.0,239.3,230.46,213.06,239.18,227.2,212.7
262,250.6,240.5,252.04,246.94,239.2,230.38,212.82,239.1,227.08,212.5
263,250.6,240.4,252.02,246.86,239.04,230.3,212.74,239.04,226.96,212.4
264,250.58,240.22,252.0,246.78,238.96,230.2,212.5,238.92,226.86,212.18
265,250.48,240.2,252.0,246.74,238.94,229.96,212.32,238.88,226.7,211.92
266,250.46,240.16,252.0,246.7,238.9,229.74,212.02,238.86,226.58,211.7
267,250.46,240.12,252.0,246.62,238.9,229.7,211.98,238.86,226.56,211.58
268,250.38,240.04,251.98,246.62,238.76,229.52,211.7,238.78,226.44,211.52
269,250.28,240.02,251.94,246.52,238.68,229.3,211.66,238.7,226.34,211.32
270,250.24,239.9,251.94,246.52,238.46,229.24,211.52,238.6,226.24,211.16
271,250.24,239.86,251.94,246.46,238.38,229.1,211.32,238.48,226.02,210.98
272,250.22,239.76,251.94,246.34,238.32,228.92,211.1,238.44,225.78,210.72
273,250.18,239.66,251.94,246.26,238.18,228.78,211.04,238.34,225.6,210.52
274,250.14,239.56,251.94,246.18,238.1,228.62,210.9,238.28,225.36,210.34
275,250.12,239.42,251.92,246.16,237.96,228.52,210.82,238.24,225.22,210.12
276,250.08,239.3,251.92,246.06,237.92,228.42,210.54,238.22,225.08,210.02
277,250.08,239.18,251.88,246.06,237.8,228.34,210.36,238.22,225.0,209.94
278,250.08,239.08,251.84,245.94,237.72,228.3,210.18,238.1,224.78,209.72
279,250.06,239.02,251.84,245.9,237.52,228.16,209.92,238.02,224.58,209.32
280,250.06,239.0,251.84,245.86,237.42,228.1,209.86,237.92,224.48,209.18
281,250.04,238.9,251.84,245.84,237.36,227.86,209.66,237.86,224.38,208.92
282,250.0,238.86,251.84,245.82,237.3,227.68,209.48,237.8,224.12,208.58
283,249.98,238.76,251.8,245.8,237.18,227.62,209.36,237.66,224.02,208.52
284,249.88,238.66,251.76,245.74,237.04,227.48,209.28,237.54,223.84,208.4
285,249.84,238.48,251.74,245.6,236.98,227.26,209.18,237.44,223.72,208.08
286,249.8,238.28,251.74,245.56,236.84,227.06,209.06,237.36,223.48,207.96
287,249.76,238.18,251.74,245.56,236.68,226.92,208.86,237.28,223.38,207.8
288,249.72,238.08,251.7,245.52,236.62,226.88,208.74,237.12,223.3,207.62
289,249.66,237.94,251.7,245.5,236.58,226.72,208.52,237.04,223.1,207.46
290,249.62,237.82,251.68,245.44,236.5,226.46,208.38,237.0,222.92,207.34
291,249.62,237.7,251.68,245.38,236.42,226.26,208.28,236.92,222.72,207.26
292,249.6,237.64,251.64,245.36,236.36,226.16,208.2,236.88,222.56,207.1
293,249.54,237.6,251.64,245.24,236.24,225.92,208.1,236.72,222.48,206.94
294,249.36,237.58,251.56,245.24,236.2,225.76,207.84,236.62,222.34,206.7
295,249.32,237.46,251.56,245.16,236.16,225.72,207.76,236.54,222.18,206.48
296,249.32,237.4,251.52,245.04,236.02,225.66,207.64,236.34,222.0,206.26
297,249.22,237.36,251.52,244.98,235.92,225.46,207.46,236.34,221.84,206.06
298,249.2,237.28,251.48,244.9,235.9,225.44,207.38,236.18,221.78,205.84
299,249.18,237.2,251.46,244.88,235.76,225.32,207.18,236.12,221.7,205.68
300,249.16,237.08,251.44,244.84,235.62,225.22,207.0,235.98,221.62,205.56
301,249.12,236.96,251.44,244.76,235.46,225.0,206.86,235.96,221.52,205.44
302,249.12,236.94,251.42,244.72,235.38,224.9,206.74,235.86,221.5,205.22
303,249.1,236.86,251.38,244.66,235.32,224.8,206.62,235.68,221.34,205.02
304,249.06,236.74,251.38,244.62,235.26,224.72,206.4,235.64,221.2,204.82
305,249.04,236.52,251.38,244.6,235.12,224.56,206.36,235.58,220.9,204.76
306,249.04,236.44,251.38,244.56,234.92,224.46,206.2,235.48,220.84,204.64
307,248.96,236.36,251.34,244.52,234.88,224.32,206.1,235.36,220.68,204.46
308,248.94,236.28,251.32,244.52,234.78,224.16,206.04,235.24,220.56,204.3
309,248.88,236.16,251.32,244.46,234.74,224.04,206.0,235.16,220.4,204.2
310,248.84,235.94,251.32,244.4,234.66,223.86,205.9,235.08,220.32,203.92
311,248.82,235.72,251.3,244.36,234.52,223.72,205.68,234.98,220.18,203.74
312,248.82,235.62,251.28,244.3,234.46,223.66,205.54,234.82,220.04,203.56
313,248.82,235.5,251.28,244.24,234.42,223.62,205.3,234.74,219.92,203.38
314,248.82,235.34,251.24,244.2,234.38,223.52,205.22,234.72,219.68,203.2
315,248.78,235.22,251.24,244.12,234.34,223.28,205.1,234.54,219.34,203.12
316,248.76,235.12,251.22,244.06,234.18,223.1,205.02,234.46,219.08,202.94
317,248.72,235.12,251.2,244.06,234.08,222.94,204.82,234.26,219.02,202.8
318,248.62,235.04,251.2,243.96,233.94,222.88,204.74,234.18,218.9,202.62
319,248.56,234.66,251.08,243.94,233.86,222.84,204.64,234.02,218.7,202.52
320,248.56,234.62,251.06,243.86,233.78,222.74,204.48,233.94,218.66,202.36
321,248.52,234.58,251.06,243.68,233.7,222.54,204.26,233.92,218.42,202.18
322,248.48,234.5,251.06,243.56,233.52,222.52,204.18,233.76,218.3,202.1
323,248.42,234.4,251.04,243.52,233.52,222.24,204.1,233.68,218.14,201.96
324,248.42,234.24,251.02,243.4,233.46,222.18,204.02,233.6,217.92,201.8
325,248.32,234.02,250.98,243.34,233.24,222.0,203.88,233.44,217.74,201.7
326,248.32,233.86,250.98,243.28,233.06,221.84,203.82,233.36,217.56,201.6
327,248.26,233.8,250.9,243.16,232.9,221.68,203.64,233.1,217.3,201.46
328,248.24,233.76,250.9,243.12,232.88,221.48,203.52,232.94,217.12,201.34
329,248.16,233.68,250.86,243.02,232.76,221.3,203.38,232.86,216.96,201.14
330,248.16,233.66,250.84,242.96,232.64,221.06,203.32,232.76,216.78,200.92
331,248.12,233.58,250.84,242.9,232.56,220.94,203.28,232.7,216.6,200.76
332,248.1,233.38,250.84,242.9,232.4,220.82,203.18,232.64,216.5,200.68
333,248.06,233.28,250.84,242.82,232.36,220.76,203.02,232.56,216.3,200.58
334,248.04,233.16,250.84,242.76,232.34,220.76,202.92,232.42,216.24,200.5
335,248.0,233.12,250.8,242.72,232.18,220.62,202.86,232.38,216.1,200.3
336,248.0,232.94,250.8,242.62,231.98,220.42,202.78,232.38,215.88,200.04
337,248.0,232.74,250.8,242.58,231.82,220.32,202.7,232.36,215.74,199.92
338,247.96,232.68,250.72,242.56,231.64,219.96,202.64,232.3,215.54,199.68
339,247.94,232.54,250.64,242.44,231.6,219.78,202.56,232.2,215.46,199.54
340,247.94,232.42,250.62,242.34,231.54,219.68,202.44,232.08,215.36,199.42
341,247.9,232.2,250.62,242.26,231.4,219.48,202.4,231.98,215.28,199.24
342,247.9,232.14,250.54,242.26,231.12,219.34,202.36,231.98,215.12,199.14
343,247.76,232.1,250.5,242.22,231.04,219.3,202.28,231.9,215.08,199.06
344,247.74,232.04,250.5,242.16,230.94,219.18,202.0,231.78,214.92,198.86
345,247.72,231.86,250.44,242.08,230.84,219.1,201.92,231.66,214.8,198.8
346,247.7,231.84,250.44,241.98,230.8,218.98,201.78,231.6,214.6,198.76
347,247.68,231.78,250.38,241.98,230.72,218.84,201.66,231.48,214.32,198.64
348,247.62,231.68,250.38,241.92,230.64,218.62,201.6,231.38,214.22,198.54
349,247.6,231.6,250.32,241.8,230.5,218.54,201.52,231.34,214.18,198.48
350,247.6,231.5,250.32,241.78,230.36,218.38,201.46,231.22,213.94,198.3
351,247.56,231.4,250.28,241.68,230.28,218.16,201.38,231.14,213.76,198.2
352,247.56,231.22,250.26,241.62,230.26,218.12,201.28,231.02,213.62,198.16
353,247.54,231.16,250.26,241.6,230.16,218.0,201.12,230.88,213.52,198.02
354,247.5,231.06,250.26,241.54,230.1,217.84,201.04,230.86,213.5,197.94
355,247.42,230.98,250.26,241.52,229.88,217.74,200.96,230.78,213.34,197.62
356,247.4,230.94,250.22,241.52,229.7,217.46,200.9,230.74,213.3,197.5
357,247.4,230.86,250.22,241.5,229.66,217.3,200.8,230.7,213.18,197.26
358,247.32,230.78,250.2,241.44,229.58,217.08,200.76,230.66,213.08,197.12
359,247.3,230.76,250.2,241.4,229.5,217.02,200.7,230.54,212.96,196.96
360,247.28,230.62,250.1,241.36,229.44,216.82,200.54,230.4,212.8,196.84
361,247.24,230.52,250.08,241.34,229.38,216.64,200.32,230.3,212.7,196.74
362,247.2,230.5,250.08,241.28,229.28,216.62,200.2,230.16,212.48,196.62
363,247.14,230.4,250.08,241.28,229.14,216.58,200.14,230.08,212.34,196.48
364,247.12,230.38,250.08,241.26,229.06,216.52,200.08,230.04,212.12,196.36
365,247.1,230.3,250.04,241.22,228.98,216.44,200.08,229.88,212.0,196.26
366,247.08,230.18,250.04,241.1,228.84,216.18,200.04,229.72,211.74,196.22
367,246.96,230.04,250.02,241.02,228.8,216.06,200.0,229.62,211.64,196.06
368,246.96,229.96,250.02,240.98,228.66,215.96,199.88,229.54,211.56,195.92
369,246.94,229.88,250.0,240.96,228.5,215.88,199.78,229.48,211.46,195.82
370,246.94,229.82,250.0,240.94,228.48,215.76,199.66,229.34,211.36,195.74
371,246.86,229.7,249.96,240.88,228.3,215.7,199.62,229.28,211.2,195.56
372,246.86,229.68,249.96,240.82,228.26,215.56,199.52,229.18,211.02,195.38
373,246.86,229.56,249.96,240.78,228.24,215.46,199.38,229.14,210.96,195.24
374,246.82,229.54,249.96,240.76,228.16,215.32,199.3,228.94,210.88,195.14
375,246.76,229.5,249.9,240.66,228.02,215.3,199.3,228.72,210.56,195.08
376,246.76,229.4,249.86,240.66,227.82,215.1,199.24,228.56,210.48,195.0
377,246.62,229.3,249.86,240.6,227.78,215.04,199.12,228.5,210.46,194.94
378,246.52,229.2,249.82,240.5,227.56,214.9,199.06,228.34,210.34,194.86
379,246.42,229.2,249.82,240.44,227.5,214.78,199.0,228.28,210.18,194.74
380,246.34,229.14,249.82,240.42,227.36,214.7,198.96,228.24,209.98,194.74
381,246.32,229.02,249.78,240.26,227.3,214.56,198.94,228.2,209.78,194.66
382,246.28,228.94,249.78,240.24,227.16,214.4,198.86,228.04,209.62,194.54
383,246.26,228.9,249.78,240.16,227.06,214.14,198.82,227.92,209.54,194.42
384,246.26,228.78,249.78,240.16,227.0,213.96,198.74,227.84,209.38,194.38
385,246.14,228.66,249.78,240.08,226.94,213.8,198.7,227.78,209.16,194.24
386,246.12,228.6,249.7,240.06,226.8,213.66,198.62,227.7,209.04,194.12
387,246.08,228.48,249.7,240.02,226.66,213.58,198.5,227.52,209.02,194.0
388,246.04,228.44,249.68,239.88,226.6,213.44,198.44,227.38,208.78,193.94
389,246.02,228.34,249.64,239.82,226.48,213.36,198.38,227.32,208.56,193.86
390,246.02,228.18,249.62,239.8,226.46,213.26,198.32,227.26,208.38,193.72
391,246.0,228.14,249.58,239.74,226.32,213.22,198.28,227.2,208.26,193.64
392,245.98,228.04,249.5,239.52,226.2,213.18,198.22,227.14,208.12,193.6
393,245.94,227.94,249.48,239.5,226.12,213.06,198.16,226.98,207.98,193.58
394,245.86,227.78,249.48,239.48,226.04,212.84,198.06,226.84,207.74,193.4
395,245.86,227.72,249.46,239.48,225.86,212.68,198.0,226.74,207.62,193.36
396,245.86,227.62,249.4,239.38,225.72,212.6,197.9,226.54,207.52,193.22
397,245.78,227.5,249.36,239.36,225.58,212.48,197.84,226.4,207.4,193.12
398,245.72,227.36,249.36,239.32,225.42,212.28,197.8,226.26,207.3,193.04
399,245.72,227.3,249.32,239.26,225.22,212.1,197.74,226.16,207.2,193.0
400,245.7,227.2,249.32,239.2,225.12,211.94,197.7,226.16,207.1,192.88
401,245.6,227.06,249.28,239.18,225.1,211.88,197.68,225.96,207.02,192.8
402,245.56,226.98,249.2,239.04,225.08,211.82,197.62,225.86,206.88,192.72
403,245.46,226.82,249.16,239.0,225.06,211.62,197.6,225.78,206.84,192.62
404,245.4,226.74,249.12,239.0,224.94,211.4,197.58,225.6,206.68,192.5
405,245.32,226.64,249.1,238.94,224.84,211.32,197.52,225.56,206.64,192.46
406,245.32,226.6,249.1,238.82,224.68,211.2,197.52,225.5,206.42,192.44
407,245.22,226.46,249.08,238.82,224.62,211.1,197.46,225.38,206.2,192.36
408,245.14,226.36,249.08,238.78,224.5,211.0,197.34,225.16,206.08,192.34
409,245.1,226.2,249.06,238.76,224.26,210.84,197.32,225.12,205.92,192.28
410,245.08,226.14,249.02,238.76,224.16,210.72,197.14,225.02,205.86,192.18
411,245.04,226.1,248.96,238.76,224.12,210.68,197.1,224.92,205.68,192.06
412,244.96,226.0,248.96,238.64,224.1,210.6,197.08,224.88,205.58,192.02
413,244.9,225.94,248.9,238.58,223.96,210.5,197.02,224.8,205.46,191.84
414,244.86,225.88,248.88,238.5,223.88,210.26,196.94,224.76,205.42,191.72
415,244.7,225.78,248.88,238.42,223.78,210.14,196.86,224.62,205.3,191.7
416,244.66,225.72,248.86,238.38,223.74,210.02,196.74,224.52,205.16,191.58
417,244.58,225.64,248.8,238.28,223.52,209.92,196.66,224.38,205.08,191.46
418,244.56,225.5,248.76,238.06,223.38,209.86,196.6,224.3,204.84,191.36
419,244.5,225.42,248.72,238.02,223.28,209.76,196.56,224.2,204.76,191.26
420,244.48,225.28,248.64,238.0,223.18,209.74,196.5,224.14,204.44,191.14
421,244.46,225.24,248.6,237.96,223.12,209.68,196.48,224.04,204.22,191.08
422,244.46,225.06,248.46,237.9,222.96,209.52,196.46,223.88,204.14,191.08
423,244.42,224.88,248.46,237.84,222.88,209.46,196.46,223.68,204.0,191.08
424,244.32,224.74,248.42,237.8,222.82,209.34,196.42,223.64,203.8,190.98
425,244.3,224.62,248.4,237.72,222.64,209.28,196.36,223.6,203.74,190.84
426,244.26,224.58,248.38,237.5,222.52,209.1,196.28,223.44,203.64,190.72
427,244.22,224.46,248.32,237.46,222.46,208.96,196.24,223.42,203.54,190.72
428,244.18,224.36,248.26,237.46,222.42,208.72,196.24,223.28,203.46,190.66
429,244.16,224.28,248.26,237.42,222.24,208.56,196.18,223.24,203.24,190.64
430,244.12,224.22,248.26,237.4,222.18,208.54,196.18,223.18,203.14,190.58
431,244.08,224.16,248.24,237.3,222.16,208.48,196.12,223.06,203.04,190.48
432,244.06,223.96,248.24,237.16,221.94,208.4,196.08,222.96,202.98,190.36
433,244.06,223.88,248.24,237.1,221.92,208.32,196.08,222.9,202.82,190.32
434,244.02,223.76,248.24,237.06,221.62,208.28,196.06,222.8,202.72,190.26
435,243.98,223.6,248.22,236.94,221.52,208.26,196.0,222.76,202.68,190.22
436,243.9,223.52,248.22,236.88,221.42,208.12,195.96,222.64,202.5,190.14
437,243.84,223.42,248.16,236.86,221.36,208.06,195.94,222.46,202.42,190.1
438,243.78,223.36,248.16,236.76,221.2,207.9,195.88,222.28,202.32,190.06
439,243.76,223.2,248.14,236.7,221.14,207.78,195.88,222.16,202.24,189.98
440,243.7,223.08,248.14,236.68,221.08,207.7,195.8,222.1,202.22,189.92
441,243.68,223.04,248.12,236.62,220.9,207.6,195.74,222.08,202.06,189.84
442,243.56,222.92,248.12,236.5,220.7,207.5,195.68,221.96,201.98,189.84
443,243.54,222.86,248.1,236.42,220.64,207.4,195.66,221.88,201.82,189.78
444,243.46,222.76,248.04,236.32,220.6,207.32,195.66,221.8,201.8,189.72
445,243.44,222.68,248.0,236.32,220.46,207.16,195.62,221.78,201.72,189.68
446,243.38,222.58,248.0,236.28,220.42,207.04,195.6,221.64,201.54,189.62
447,243.38,222.48,247.98,236.24,220.36,206.94,195.6,221.52,201.46,189.58
448,243.32,222.4,247.88,236.2,220.26,206.78,195.56,221.42,201.28,189.48
449,243.28,222.32,247.88,236.14,220.22,206.72,195.56,221.34,201.2,189.4
450,243.24,222.24,247.82,236.1,220.14,206.58,195.54,221.26,201.16,189.4
451,243.22,222.16,247.82,235.94,220.1,206.5,195.48,221.04,201.02,189.34
452,243.18,222.1,247.76,235.94,219.96,206.46,195.48,220.94,200.96,189.26
453,243.16,222.04,247.74,235.92,219.74,206.38,195.4,220.76,200.8,189.16
454,243.14,221.88,247.74,235.9,219.62,206.26,195.38,220.62,200.62,189.1
455,243.04,221.82,247.72,235.78,219.6,206.12,195.34,220.52,200.4,189.02
456,243.04,221.82,247.7,235.56,219.54,206.02,195.28,220.4,200.26,188.96
457,243.02,221.72,247.68,235.54,219.44,205.96,195.26,220.4,200.16,188.9
458,242.94,221.64,247.64,235.44,219.38,205.88,195.22,220.3,200.08,188.9
459,242.92,221.54,247.6,235.38,219.32,205.72,195.22,220.1,200.0,188.82
460,242.88,221.48,247.58,235.28,219.24,205.66,195.18,220.04,199.94,188.78
461,242.8,221.46,247.56,235.24,219.08,205.62,195.18,219.9,199.9,188.74
462,242.76,221.38,247.54,235.16,218.9,205.5,195.16,219.8,199.8,188.66
463,242.74,221.34,247.5,235.04,218.74,205.4,195.16,219.68,199.74,188.62
464,242.66,221.28,247.48,234.96,218.7,205.28,195.12,219.64,199.68,188.6
465,242.6,221.14,247.44,234.92,218.54,205.2,195.12,219.58,199.62,188.56
466,242.6,221.08,247.42,234.86,218.4,205.14,195.1,219.38,199.52,188.52
467,242.56,221.06,247.36,234.84,218.36,205.04,195.1,219.22,199.36,188.5
468,242.54,221.0,247.36,234.8,218.2,204.9,195.08,219.1,199.26,188.46
469,242.5,220.88,247.34,234.74,218.14,204.78,195.06,218.98,199.24,188.44
470,242.5,220.82,247.32,234.64,218.14,204.7,195.02,218.9,199.18,188.4
471,242.44,220.7,247.3,234.54,217.92,204.66,195.02,218.82,199.08,188.34
472,242.44,220.68,247.3,234.52,217.82,204.58,194.98,218.76,199.02,188.32
473,242.44,220.48,247.3,234.52,217.74,204.32,194.94,218.72,199.0,188.2
474,242.44,220.22,247.26,234.52,217.64,204.22,194.88,218.62,198.92,188.12
475,242.4,220.02,247.24,234.46,217.58,204.14,194.84,218.54,198.74,188.06
476,242.36,219.94,247.22,234.38,217.52,204.12,194.84,218.48,198.7,188.0
477,242.24,219.9,247.22,234.3,217.34,204.06,194.82,218.46,198.58,188.0
478,242.18,219.78,247.18,234.2,217.28,204.06,194.82,218.32,198.5,187.94
479,242.14,219.68,247.18,234.08,217.16,203.94,194.78,218.12,198.42,187.92
480,242.12,219.5,247.18,234.04,217.04,203.8,194.76,218.02,198.36,187.88
481,242.06,219.42,247.12,233.96,216.84,203.6,194.7,217.86,198.18,187.86
482,242.0,219.32,247.1,233.78,216.74,203.54,194.7,217.82,198.16,187.82
483,241.94,219.24,247.1,233.76,216.56,203.44,194.68,217.76,198.02,187.78
484,241.94,219.2,247.1,233.72,216.48,203.34,194.68,217.76,197.88,187.72
485,241.88,219.14,247.1,233.52,216.4,203.22,194.64,217.6,197.76,187.66
486,241.88,218.96,247.06,233.52,216.28,203.16,194.62,217.52,197.66,187.66
487,241.86,218.92,247.04,233.46,216.26,203.0,194.6,217.38,197.6,187.66
488,241.84,218.86,247.02,233.36,216.12,202.94,194.58,217.28,197.52,187.64
489,241.82,218.8,246.94,233.26,216.08,202.78,194.58,217.14,197.44,187.64
490,241.7,218.74,246.9,233.24,215.96,202.7,194.56,217.1,197.3,187.56
491,241.68,218.62,246.9,233.2,215.94,202.58,194.54,217.04,197.22,187.54
492,241.66,218.48,246.84,233.16,215.94,202.5,194.48,216.94,197.08,187.5
493,241.58,218.38,246.84,233.12,215.86,202.46,194.44,216.78,196.96,187.44
494,241.56,218.28,246.84,233.08,215.8,202.36,194.4,216.74,196.88,187.42
495,241.52,218.16,246.8,233.06,215.74,202.32,194.4,216.64,196.82,187.42
496,241.42,218.1,246.8,232.98,215.6,202.22,194.34,216.52,196.76,187.4
497,241.38,218.02,246.72,232.84,215.48,202.12,194.32,216.46,196.66,187.36
498,241.34,217.94,246.68,232.76,215.46,202.06,194.3,216.28,196.6,187.34
499,241.26,217.88,246.64,232.72,215.34,201.86,194.3,216.18,196.52,187.32
500,241.26,217.86,246.6,232.7,215.28,201.84,194.26,216.1,196.46,187.32
501,241.22,217.82,246.6,232.64,215.22,201.8,194.26,215.92,196.42,187.3
502,241.18,217.78,246.6,232.5,215.06,201.72,194.22,215.74,196.36,187.26
503,241.18,217.72,246.54,232.5,215.0,201.6,194.22,215.58,196.26,187.24
504,241.1,217.56,246.54,232.5,214.9,201.48,194.22,215.42,196.1,187.22
505,241.1,217.48,246.52,232.46,214.7,201.38,194.18,215.3,196.02,187.22
506,241.04,217.4,246.52,232.36,214.68,201.26,194.18,215.2,195.9,187.2
507,241.04,217.34,246.5,232.22,214.54,201.14,194.16,215.14,195.78,187.16
508,241.02,217.18,246.46,232.18,214.48,201.04,194.14,215.06,195.72,187.14
509,240.94,217.14,246.44,232.16,214.38,201.0,194.1,214.98,195.66,187.14
510,240.92,217.04,246.4,232.1,214.3,200.94,194.1,214.92,195.48,187.14
511,240.92,216.92,246.4,231.96,214.24,200.8,194.1,214.8,195.28,187.12
512,240.92,216.8,246.38,231.9,214.14,200.76,194.1,214.74,195.24,187.08
513,240.88,216.62,246.36,231.82,214.04,200.74,194.1,214.66,195.16,187.02
514,240.88,216.36,246.36,231.76,214.04,200.68,194.1,214.56,195.04,187.0
515,240.78,216.3,246.28,231.74,214.0,200.58,194.1,214.46,194.96,187.0
516,240.7,216.26,246.22,231.66,213.9,200.52,194.1,214.4,194.88,186.96
517,240.7,216.16,246.22,231.64,213.74,200.44,194.1,214.28,194.84,186.92
518,240.62,216.08,246.22,231.58,213.72,200.32,194.1,214.24,194.74,186.88
519,240.62,215.96,246.22,231.4,213.7,200.26,194.1,214.14,194.7,186.86
520,240.58,215.86,246.2,231.36,213.58,200.2,194.08,214.1,194.64,186.8
521,240.58,215.68,246.18,231.32,213.36,200.12,194.06,213.98,194.5,186.8
522,240.44,215.64,246.18,231.3,213.16,200.04,194.04,213.84,194.46,186.8
523,240.44,215.56,246.18,231.2,213.12,199.94,194.0,213.7,194.38,186.74
524,240.4,215.56,246.18,231.12,213.04,199.84,193.98,213.64,194.24,186.72
525,240.32,215.54,246.18,231.12,212.92,199.78,193.98,213.62,194.14,186.68
526,240.26,215.44,246.18,231.08,212.82,199.72,193.98,213.6,194.0,186.66
527,240.18,215.42,246.16,231.04,212.76,199.56,193.98,213.58,193.96,186.56
528,240.16,215.32,246.14,230.94,212.68,199.46,193.94,213.36,193.9,186.52
529,240.1,215.24,246.1,230.94,212.62,199.44,193.92,213.3,193.78,186.48
530,240.0,215.16,246.08,230.92,212.5,199.4,193.92,213.14,193.72,186.48
531,239.94,215.0,246.06,230.92,212.44,199.32,193.92,213.08,193.72,186.48
532,239.9,214.96,246.06,230.8,212.34,199.26,193.9,213.04,193.66,186.46
533,239.88,214.94,246.0,230.78,212.24,199.22,193.88,213.0,193.64,186.44
534,239.86,214.84,245.98,230.66,212.08,199.18,193.88,212.84,193.58,186.4
535,239.84,214.8,245.98,230.66,211.84,199.08,193.88,212.8,193.52,186.4
536,239.72,214.78,245.98,230.56,211.8,199.08,193.86,212.7,193.5,186.34
537,239.72,214.68,245.9,230.52,211.66,199.0,193.86,212.56,193.3,186.3
538,239.7,214.66,245.88,230.36,211.64,198.94,193.82,212.48,193.24,186.28
539,239.68,214.6,245.88,230.32,211.5,198.92,193.78,212.4,193.14,186.28
540,239.62,214.46,245.88,230.22,211.44,198.8,193.76,212.32,193.14,186.28
541,239.58,214.44,245.86,230.18,211.4,198.74,193.76,212.28,193.1,186.28
542,239.54,214.32,245.8,230.1,211.3,198.64,193.74,212.14,192.96,186.28
543,239.48,214.24,245.7,230.1,211.16,198.6,193.74,212.06,192.94,186.28
544,239.42,214.12,245.64,230.04,211.12,198.54,193.74,212.0,192.84,186.28
545,239.32,214.04,245.62,230.02,211.08,198.48,193.74,211.94,192.8,186.28
546,239.22,213.98,245.62,229.92,210.88,198.42,193.74,211.88,192.78,186.26
547,239.16,213.92,245.62,229.86,210.78,198.32,193.74,211.72,192.74,186.26
548,239.16,213.76,245.56,229.82,210.64,198.2,193.74,211.62,192.68,186.22
549,239.12,213.66,245.52,229.7,210.6,198.16,193.74,211.46,192.58,186.2
550,239.12,213.6,245.52,229.68,210.42,198.08,193.72,211.42,192.54,186.2
551,239.08,213.52,245.5,229.62,210.34,198.02,193.7,211.34,192.42,186.14
552,239.02,213.46,245.48,229.5,210.28,197.94,193.7,211.22,192.32,186.12
553,238.94,213.38,245.42,229.46,210.16,197.88,193.68,211.16,192.26,186.1
554,238.92,213.28,245.42,229.4,210.04,197.84,193.68,211.02,192.2,186.06
555,238.92,213.16,245.4,229.36,209.96,197.72,193.64,210.96,192.16,186.04
556,238.9,213.12,245.36,229.3,209.92,197.7,193.64,210.88,192.14,185.98
557,238.9,213.1,245.16,229.2,209.8,197.66,193.64,210.78,192.04,185.96
558,238.9,213.02,245.16,229.08,209.76,197.6,193.62,210.54,191.92,185.94
559,238.88,212.92,245.12,229.04,209.72,197.52,193.62,210.5,191.84,185.9
560,238.8,212.88,245.1,229.02,209.62,197.44,193.6,210.46,191.82,185.9
561,238.78,212.78,245.06,228.9,209.54,197.44,193.58,210.34,191.72,185.86
562,238.54,212.7,245.06,228.84,209.44,197.42,193.56,210.16,191.7,185.86
563,238.46,212.68,244.98,228.78,209.38,197.36,193.56,210.0,191.64,185.86
564,238.4,212.48,244.92,228.78,209.26,197.24,193.56,209.92,191.56,185.84
565,238.3,212.44,244.9,228.7,209.2,197.24,193.54,209.82,191.56,185.84
566,238.24,212.42,244.84,228.66,209.1,197.22,193.54,209.72,191.54,185.8
567,238.22,212.32,244.84,228.62,208.98,197.14,193.54,209.66,191.5,185.78
568,238.2,212.26,244.8,228.56,208.88,197.14,193.54,209.5,191.46,185.76
569,238.2,212.2,244.74,228.5,208.86,197.02,193.54,209.4,191.36,185.76
570,238.16,212.12,244.7,228.36,208.8,197.02,193.52,209.26,191.32,185.76
571,238.14,212.08,244.64,228.26,208.72,196.98,193.52,209.18,191.28,185.76
572,238.06,211.94,244.52,228.24,208.58,196.92,193.5,209.12,191.24,185.72
573,238.06,211.8,244.52,228.12,208.48,196.86,193.5,208.96,191.22,185.7
574,238.02,211.72,244.46,228.1,208.34,196.78,193.48,208.9,191.2,185.68
575,237.9,211.66,244.44,228.06,208.3,196.76,193.48,208.86,191.1,185.66
576,237.84,211.58,244.44,228.06,208.2,196.7,193.48,208.76,191.04,185.64
577,237.72,211.46,244.44,227.94,208.14,196.7,193.48,208.64,190.98,185.62
578,237.7,211.42,244.42,227.78,208.08,196.64,193.46,208.6,190.9,185.58
579,237.66,211.36,244.42,227.66,208.02,196.56,193.46,208.5,190.84,185.58
580,237.64,211.26,244.28,227.52,207.92,196.5,193.46,208.42,190.76,185.58
581,237.6,211.2,244.24,227.4,207.78,196.46,193.46,208.24,190.7,185.58
582,237.6,211.14,244.22,227.36,207.72,196.42,193.46,208.18,190.62,185.56
583,237.58,211.02,244.22,227.36,207.64,196.36,193.46,208.06,190.54,185.54
584,237.58,211.02,244.16,227.32,207.5,196.28,193.46,207.9,190.52,185.54
585,237.5,210.98,244.16,227.24,207.42,196.2,193.46,207.84,190.42,185.48
586,237.46,210.94,244.12,227.14,207.36,196.08,193.46,207.78,190.4,185.48
587,237.44,210.92,244.08,227.12,207.34,196.06,193.46,207.74,190.3,185.48
588,237.42,210.84,244.08,227.0,207.22,196.06,193.46,207.68,190.26,185.48
589,237.42,210.76,244.02,226.98,207.02,196.0,193.46,207.52,190.24,185.48
590,237.42,210.7,243.96,226.86,206.9,195.96,193.46,207.4,190.16,185.46
591,237.34,210.54,243.96,226.84,206.78,195.94,193.44,207.3,190.1,185.44
592,237.32,210.5,243.92,226.82,206.68,195.9,193.44,207.2,190.0,185.44
593,237.22,210.42,243.9,226.7,206.6,195.84,193.44,207.08,189.92,185.44
594,237.2,210.36,243.86,226.68,206.56,195.7,193.44,206.84,189.9,185.44
595,237.12,210.18,243.82,226.62,206.5,195.64,193.44,206.76,189.82,185.44
596,237.04,210.08,243.76,226.52,206.36,195.56,193.44,206.66,189.76,185.44
597,237.04,209.98,243.72,226.4,206.26,195.42,193.42,206.62,189.74,185.44
598,237.04,209.96,243.68,226.26,206.2,195.34,193.42,206.5,189.66,185.44
599,237.02,209.8,243.66,226.12,206.18,195.32,193.42,206.42,189.56,185.4
600,236.96,209.74,243.6,226.06,206.16,195.26,193.4,206.38,189.54,185.38
601,236.88,209.64,243.6,225.92,206.12,195.26,193.4,206.32,189.52,185.34
602,236.86,209.52,243.6,225.88,205.96,195.18,193.4,206.14,189.5,185.32
603,236.8,209.36,243.56,225.84,205.92,195.16,193.4,206.04,189.44,185.32
604,236.76,209.3,243.56,225.72,205.82,195.14,193.38,205.96,189.42,185.32
605,236.62,209.2,243.54,225.58,205.76,195.1,193.38,205.9,189.38,185.32
606,236.62,209.08,243.54,225.58,205.74,195.04,193.36,205.76,189.36,185.32
607,236.6,209.08,243.54,225.56,205.64,194.98,193.36,205.7,189.3,185.32
608,236.58,209.06,243.5,225.52,205.64,194.92,193.34,205.62,189.24,185.32
609,236.48,209.04,243.36,225.4,205.62,194.84,193.34,205.58,189.2,185.3
610,236.4,208.96,243.36,225.34,205.58,194.84,193.34,205.54,189.14,185.3
611,236.38,208.9,243.36,225.18,205.48,194.8,193.32,205.44,189.14,185.3
612,236.34,208.74,243.36,225.18,205.38,194.8,193.3,205.38,189.14,185.28
613,236.28,208.6,243.34,225.1,205.26,194.74,193.3,205.3,189.1,185.28
614,236.2,208.48,243.28,225.04,205.16,194.68,193.3,205.26,189.06,185.28
615,236.2,208.46,243.24,224.96,205.06,194.58,193.3,205.18,189.02,185.28
616,236.16,208.32,243.24,224.84,204.92,194.58,193.3,205.12,188.98,185.28
617,236.06,208.3,243.22,224.78,204.92,194.56,193.3,204.96,188.92,185.26
618,236.0,208.26,243.2,224.66,204.84,194.48,193.3,204.74,188.88,185.26
619,236.0,208.2,243.18,224.62,204.78,194.4,193.3,204.72,188.8,185.26
620,235.96,208.16,243.16,224.56,204.68,194.38,193.3,204.62,188.78,185.24
621,235.92,208.06,243.14,224.5,204.54,194.36,193.3,204.54,188.74,185.22
622,235.88,207.96,243.12,224.42,204.5,194.36,193.3,204.48,188.72,185.2
623,235.78,207.96,243.06,224.36,204.48,194.32,193.3,204.4,188.72,185.16
624,235.78,207.96,243.04,224.34,204.46,194.28,193.3,204.34,188.68,185.16
625,235.72,207.82,243.02,224.22,204.32,194.26,193.3,204.3,188.62,185.16
626,235.7,207.8,242.92,224.18,204.28,194.16,193.3,204.16,188.54,185.16
627,235.68,207.74,242.86,224.18,204.24,194.12,193.3,204.06,188.5,185.14
628,235.66,207.68,242.86,224.18,204.18,194.1,193.3,203.96,188.46,185.14
629,235.64,207.66,242.86,224.16,204.16,194.08,193.3,203.96,188.44,185.12
630,235.62,207.58,242.86,224.14,204.1,194.02,193.3,203.82,188.4,185.12
631,235.56,207.58,242.86,224.08,203.94,194.0,193.3,203.72,188.28,185.12
632,235.42,207.56,242.84,223.98,203.82,193.98,193.3,203.6,188.28,185.12
633,235.34,207.46,242.82,223.9,203.7,193.92,193.3,203.56,188.24,185.1
634,235.26,207.36,242.78,223.84,203.56,193.88,193.3,203.42,188.2,185.08
635,235.22,207.28,242.78,223.72,203.42,193.88,193.3,203.38,188.2,185.06
636,235.14,207.2,242.78,223.66,203.4,193.82,193.3,203.22,188.2,185.06
637,235.08,207.12,242.78,223.64,203.28,193.78,193.3,203.22,188.16,185.06
638,235.04,207.08,242.76,223.52,203.18,193.72,193.3,203.08,188.16,185.06
639,234.98,207.04,242.76,223.5,203.08,193.7,193.3,203.02,188.08,185.04
640,234.94,207.0,242.76,223.46,203.02,193.66,193.3,202.94,188.08,185.04
641,234.92,206.96,242.72,223.38,202.98,193.64,193.3,202.8,188.08,185.04
642,234.92,206.9,242.7,223.36,202.98,193.6,193.3,202.76,188.0,185.04
643,234.9,206.86,242.7,223.24,202.86,193.5,193.3,202.76,187.94,185.02
644,234.84,206.82,242.68,223.12,202.82,193.44,193.3,202.72,187.92,185.02
645,234.84,206.62,242.68,223.04,202.8,193.34,193.3,202.52,187.9,185.02
646,234.78,206.56,242.66,223.02,202.68,193.26,193.3,202.5,187.86,185.0
647,234.76,206.52,242.64,222.98,202.56,193.2,193.3,202.34,187.84,185.0
648,234.64,206.44,242.62,222.92,202.5,193.18,193.3,202.26,187.8,185.0
649,234.62,206.44,242.62,222.86,202.42,193.16,193.3,202.22,187.76,185.0
650,234.54,206.36,242.62,222.74,202.38,193.16,193.3,202.14,187.76,185.0
651,234.48,206.32,242.58,222.72,202.32,193.1,193.28,202.0,187.7,185.0
652,234.48,206.32,242.46,222.66,202.22,193.04,193.28,201.96,187.68,185.0
653,234.3,206.3,242.42,222.64,202.12,193.04,193.28,201.94,187.66,185.0
654,234.22,206.24,242.38,222.52,202.04,193.04,193.28,201.94,187.58,185.0
655,234.2,206.24,242.38,222.48,201.98,193.04,193.28,201.92,187.56,185.0
656,234.2,206.18,242.36,222.3,201.84,193.02,193.28,201.82,187.54,185.0
657,234.12,206.14,242.36,222.3,201.78,192.94,193.28,201.76,187.5,185.0
658,234.06,206.12,242.28,222.28,201.64,192.92,193.28,201.74,187.44,184.98
659,234.04,206.12,242.24,222.28,201.64,192.9,193.28,201.7,187.42,184.98
660,234.02,206.08,242.22,222.24,201.58,192.9,193.28,201.5,187.4,184.98
661,234.0,206.06,242.2,222.24,201.52,192.88,193.28,201.36,187.38,184.98
662,234.0,206.06,242.16,222.18,201.44,192.84,193.28,201.36,187.3,184.98
663,233.9,205.94,242.12,222.18,201.4,192.8,193.28,201.26,187.26,184.98
664,233.88,205.88,242.1,222.12,201.38,192.76,193.28,201.24,187.2,184.98
665,233.84,205.88,242.1,222.12,201.32,192.74,193.28,201.12,187.2,184.98
666,233.82,205.78,242.1,222.04,201.3,192.7,193.28,201.02,187.14,184.98
667,233.8,205.74,242.08,222.04,201.24,192.64,193.28,200.94,187.12,184.98
668,233.72,205.7,242.08,222.0,201.1,192.62,193.28,200.84,187.08,184.98
669,233.7,205.66,242.04,221.98,201.02,192.56,193.28,200.8,187.02,184.98
670,233.58,205.58,242.04,221.88,200.9,192.52,193.28,200.7,187.02,184.98
671,233.52,205.5,242.02,221.78,200.82,192.5,193.28,200.66,187.02,184.98
672,233.48,205.48,242.02,221.72,200.78,192.5,193.28,200.56,186.96,184.98
673,233.38,205.42,242.0,221.62,200.66,192.46,193.28,200.42,186.94,184.98
674,233.36,205.3,242.0,221.58,200.62,192.46,193.28,200.28,186.94,184.98
675,233.3,205.26,241.96,221.5,200.58,192.44,193.28,200.18,186.94,184.96
676,233.3,205.2,241.92,221.42,200.46,192.44,193.28,200.14,186.94,184.96
677,233.26,205.12,241.88,221.34,200.44,192.42,193.28,200.02,186.9,184.96
678,233.24,205.04,241.8,221.3,200.4,192.4,193.28,199.96,186.9,184.96
679,233.22,205.0,241.8,221.24,200.32,192.38,193.28,199.92,186.88,184.96
680,233.14,204.98,241.78,221.22,200.22,192.36,193.28,199.68,186.88,184.96
681,233.08,204.94,241.74,221.18,200.2,192.32,193.28,199.64,186.88,184.96
682,233.06,204.88,241.74,221.06,200.14,192.28,193.28,199.46,186.86,184.96
683,233.04,204.82,241.68,221.04,200.04,192.28,193.28,199.38,186.86,184.96
684,233.0,204.82,241.62,220.92,199.96,192.24,193.28,199.34,186.86,184.96
685,232.98,204.76,241.62,220.78,199.94,192.24,193.28,199.26,186.84,184.96
686,232.96,204.7,241.6,220.72,199.84,192.22,193.28,199.14,186.82,184.96
687,232.92,204.54,241.52,220.66,199.78,192.22,193.28,199.1,186.82,184.96
688,232.92,204.48,241.5,220.44,199.76,192.18,193.28,198.96,186.8,184.94
689,232.82,204.4,241.48,220.3,199.68,192.08,193.28,198.94,186.8,184.94
690,232.78,204.26,241.48,220.22,199.6,192.08,193.28,198.86,186.8,184.94
691,232.78,204.18,241.48,220.2,199.56,192.08,193.26,198.8,186.76,184.94
692,232.78,204.1,241.46,220.14,199.46,192.06,193.26,198.74,186.76,184.94
693,232.68,204.08,241.4,220.14,199.42,192.04,193.26,198.68,186.76,184.94
694,232.62,204.0,241.32,220.12,199.38,192.02,193.26,198.64,186.74,184.94
695,232.58,203.96,241.32,220.06,199.36,191.96,193.26,198.6,186.74,184.94
696,232.46,203.94,241.32,220.0,199.3,191.92,193.26,198.54,186.7,184.94
697,232.36,203.9,241.26,219.94,199.22,191.92,193.24,198.48,186.68,184.94
698,232.32,203.84,241.24,219.9,199.2,191.9,193.24,198.42,186.62,184.94
699,232.26,203.82,241.24,219.78,199.2,191.9,193.24,198.32,186.6,184.94
700,232.26,203.78,241.22,219.76,199.1,191.88,193.24,198.28,186.58,184.94
701,232.24,203.74,241.18,219.6,199.08,191.86,193.24,198.28,186.56,184.94
702,232.2,203.56,241.1,219.56,199.0,191.84,193.24,198.22,186.52,184.94
703,232.18,203.5,241.08,219.48,198.82,191.78,193.24,198.12,186.5,184.94
704,232.16,203.42,241.08,219.32,198.76,191.76,193.24,198.06,186.42,184.94
705,232.14,203.42,241.08,219.24,198.7,191.74,193.24,197.92,186.4,184.94
706,232.08,203.4,241.02,219.2,198.6,191.74,193.24,197.82,186.4,184.94
707,231.9,203.38,240.92,219.12,198.52,191.72,193.24,197.7,186.36,184.94
708,231.66,203.34,240.92,219.04,198.44,191.7,193.24,197.6,186.32,184.94
709,231.54,203.22,240.86,219.04,198.38,191.7,193.24,197.52,186.3,184.94
710,231.52,203.16,240.84,219.0,198.24,191.64,193.24,197.46,186.28,184.92
711,231.48,203.14,240.84,218.96,198.12,191.62,193.24,197.3,186.24,184.92
712,231.44,203.1,240.84,218.96,198.08,191.62,193.24,197.3,186.22,184.92
713,231.42,202.96,240.78,218.96,198.04,191.58,193.24,197.2,186.18,184.92
714,231.38,202.88,240.76,218.86,198.0,191.56,193.24,197.16,186.16,184.92
715,231.38,202.84,240.74,218.84,197.98,191.54,193.24,197.06,186.16,184.92
716,231.38,202.8,240.74,218.72,197.92,191.52,193.24,197.04,186.12,184.92
717,231.34,202.78,240.66,218.56,197.88,191.48,193.24,197.0,186.12,184.92
718,231.3,202.76,240.66,218.54,197.8,191.46,193.24,196.92,186.1,184.9
719,231.26,202.68,240.66,218.4,197.76,191.46,193.24,196.86,186.1,184.9
720,231.22,202.68,240.66,218.34,197.7,191.46,193.24,196.8,186.08,184.9
721,231.22,202.64,240.64,218.28,197.66,191.46,193.24,196.68,186.0,184.9
722,231.2,202.64,240.56,218.16,197.62,191.44,193.24,196.6,186.0,184.9
723,231.16,202.62,240.56,218.14,197.56,191.44,193.24,196.54,186.0,184.9
724,231.12,202.56,240.54,218.1,197.54,191.42,193.24,196.48,185.98,184.9
725,231.12,202.48,240.52,218.04,197.46,191.42,193.24,196.48,185.98,184.88
726,231.08,202.42,240.52,218.02,197.42,191.42,193.22,196.46,185.96,184.88
727,230.98,202.38,240.52,217.98,197.36,191.4,193.22,196.38,185.94,184.88
728,230.94,202.38,240.48,217.82,197.32,191.34,193.22,196.32,185.92,184.88
729,230.88,202.32,240.46,217.76,197.26,191.32,193.22,196.28,185.92,184.88
730,230.82,202.26,240.34,217.68,197.22,191.32,193.22,196.28,185.88,184.88
731,230.8,202.2,240.34,217.62,197.18,191.3,193.22,196.28,185.86,184.88
732,230.66,202.12,240.3,217.52,197.12,191.28,193.22,196.26,185.84,184.88
733,230.66,202.02,240.22,217.38,197.0,191.26,193.22,196.18,185.82,184.88
734,230.66,202.0,240.22,217.32,196.94,191.22,193.22,196.08,185.8,184.88
735,230.58,201.9,240.16,217.3,196.86,191.2,193.22,196.06,185.8,184.88
736,230.52,201.86,240.14,217.22,196.82,191.16,193.2,195.98,185.78,184.88
737,230.48,201.82,240.12,217.16,196.68,191.14,193.2,195.92,185.78,184.88
738,230.42,201.78,240.1,217.12,196.6,191.12,193.2,195.88,185.76,184.88
739,230.34,201.76,240.08,217.02,196.54,191.08,193.2,195.82,185.7,184.88
740,230.3,201.7,240.02,217.02,196.5,191.06,193.2,195.72,185.66,184.88
741,230.26,201.62,240.0,216.96,196.36,191.0,193.2,195.62,185.64,184.88
742,230.16,201.56,239.94,216.94,196.36,190.96,193.2,195.56,185.62,184.88
743,230.12,201.5,239.94,216.72,196.26,190.94,193.2,195.48,185.6,184.88
744,230.08,201.5,239.9,216.6,196.2,190.94,193.2,195.38,185.6,184.88
745,230.04,201.48,239.82,216.52,196.18,190.9,193.2,195.32,185.6,184.88
746,229.96,201.44,239.8,216.48,196.18,190.86,193.2,195.2,185.6,184.88
747,229.9,201.4,239.8,216.34,196.14,190.84,193.18,195.12,185.58,184.88
748,229.84,201.4,239.78,216.14,196.12,190.82,193.18,195.12,185.56,184.88
749,229.82,201.26,239.74,216.12,196.08,190.82,193.18,195.08,185.54,184.88
750,229.78,201.24,239.72,216.04,195.98,190.78,193.18,195.0,185.52,184.88
751,229.78,201.18,239.7,216.02,195.86,190.76,193.18,194.92,185.5,184.88
752,229.7,201.14,239.66,216.0,195.78,190.72,193.18,194.92,185.5,184.88
753,229.64,201.1,239.54,215.98,195.74,190.7,193.18,194.9,185.5,184.88
754,229.62,201.04,239.5,215.86,195.7,190.7,193.18,194.84,185.5,184.88
755,229.58,200.98,239.46,215.74,195.66,190.64,193.18,194.74,185.46,184.88
756,229.44,200.92,239.46,215.66,195.64,190.62,193.18,194.66,185.44,184.88
757,229.42,200.88,239.44,215.6,195.6,190.62,193.18,194.6,185.4,184.88
758,229.22,200.84,239.36,215.52,195.54,190.6,193.18,194.52,185.4,184.86
759,229.06,200.8,239.36,215.42,195.5,190.6,193.18,194.42,185.36,184.86
760,229.0,200.8,239.36,215.26,195.44,190.6,193.18,194.32,185.34,184.86
761,229.0,200.74,239.34,215.26,195.44,190.56,193.18,194.3,185.32,184.86
762,228.98,200.7,239.34,215.16,195.42,190.54,193.18,194.26,185.32,184.86
763,228.9,200.64,239.3,215.1,195.36,190.5,193.18,194.18,185.3,184.86
764,228.84,200.58,239.3,215.06,195.3,190.5,193.18,194.16,185.28,184.86
765,228.8,200.56,239.28,215.06,195.22,190.48,193.18,194.1,185.28,184.86
766,228.8,200.52,239.28,215.0,195.2,190.42,193.18,193.98,185.28,184.86
767,228.76,200.52,239.26,214.98,195.18,190.42,193.18,193.96,185.28,184.86
768,228.74,200.48,239.22,214.94,195.12,190.42,193.18,193.9,185.28,184.86
769,228.7,200.44,239.22,214.86,195.1,190.4,193.18,193.88,185.28,184.86
770,228.7,200.42,239.22,214.86,195.0,190.4,193.18,193.78,185.26,184.86
771,228.68,200.4,239.2,214.82,194.92,190.38,193.18,193.68,185.24,184.86
772,228.62,200.4,239.2,214.8,194.82,190.38,193.18,193.6,185.24,184.86
773,228.54,200.3,239.2,214.72,194.82,190.36,193.18,193.56,185.24,184.86
774,228.48,200.24,239.14,214.7,194.76,190.34,193.18,193.46,185.24,184.86
775,228.44,200.22,239.06,214.58,194.7,190.32,193.18,193.44,185.22,184.86
776,228.4,200.2,238.98,214.46,194.68,190.3,193.18,193.36,185.22,184.86
777,228.4,200.18,238.96,214.4,194.6,190.3,193.18,193.32,185.2,184.86
778,228.36,200.14,238.94,214.34,194.56,190.3,193.18,193.26,185.18,184.86
779,228.36,200.04,238.92,214.28,194.54,190.28,193.18,193.18,185.18,184.86
780,228.24,200.02,238.92,214.24,194.48,190.24,193.18,193.12,185.14,184.86
781,228.12,200.0,238.92,214.14,194.44,190.22,193.18,193.08,185.14,184.86
782,228.12,199.96,238.9,214.04,194.34,190.22,193.18,193.04,185.12,184.84
783,228.08,199.94,238.88,213.86,194.3,190.22,193.18,193.0,185.1,184.84
784,228.08,199.9,238.88,213.76,194.26,190.22,193.18,192.96,185.1,184.84
785,228.06,199.86,238.88,213.68,194.18,190.22,193.18,192.8,185.08,184.84
786,228.0,199.84,238.84,213.64,194.12,190.2,193.18,192.8,185.08,184.84
787,228.0,199.74,238.76,213.6,194.08,190.2,193.18,192.78,185.06,184.84
788,228.0,199.68,238.76,213.46,194.04,190.14,193.18,192.72,185.06,184.84
789,227.96,199.6,238.76,213.4,194.02,190.12,193.18,192.72,185.04,184.84
790,227.94,199.54,238.72,213.34,193.98,190.12,193.18,192.62,185.04,184.84
791,227.92,199.36,238.7,213.34,193.96,190.08,193.18,192.6,185.04,184.84
792,227.88,199.34,238.66,213.32,193.9,190.08,193.18,192.48,185.02,184.84
793,227.82,199.32,238.64,213.2,193.76,190.06,193.18,192.44,185.02,184.84
794,227.82,199.28,238.64,213.2,193.74,190.06,193.18,192.4,185.02,184.84
795,227.74,199.24,238.58,213.12,193.66,190.06,193.18,192.34,185.0,184.84
796,227.72,199.2,238.58,213.04,193.62,190.06,193.18,192.28,185.0,184.84
797,227.72,199.16,238.56,213.02,193.56,190.06,193.18,192.28,184.94,184.84
798,227.72,199.14,238.54,212.92,193.52,190.04,193.18,192.22,184.92,184.84
799,227.62,199.14,238.54,212.78,193.5,190.0,193.18,192.14,184.92,184.84
800,227.62,199.08,238.5,212.7,193.5,189.98,193.18,192.08,184.92,184.84
801,227.5,199.08,238.48,212.66,193.5,189.98,193.18,192.0,184.92,184.84
802,227.36,199.06,238.44,212.6,193.5,189.98,193.18,191.92,184.9,184.84
803,227.34,198.92,238.44,212.6,193.48,189.96,193.18,191.92,184.86,184.84
804,227.24,198.88,238.44,212.58,193.46,189.94,193.18,191.88,184.86,184.84
805,227.24,198.8,238.34,212.46,193.42,189.92,193.18,191.84,184.84,184.84
806,227.22,198.72,238.34,212.46,193.38,189.92,193.18,191.8,184.82,184.84
807,227.2,198.68,238.3,212.32,193.34,189.9,193.18,191.78,184.82,184.84
808,227.12,198.66,238.28,212.3,193.3,189.88,193.18,191.66,184.8,184.84
809,227.12,198.66,238.28,212.12,193.28,189.88,193.18,191.66,184.8,184.84
810,227.1,198.64,238.22,212.0,193.28,189.84,193.18,191.58,184.8,184.84
811,227.08,198.6,238.12,211.92,193.14,189.84,193.18,191.48,184.8,184.84
812,227.02,198.6,238.1,211.8,193.12,189.82,193.18,191.46,184.8,184.84
813,227.02,198.58,238.08,211.78,193.1,189.82,193.18,191.42,184.8,184.84
814,227.0,198.56,238.04,211.74,193.02,189.82,193.18,191.4,184.8,184.84
815,226.96,198.5,238.02,211.66,192.96,189.82,193.18,191.34,184.8,184.84
816,226.86,198.46,238.0,211.66,192.92,189.82,193.18,191.34,184.8,184.84
817,226.8,198.46,238.0,211.66,192.9,189.82,193.18,191.24,184.8,184.84
818,226.76,198.44,237.96,211.62,192.9,189.78,193.18,191.2,184.8,184.84
819,226.66,198.42,237.96,211.54,192.88,189.76,193.18,191.18,184.8,184.84
820,226.52,198.4,237.9,211.5,192.86,189.76,193.18,191.16,184.8,184.84
821,226.44,198.36,237.86,211.4,192.78,189.74,193.18,191.1,184.8,184.84
822,226.44,198.32,237.86,211.24,192.72,189.74,193.18,191.04,184.78,184.84
823,226.4,198.26,237.84,211.2,192.72,189.74,193.18,190.98,184.76,184.84
824,226.34,198.22,237.82,211.18,192.72,189.74,193.18,190.96,184.76,184.84
825,226.24,198.22,237.8,211.0,192.64,189.74,193.18,190.88,184.76,184.84
826,226.24,198.14,237.8,211.0,192.62,189.7,193.18,190.86,184.76,184.84
827,226.16,198.06,237.76,210.96,192.58,189.7,193.18,190.82,184.76,184.84
828,226.06,198.0,237.74,210.88,192.52,189.68,193.18,190.76,184.72,184.84
829,226.0,198.0,237.72,210.82,192.44,189.68,193.18,190.74,184.72,184.84
830,225.98,197.98,237.66,210.82,192.38,189.68,193.18,190.72,184.7,184.84
831,225.96,197.92,237.62,210.8,192.36,189.66,193.18,190.68,184.68,184.84
832,225.92,197.92,237.62,210.72,192.34,189.64,193.18,190.54,184.68,184.84
833,225.9,197.9,237.6,210.64,192.32,189.6,193.18,190.54,184.68,184.84
834,225.8,197.88,237.48,210.54,192.3,189.58,193.18,190.5,184.68,184.84
835,225.7,197.88,237.46,210.5,192.28,189.58,193.18,190.46,184.68,184.84
836,225.66,197.82,237.46,210.44,192.26,189.56,193.18,190.36,184.68,184.84
837,225.66,197.8,237.4,210.36,192.26,189.56,193.18,190.32,184.68,184.84
838,225.66,197.74,237.36,210.32,192.2,189.56,193.18,190.3,184.68,184.84
839,225.66,197.72,237.36,210.24,192.18,189.56,193.18,190.24,184.66,184.84
840,225.6,197.64,237.3,210.18,192.18,189.52,193.18,190.22,184.64,184.84
841,225.54,197.6,237.3,210.1,192.14,189.5,193.18,190.18,184.64,184.84
842,225.46,197.58,237.26,210.0,192.08,189.48,193.18,190.16,184.64,184.84
843,225.38,197.58,237.26,209.96,192.04,189.46,193.18,190.14,184.64,184.84
844,225.36,197.56,237.24,209.88,191.96,189.46,193.18,190.12,184.64,184.84
845,225.32,197.54,237.18,209.84,191.9,189.46,193.18,190.1,184.62,184.84
846,225.22,197.44,237.18,209.82,191.86,189.46,193.18,190.06,184.62,184.84
847,225.1,197.38,237.16,209.72,191.86,189.46,193.18,190.02,184.62,184.84
848,225.06,197.32,237.14,209.72,191.82,189.44,193.18,190.02,184.62,184.84
849,225.0,197.3,237.08,209.72,191.76,189.4,193.18,189.94,184.62,184.84
850,224.92,197.28,237.08,209.72,191.74,189.4,193.18,189.88,184.62,184.84
851,224.92,197.24,237.04,209.64,191.72,189.4,193.18,189.88,184.62,184.84
852,224.86,197.22,237.04,209.64,191.72,189.38,193.18,189.78,184.62,184.84
853,224.82,197.18,237.04,209.58,191.7,189.38,193.18,189.76,184.6,184.84
854,224.76,197.18,237.02,209.54,191.7,189.38,193.18,189.76,184.6,184.84
855,224.72,197.14,237.02,209.52,191.66,189.38,193.18,189.7,184.6,184.84
856,224.62,197.1,237.0,209.48,191.58,189.38,193.18,189.68,184.6,184.84
857,224.52,197.08,236.98,209.44,191.56,189.38,193.18,189.62,184.58,184.84
858,224.46,197.08,236.9,209.36,191.54,189.38,193.18,189.62,184.58,184.84
859,224.38,197.08,236.88,209.34,191.48,189.38,193.18,189.6,184.54,184.84
860,224.34,197.06,236.84,209.3,191.4,189.38,193.18,189.56,184.54,184.84
861,224.18,197.06,236.82,209.28,191.4,189.36,193.18,189.56,184.52,184.84
862,224.14,197.04,236.78,209.16,191.34,189.36,193.18,189.56,184.5,184.84
863,224.12,197.0,236.76,209.1,191.34,189.36,193.18,189.5,184.5,184.84
864,224.06,196.96,236.74,209.06,191.28,189.36,193.18,189.48,184.5,184.84
865,224.0,196.94,236.7,208.98,191.28,189.34,193.18,189.38,184.48,184.84
866,224.0,196.9,236.68,208.78,191.24,189.32,193.18,189.28,184.46,184.84
867,223.94,196.9,236.62,208.74,191.16,189.3,193.18,189.26,184.46,184.84
868,223.88,196.86,236.62,208.72,191.16,189.3,193.18,189.18,184.46,184.84
869,223.8,196.86,236.62,208.7,191.12,189.3,193.18,189.12,184.46,184.84
870,223.8,196.86,236.6,208.62,191.08,189.3,193.18,189.1,184.46,184.84
871,223.8,196.84,236.58,208.52,191.04,189.3,193.18,189.04,184.46,184.84
872,223.76,196.84,236.56,208.48,191.02,189.3,193.18,189.02,184.44,184.84
873,223.74,196.84,236.54,208.42,191.0,189.26,193.18,188.96,184.44,184.84
874,223.74,196.82,236.54,208.38,191.0,189.26,193.18,188.94,184.44,184.84
875,223.7,196.82,236.48,208.3,190.96,189.24,193.18,188.84,184.42,184.84
876,223.62,196.82,236.46,208.2,190.92,189.22,193.18,188.74,184.38,184.84
877,223.6,196.8,236.44,208.12,190.92,189.22,193.18,188.72,184.36,184.84
878,223.54,196.78,236.44,208.1,190.9,189.22,193.18,188.64,184.36,184.84
879,223.5,196.74,236.38,208.08,190.88,189.22,193.18,188.62,184.36,184.82
880,223.48,196.74,236.32,208.04,190.82,189.22,193.18,188.54,184.36,184.82
881,223.42,196.7,236.26,207.94,190.8,189.22,193.18,188.52,184.34,184.82
882,223.34,196.68,236.26,207.74,190.76,189.22,193.18,188.48,184.34,184.82
883,223.28,196.68,236.22,207.7,190.74,189.22,193.18,188.48,184.34,184.82
884,223.22,196.68,236.22,207.58,190.72,189.22,193.18,188.42,184.32,184.82
885,223.18,196.68,236.2,207.48,190.72,189.2,193.18,188.4,184.32,184.82
886,223.18,196.62,236.18,207.44,190.72,189.2,193.18,188.38,184.32,184.82
887,223.14,196.62,236.18,207.44,190.68,189.2,193.18,188.34,184.32,184.82
888,223.1,196.62,236.16,207.42,190.68,189.2,193.18,188.32,184.32,184.82
889,223.04,196.56,236.14,207.38,190.66,189.2,193.18,188.3,184.3,184.82
890,223.04,196.56,236.06,207.36,190.62,189.2,193.18,188.3,184.3,184.82
891,223.0,196.56,235.98,207.36,190.6,189.18,193.18,188.28,184.3,184.82
892,222.98,196.54,235.94,207.28,190.6,189.18,193.18,188.24,184.28,184.82
893,222.96,196.44,235.94,207.2,190.54,189.18,193.18,188.22,184.28,184.82
894,222.92,196.4,235.94,207.16,190.5,189.18,193.18,188.22,184.26,184.82
895,222.86,196.36,235.94,207.1,190.5,189.18,193.18,188.2,184.26,184.82
896,222.84,196.32,235.9,207.0,190.5,189.18,193.18,188.18,184.26,184.82
897,222.84,196.32,235.86,206.94,190.5,189.18,193.18,188.16,184.26,184.82
898,222.78,196.32,235.84,206.78,190.5,189.18,193.18,188.16,184.26,184.82
899,222.72,196.3,235.84,206.74,190.48,189.18,193.18,188.14,184.26,184.82
900,222.7,196.28,235.72,206.58,190.48,189.18,193.18,188.14,184.26,184.82
901,222.48,196.22,235.72,206.52,190.46,189.16,193.18,188.14,184.26,184.82
902,222.4,196.22,235.66,206.46,190.38,189.16,193.18,188.1,184.26,184.82
903,222.32,196.2,235.64,206.42,190.3,189.16,193.18,188.08,184.26,184.82
904,222.26,196.18,235.64,206.34,190.28,189.16,193.18,188.08,184.26,184.82
905,222.26,196.18,235.62,206.34,190.26,189.16,193.18,188.06,184.26,184.82
906,222.2,196.16,235.62,206.22,190.24,189.16,193.18,188.02,184.26,184.82
907,222.16,196.14,235.62,206.18,190.22,189.16,193.18,187.98,184.26,184.82
908,222.1,196.14,235.56,206.14,190.22,189.16,193.18,187.98,184.26,184.82
909,222.1,196.12,235.32,206.0,190.2,189.16,193.18,187.9,184.26,184.82
910,222.1,196.12,235.32,205.98,190.18,189.14,193.18,187.86,184.26,184.82
911,222.08,196.12,235.26,205.92,190.12,189.14,193.18,187.86,184.26,184.82
912,222.04,196.12,235.26,205.9,190.08,189.12,193.18,187.84,184.26,184.82
913,221.96,196.06,235.12,205.88,190.04,189.12,193.18,187.82,184.26,184.82
914,221.96,196.02,235.12,205.78,190.02,189.12,193.18,187.76,184.26,184.82
915,221.88,196.02,235.12,205.64,190.02,189.12,193.18,187.74,184.26,184.82
916,221.88,195.98,235.1,205.56,190.02,189.12,193.18,187.72,184.26,184.82
917,221.82,195.9,235.1,205.5,190.02,189.12,193.18,187.68,184.26,184.82
918,221.74,195.88,235.1,205.42,189.98,189.12,193.18,187.64,184.26,184.82
919,221.68,195.86,235.08,205.42,189.96,189.12,193.18,187.56,184.26,184.82
920,221.62,195.84,235.02,205.26,189.96,189.12,193.18,187.54,184.26,184.82
921,221.62,195.76,235.02,205.18,189.94,189.1,193.18,187.52,184.26,184.82
922,221.6,195.72,234.96,205.08,189.9,189.08,193.18,187.52,184.26,184.82
923,221.56,195.7,234.88,204.96,189.84,189.08,193.18,187.5,184.26,184.82
924,221.48,195.68,234.82,204.94,189.84,189.08,193.18,187.5,184.26,184.82
925,221.36,195.68,234.78,204.86,189.8,189.08,193.18,187.46,184.26,184.82
926,221.12,195.64,234.74,204.86,189.76,189.08,193.18,187.44,184.26,184.82
927,221.08,195.64,234.72,204.84,189.72,189.06,193.18,187.42,184.26,184.82
928,221.08,195.64,234.7,204.8,189.66,189.06,193.18,187.4,184.26,184.82
929,221.02,195.6,234.7,204.7,189.66,189.04,193.18,187.32,184.24,184.82
930,221.02,195.58,234.66,204.66,189.66,189.04,193.18,187.32,184.24,184.82
931,221.02,195.56,234.66,204.64,189.64,189.02,193.18,187.28,184.24,184.82
932,220.92,195.54,234.66,204.56,189.58,189.02,193.18,187.24,184.24,184.82
933,220.86,195.5,234.66,204.44,189.56,189.02,193.18,187.22,184.24,184.82
934,220.82,195.5,234.64,204.44,189.54,189.02,193.18,187.18,184.24,184.82
935,220.78,195.46,234.64,204.4,189.54,189.02,193.18,187.16,184.24,184.82
936,220.66,195.44,234.6,204.4,189.54,189.02,193.18,187.16,184.24,184.82
937,220.66,195.42,234.6,204.3,189.46,189.02,193.18,187.12,184.24,184.82
938,220.6,195.4,234.6,204.26,189.44,189.02,193.18,187.12,184.24,184.82
939,220.52,195.38,234.6,204.24,189.42,189.02,193.18,187.12,184.24,184.82
940,220.48,195.38,234.58,204.22,189.4,189.0,193.18,187.08,184.24,184.82
941,220.46,195.36,234.52,204.16,189.38,189.0,193.18,187.06,184.24,184.82
942,220.44,195.34,234.48,204.12,189.34,189.0,193.18,187.06,184.24,184.82
943,220.42,195.34,234.48,203.98,189.3,189.0,193.18,187.04,184.24,184.82
944,220.4,195.34,234.44,203.98,189.26,189.0,193.18,187.04,184.24,184.82
945,220.38,195.32,234.38,203.9,189.24,189.0,193.18,186.94,184.24,184.82
946,220.34,195.32,234.3,203.82,189.22,189.0,193.18,186.92,184.24,184.82
947,220.24,195.3,234.3,203.74,189.16,189.0,193.18,186.92,184.24,184.82
948,220.24,195.26,234.26,203.66,189.1,189.0,193.18,186.92,184.24,184.82
949,220.14,195.26,234.24,203.6,189.08,189.0,193.18,186.92,184.24,184.82
950,220.12,195.24,234.14,203.54,189.04,189.0,193.18,186.9,184.24,184.82
951,220.1,195.22,234.1,203.5,189.02,188.98,193.18,186.9,184.24,184.82
952,220.04,195.22,233.94,203.4,189.02,188.98,193.18,186.9,184.24,184.82
953,219.96,195.22,233.92,203.34,189.0,188.98,193.18,186.88,184.24,184.82
954,219.9,195.22,233.92,203.3,189.0,188.98,193.18,186.86,184.24,184.82
955,219.82,195.22,233.92,203.28,189.0,188.98,193.18,186.78,184.24,184.82
956,219.82,195.22,233.9,203.26,189.0,188.98,193.18,186.78,184.24,184.82
957,219.8,195.2,233.9,203.18,189.0,188.98,193.18,186.74,184.24,184.82
958,219.78,195.18,233.86,203.18,188.98,188.98,193.18,186.72,184.22,184.82
959,219.7,195.16,233.86,203.16,188.96,188.98,193.18,186.68,184.22,184.82
960,219.58,195.16,233.78,203.14,188.92,188.96,193.18,186.66,184.22,184.82
961,219.58,195.14,233.78,203.12,188.92,188.96,193.18,186.64,184.22,184.82
962,219.58,195.1,233.78,203.12,188.9,188.96,193.18,186.6,184.22,184.82
963,219.54,195.1,233.74,203.0,188.82,188.94,193.18,186.54,184.22,184.82
964,219.52,195.1,233.72,202.98,188.82,188.94,193.18,186.54,184.22,184.82
965,219.5,195.08,233.72,202.98,188.8,188.94,193.18,186.54,184.22,184.82
966,219.46,195.08,233.56,202.9,188.76,188.94,193.18,186.54,184.22,184.82
967,219.46,195.04,233.52,202.82,188.74,188.94,193.18,186.52,184.22,184.82
968,219.46,195.0,233.5,202.8,188.74,188.94,193.18,186.52,184.22,184.82
969,219.32,194.96,233.5,202.74,188.72,188.94,193.18,186.5,184.22,184.82
970,219.18,194.96,233.5,202.68,188.7,188.94,193.18,186.48,184.22,184.82
971,219.12,194.92,233.46,202.6,188.68,188.92,193.18,186.48,184.22,184.82
972,219.1,194.92,233.46,202.56,188.68,188.92,193.18,186.46,184.22,184.82
973,219.08,194.86,233.42,202.56,188.68,188.92,193.18,186.44,184.22,184.82
974,219.0,194.84,233.4,202.54,188.66,188.92,193.18,186.42,184.22,184.82
975,218.98,194.84,233.32,202.52,188.62,188.9,193.18,186.4,184.2,184.82
976,218.9,194.84,233.28,202.44,188.62,188.9,193.18,186.4,184.2,184.82
977,218.78,194.8,233.24,202.42,188.62,188.9,193.18,186.36,184.2,184.82
978,218.72,194.78,233.2,202.4,188.62,188.88,193.18,186.34,184.2,184.82
979,218.72,194.76,233.18,202.38,188.62,188.88,193.18,186.34,184.2,184.82
980,218.62,194.76,233.14,202.36,188.62,188.88,193.18,186.32,184.2,184.82
981,218.58,194.76,233.06,202.34,188.6,188.88,193.18,186.28,184.2,184.82
982,218.54,194.72,233.02,202.32,188.58,188.88,193.18,186.24,184.2,184.82
983,218.42,194.7,232.96,202.26,188.54,188.88,193.18,186.22,184.2,184.82
984,218.36,194.7,232.94,202.2,188.54,188.86,193.18,186.2,184.2,184.82
985,218.32,194.7,232.94,202.1,188.54,188.86,193.18,186.16,184.2,184.82
986,218.32,194.7,232.9,202.0,188.52,188.86,193.18,186.16,184.2,184.82
987,218.28,194.7,232.9,202.0,188.52,188.86,193.18,186.16,184.2,184.82
988,218.28,194.68,232.9,201.96,188.5,188.86,193.18,186.16,184.2,184.8
989,218.26,194.68,232.9,201.88,188.48,188.86,193.18,186.1,184.2,184.8
990,218.2,194.68,232.8,201.84,188.48,188.86,193.18,186.08,184.18,184.8
991,218.16,194.68,232.8,201.82,188.44,188.86,193.18,186.04,184.16,184.8
992,218.1,194.64,232.78,201.8,188.44,188.86,193.18,186.04,184.16,184.8
993,217.98,194.64,232.78,201.76,188.44,188.84,193.18,186.0,184.16,184.8
994,217.98,194.62,232.66,201.72,188.44,188.84,193.18,185.98,184.16,184.8
995,217.9,194.6,232.66,201.62,188.42,188.84,193.18,185.98,184.16,184.8
996,217.84,194.56,232.66,201.52,188.42,188.84,193.18,185.98,184.16,184.8
997,217.84,194.54,232.62,201.5,188.42,188.84,193.18,185.94,184.16,184.8
998,217.84,194.54,232.6,201.48,188.4,188.84,193.18,185.94,184.16,184.8
999,217.82,194.5,232.56,201.42,188.38,188.84,193.18,185.94,184.16,184.8
1000,217.76,194.46,232.48,201.42,188.34,188.84,193.18,185.94,184.16,184.8
1001,217.74,194.46,232.48,201.4,188.34,188.84,193.18,185.86,184.16,184.8
1002,217.66,194.46,232.4,201.3,188.32,188.84,193.18,185.8,184.16,184.8
1003,217.62,194.44,232.4,201.26,188.32,188.84,193.18,185.8,184.16,184.8
1004,217.58,194.44,232.4,201.16,188.3,188.84,193.18,185.78,184.16,184.8
1005,217.56,194.42,232.38,201.08,188.3,188.84,193.18,185.76,184.16,184.8
1006,217.48,194.42,232.38,201.08,188.28,188.84,193.18,185.76,184.14,184.8
1007,217.42,194.36,232.34,201.0,188.26,188.84,193.18,185.76,184.14,184.8
1008,217.38,194.36,232.32,200.98,188.26,188.84,193.18,185.7,184.14,184.8
1009,217.32,194.34,232.3,200.98,188.26,188.84,193.18,185.68,184.14,184.8
1010,217.3,194.34,232.3,200.94,188.24,188.84,193.18,185.68,184.14,184.8
1011,217.2,194.34,232.26,200.94,188.2,188.84,193.18,185.68,184.14,184.8
1012,217.14,194.34,232.2,200.88,188.18,188.82,193.18,185.64,184.14,184.8
1013,217.08,194.32,232.16,200.84,188.16,188.82,193.18,185.64,184.14,184.8
1014,217.02,194.3,232.14,200.82,188.16,188.82,193.18,185.64,184.14,184.8
1015,217.0,194.3,232.06,200.76,188.14,188.82,193.18,185.64,184.14,184.8
1016,216.92,194.3,232.04,200.7,188.14,188.82,193.18,185.62,184.14,184.8
1017,216.92,194.28,231.98,200.68,188.14,188.8,193.18,185.62,184.14,184.8
1018,216.84,194.26,231.92,200.56,188.14,188.8,193.18,185.58,184.14,184.8
1019,216.8,194.26,231.92,200.52,188.08,188.8,193.18,185.58,184.14,184.8
1020,216.74,194.22,231.9,200.52,188.08,188.8,193.18,185.58,184.14,184.8
1021,216.72,194.18,231.9,200.5,188.06,188.8,193.18,185.58,184.14,184.8
1022,216.68,194.14,231.86,200.48,188.04,188.8,193.18,185.58,184.14,184.8
1023,216.64,194.14,231.76,200.38,188.04,188.8,193.18,185.58,184.14,184.8
1024,216.62,194.14,231.74,200.38,188.02,188.8,193.18,185.56,184.14,184.8
1025,216.6,194.12,231.72,200.36,188.0,188.8,193.18,185.56,184.14,184.8
1026,216.52,194.12,231.72,200.3,188.0,188.8,193.18,185.52,184.14,184.8
1027,216.52,194.12,231.68,200.28,188.0,188.8,193.18,185.52,184.14,184.8
1028,216.46,194.08,231.68,200.28,187.96,188.78,193.18,185.52,184.14,184.8
1029,216.44,194.08,231.68,200.26,187.96,188.78,193.18,185.5,184.14,184.8
1030,216.44,194.08,231.64,200.24,187.96,188.78,193.18,185.48,184.14,184.78
1031,216.38,194.06,231.6,200.16,187.96,188.76,193.18,185.44,184.14,184.78
1032,216.32,194.06,231.6,200.12,187.94,188.76,193.18,185.44,184.14,184.78
1033,216.26,194.06,231.58,200.1,187.94,188.76,193.18,185.44,184.14,184.78
1034,216.26,194.06,231.58,200.06,187.92,188.76,193.18,185.42,184.12,184.78
1035,216.24,194.06,231.56,200.02,187.92,188.76,193.18,185.4,184.12,184.78
1036,216.24,194.04,231.56,200.0,187.88,188.76,193.18,185.36,184.12,184.78
1037,216.2,194.02,231.52,200.0,187.84,188.76,193.18,185.34,184.12,184.78
1038,216.06,194.02,231.48,199.96,187.84,188.76,193.18,185.3,184.12,184.78
1039,215.94,194.02,231.48,199.94,187.84,188.76,193.18,185.28,184.12,184.78
1040,215.76,194.02,231.46,199.86,187.82,188.76,193.18,185.24,184.12,184.78
1041,215.74,194.0,231.46,199.82,187.8,188.76,193.18,185.24,184.12,184.78
1042,215.74,193.98,231.46,199.78,187.8,188.76,193.18,185.2,184.12,184.78
1043,215.64,193.96,231.44,199.74,187.76,188.76,193.18,185.2,184.12,184.78
1044,215.6,193.96,231.4,199.68,187.76,188.76,193.18,185.2,184.12,184.78
1045,215.5,193.96,231.36,199.66,187.72,188.76,193.18,185.2,184.12,184.78
1046,215.44,193.96,231.36,199.6,187.7,188.76,193.18,185.18,184.12,184.78
1047,215.44,193.94,231.34,199.54,187.7,188.76,193.18,185.16,184.12,184.78
1048,215.4,193.92,231.34,199.5,187.68,188.76,193.18,185.14,184.12,184.78
1049,215.4,193.92,231.34,199.32,187.68,188.76,193.18,185.14,184.12,184.78
1050,215.4,193.92,231.3,199.22,187.68,188.76,193.18,185.14,184.1,184.78
1051,215.36,193.9,231.28,199.2,187.68,188.76,193.18,185.12,184.1,184.78
1052,215.36,193.9,231.26,199.14,187.68,188.76,193.18,185.1,184.1,184.78
1053,215.36,193.9,231.16,199.06,187.66,188.7,193.18,185.08,184.1,184.78
1054,215.34,193.9,231.16,198.94,187.64,188.7,193.18,185.08,184.1,184.78
1055,215.28,193.9,231.12,198.92,187.64,188.7,193.18,185.06,184.1,184.78
1056,215.26,193.9,231.02,198.9,187.64,188.7,193.18,185.04,184.1,184.78
1057,215.22,193.9,230.94,198.86,187.62,188.7,193.18,185.0,184.1,184.78
1058,215.16,193.9,230.92,198.84,187.62,188.7,193.18,185.0,184.1,184.78
1059,215.14,193.9,230.84,198.8,187.58,188.7,193.18,185.0,184.1,184.78
1060,215.06,193.9,230.8,198.78,187.58,188.7,193.18,184.98,184.1,184.78
1061,215.04,193.9,230.74,198.76,187.58,188.68,193.18,184.98,184.1,184.78
1062,214.94,193.9,230.74,198.7,187.58,188.68,193.18,184.98,184.08,184.78
1063,214.92,193.9,230.68,198.64,187.56,188.68,193.18,184.98,184.08,184.78
1064,214.86,193.88,230.68,198.6,187.54,188.68,193.18,184.96,184.08,184.78
1065,214.84,193.88,230.56,198.52,187.54,188.64,193.18,184.96,184.08,184.78
1066,214.76,193.88,230.54,198.48,187.52,188.64,193.18,184.94,184.08,184.78
1067,214.7,193.88,230.5,198.48,187.5,188.64,193.18,184.94,184.08,184.78
1068,214.64,193.86,230.48,198.42,187.5,188.64,193.18,184.94,184.08,184.78
1069,214.6,193.86,230.44,198.36,187.48,188.62,193.18,184.94,184.08,184.78
1070,214.6,193.84,230.42,198.32,187.48,188.62,193.18,184.94,184.08,184.78
1071,214.6,193.82,230.4,198.28,187.46,188.62,193.18,184.9,184.08,184.78
1072,214.58,193.82,230.38,198.28,187.46,188.62,193.18,184.9,184.08,184.78
1073,214.52,193.82,230.38,198.26,187.4,188.62,193.18,184.88,184.08,184.78
1074,214.52,193.8,230.36,198.24,187.4,188.62,193.18,184.86,184.08,184.78
1075,214.5,193.8,230.36,198.22,187.4,188.62,193.18,184.84,184.08,184.78
1076,214.38,193.8,230.36,198.22,187.38,188.62,193.18,184.82,184.08,184.78
1077,214.34,193.8,230.36,198.2,187.38,188.62,193.18,184.82,184.08,184.78
1078,214.32,193.8,230.36,198.16,187.38,188.62,193.18,184.82,184.08,184.78
1079,214.28,193.8,230.32,198.1,187.38,188.62,193.18,184.82,184.08,184.78
1080,214.22,193.78,230.26,197.96,187.38,188.62,193.18,184.82,184.08,184.78
1081,214.22,193.78,230.24,197.88,187.38,188.62,193.18,184.82,184.08,184.78
1082,214.12,193.78,230.22,197.8,187.38,188.62,193.18,184.82,184.08,184.78
1083,214.12,193.74,230.08,197.76,187.38,188.6,193.18,184.82,184.08,184.78
1084,214.02,193.74,230.08,197.76,187.38,188.6,193.18,184.78,184.08,184.78
1085,213.98,193.74,230.08,197.58,187.38,188.6,193.18,184.74,184.08,184.78
1086,213.92,193.74,230.08,197.56,187.38,188.6,193.18,184.72,184.08,184.78
1087,213.84,193.74,229.98,197.46,187.38,188.6,193.18,184.72,184.06,184.78
1088,213.84,193.72,229.96,197.4,187.36,188.6,193.18,184.72,184.06,184.78
1089,213.8,193.7,229.92,197.36,187.32,188.6,193.18,184.7,184.06,184.78
1090,213.7,193.7,229.92,197.28,187.32,188.6,193.18,184.7,184.06,184.78
1091,213.68,193.7,229.9,197.26,187.32,188.58,193.18,184.66,184.06,184.78
1092,213.6,193.7,229.84,197.22,187.32,188.58,193.18,184.66,184.06,184.78
1093,213.56,193.7,229.82,197.16,187.3,188.58,193.18,184.66,184.06,184.78
1094,213.54,193.66,229.82,197.14,187.28,188.58,193.18,184.66,184.06,184.78
1095,213.52,193.66,229.8,197.12,187.24,188.58,193.18,184.66,184.06,184.78
1096,213.48,193.66,229.72,197.1,187.24,188.58,193.18,184.66,184.06,184.78
1097,213.48,193.64,229.66,197.04,187.24,188.58,193.18,184.66,184.06,184.78
1098,213.42,193.64,229.66,197.02,187.24,188.58,193.18,184.66,184.06,184.78
1099,213.3,193.64,229.62,197.0,187.24,188.58,193.18,184.66,184.06,184.78
1100,213.3,193.64,229.6,196.94,187.24,188.56,193.18,184.64,184.06,184.78
1101,213.2,193.64,229.56,196.88,187.24,188.56,193.18,184.64,184.06,184.78
1102,213.18,193.64,229.52,196.84,187.24,188.56,193.18,184.64,184.06,184.78
1103,213.1,193.64,229.46,196.82,187.24,188.56,193.18,184.64,184.06,184.78
1104,213.08,193.62,229.46,196.8,187.22,188.56,193.18,184.62,184.06,184.78
1105,213.0,193.62,229.46,196.76,187.18,188.56,193.18,184.6,184.06,184.78
1106,212.94,193.62,229.38,196.7,187.16,188.56,193.18,184.58,184.06,184.78
1107,212.94,193.6,229.32,196.7,187.14,188.56,193.18,184.58,184.06,184.78
1108,212.86,193.6,229.26,196.68,187.14,188.56,193.18,184.58,184.06,184.78
1109,212.84,193.6,229.2,196.68,187.12,188.56,193.18,184.58,184.06,184.78
1110,212.82,193.58,229.12,196.66,187.12,188.56,193.18,184.58,184.06,184.78
1111,212.82,193.58,229.12,196.66,187.1,188.56,193.18,184.58,184.06,184.78
1112,212.72,193.58,229.12,196.58,187.1,188.56,193.18,184.58,184.06,184.78
1113,212.7,193.58,229.08,196.54,187.08,188.56,193.18,184.58,184.06,184.78
1114,212.66,193.58,229.08,196.48,187.08,188.56,193.18,184.58,184.06,184.78
1115,212.64,193.58,229.08,196.44,187.08,188.54,193.18,184.58,184.06,184.78
1116,212.64,193.58,229.04,196.44,187.08,188.54,193.18,184.58,184.06,184.78
1117,212.6,193.56,228.98,196.42,187.08,188.54,193.18,184.56,184.04,184.78
1118,212.56,193.54,228.98,196.42,187.08,188.54,193.18,184.56,184.04,184.78
1119,212.46,193.54,228.98,196.4,187.06,188.54,193.18,184.56,184.04,184.78
1120,212.4,193.5,228.98,196.4,187.04,188.54,193.18,184.56,184.04,184.78
1121,212.32,193.5,228.94,196.38,187.04,188.54,193.18,184.56,184.04,184.78
1122,212.26,193.5,228.9,196.3,187.04,188.54,193.18,184.56,184.04,184.78
1123,212.26,193.48,228.9,196.3,187.04,188.54,193.18,184.54,184.04,184.78
1124,212.2,193.48,228.82,196.22,187.02,188.54,193.18,184.54,184.04,184.78
1125,212.18,193.48,228.82,196.18,187.0,188.54,193.18,184.54,184.04,184.78
1126,212.12,193.48,228.76,196.16,186.98,188.54,193.18,184.54,184.04,184.78
1127,212.12,193.48,228.72,196.14,186.98,188.54,193.18,184.54,184.04,184.78
1128,212.04,193.48,228.72,196.06,186.98,188.54,193.18,184.5,184.04,184.78
1129,212.04,193.46,228.7,196.04,186.98,188.54,193.18,184.5,184.04,184.78
1130,211.98,193.46,228.7,196.02,186.98,188.54,193.18,184.5,184.04,184.78
1131,211.98,193.44,228.62,195.98,186.94,188.54,193.18,184.46,184.04,184.78
1132,211.96,193.44,228.58,195.9,186.94,188.54,193.18,184.46,184.04,184.78
1133,211.94,193.42,228.58,195.82,186.94,188.54,193.18,184.44,184.04,184.78
1134,211.9,193.42,228.52,195.72,186.94,188.54,193.18,184.44,184.04,184.78
1135,211.74,193.42,228.48,195.68,186.94,188.54,193.18,184.42,184.04,184.78
1136,211.64,193.42,228.46,195.64,186.94,188.54,193.18,184.42,184.04,184.78
1137,211.62,193.42,228.38,195.58,186.94,188.54,193.18,184.42,184.02,184.78
1138,211.56,193.42,228.38,195.58,186.94,188.54,193.18,184.42,184.02,184.78
1139,211.48,193.42,228.38,195.46,186.92,188.54,193.18,184.42,184.02,184.78
1140,211.44,193.42,228.38,195.46,186.92,188.54,193.18,184.42,184.02,184.78
1141,211.34,193.4,228.36,195.42,186.92,188.54,193.18,184.42,184.02,184.78
1142,211.28,193.4,228.28,195.34,186.92,188.54,193.18,184.4,184.02,184.78
1143,211.24,193.4,228.24,195.3,186.92,188.54,193.18,184.38,184.02,184.78
1144,211.22,193.4,228.22,195.26,186.92,188.54,193.18,184.38,184.02,184.78
1145,211.2,193.4,228.02,195.2,186.92,188.54,193.18,184.36,184.02,184.78
1146,211.16,193.36,228.02,195.16,186.9,188.54,193.18,184.36,184.02,184.78
1147,211.08,193.36,227.98,195.16,186.9,188.52,193.18,184.36,184.02,184.78
1148,211.04,193.36,227.96,195.14,186.9,188.52,193.18,184.34,184.02,184.78
1149,211.0,193.36,227.92,195.14,186.9,188.52,193.18,184.3,184.02,184.78
1150,210.96,193.36,227.9,195.06,186.9,188.52,193.18,184.3,184.02,184.78
1151,210.94,193.36,227.76,195.0,186.9,188.52,193.18,184.3,184.02,184.78
1152,210.9,193.34,227.72,194.98,186.9,188.52,193.18,184.3,184.02,184.78
1153,210.9,193.34,227.7,194.96,186.88,188.52,193.18,184.3,184.02,184.78
1154,210.84,193.34,227.7,194.9,186.88,188.52,193.18,184.28,184.02,184.78
1155,210.82,193.34,227.68,194.86,186.86,188.52,193.18,184.28,184.02,184.78
1156,210.8,193.34,227.64,194.84,186.84,188.52,193.18,184.28,184.02,184.78
1157,210.78,193.34,227.54,194.82,186.84,188.52,193.18,184.28,184.02,184.78
1158,210.78,193.32,227.5,194.78,186.84,188.52,193.18,184.28,184.02,184.78
1159,210.76,193.32,227.48,194.78,186.84,188.52,193.18,184.28,184.02,184.78
1160,210.74,193.32,227.44,194.74,186.84,188.52,193.18,184.28,184.02,184.78
1161,210.66,193.3,227.42,194.68,186.84,188.52,193.18,184.26,184.0,184.78
1162,210.62,193.24,227.38,194.66,186.84,188.52,193.18,184.26,184.0,184.78
1163,210.6,193.24,227.38,194.64,186.84,188.52,193.18,184.24,184.0,184.78
1164,210.58,193.24,227.38,194.62,186.84,188.52,193.18,184.24,184.0,184.78
1165,210.56,193.24,227.38,194.56,186.84,188.52,193.18,184.22,184.0,184.78
1166,210.52,193.24,227.36,194.52,186.84,188.52,193.18,184.22,184.0,184.78
1167,210.44,193.24,227.36,194.5,186.82,188.52,193.18,184.22,184.0,184.78
1168,210.34,193.22,227.36,194.48,186.8,188.52,193.18,184.22,184.0,184.78
1169,210.26,193.22,227.32,194.46,186.8,188.52,193.18,184.22,184.0,184.76
1170,210.22,193.22,227.32,194.44,186.8,188.52,193.18,184.22,184.0,184.76
1171,210.18,193.22,227.32,194.44,186.8,188.52,193.18,184.22,184.0,184.76
1172,210.12,193.22,227.26,194.44,186.8,188.52,193.18,184.22,184.0,184.76
1173,210.1,193.22,227.24,194.42,186.78,188.52,193.18,184.22,184.0,184.76
1174,210.06,193.22,227.08,194.4,186.76,188.52,193.18,184.22,184.0,184.76
1175,210.0,193.2,227.08,194.36,186.76,188.52,193.18,184.22,184.0,184.76
1176,209.98,193.2,227.04,194.32,186.76,188.52,193.18,184.22,184.0,184.76
1177,209.96,193.2,227.02,194.26,186.76,188.52,193.18,184.22,184.0,184.76
1178,209.9,193.2,226.96,194.26,186.76,188.52,193.18,184.22,184.0,184.76
1179,209.82,193.2,226.96,194.18,186.76,188.52,193.18,184.22,184.0,184.76
1180,209.78,193.18,226.96,194.08,186.76,188.52,193.18,184.2,184.0,184.76
1181,209.78,193.18,226.96,194.06,186.76,188.52,193.18,184.18,184.0,184.76
1182,209.76,193.18,226.92,194.02,186.76,188.52,193.18,184.16,184.0,184.76
1183,209.76,193.18,226.92,194.02,186.72,188.52,193.18,184.16,184.0,184.76
1184,209.7,193.18,226.9,193.92,186.72,188.52,193.18,184.16,184.0,184.76
1185,209.58,193.18,226.9,193.92,186.7,188.52,193.18,184.16,184.0,184.76
1186,209.52,193.18,226.88,193.92,186.7,188.52,193.18,184.16,184.0,184.76
1187,209.42,193.18,226.86,193.92,186.68,188.52,193.18,184.16,184.0,184.76
1188,209.34,193.16,226.86,193.88,186.68,188.52,193.18,184.14,184.0,184.76
1189,209.28,193.14,226.76,193.84,186.68,188.52,193.18,184.14,184.0,184.76
1190,209.22,193.12,226.76,193.8,186.68,188.52,193.18,184.14,184.0,184.76
1191,209.22,193.1,226.74,193.78,186.66,188.52,193.18,184.14,184.0,184.76
1192,209.2,193.08,226.74,193.74,186.66,188.52,193.18,184.14,184.0,184.76
1193,209.2,193.08,226.7,193.72,186.66,188.52,193.18,184.14,183.98,184.76
1194,209.14,193.08,226.64,193.72,186.66,188.52,193.18,184.14,183.98,184.76
1195,209.12,193.08,226.64,193.7,186.66,188.52,193.18,184.14,183.98,184.76
1196,209.1,193.08,226.6,193.66,186.66,188.52,193.18,184.14,183.98,184.76
1197,209.08,193.06,226.6,193.64,186.66,188.52,193.18,184.12,183.98,184.76
1198,209.08,193.06,226.58,193.64,186.66,188.5,193.18,184.1,183.98,184.76
1199,209.04,193.04,226.58,193.6,186.66,188.5,193.18,184.1,183.98,184.76
1200,208.98,193.04,226.58,193.58,186.66,188.5,193.18,184.1,183.98,184.76
1201,208.98,193.04,226.58,193.56,186.66,188.48,193.18,184.1,183.98,184.76
1202,208.92,193.04,226.54,193.52,186.6,188.48,193.18,184.1,183.98,184.76
1203,208.84,193.04,226.54,193.44,186.6,188.48,193.18,184.1,183.98,184.76
1204,208.8,193.04,226.5,193.44,186.6,188.48,193.18,184.08,183.98,184.76
1205,208.72,193.02,226.48,193.34,186.58,188.48,193.18,184.06,183.98,184.76
1206,208.68,193.02,226.28,193.26,186.58,188.48,193.18,184.06,183.98,184.76
1207,208.68,193.0,226.28,193.22,186.56,188.48,193.18,184.06,183.98,184.76
1208,208.66,192.98,226.28,193.22,186.54,188.48,193.18,184.06,183.98,184.76
1209,208.64,192.96,226.26,193.2,186.52,188.48,193.18,184.06,183.98,184.76
1210,208.64,192.92,226.26,193.12,186.52,188.48,193.18,184.06,183.98,184.76
1211,208.64,192.9,226.18,193.06,186.52,188.48,193.18,184.06,183.98,184.76
1212,208.62,192.9,226.18,193.04,186.52,188.48,193.18,184.06,183.98,184.76
1213,208.54,192.9,226.14,192.98,186.52,188.48,193.18,184.06,183.98,184.76
1214,208.48,192.9,226.1,192.94,186.5,188.48,193.18,184.06,183.98,184.76
1215,208.38,192.9,226.06,192.92,186.5,188.48,193.18,184.06,183.98,184.76
1216,208.38,192.9,226.04,192.92,186.5,188.48,193.18,184.06,183.98,184.76
1217,208.28,192.9,226.02,192.9,186.5,188.48,193.18,184.06,183.98,184.76
1218,208.24,192.9,226.02,192.88,186.5,188.48,193.18,184.06,183.98,184.76
1219,208.2,192.9,226.0,192.78,186.5,188.48,193.18,184.04,183.98,184.76
1220,208.16,192.88,225.92,192.76,186.5,188.48,193.18,184.02,183.98,184.76
1221,208.14,192.88,225.88,192.72,186.5,188.48,193.18,184.0,183.98,184.76
1222,208.08,192.88,225.78,192.68,186.5,188.48,193.18,184.0,183.98,184.76
1223,208.06,192.86,225.78,192.66,186.5,188.48,193.18,184.0,183.98,184.76
1224,208.04,192.86,225.78,192.66,186.5,188.48,193.18,184.0,183.98,184.76
1225,208.04,192.86,225.78,192.6,186.5,188.48,193.18,184.0,183.98,184.76
1226,208.04,192.84,225.76,192.58,186.5,188.48,193.18,184.0,183.98,184.76
1227,208.02,192.84,225.76,192.52,186.5,188.48,193.18,183.98,183.98,184.76
1228,208.0,192.82,225.7,192.5,186.5,188.48,193.18,183.96,183.98,184.76
1229,207.98,192.82,225.66,192.42,186.5,188.48,193.18,183.96,183.98,184.76
1230,207.92,192.82,225.66,192.4,186.5,188.48,193.18,183.96,183.98,184.76
1231,207.92,192.82,225.64,192.38,186.5,188.48,193.18,183.94,183.98,184.76
1232,207.84,192.82,225.62,192.34,186.5,188.48,193.18,183.92,183.98,184.76
1233,207.82,192.82,225.6,192.3,186.5,188.48,193.18,183.9,183.98,184.76
1234,207.8,192.82,225.58,192.18,186.5,188.48,193.18,183.9,183.98,184.76
1235,207.7,192.82,225.52,192.18,186.46,188.48,193.18,183.9,183.98,184.76
1236,207.6,192.82,225.5,192.16,186.44,188.48,193.18,183.9,183.98,184.76
1237,207.56,192.82,225.48,192.14,186.44,188.48,193.18,183.9,183.98,184.76
1238,207.56,192.82,225.46,192.1,186.42,188.48,193.18,183.9,183.98,184.76
1239,207.52,192.82,225.44,192.04,186.42,188.48,193.18,183.9,183.98,184.76
1240,207.52,192.82,225.42,192.02,186.42,188.48,193.18,183.9,183.98,184.76
1241,207.48,192.8,225.38,191.98,186.42,188.48,193.18,183.9,183.98,184.76
1242,207.38,192.78,225.28,191.94,186.42,188.48,193.18,183.9,183.98,184.76
1243,207.36,192.78,225.26,191.94,186.4,188.48,193.18,183.9,183.98,184.76
1244,207.34,192.78,225.26,191.9,186.4,188.48,193.18,183.9,183.98,184.76
1245,207.32,192.78,225.26,191.86,186.4,188.48,193.18,183.9,183.98,184.76
1246,207.24,192.78,225.26,191.86,186.38,188.48,193.18,183.9,183.98,184.76
1247,207.2,192.78,225.18,191.86,186.38,188.48,193.18,183.9,183.98,184.76
1248,207.18,192.78,225.12,191.84,186.38,188.48,193.18,183.9,183.98,184.76
1249,207.12,192.76,225.02,191.82,186.38,188.48,193.18,183.9,183.98,184.76
1250,207.1,192.76,225.0,191.8,186.34,188.48,193.18,183.9,183.98,184.76
1251,207.04,192.76,224.9,191.76,186.34,188.48,193.18,183.9,183.98,184.76
1252,207.04,192.76,224.86,191.72,186.32,188.48,193.18,183.88,183.98,184.76
1253,206.96,192.76,224.86,191.7,186.3,188.48,193.18,183.88,183.98,184.76
1254,206.94,192.76,224.8,191.68,186.3,188.48,193.18,183.88,183.98,184.76
1255,206.9,192.76,224.74,191.62,186.3,188.48,193.18,183.84,183.98,184.76
1256,206.88,192.76,224.7,191.62,186.3,188.48,193.18,183.84,183.98,184.76
1257,206.86,192.76,224.66,191.6,186.3,188.48,193.18,183.84,183.98,184.76
1258,206.82,192.76,224.6,191.6,186.3,188.48,193.18,183.84,183.98,184.76
1259,206.8,192.76,224.6,191.54,186.3,188.48,193.18,183.84,183.96,184.76
1260,206.76,192.76,224.54,191.54,186.3,188.48,193.18,183.84,183.96,184.76
1261,206.74,192.74,224.54,191.5,186.3,188.48,193.18,183.84,183.96,184.76
1262,206.72,192.74,224.54,191.44,186.3,188.48,193.18,183.84,183.96,184.76
1263,206.7,192.74,224.5,191.36,186.3,188.48,193.18,183.84,183.96,184.76
1264,206.68,192.74,224.5,191.3,186.3,188.48,193.18,183.84,183.96,184.76
1265,206.68,192.74,224.46,191.26,186.3,188.48,193.18,183.84,183.96,184.76
1266,206.64,192.74,224.4,191.26,186.3,188.48,193.18,183.84,183.96,184.76
1267,206.56,192.74,224.4,191.26,186.3,188.48,193.18,183.84,183.96,184.76
1268,206.46,192.74,224.36,191.22,186.3,188.48,193.18,183.82,183.96,184.76
1269,206.36,192.74,224.28,191.22,186.3,188.48,193.18,183.82,183.96,184.76
1270,206.36,192.74,224.2,191.2,186.3,188.48,193.18,183.82,183.96,184.76
1271,206.32,192.74,224.16,191.16,186.3,188.48,193.18,183.82,183.96,184.76
1272,206.32,192.74,224.14,191.14,186.3,188.48,193.18,183.8,183.96,184.76
1273,206.26,192.72,224.14,191.1,186.3,188.48,193.18,183.8,183.96,184.76
1274,206.22,192.72,224.12,191.04,186.3,188.48,193.18,183.8,183.96,184.76
1275,206.22,192.72,224.06,191.02,186.3,188.48,193.18,183.8,183.94,184.76
1276,206.18,192.72,224.02,191.0,186.28,188.48,193.18,183.8,183.94,184.76
1277,206.18,192.72,223.96,190.98,186.28,188.48,193.18,183.8,183.94,184.76
1278,206.1,192.72,223.96,190.98,186.28,188.48,193.18,183.8,183.94,184.76
1279,206.04,192.7,223.96,190.98,186.28,188.48,193.18,183.8,183.94,184.76
1280,205.98,192.7,223.96,190.88,186.28,188.48,193.18,183.8,183.94,184.76
1281,205.94,192.7,223.96,190.88,186.28,188.48,193.18,183.8,183.94,184.76
1282,205.92,192.7,223.96,190.86,186.28,188.48,193.18,183.8,183.94,184.76
1283,205.9,192.7,223.92,190.84,186.26,188.48,193.18,183.78,183.94,184.76
1284,205.84,192.68,223.88,190.84,186.26,188.48,193.18,183.78,183.94,184.76
1285,205.82,192.66,223.84,190.82,186.26,188.48,193.18,183.78,183.94,184.76
1286,205.82,192.66,223.84,190.82,186.26,188.48,193.18,183.78,183.94,184.76
1287,205.78,192.66,223.82,190.8,186.26,188.48,193.18,183.78,183.94,184.76
1288,205.74,192.66,223.76,190.8,186.26,188.48,193.18,183.78,183.94,184.76
1289,205.66,192.66,223.72,190.8,186.26,188.48,193.18,183.78,183.94,184.76
1290,205.64,192.66,223.7,190.8,186.26,188.48,193.18,183.78,183.94,184.76
1291,205.64,192.66,223.68,190.78,186.26,188.48,193.18,183.78,183.94,184.76
1292,205.6,192.66,223.62,190.74,186.26,188.48,193.18,183.78,183.94,184.76
1293,205.54,192.64,223.58,190.7,186.26,188.48,193.18,183.78,183.94,184.76
1294,205.5,192.64,223.54,190.7,186.26,188.48,193.18,183.78,183.94,184.76
1295,205.5,192.64,223.52,190.66,186.26,188.48,193.18,183.78,183.94,184.76
1296,205.44,192.64,223.44,190.62,186.26,188.48,193.18,183.78,183.94,184.76
1297,205.4,192.64,223.44,190.6,186.26,188.48,193.18,183.78,183.94,184.76
1298,205.34,192.64,223.42,190.54,186.26,188.48,193.18,183.78,183.94,184.76
1299,205.32,192.64,223.4,190.52,186.26,188.48,193.18,183.78,183.94,184.76
1300,205.28,192.64,223.4,190.52,186.26,188.48,193.18,183.78,183.94,184.74
1301,205.26,192.64,223.38,190.5,186.26,188.48,193.18,183.78,183.94,184.74
1302,205.22,192.64,223.38,190.5,186.26,188.48,193.18,183.78,183.94,184.74
1303,205.18,192.64,223.36,190.5,186.26,188.48,193.18,183.78,183.94,184.74
1304,205.16,192.64,223.32,190.46,186.26,188.48,193.18,183.78,183.94,184.74
1305,205.14,192.64,223.28,190.44,186.26,188.48,193.18,183.78,183.94,184.74
1306,205.06,192.64,223.22,190.4,186.26,188.48,193.18,183.78,183.94,184.74
1307,204.96,192.64,223.22,190.38,186.26,188.48,193.18,183.78,183.94,184.74
1308,204.94,192.64,223.22,190.38,186.24,188.48,193.18,183.78,183.94,184.74
1309,204.9,192.64,223.14,190.34,186.24,188.48,193.18,183.78,183.94,184.74
1310,204.86,192.62,223.1,190.26,186.24,188.48,193.18,183.78,183.94,184.74
1311,204.82,192.62,223.06,190.26,186.24,188.48,193.18,183.78,183.94,184.74
1312,204.76,192.62,223.04,190.26,186.24,188.48,193.18,183.78,183.94,184.74
1313,204.76,192.62,223.04,190.2,186.24,188.48,193.18,183.78,183.94,184.74
1314,204.72,192.62,223.02,190.18,186.24,188.48,193.18,183.76,183.94,184.74
1315,204.68,192.62,223.02,190.14,186.24,188.48,193.18,183.76,183.94,184.74
1316,204.64,192.62,223.0,190.14,186.24,188.48,193.18,183.76,183.94,184.74
1317,204.64,192.62,222.98,190.1,186.22,188.48,193.18,183.76,183.94,184.74
1318,204.6,192.62,222.92,190.08,186.22,188.48,193.18,183.74,183.94,184.74
1319,204.58,192.62,222.92,190.08,186.22,188.48,193.18,183.72,183.94,184.74
1320,204.56,192.62,222.88,190.06,186.22,188.48,193.18,183.72,183.94,184.74
1321,204.54,192.62,222.88,190.02,186.22,188.48,193.18,183.72,183.94,184.74
1322,204.5,192.62,222.86,189.98,186.18,188.48,193.18,183.72,183.94,184.74
1323,204.48,192.62,222.8,189.96,186.18,188.48,193.18,183.72,183.94,184.74
1324,204.4,192.62,222.74,189.9,186.18,188.48,193.18,183.72,183.94,184.74
1325,204.28,192.62,222.72,189.9,186.18,188.48,193.18,183.72,183.94,184.74
1326,204.26,192.62,222.64,189.86,186.18,188.48,193.18,183.72,183.94,184.74
1327,204.24,192.6,222.62,189.84,186.18,188.48,193.18,183.72,183.94,184.74
1328,204.22,192.6,222.56,189.84,186.18,188.48,193.18,183.72,183.94,184.74
1329,204.2,192.6,222.54,189.82,186.18,188.48,193.18,183.72,183.94,184.74
1330,204.18,192.6,222.52,189.8,186.16,188.48,193.18,183.72,183.94,184.74
1331,204.16,192.6,222.46,189.74,186.16,188.48,193.18,183.72,183.94,184.74
1332,204.12,192.58,222.46,189.74,186.16,188.48,193.18,183.72,183.94,184.74
1333,204.0,192.58,222.46,189.72,186.16,188.48,193.18,183.72,183.94,184.74
1334,203.98,192.58,222.44,189.68,186.16,188.48,193.18,183.72,183.94,184.74
1335,203.98,192.58,222.42,189.6,186.16,188.48,193.18,183.72,183.94,184.74
1336,203.96,192.58,222.36,189.58,186.16,188.48,193.18,183.72,183.94,184.74
1337,203.88,192.58,222.34,189.56,186.16,188.48,193.18,183.7,183.94,184.74
1338,203.84,192.58,222.34,189.5,186.16,188.48,193.18,183.7,183.94,184.74
1339,203.76,192.58,222.32,189.48,186.16,188.48,193.18,183.7,183.94,184.74
1340,203.74,192.56,222.28,189.48,186.14,188.48,193.18,183.7,183.94,184.74
1341,203.64,192.56,222.2,189.48,186.14,188.48,193.18,183.7,183.94,184.74
1342,203.6,192.56,222.18,189.48,186.14,188.48,193.18,183.68,183.94,184.74
1343,203.56,192.54,222.12,189.48,186.14,188.48,193.18,183.68,183.94,184.74
1344,203.54,192.54,222.12,189.42,186.14,188.48,193.18,183.68,183.94,184.74
1345,203.48,192.54,222.06,189.38,186.14,188.48,193.18,183.68,183.94,184.74
1346,203.46,192.54,221.98,189.38,186.14,188.48,193.18,183.68,183.94,184.74
1347,203.38,192.54,221.94,189.38,186.14,188.48,193.18,183.68,183.94,184.74
1348,203.38,192.54,221.94,189.32,186.14,188.48,193.18,183.68,183.94,184.74
1349,203.36,192.54,221.8,189.32,186.14,188.48,193.18,183.68,183.94,184.74
1350,203.3,192.52,221.8,189.32,186.14,188.48,193.18,183.68,183.94,184.74
1351,203.3,192.52,221.78,189.3,186.14,188.48,193.18,183.68,183.94,184.74
1352,203.26,192.52,221.74,189.28,186.14,188.48,193.18,183.68,183.94,184.74
1353,203.22,192.52,221.72,189.26,186.14,188.48,193.18,183.68,183.94,184.74
1354,203.22,192.52,221.68,189.26,186.12,188.48,193.18,183.68,183.94,184.74
1355,203.22,192.52,221.62,189.24,186.12,188.48,193.18,183.68,183.94,184.74
1356,203.22,192.5,221.6,189.22,186.12,188.48,193.18,183.68,183.94,184.74
1357,203.1,192.48,221.58,189.16,186.12,188.48,193.18,183.68,183.94,184.74
1358,203.1,192.48,221.52,189.12,186.12,188.46,193.18,183.68,183.94,184.74
1359,203.08,192.48,221.48,189.08,186.12,188.46,193.18,183.68,183.94,184.74
1360,203.04,192.48,221.48,189.06,186.12,188.46,193.18,183.68,183.94,184.74
1361,203.0,192.48,221.42,189.04,186.12,188.46,193.18,183.68,183.94,184.74
1362,203.0,192.46,221.36,189.04,186.12,188.46,193.18,183.68,183.94,184.74
1363,203.0,192.46,221.2,189.0,186.12,188.46,193.18,183.68,183.94,184.74
1364,202.94,192.46,221.2,189.0,186.12,188.46,193.18,183.68,183.94,184.74
1365,202.9,192.46,221.18,189.0,186.12,188.46,193.18,183.68,183.94,184.74
1366,202.88,192.44,221.16,189.0,186.12,188.46,193.18,183.68,183.94,184.74
1367,202.76,192.44,221.08,188.94,186.12,188.46,193.18,183.68,183.94,184.74
1368,202.7,192.44,221.08,188.94,186.12,188.46,193.18,183.68,183.94,184.74
1369,202.68,192.44,221.06,188.92,186.12,188.46,193.18,183.68,183.94,184.74
1370,202.68,192.44,221.06,188.9,186.12,188.46,193.18,183.68,183.94,184.74
1371,202.66,192.44,220.96,188.9,186.12,188.44,193.18,183.68,183.94,184.74
1372,202.64,192.44,220.86,188.86,186.12,188.44,193.18,183.68,183.94,184.74
1373,202.54,192.44,220.82,188.84,186.12,188.44,193.18,183.68,183.94,184.74
1374,202.52,192.44,220.82,188.84,186.12,188.44,193.18,183.68,183.94,184.74
1375,202.52,192.44,220.68,188.82,186.12,188.44,193.18,183.68,183.94,184.74
1376,202.48,192.44,220.68,188.78,186.12,188.44,193.18,183.68,183.94,184.74
1377,202.44,192.44,220.68,188.78,186.12,188.44,193.18,183.68,183.94,184.74
1378,202.42,192.44,220.64,188.78,186.12,188.44,193.18,183.68,183.94,184.74
1379,202.38,192.44,220.62,188.78,186.12,188.44,193.18,183.68,183.94,184.74
1380,202.32,192.44,220.58,188.74,186.12,188.44,193.18,183.68,183.94,184.74
1381,202.3,192.44,220.54,188.74,186.12,188.44,193.18,183.68,183.94,184.74
1382,202.28,192.44,220.54,188.72,186.12,188.44,193.18,183.68,183.94,184.74
1383,202.26,192.44,220.52,188.66,186.12,188.44,193.18,183.68,183.94,184.74
1384,202.24,192.44,220.5,188.66,186.12,188.44,193.18,183.68,183.94,184.74
1385,202.24,192.44,220.46,188.66,186.12,188.44,193.18,183.68,183.94,184.74
1386,202.2,192.44,220.46,188.64,186.12,188.44,193.18,183.68,183.94,184.74
1387,202.2,192.44,220.46,188.64,186.12,188.44,193.18,183.68,183.94,184.74
1388,202.18,192.44,220.42,188.62,186.12,188.44,193.18,183.68,183.94,184.74
1389,202.16,192.44,220.4,188.62,186.12,188.44,193.18,183.68,183.94,184.74
1390,202.12,192.44,220.38,188.62,186.12,188.44,193.18,183.68,183.94,184.74
1391,202.1,192.44,220.38,188.62,186.12,188.44,193.18,183.68,183.94,184.74
1392,202.1,192.44,220.34,188.62,186.12,188.44,193.18,183.68,183.94,184.74
1393,202.06,192.44,220.3,188.62,186.12,188.44,193.18,183.68,183.94,184.74
1394,202.06,192.44,220.26,188.58,186.12,188.44,193.18,183.68,183.94,184.74
1395,202.02,192.44,220.24,188.58,186.12,188.44,193.18,183.68,183.94,184.74
1396,201.96,192.44,220.22,188.58,186.1,188.44,193.18,183.68,183.94,184.74
1397,201.88,192.44,220.12,188.54,186.08,188.44,193.18,183.68,183.94,184.74
1398,201.78,192.44,220.02,188.52,186.08,188.44,193.18,183.68,183.94,184.74
1399,201.76,192.44,219.98,188.52,186.08,188.44,193.18,183.68,183.94,184.74
1400,201.76,192.44,219.88,188.52,186.08,188.44,193.18,183.68,183.94,184.74
1401,201.7,192.44,219.82,188.52,186.08,188.44,193.18,183.68,183.94,184.74
1402,201.7,192.42,219.76,188.48,186.08,188.44,193.18,183.66,183.94,184.74
1403,201.64,192.42,219.76,188.48,186.08,188.44,193.18,183.66,183.94,184.74
1404,201.62,192.42,219.7,188.46,186.08,188.44,193.18,183.66,183.94,184.74
1405,201.62,192.42,219.7,188.46,186.08,188.44,193.18,183.66,183.94,184.74
1406,201.6,192.4,219.7,188.44,186.08,188.44,193.18,183.66,183.94,184.74
1407,201.6,192.38,219.68,188.42,186.08,188.44,193.18,183.66,183.94,184.74
1408,201.58,192.38,219.68,188.4,186.08,188.44,193.18,183.66,183.94,184.74
1409,201.56,192.38,219.66,188.4,186.08,188.44,193.18,183.66,183.94,184.74
1410,201.46,192.38,219.64,188.36,186.08,188.44,193.18,183.66,183.94,184.74
1411,201.38,192.38,219.62,188.34,186.08,188.44,193.18,183.66,183.94,184.74
1412,201.38,192.38,219.6,188.34,186.08,188.44,193.18,183.66,183.94,184.74
1413,201.38,192.38,219.5,188.34,186.06,188.44,193.18,183.66,183.94,184.74
1414,201.34,192.38,219.46,188.3,186.06,188.44,193.18,183.66,183.94,184.74
1415,201.32,192.38,219.46,188.28,186.06,188.44,193.18,183.66,183.94,184.74
1416,201.28,192.36,219.42,188.26,186.04,188.44,193.18,183.66,183.94,184.74
1417,201.24,192.36,219.34,188.26,186.0,188.44,193.18,183.66,183.94,184.74
1418,201.2,192.36,219.34,188.24,186.0,188.44,193.18,183.66,183.94,184.74
1419,201.12,192.36,219.3,188.22,186.0,188.44,193.18,183.66,183.94,184.74
1420,201.12,192.36,219.26,188.22,186.0,188.44,193.18,183.66,183.94,184.74
1421,201.1,192.36,219.24,188.22,186.0,188.44,193.18,183.64,183.94,184.74
1422,201.08,192.36,219.18,188.22,185.98,188.44,193.18,183.64,183.94,184.74
1423,201.08,192.36,219.16,188.2,185.98,188.44,193.18,183.64,183.94,184.74
1424,201.06,192.36,219.04,188.2,185.98,188.44,193.18,183.64,183.94,184.74
1425,201.04,192.36,218.98,188.18,185.96,188.44,193.18,183.64,183.94,184.74
1426,201.0,192.36,218.96,188.18,185.96,188.44,193.18,183.64,183.94,184.74
1427,200.98,192.36,218.96,188.16,185.96,188.44,193.18,183.64,183.94,184.74
1428,200.96,192.36,218.88,188.12,185.96,188.44,193.18,183.64,183.94,184.74
1429,200.92,192.36,218.86,188.12,185.96,188.44,193.18,183.64,183.94,184.74
1430,200.92,192.36,218.82,188.1,185.96,188.44,193.18,183.64,183.94,184.74
1431,200.9,192.36,218.82,188.08,185.96,188.44,193.18,183.64,183.94,184.74
1432,200.88,192.36,218.82,188.04,185.96,188.44,193.18,183.62,183.94,184.74
1433,200.86,192.36,218.76,188.02,185.96,188.44,193.18,183.62,183.94,184.74
1434,200.84,192.36,218.72,188.02,185.96,188.44,193.18,183.62,183.94,184.74
1435,200.82,192.36,218.68,187.98,185.96,188.44,193.18,183.62,183.94,184.74
1436,200.78,192.36,218.66,187.98,185.96,188.44,193.18,183.62,183.94,184.74
1437,200.7,192.36,218.62,187.94,185.96,188.44,193.18,183.62,183.94,184.74
1438,200.66,192.36,218.6,187.94,185.96,188.44,193.18,183.62,183.94,184.74
1439,200.6,192.36,218.58,187.94,185.96,188.44,193.18,183.62,183.94,184.74
1440,200.58,192.36,218.58,187.92,185.96,188.44,193.18,183.62,183.94,184.74
1441,200.56,192.36,218.56,187.88,185.96,188.44,193.18,183.62,183.94,184.74
1442,200.54,192.36,218.48,187.84,185.96,188.44,193.18,183.62,183.94,184.74
1443,200.48,192.36,218.42,187.8,185.96,188.44,193.18,183.62,183.94,184.74
1444,200.48,192.36,218.38,187.76,185.96,188.44,193.18,183.62,183.94,184.74
1445,200.4,192.36,218.38,187.76,185.96,188.44,193.18,183.62,183.94,184.74
1446,200.38,192.36,218.34,187.74,185.96,188.44,193.18,183.6,183.94,184.74
1447,200.34,192.36,218.28,187.74,185.94,188.44,193.18,183.6,183.94,184.74
1448,200.32,192.36,218.28,187.72,185.94,188.44,193.18,183.6,183.94,184.74
1449,200.28,192.36,218.26,187.72,185.94,188.44,193.18,183.6,183.94,184.74
1450,200.22,192.36,218.26,187.72,185.94,188.44,193.18,183.6,183.94,184.74
1451,200.22,192.36,218.2,187.72,185.94,188.44,193.18,183.6,183.94,184.74
1452,200.2,192.36,218.16,187.72,185.94,188.44,193.18,183.6,183.94,184.74
1453,200.2,192.36,218.14,187.72,185.94,188.44,193.18,183.58,183.94,184.74
1454,200.16,192.36,218.12,187.72,185.94,188.44,193.18,183.58,183.94,184.74
1455,200.14,192.36,218.08,187.72,185.94,188.44,193.18,183.58,183.94,184.74
1456,200.12,192.36,218.06,187.72,185.94,188.44,193.18,183.58,183.94,184.74
1457,200.08,192.36,218.02,187.72,185.94,188.44,193.18,183.58,183.94,184.74
1458,200.0,192.36,217.96,187.72,185.94,188.44,193.18,183.58,183.94,184.74
1459,200.0,192.36,217.94,187.7,185.94,188.44,193.18,183.58,183.94,184.74
1460,199.94,192.36,217.94,187.68,185.94,188.44,193.18,183.58,183.94,184.74
1461,199.92,192.36,217.9,187.68,185.94,188.44,193.18,183.58,183.94,184.74
1462,199.92,192.36,217.84,187.66,185.94,188.44,193.18,183.58,183.94,184.74
1463,199.92,192.36,217.84,187.62,185.94,188.44,193.18,183.58,183.94,184.74
1464,199.8,192.36,217.84,187.62,185.94,188.44,193.18,183.58,183.94,184.74
1465,199.72,192.36,217.76,187.6,185.94,188.44,193.18,183.58,183.94,184.74
1466,199.68,192.34,217.76,187.6,185.94,188.44,193.18,183.56,183.94,184.74
1467,199.64,192.34,217.7,187.6,185.94,188.44,193.18,183.56,183.94,184.74
1468,199.62,192.34,217.64,187.6,185.92,188.44,193.18,183.56,183.94,184.74
1469,199.6,192.34,217.64,187.58,185.92,188.44,193.18,183.56,183.94,184.74
1470,199.52,192.34,217.64,187.54,185.92,188.44,193.18,183.56,183.94,184.74
1471,199.42,192.34,217.62,187.52,185.92,188.44,193.18,183.56,183.94,184.74
1472,199.42,192.34,217.6,187.5,185.9,188.44,193.18,183.56,183.92,184.74
1473,199.42,192.34,217.58,187.46,185.9,188.44,193.18,183.56,183.92,184.74
1474,199.4,192.34,217.5,187.46,185.9,188.44,193.18,183.56,183.92,184.74
1475,199.4,192.34,217.5,187.44,185.9,188.44,193.18,183.56,183.92,184.74
1476,199.38,192.34,217.46,187.42,185.9,188.44,193.18,183.56,183.92,184.74
1477,199.38,192.34,217.46,187.42,185.9,188.44,193.18,183.56,183.92,184.74
1478,199.38,192.34,217.44,187.42,185.9,188.44,193.18,183.56,183.92,184.74
1479,199.34,192.34,217.42,187.38,185.9,188.44,193.18,183.56,183.92,184.74
1480,199.32,192.34,217.38,187.38,185.88,188.44,193.18,183.56,183.92,184.74
1481,199.28,192.34,217.36,187.38,185.88,188.44,193.18,183.56,183.92,184.74
1482,199.26,192.32,217.3,187.34,185.88,188.44,193.18,183.56,183.92,184.74
1483,199.26,192.32,217.28,187.32,185.88,188.44,193.18,183.56,183.92,184.74
1484,199.24,192.32,217.28,187.32,185.88,188.44,193.18,183.56,183.92,184.74
1485,199.18,192.32,217.26,187.32,185.88,188.44,193.18,183.56,183.92,184.74
1486,199.16,192.32,217.2,187.32,185.88,188.44,193.18,183.56,183.92,184.74
1487,199.08,192.32,217.18,187.32,185.88,188.44,193.18,183.56,183.92,184.74
1488,199.0,192.32,217.16,187.3,185.88,188.44,193.18,183.56,183.92,184.74
1489,199.0,192.32,217.16,187.3,185.88,188.44,193.18,183.56,183.92,184.74
1490,198.96,192.32,217.14,187.3,185.88,188.44,193.18,183.56,183.92,184.74
1491,198.92,192.32,217.12,187.28,185.86,188.44,193.18,183.56,183.92,184.74
1492,198.92,192.32,217.06,187.26,185.86,188.44,193.18,183.56,183.92,184.74
1493,198.92,192.32,217.06,187.22,185.86,188.44,193.18,183.56,183.92,184.74
1494,198.86,192.32,217.06,187.2,185.86,188.44,193.18,183.56,183.92,184.74
1495,198.84,192.32,217.02,187.2,185.86,188.44,193.18,183.56,183.92,184.74
1496,198.82,192.32,216.94,187.16,185.86,188.44,193.18,183.56,183.92,184.74
1497,198.8,192.32,216.92,187.14,185.86,188.44,193.18,183.56,183.92,184.74
1498,198.76,192.32,216.84,187.14,185.86,188.44,193.18,183.56,183.92,184.74
1499,198.7,192.32,216.82,187.12,185.86,188.44,193.18,183.56,183.92,184.74
1500,198.62,192.32,216.76,187.08,185.84,188.44,193.18,183.56,183.92,184.74
1501,198.6,192.3,216.76,187.08,185.84,188.44,193.18,183.56,183.92,184.74
1502,198.56,192.3,216.76,187.08,185.82,188.44,193.18,183.56,183.92,184.74
1503,198.54,192.3,216.72,187.04,185.82,188.44,193.18,183.54,183.92,184.74
1504,198.52,192.3,216.72,187.02,185.82,188.44,193.18,183.54,183.92,184.74
1505,198.48,192.3,216.72,187.02,185.82,188.44,193.18,183.54,183.92,184.74
1506,198.44,192.3,216.72,187.0,185.82,188.44,193.18,183.54,183.92,184.74
1507,198.42,192.3,216.66,187.0,185.82,188.44,193.18,183.54,183.92,184.74
1508,198.4,192.3,216.6,187.0,185.82,188.44,193.18,183.54,183.92,184.74
1509,198.34,192.3,216.5,186.92,185.82,188.44,193.18,183.54,183.92,184.74
1510,198.32,192.3,216.48,186.88,185.82,188.44,193.18,183.54,183.92,184.74
1511,198.32,192.3,216.48,186.86,185.82,188.44,193.18,183.54,183.92,184.74
1512,198.3,192.3,216.46,186.86,185.82,188.44,193.18,183.54,183.92,184.74
1513,198.3,192.3,216.4,186.86,185.82,188.44,193.18,183.54,183.92,184.74
1514,198.26,192.3,216.4,186.86,185.82,188.44,193.18,183.54,183.92,184.74
1515,198.24,192.3,216.36,186.84,185.82,188.44,193.18,183.54,183.92,184.74
1516,198.18,192.3,216.36,186.82,185.82,188.44,193.18,183.54,183.92,184.74
1517,198.18,192.3,216.34,186.8,185.82,188.44,193.18,183.54,183.92,184.74
1518,198.18,192.28,216.3,186.8,185.82,188.44,193.18,183.54,183.92,184.74
1519,198.16,192.28,216.3,186.8,185.82,188.44,193.18,183.54,183.92,184.74
1520,198.14,192.28,216.28,186.74,185.82,188.44,193.18,183.54,183.92,184.74
1521,198.1,192.28,216.26,186.72,185.82,188.44,193.18,183.54,183.92,184.74
1522,198.1,192.28,216.24,186.68,185.82,188.44,193.18,183.54,183.92,184.74
1523,198.08,192.28,216.06,186.66,185.82,188.44,193.18,183.54,183.92,184.74
1524,198.06,192.28,216.04,186.66,185.82,188.44,193.18,183.54,183.92,184.74
1525,198.06,192.28,216.02,186.66,185.82,188.44,193.18,183.54,183.92,184.74
1526,198.06,192.28,216.0,186.64,185.82,188.44,193.18,183.54,183.92,184.74
1527,198.04,192.28,215.92,186.64,185.82,188.44,193.18,183.54,183.92,184.74
1528,198.02,192.28,215.92,186.64,185.8,188.44,193.18,183.54,183.92,184.74
1529,198.0,192.28,215.88,186.64,185.8,188.44,193.18,183.54,183.92,184.74
1530,197.98,192.28,215.84,186.64,185.8,188.44,193.18,183.54,183.92,184.74
1531,197.96,192.28,215.84,186.64,185.8,188.44,193.18,183.54,183.92,184.74
1532,197.9,192.28,215.82,186.64,185.8,188.44,193.18,183.54,183.92,184.74
1533,197.88,192.28,215.82,186.54,185.8,188.44,193.18,183.54,183.92,184.74
1534,197.8,192.28,215.8,186.54,185.8,188.44,193.18,183.54,183.92,184.74
1535,197.76,192.28,215.74,186.52,185.8,188.44,193.18,183.54,183.92,184.74
1536,197.72,192.28,215.72,186.52,185.8,188.44,193.18,183.54,183.92,184.74
1537,197.7,192.28,215.7,186.52,185.8,188.44,193.18,183.54,183.92,184.74
1538,197.7,192.28,215.62,186.52,185.8,188.44,193.18,183.54,183.92,184.74
1539,197.7,192.28,215.56,186.52,185.8,188.44,193.18,183.54,183.92,184.74
1540,197.7,192.28,215.56,186.52,185.8,188.44,193.18,183.54,183.92,184.74
1541,197.62,192.28,215.52,186.52,185.8,188.44,193.18,183.54,183.92,184.74
1542,197.58,192.28,215.52,186.52,185.8,188.44,193.18,183.54,183.92,184.74
1543,197.56,192.28,215.48,186.5,185.8,188.44,193.18,183.54,183.92,184.74
1544,197.54,192.28,215.44,186.5,185.8,188.44,193.18,183.54,183.92,184.74
1545,197.52,192.28,215.36,186.48,185.8,188.44,193.18,183.54,183.92,184.74
1546,197.48,192.28,215.28,186.46,185.8,188.44,193.18,183.54,183.92,184.74
1547,197.44,192.28,215.22,186.44,185.8,188.44,193.18,183.54,183.92,184.74
1548,197.42,192.28,215.2,186.42,185.78,188.44,193.18,183.54,183.92,184.74
1549,197.34,192.26,215.2,186.42,185.78,188.44,193.18,183.54,183.92,184.74
1550,197.3,192.26,215.16,186.4,185.78,188.44,193.18,183.54,183.92,184.74
1551,197.28,192.26,215.14,186.4,185.78,188.44,193.18,183.54,183.92,184.74
1552,197.26,192.26,215.12,186.4,185.78,188.44,193.18,183.54,183.92,184.74
1553,197.18,192.26,215.1,186.4,185.78,188.44,193.18,183.54,183.92,184.74
1554,197.18,192.26,215.08,186.36,185.78,188.44,193.18,183.54,183.92,184.74
1555,197.18,192.26,215.06,186.36,185.78,188.44,193.18,183.54,183.92,184.74
1556,197.16,192.26,215.0,186.34,185.78,188.44,193.18,183.54,183.92,184.74
1557,197.16,192.26,215.0,186.32,185.78,188.44,193.18,183.54,183.92,184.74
1558,197.16,192.26,214.98,186.3,185.78,188.44,193.18,183.54,183.92,184.74
1559,197.16,192.26,214.9,186.3,185.78,188.44,193.18,183.54,183.92,184.74
1560,197.14,192.26,214.9,186.3,185.78,188.44,193.18,183.54,183.92,184.74
1561,197.1,192.26,214.9,186.3,185.76,188.44,193.18,183.54,183.92,184.74
1562,197.08,192.26,214.86,186.3,185.76,188.44,193.18,183.54,183.92,184.74
1563,197.08,192.26,214.82,186.3,185.76,188.44,193.18,183.54,183.92,184.74
1564,197.06,192.26,214.72,186.3,185.76,188.44,193.18,183.54,183.92,184.74
1565,197.04,192.26,214.7,186.26,185.76,188.44,193.18,183.54,183.92,184.74
1566,197.0,192.26,214.7,186.24,185.76,188.44,193.18,183.54,183.92,184.74
1567,196.96,192.26,214.58,186.22,185.76,188.44,193.18,183.54,183.92,184.74
1568,196.9,192.26,214.54,186.22,185.76,188.44,193.18,183.54,183.92,184.74
1569,196.88,192.26,214.5,186.2,185.76,188.44,193.18,183.54,183.92,184.74
1570,196.82,192.26,214.46,186.18,185.76,188.44,193.18,183.54,183.92,184.74
1571,196.8,192.26,214.46,186.18,185.72,188.44,193.18,183.54,183.92,184.74
1572,196.78,192.26,214.46,186.18,185.72,188.44,193.18,183.54,183.92,184.74
1573,196.74,192.26,214.42,186.16,185.72,188.44,193.18,183.52,183.92,184.74
1574,196.72,192.26,214.34,186.14,185.72,188.44,193.18,183.52,183.92,184.74
1575,196.68,192.26,214.3,186.14,185.72,188.44,193.18,183.52,183.92,184.74
1576,196.66,192.26,214.28,186.12,185.72,188.44,193.18,183.52,183.92,184.74
1577,196.62,192.26,214.2,186.12,185.72,188.44,193.18,183.52,183.92,184.74
1578,196.6,192.26,214.14,186.12,185.72,188.44,193.18,183.52,183.92,184.74
1579,196.56,192.26,214.06,186.1,185.72,188.44,193.18,183.52,183.92,184.74
1580,196.56,192.26,213.98,186.08,185.72,188.44,193.18,183.52,183.92,184.74
1581,196.54,192.26,213.98,186.08,185.72,188.44,193.18,183.52,183.92,184.74
1582,196.54,192.26,213.98,186.08,185.72,188.44,193.18,183.52,183.92,184.74
1583,196.52,192.26,213.96,186.08,185.72,188.44,193.18,183.52,183.92,184.74
1584,196.46,192.26,213.96,186.08,185.72,188.44,193.18,183.52,183.92,184.74
1585,196.46,192.26,213.9,186.08,185.72,188.44,193.18,183.52,183.92,184.74
1586,196.42,192.26,213.88,186.06,185.72,188.44,193.18,183.52,183.92,184.74
1587,196.4,192.26,213.84,186.06,185.72,188.44,193.18,183.52,183.92,184.74
1588,196.38,192.26,213.82,186.04,185.72,188.44,193.18,183.52,183.92,184.74
1589,196.38,192.26,213.78,186.04,185.72,188.44,193.18,183.52,183.92,184.74
1590,196.38,192.26,213.78,186.04,185.72,188.44,193.18,183.52,183.92,184.74
1591,196.34,192.26,213.7,186.02,185.72,188.44,193.18,183.52,183.92,184.74
1592,196.32,192.26,213.68,186.0,185.72,188.44,193.18,183.52,183.92,184.74
1593,196.3,192.26,213.64,186.0,185.72,188.44,193.18,183.52,183.92,184.74
1594,196.28,192.26,213.56,186.0,185.72,188.44,193.18,183.52,183.92,184.74
1595,196.26,192.26,213.56,186.0,185.72,188.44,193.18,183.52,183.92,184.74
1596,196.2,192.26,213.54,186.0,185.72,188.44,193.18,183.52,183.92,184.74
1597,196.2,192.26,213.46,185.98,185.72,188.44,193.18,183.52,183.92,184.74
1598,196.2,192.26,213.44,185.96,185.72,188.44,193.18,183.52,183.92,184.74
1599,196.16,192.26,213.42,185.94,185.72,188.44,193.18,183.52,183.92,184.74
1600,196.16,192.26,213.4,185.92,185.72,188.44,193.18,183.52,183.92,184.74
1601,196.14,192.26,213.34,185.92,185.72,188.44,193.18,183.52,183.92,184.74
1602,196.14,192.26,213.34,185.92,185.7,188.44,193.18,183.52,183.92,184.74
1603,196.14,192.26,213.3,185.92,185.7,188.44,193.18,183.52,183.92,184.74
1604,196.08,192.26,213.3,185.92,185.7,188.44,193.18,183.52,183.92,184.74
1605,196.06,192.26,213.3,185.92,185.7,188.44,193.18,183.52,183.92,184.74
1606,196.06,192.26,213.16,185.9,185.7,188.44,193.18,183.52,183.92,184.74
1607,196.04,192.26,213.12,185.9,185.7,188.44,193.18,183.52,183.92,184.74
1608,196.02,192.26,213.06,185.9,185.7,188.44,193.18,183.52,183.92,184.74
1609,195.98,192.26,213.04,185.9,185.7,188.44,193.18,183.52,183.92,184.74
1610,195.94,192.26,213.02,185.9,185.7,188.44,193.18,183.52,183.92,184.74
1611,195.92,192.26,212.94,185.9,185.7,188.44,193.18,183.52,183.92,184.74
1612,195.86,192.26,212.9,185.88,185.7,188.44,193.18,183.52,183.92,184.74
1613,195.84,192.26,212.88,185.86,185.7,188.44,193.18,183.52,183.92,184.74
1614,195.82,192.26,212.88,185.86,185.7,188.44,193.18,183.52,183.92,184.74
1615,195.82,192.26,212.86,185.86,185.68,188.44,193.18,183.52,183.92,184.74
1616,195.82,192.26,212.86,185.86,185.68,188.44,193.18,183.52,183.92,184.74
1617,195.78,192.26,212.84,185.84,185.68,188.44,193.18,183.52,183.92,184.74
1618,195.76,192.26,212.82,185.84,185.68,188.44,193.18,183.52,183.92,184.74
1619,195.76,192.26,212.82,185.84,185.68,188.44,193.18,183.52,183.92,184.74
1620,195.74,192.26,212.78,185.84,185.68,188.44,193.18,183.52,183.92,184.74
1621,195.74,192.26,212.78,185.82,185.68,188.44,193.18,183.52,183.92,184.74
1622,195.74,192.26,212.78,185.82,185.68,188.44,193.18,183.52,183.92,184.74
1623,195.72,192.26,212.76,185.82,185.68,188.44,193.18,183.52,183.92,184.74
1624,195.72,192.26,212.76,185.82,185.68,188.44,193.18,183.52,183.92,184.74
1625,195.72,192.26,212.72,185.82,185.68,188.44,193.18,183.52,183.92,184.74
1626,195.66,192.26,212.7,185.82,185.68,188.44,193.18,183.52,183.92,184.74
1627,195.64,192.26,212.7,185.82,185.68,188.44,193.18,183.52,183.92,184.74
1628,195.62,192.26,212.68,185.8,185.68,188.44,193.18,183.52,183.92,184.74
1629,195.6,192.26,212.64,185.8,185.68,188.44,193.18,183.52,183.92,184.74
1630,195.56,192.26,212.6,185.8,185.68,188.44,193.18,183.52,183.92,184.74
1631,195.54,192.26,212.6,185.8,185.68,188.44,193.18,183.52,183.92,184.74
1632,195.54,192.26,212.56,185.8,185.68,188.44,193.18,183.52,183.92,184.74
1633,195.52,192.26,212.56,185.78,185.68,188.44,193.18,183.52,183.92,184.74
1634,195.48,192.26,212.5,185.76,185.68,188.44,193.18,183.52,183.92,184.74
1635,195.46,192.26,212.5,185.76,185.68,188.44,193.18,183.52,183.92,184.74
1636,195.4,192.26,212.44,185.76,185.68,188.44,193.18,183.52,183.92,184.74
1637,195.36,192.26,212.4,185.76,185.68,188.44,193.18,183.52,183.92,184.74
1638,195.34,192.26,212.38,185.76,185.68,188.44,193.18,183.52,183.92,184.74
1639,195.28,192.26,212.34,185.74,185.68,188.44,193.18,183.52,183.92,184.74
1640,195.28,192.26,212.22,185.74,185.68,188.44,193.18,183.52,183.92,184.74
1641,195.24,192.26,212.2,185.72,185.68,188.44,193.18,183.52,183.92,184.74
1642,195.22,192.26,212.2,185.72,185.68,188.44,193.18,183.52,183.92,184.74
1643,195.14,192.26,212.18,185.72,185.68,188.44,193.18,183.52,183.92,184.74
1644,195.08,192.26,212.12,185.72,185.68,188.44,193.18,183.52,183.92,184.74
1645,195.02,192.26,212.12,185.72,185.68,188.44,193.18,183.52,183.92,184.74
1646,194.98,192.26,212.08,185.72,185.68,188.44,193.18,183.52,183.92,184.74
1647,194.98,192.26,212.06,185.72,185.68,188.44,193.18,183.52,183.92,184.74
1648,194.94,192.26,212.02,185.72,185.68,188.44,193.18,183.52,183.92,184.74
1649,194.92,192.26,212.02,185.72,185.68,188.44,193.18,183.52,183.92,184.74
1650,194.9,192.26,212.0,185.72,185.68,188.44,193.18,183.52,183.92,184.74
1651,194.86,192.26,211.94,185.68,185.68,188.44,193.18,183.52,183.92,184.74
1652,194.82,192.26,211.84,185.68,185.68,188.44,193.18,183.52,183.92,184.74
1653,194.78,192.26,211.78,185.68,185.68,188.44,193.18,183.52,183.92,184.74
1654,194.76,192.26,211.74,185.66,185.68,188.44,193.18,183.52,183.92,184.74
1655,194.74,192.26,211.72,185.66,185.68,188.44,193.18,183.52,183.92,184.74
1656,194.74,192.26,211.72,185.66,185.68,188.44,193.18,183.52,183.92,184.74
1657,194.72,192.26,211.7,185.66,185.68,188.44,193.18,183.52,183.92,184.74
1658,194.68,192.26,211.56,185.66,185.68,188.44,193.18,183.52,183.92,184.74
1659,194.68,192.26,211.54,185.64,185.68,188.44,193.18,183.52,183.92,184.74
1660,194.64,192.26,211.54,185.64,185.68,188.44,193.18,183.52,183.92,184.74
1661,194.64,192.26,211.52,185.64,185.68,188.44,193.18,183.52,183.92,184.74
1662,194.62,192.26,211.48,185.64,185.68,188.44,193.18,183.52,183.92,184.74
1663,194.62,192.26,211.48,185.64,185.68,188.44,193.18,183.52,183.92,184.74
1664,194.56,192.26,211.44,185.62,185.68,188.44,193.18,183.52,183.92,184.74
1665,194.5,192.26,211.42,185.62,185.68,188.44,193.18,183.52,183.92,184.74
1666,194.48,192.26,211.42,185.58,185.68,188.44,193.18,183.52,183.92,184.74
1667,194.46,192.26,211.34,185.58,185.68,188.44,193.18,183.52,183.92,184.74
1668,194.42,192.26,211.32,185.58,185.68,188.44,193.18,183.52,183.92,184.74
1669,194.42,192.26,211.32,185.58,185.68,188.44,193.18,183.52,183.92,184.74
1670,194.42,192.26,211.3,185.56,185.68,188.44,193.18,183.5,183.92,184.74
1671,194.32,192.26,211.28,185.56,185.68,188.44,193.18,183.5,183.92,184.74
1672,194.26,192.26,211.28,185.56,185.68,188.44,193.18,183.5,183.92,184.74
1673,194.26,192.26,211.24,185.54,185.68,188.44,193.18,183.5,183.92,184.74
1674,194.24,192.26,211.24,185.54,185.68,188.44,193.18,183.5,183.92,184.74
1675,194.2,192.26,211.22,185.52,185.68,188.44,193.18,183.5,183.92,184.74
1676,194.16,192.26,211.2,185.52,185.68,188.44,193.18,183.5,183.92,184.74
1677,194.14,192.26,211.2,185.52,185.68,188.44,193.18,183.5,183.92,184.74
1678,194.12,192.26,211.18,185.52,185.68,188.44,193.18,183.5,183.92,184.74
1679,194.1,192.26,211.18,185.52,185.68,188.44,193.18,183.5,183.92,184.74
1680,194.1,192.26,211.14,185.52,185.68,188.44,193.18,183.5,183.92,184.74
1681,194.04,192.26,211.14,185.52,185.68,188.44,193.18,183.5,183.92,184.74
1682,194.02,192.26,211.06,185.52,185.68,188.44,193.18,183.5,183.92,184.74
1683,194.0,192.26,211.0,185.5,185.68,188.44,193.18,183.5,183.92,184.74
1684,194.0,192.26,211.0,185.5,185.68,188.44,193.18,183.5,183.92,184.74
1685,193.98,192.26,211.0,185.5,185.68,188.44,193.18,183.5,183.92,184.74
1686,193.98,192.26,211.0,185.5,185.68,188.44,193.18,183.5,183.92,184.74
1687,193.96,192.26,211.0,185.5,185.68,188.44,193.18,183.5,183.92,184.74
1688,193.94,192.26,210.98,185.48,185.68,188.44,193.18,183.5,183.92,184.74
1689,193.9,192.26,210.98,185.46,185.68,188.44,193.18,183.5,183.92,184.74
1690,193.9,192.26,210.86,185.46,185.68,188.44,193.18,183.5,183.92,184.74
1691,193.88,192.26,210.84,185.44,185.68,188.44,193.18,183.5,183.92,184.74
1692,193.86,192.26,210.82,185.42,185.68,188.44,193.18,183.5,183.92,184.74
1693,193.86,192.26,210.8,185.42,185.68,188.44,193.18,183.5,183.92,184.74
1694,193.86,192.26,210.74,185.4,185.68,188.44,193.18,183.48,183.92,184.74
1695,193.82,192.26,210.74,185.4,185.68,188.44,193.18,183.48,183.92,184.74
1696,193.82,192.26,210.66,185.36,185.68,188.44,193.18,183.48,183.92,184.74
1697,193.82,192.26,210.64,185.34,185.68,188.44,193.18,183.48,183.92,184.74
1698,193.8,192.26,210.56,185.34,185.68,188.44,193.18,183.48,183.92,184.74
1699,193.8,192.26,210.56,185.34,185.68,188.44,193.18,183.48,183.92,184.74
1700,193.78,192.26,210.5,185.32,185.68,188.44,193.18,183.48,183.92,184.74
1701,193.78,192.26,210.46,185.32,185.68,188.44,193.18,183.48,183.92,184.74
1702,193.78,192.26,210.46,185.32,185.68,188.44,193.18,183.48,183.92,184.74
1703,193.78,192.26,210.3,185.32,185.68,188.44,193.18,183.48,183.92,184.74
1704,193.78,192.26,210.3,185.32,185.68,188.44,193.18,183.48,183.92,184.74
1705,193.74,192.26,210.28,185.32,185.68,188.44,193.18,183.48,183.92,184.74
1706,193.72,192.26,210.28,185.3,185.68,188.44,193.18,183.48,183.92,184.74
1707,193.7,192.26,210.28,185.3,185.68,188.44,193.18,183.48,183.92,184.74
1708,193.7,192.26,210.24,185.28,185.68,188.44,193.18,183.48,183.92,184.74
1709,193.66,192.26,210.24,185.28,185.68,188.44,193.18,183.48,183.92,184.74
1710,193.64,192.26,210.24,185.26,185.68,188.44,193.18,183.48,183.92,184.74
1711,193.56,192.26,210.22,185.26,185.68,188.44,193.18,183.48,183.92,184.74
1712,193.56,192.26,210.18,185.24,185.68,188.44,193.18,183.48,183.92,184.74
1713,193.54,192.26,210.14,185.24,185.68,188.44,193.18,183.48,183.92,184.74
1714,193.52,192.26,210.04,185.24,185.68,188.44,193.18,183.48,183.92,184.74
1715,193.52,192.26,210.02,185.24,185.68,188.44,193.18,183.48,183.92,184.74
1716,193.5,192.26,210.0,185.22,185.68,188.44,193.18,183.48,183.92,184.74
1717,193.5,192.26,210.0,185.22,185.68,188.44,193.18,183.48,183.92,184.74
1718,193.5,192.26,209.98,185.2,185.68,188.44,193.18,183.48,183.92,184.74
1719,193.5,192.26,209.98,185.2,185.68,188.44,193.18,183.48,183.92,184.74
1720,193.48,192.26,209.92,185.2,185.68,188.44,193.18,183.48,183.92,184.74
1721,193.48,192.26,209.88,185.16,185.68,188.44,193.18,183.48,183.92,184.74
1722,193.48,192.26,209.8,185.16,185.68,188.44,193.18,183.48,183.92,184.74
1723,193.44,192.26,209.8,185.16,185.68,188.44,193.18,183.48,183.92,184.74
1724,193.44,192.26,209.66,185.16,185.66,188.44,193.18,183.48,183.92,184.74
1725,193.44,192.26,209.66,185.16,185.66,188.44,193.18,183.48,183.92,184.74
1726,193.42,192.26,209.66,185.16,185.66,188.44,193.18,183.48,183.92,184.74
1727,193.38,192.26,209.6,185.16,185.66,188.44,193.18,183.48,183.92,184.74
1728,193.38,192.26,209.56,185.16,185.66,188.44,193.18,183.48,183.92,184.74
1729,193.36,192.26,209.56,185.16,185.66,188.44,193.18,183.48,183.92,184.74
1730,193.36,192.26,209.48,185.16,185.66,188.44,193.18,183.48,183.92,184.74
1731,193.34,192.26,209.46,185.16,185.66,188.44,193.18,183.48,183.92,184.74
1732,193.34,192.26,209.4,185.12,185.66,188.44,193.18,183.48,183.92,184.74
1733,193.3,192.26,209.34,185.12,185.66,188.44,193.18,183.48,183.92,184.74
1734,193.3,192.26,209.32,185.12,185.66,188.44,193.18,183.48,183.92,184.74
1735,193.3,192.26,209.26,185.1,185.66,188.44,193.18,183.48,183.92,184.74
1736,193.28,192.26,209.26,185.1,185.66,188.44,193.18,183.46,183.92,184.74
1737,193.28,192.26,209.26,185.08,185.66,188.44,193.18,183.46,183.92,184.74
1738,193.22,192.26,209.24,185.08,185.66,188.44,193.18,183.46,183.92,184.74
1739,193.2,192.26,209.14,185.08,185.66,188.44,193.18,183.46,183.92,184.74
1740,193.18,192.26,209.12,185.08,185.66,188.44,193.18,183.46,183.92,184.74
1741,193.18,192.26,209.06,185.06,185.66,188.44,193.18,183.46,183.92,184.74
1742,193.18,192.26,209.02,185.06,185.66,188.44,193.18,183.46,183.92,184.74
1743,193.18,192.26,208.9,185.06,185.66,188.44,193.18,183.46,183.92,184.74
1744,193.14,192.26,208.86,185.06,185.66,188.44,193.18,183.46,183.92,184.74
1745,193.14,192.26,208.86,185.06,185.66,188.44,193.18,183.46,183.92,184.74
1746,193.12,192.26,208.84,185.02,185.66,188.44,193.18,183.46,183.92,184.74
1747,193.1,192.26,208.84,185.02,185.66,188.44,193.18,183.46,183.92,184.74
1748,193.08,192.26,208.84,185.0,185.66,188.44,193.18,183.46,183.92,184.74
1749,193.08,192.26,208.8,185.0,185.66,188.44,193.18,183.46,183.92,184.74
1750,193.04,192.26,208.74,184.98,185.66,188.44,193.18,183.46,183.92,184.74
1751,192.96,192.26,208.54,184.96,185.66,188.44,193.18,183.46,183.92,184.74
1752,192.96,192.26,208.54,184.96,185.66,188.44,193.18,183.46,183.92,184.74
1753,192.92,192.26,208.54,184.96,185.66,188.44,193.18,183.46,183.92,184.74
1754,192.88,192.26,208.54,184.94,185.66,188.44,193.18,183.46,183.92,184.74
1755,192.86,192.26,208.48,184.94,185.64,188.44,193.18,183.46,183.92,184.74
1756,192.84,192.26,208.46,184.92,185.64,188.44,193.18,183.46,183.92,184.74
1757,192.84,192.26,208.46,184.92,185.64,188.44,193.18,183.46,183.92,184.74
1758,192.84,192.26,208.46,184.92,185.64,188.44,193.18,183.46,183.92,184.74
1759,192.84,192.26,208.36,184.92,185.64,188.44,193.18,183.46,183.92,184.74
1760,192.82,192.26,208.28,184.9,185.64,188.44,193.18,183.46,183.92,184.74
1761,192.78,192.26,208.26,184.88,185.64,188.44,193.18,183.46,183.92,184.74
1762,192.78,192.26,208.26,184.88,185.64,188.44,193.18,183.46,183.92,184.74
1763,192.72,192.26,208.24,184.88,185.64,188.44,193.18,183.46,183.92,184.74
1764,192.68,192.26,208.24,184.88,185.64,188.44,193.18,183.46,183.92,184.74
1765,192.68,192.26,208.22,184.88,185.64,188.44,193.18,183.46,183.92,184.74
1766,192.66,192.26,208.2,184.88,185.64,188.44,193.18,183.46,183.92,184.74
1767,192.64,192.26,208.2,184.88,185.64,188.44,193.18,183.46,183.92,184.74
1768,192.64,192.26,208.18,184.88,185.64,188.44,193.18,183.46,183.92,184.74
1769,192.62,192.26,208.18,184.88,185.64,188.44,193.18,183.46,183.92,184.74
1770,192.6,192.26,208.14,184.88,185.64,188.44,193.18,183.46,183.92,184.74
1771,192.58,192.26,208.14,184.88,185.64,188.44,193.18,183.46,183.92,184.74
1772,192.58,192.26,208.06,184.88,185.64,188.44,193.18,183.46,183.92,184.74
1773,192.58,192.26,208.02,184.88,185.64,188.44,193.18,183.46,183.92,184.74
1774,192.58,192.26,208.0,184.86,185.64,188.44,193.18,183.46,183.92,184.74
1775,192.58,192.26,208.0,184.86,185.64,188.44,193.18,183.46,183.92,184.74
1776,192.52,192.26,208.0,184.86,185.64,188.44,193.18,183.46,183.92,184.74
1777,192.52,192.26,207.98,184.86,185.64,188.44,193.18,183.46,183.92,184.74
1778,192.52,192.26,207.96,184.84,185.64,188.44,193.18,183.46,183.92,184.74
1779,192.52,192.26,207.96,184.84,185.64,188.44,193.18,183.46,183.92,184.74
1780,192.44,192.26,207.96,184.84,185.64,188.44,193.18,183.46,183.92,184.74
1781,192.44,192.26,207.96,184.84,185.64,188.44,193.18,183.46,183.92,184.74
1782,192.42,192.26,207.92,184.84,185.64,188.44,193.18,183.46,183.92,184.74
1783,192.4,192.26,207.92,184.84,185.64,188.44,193.18,183.46,183.92,184.74
1784,192.34,192.26,207.82,184.84,185.64,188.44,193.18,183.46,183.92,184.74
1785,192.34,192.26,207.78,184.84,185.64,188.44,193.18,183.46,183.92,184.74
1786,192.34,192.26,207.74,184.84,185.64,188.44,193.18,183.46,183.92,184.74
1787,192.32,192.26,207.66,184.84,185.64,188.44,193.18,183.46,183.92,184.74
1788,192.28,192.26,207.66,184.84,185.64,188.44,193.18,183.46,183.92,184.74
1789,192.24,192.26,207.66,184.84,185.64,188.44,193.18,183.46,183.92,184.74
1790,192.22,192.26,207.66,184.84,185.64,188.44,193.18,183.46,183.92,184.74
1791,192.22,192.26,207.66,184.84,185.64,188.44,193.18,183.46,183.92,184.74
1792,192.2,192.26,207.62,184.84,185.62,188.44,193.18,183.46,183.92,184.74
1793,192.2,192.26,207.62,184.84,185.62,188.44,193.18,183.46,183.92,184.74
1794,192.18,192.26,207.6,184.84,185.62,188.44,193.18,183.46,183.92,184.74
1795,192.16,192.26,207.5,184.84,185.62,188.44,193.18,183.46,183.92,184.74
1796,192.16,192.26,207.5,184.84,185.62,188.44,193.18,183.46,183.92,184.74
1797,192.12,192.26,207.48,184.84,185.62,188.44,193.18,183.46,183.92,184.74
1798,192.1,192.26,207.42,184.84,185.6,188.44,193.18,183.46,183.92,184.74
1799,192.08,192.26,207.42,184.84,185.6,188.44,193.18,183.46,183.92,184.74
1800,192.06,192.26,207.38,184.84,185.6,188.44,193.18,183.46,183.92,184.74
1801,192.04,192.26,207.34,184.84,185.6,188.44,193.18,183.46,183.92,184.74
1802,192.04,192.26,207.34,184.84,185.6,188.44,193.18,183.46,183.92,184.74
1803,192.04,192.26,207.3,184.84,185.6,188.44,193.18,183.46,183.92,184.74
1804,192.04,192.26,207.22,184.84,185.6,188.44,193.18,183.44,183.92,184.74
1805,191.96,192.26,207.14,184.84,185.6,188.44,193.18,183.44,183.92,184.74
1806,191.96,192.26,207.14,184.84,185.6,188.44,193.18,183.44,183.92,184.74
1807,191.94,192.26,207.14,184.84,185.6,188.44,193.18,183.44,183.92,184.74
1808,191.94,192.26,207.14,184.84,185.6,188.44,193.18,183.44,183.92,184.74
1809,191.9,192.26,207.08,184.84,185.6,188.44,193.18,183.44,183.92,184.74
1810,191.88,192.26,207.06,184.84,185.6,188.44,193.18,183.44,183.92,184.74
1811,191.82,192.26,207.0,184.84,185.6,188.44,193.18,183.44,183.92,184.74
1812,191.8,192.26,206.92,184.84,185.6,188.44,193.18,183.44,183.92,184.74
1813,191.8,192.26,206.9,184.84,185.6,188.44,193.18,183.44,183.92,184.74
1814,191.8,192.26,206.9,184.82,185.6,188.44,193.18,183.44,183.92,184.74
1815,191.8,192.26,206.88,184.8,185.6,188.44,193.18,183.44,183.92,184.74
1816,191.8,192.26,206.76,184.8,185.6,188.44,193.18,183.44,183.92,184.74
1817,191.78,192.26,206.7,184.8,185.6,188.44,193.18,183.44,183.92,184.74
1818,191.78,192.26,206.7,184.8,185.6,188.44,193.18,183.44,183.92,184.74
1819,191.78,192.26,206.7,184.8,185.6,188.44,193.18,183.44,183.92,184.74
1820,191.76,192.26,206.7,184.8,185.6,188.44,193.18,183.44,183.92,184.74
1821,191.76,192.26,206.7,184.8,185.6,188.44,193.18,183.44,183.92,184.74
1822,191.74,192.26,206.64,184.8,185.6,188.44,193.18,183.44,183.92,184.74
1823,191.74,192.26,206.6,184.8,185.6,188.44,193.18,183.44,183.92,184.74
1824,191.7,192.26,206.56,184.78,185.6,188.44,193.18,183.44,183.92,184.74
1825,191.7,192.26,206.54,184.78,185.6,188.44,193.18,183.44,183.92,184.74
1826,191.68,192.26,206.52,184.76,185.6,188.44,193.18,183.44,183.92,184.74
1827,191.68,192.26,206.52,184.7,185.6,188.44,193.18,183.44,183.92,184.74
1828,191.64,192.26,206.44,184.7,185.6,188.44,193.18,183.44,183.92,184.74
1829,191.64,192.26,206.44,184.68,185.6,188.44,193.18,183.44,183.92,184.74
1830,191.64,192.26,206.42,184.68,185.6,188.44,193.18,183.44,183.92,184.74
1831,191.62,192.26,206.32,184.68,185.6,188.44,193.18,183.44,183.92,184.74
1832,191.62,192.26,206.32,184.68,185.6,188.44,193.18,183.44,183.92,184.74
1833,191.6,192.26,206.24,184.68,185.6,188.44,193.18,183.44,183.92,184.74
1834,191.58,192.26,206.24,184.68,185.6,188.44,193.18,183.44,183.92,184.74
1835,191.58,192.26,206.22,184.68,185.6,188.44,193.18,183.44,183.92,184.74
1836,191.58,192.26,206.18,184.68,185.6,188.44,193.18,183.44,183.92,184.74
1837,191.58,192.26,206.16,184.66,185.6,188.44,193.18,183.44,183.92,184.74
1838,191.54,192.26,206.14,184.66,185.6,188.44,193.18,183.44,183.92,184.74
1839,191.52,192.26,206.14,184.64,185.6,188.44,193.18,183.44,183.92,184.74
1840,191.52,192.26,206.06,184.64,185.6,188.44,193.18,183.44,183.92,184.74
1841,191.48,192.26,206.06,184.64,185.6,188.44,193.18,183.44,183.92,184.74
1842,191.48,192.26,206.02,184.64,185.6,188.44,193.18,183.44,183.92,184.74
1843,191.44,192.26,206.0,184.64,185.6,188.44,193.18,183.44,183.92,184.74
1844,191.44,192.26,205.94,184.64,185.6,188.44,193.18,183.44,183.92,184.74
1845,191.42,192.26,205.92,184.64,185.6,188.44,193.18,183.44,183.92,184.74
1846,191.42,192.26,205.92,184.62,185.6,188.44,193.18,183.44,183.92,184.74
1847,191.4,192.26,205.88,184.62,185.6,188.44,193.18,183.44,183.92,184.74
1848,191.4,192.26,205.86,184.62,185.6,188.44,193.18,183.44,183.92,184.74
1849,191.36,192.26,205.86,184.62,185.6,188.44,193.18,183.44,183.92,184.74
1850,191.36,192.26,205.76,184.62,185.6,188.44,193.18,183.44,183.92,184.74
1851,191.36,192.26,205.72,184.62,185.6,188.44,193.18,183.44,183.92,184.74
1852,191.36,192.26,205.68,184.62,185.6,188.44,193.18,183.44,183.92,184.74
1853,191.34,192.26,205.68,184.6,185.6,188.44,193.18,183.44,183.92,184.74
1854,191.32,192.26,205.64,184.6,185.6,188.44,193.18,183.44,183.92,184.74
1855,191.32,192.26,205.62,184.6,185.6,188.44,193.18,183.44,183.92,184.74
1856,191.3,192.26,205.62,184.6,185.6,188.44,193.18,183.44,183.92,184.74
1857,191.28,192.26,205.62,184.58,185.6,188.44,193.18,183.44,183.92,184.74
1858,191.28,192.26,205.6,184.58,185.6,188.44,193.18,183.44,183.92,184.74
1859,191.26,192.26,205.56,184.58,185.6,188.44,193.18,183.44,183.92,184.74
1860,191.24,192.26,205.54,184.58,185.6,188.44,193.18,183.44,183.92,184.74
1861,191.24,192.26,205.52,184.58,185.6,188.44,193.18,183.44,183.92,184.74
1862,191.22,192.26,205.48,184.58,185.6,188.44,193.18,183.44,183.92,184.74
1863,191.2,192.26,205.46,184.58,185.6,188.44,193.18,183.44,183.92,184.74
1864,191.2,192.26,205.44,184.58,185.6,188.44,193.18,183.44,183.92,184.74
1865,191.2,192.26,205.34,184.58,185.6,188.44,193.18,183.44,183.92,184.74
1866,191.18,192.26,205.28,184.58,185.6,188.44,193.18,183.44,183.92,184.74
1867,191.18,192.26,205.28,184.56,185.6,188.44,193.18,183.44,183.92,184.74
1868,191.16,192.26,205.24,184.56,185.6,188.44,193.18,183.44,183.92,184.74
1869,191.14,192.26,205.24,184.56,185.6,188.44,193.18,183.44,183.92,184.74
1870,191.12,192.26,205.22,184.56,185.6,188.44,193.18,183.44,183.92,184.74
1871,191.12,192.26,205.2,184.54,185.6,188.44,193.18,183.44,183.92,184.74
1872,191.12,192.26,205.2,184.54,185.6,188.44,193.18,183.44,183.92,184.74
1873,191.12,192.26,205.2,184.54,185.6,188.44,193.18,183.44,183.92,184.74
1874,191.12,192.26,205.18,184.54,185.6,188.44,193.18,183.44,183.92,184.74
1875,191.1,192.26,205.06,184.54,185.6,188.44,193.18,183.44,183.92,184.74
1876,191.1,192.26,205.02,184.54,185.6,188.44,193.18,183.44,183.92,184.74
1877,191.1,192.26,205.02,184.54,185.6,188.44,193.18,183.44,183.92,184.74
1878,191.08,192.26,204.98,184.52,185.6,188.44,193.18,183.44,183.92,184.74
1879,191.08,192.26,204.96,184.52,185.6,188.44,193.18,183.44,183.92,184.74
1880,191.02,192.26,204.96,184.52,185.6,188.44,193.18,183.44,183.92,184.74
1881,191.02,192.26,204.94,184.52,185.6,188.44,193.18,183.44,183.92,184.74
1882,190.98,192.26,204.9,184.52,185.6,188.44,193.18,183.44,183.92,184.74
1883,190.94,192.26,204.86,184.52,185.6,188.44,193.18,183.44,183.92,184.74
1884,190.88,192.26,204.86,184.52,185.6,188.44,193.18,183.44,183.92,184.74
1885,190.86,192.26,204.8,184.52,185.6,188.44,193.18,183.44,183.92,184.74
1886,190.86,192.26,204.8,184.52,185.6,188.44,193.18,183.44,183.92,184.74
1887,190.82,192.26,204.8,184.52,185.6,188.44,193.18,183.44,183.92,184.74
1888,190.82,192.26,204.78,184.52,185.6,188.44,193.18,183.44,183.92,184.74
1889,190.82,192.26,204.76,184.52,185.6,188.44,193.18,183.44,183.92,184.74
1890,190.82,192.26,204.76,184.52,185.6,188.44,193.18,183.44,183.92,184.74
1891,190.8,192.26,204.74,184.52,185.6,188.44,193.18,183.44,183.92,184.74
1892,190.8,192.26,204.74,184.52,185.6,188.44,193.18,183.44,183.92,184.74
1893,190.78,192.26,204.74,184.52,185.6,188.44,193.18,183.44,183.92,184.74
1894,190.78,192.26,204.72,184.52,185.6,188.44,193.18,183.44,183.92,184.74
1895,190.74,192.26,204.72,184.52,185.6,188.44,193.18,183.44,183.92,184.74
1896,190.72,192.26,204.7,184.52,185.6,188.44,193.18,183.44,183.92,184.74
1897,190.68,192.26,204.64,184.52,185.6,188.44,193.18,183.44,183.92,184.74
1898,190.68,192.26,204.64,184.52,185.6,188.44,193.18,183.44,183.92,184.74
1899,190.66,192.26,204.6,184.52,185.6,188.44,193.18,183.44,183.92,184.74
1900,190.64,192.26,204.52,184.52,185.6,188.44,193.18,183.44,183.92,184.74
1901,190.64,192.26,204.5,184.52,185.6,188.44,193.18,183.44,183.92,184.74
1902,190.64,192.26,204.5,184.52,185.6,188.44,193.18,183.44,183.92,184.74
1903,190.64,192.26,204.4,184.5,185.6,188.44,193.18,183.44,183.92,184.74
1904,190.62,192.26,204.4,184.5,185.6,188.44,193.18,183.44,183.92,184.74
1905,190.62,192.26,204.38,184.5,185.6,188.44,193.18,183.44,183.92,184.74
1906,190.62,192.26,204.34,184.5,185.6,188.44,193.18,183.44,183.92,184.74
1907,190.62,192.26,204.24,184.48,185.6,188.44,193.18,183.44,183.92,184.74
1908,190.6,192.26,204.22,184.48,185.6,188.44,193.18,183.44,183.92,184.74
1909,190.6,192.26,204.22,184.48,185.6,188.44,193.18,183.44,183.92,184.74
1910,190.58,192.26,204.2,184.48,185.6,188.44,193.18,183.44,183.92,184.74
1911,190.56,192.26,204.16,184.48,185.6,188.44,193.18,183.44,183.92,184.74
1912,190.56,192.26,204.16,184.48,185.6,188.44,193.18,183.44,183.92,184.74
1913,190.56,192.26,204.08,184.48,185.6,188.44,193.18,183.44,183.92,184.74
1914,190.56,192.26,204.06,184.48,185.6,188.44,193.18,183.44,183.92,184.74
1915,190.56,192.26,204.06,184.48,185.58,188.44,193.18,183.44,183.92,184.74
1916,190.56,192.26,204.04,184.48,185.58,188.44,193.18,183.44,183.92,184.74
1917,190.52,192.26,203.98,184.46,185.58,188.44,193.18,183.44,183.92,184.74
1918,190.5,192.26,203.92,184.46,185.58,188.44,193.18,183.44,183.92,184.74
1919,190.5,192.26,203.9,184.46,185.58,188.44,193.18,183.44,183.92,184.74
1920,190.48,192.26,203.9,184.46,185.58,188.44,193.18,183.44,183.92,184.74
1921,190.48,192.26,203.88,184.44,185.58,188.44,193.18,183.44,183.92,184.74
1922,190.46,192.26,203.86,184.44,185.58,188.44,193.18,183.44,183.92,184.74
1923,190.46,192.26,203.86,184.44,185.58,188.44,193.18,183.44,183.92,184.74
1924,190.46,192.26,203.82,184.44,185.58,188.44,193.18,183.44,183.92,184.74
1925,190.44,192.26,203.74,184.44,185.58,188.44,193.18,183.44,183.92,184.74
1926,190.44,192.26,203.7,184.44,185.58,188.44,193.18,183.44,183.92,184.74
1927,190.44,192.26,203.66,184.44,185.58,188.44,193.18,183.44,183.92,184.74
1928,190.42,192.26,203.64,184.44,185.58,188.44,193.18,183.44,183.92,184.74
1929,190.4,192.26,203.64,184.42,185.58,188.44,193.18,183.44,183.92,184.74
1930,190.4,192.26,203.54,184.42,185.58,188.44,193.18,183.44,183.92,184.74
1931,190.38,192.26,203.44,184.42,185.58,188.44,193.18,183.44,183.92,184.74
1932,190.38,192.26,203.42,184.42,185.58,188.44,193.18,183.44,183.92,184.74
1933,190.38,192.26,203.4,184.42,185.58,188.44,193.18,183.44,183.92,184.74
1934,190.38,192.26,203.4,184.42,185.58,188.44,193.18,183.44,183.92,184.74
1935,190.38,192.26,203.4,184.42,185.58,188.44,193.18,183.44,183.92,184.74
1936,190.38,192.26,203.38,184.42,185.58,188.44,193.18,183.44,183.92,184.74
1937,190.38,192.26,203.34,184.42,185.58,188.44,193.18,183.44,183.92,184.74
1938,190.36,192.26,203.34,184.42,185.58,188.44,193.18,183.44,183.92,184.74
1939,190.36,192.26,203.32,184.42,185.58,188.44,193.18,183.44,183.92,184.74
1940,190.32,192.26,203.3,184.42,185.58,188.44,193.18,183.44,183.92,184.74
1941,190.28,192.26,203.28,184.42,185.58,188.44,193.18,183.44,183.92,184.74
1942,190.26,192.26,203.24,184.42,185.58,188.44,193.18,183.44,183.92,184.74
1943,190.26,192.26,203.18,184.42,185.58,188.44,193.18,183.44,183.92,184.74
1944,190.24,192.26,203.18,184.42,185.58,188.44,193.18,183.44,183.92,184.74
1945,190.22,192.26,203.18,184.42,185.58,188.44,193.18,183.42,183.92,184.74
1946,190.22,192.26,203.18,184.42,185.58,188.44,193.18,183.42,183.92,184.74
1947,190.2,192.26,203.14,184.42,185.58,188.44,193.18,183.42,183.92,184.74
1948,190.18,192.26,203.12,184.42,185.58,188.44,193.18,183.42,183.92,184.74
1949,190.14,192.26,203.1,184.42,185.58,188.44,193.18,183.42,183.92,184.74
1950,190.1,192.26,203.04,184.42,185.58,188.44,193.18,183.42,183.92,184.74
1951,190.08,192.26,203.02,184.42,185.58,188.44,193.18,183.42,183.92,184.74
1952,190.06,192.26,203.02,184.42,185.58,188.44,193.18,183.42,183.92,184.74
1953,190.04,192.26,203.0,184.42,185.58,188.44,193.18,183.42,183.92,184.74
1954,190.04,192.26,202.96,184.42,185.58,188.44,193.18,183.42,183.92,184.74
1955,190.02,192.26,202.92,184.42,185.58,188.44,193.18,183.42,183.92,184.74
1956,190.02,192.26,202.92,184.42,185.58,188.44,193.18,183.42,183.92,184.74
1957,190.02,192.26,202.92,184.42,185.58,188.44,193.18,183.42,183.92,184.74
1958,189.98,192.26,202.92,184.42,185.58,188.44,193.18,183.42,183.92,184.74
1959,189.96,192.26,202.9,184.42,185.58,188.44,193.18,183.42,183.92,184.74
1960,189.96,192.26,202.84,184.42,185.58,188.44,193.18,183.42,183.92,184.74
1961,189.96,192.26,202.82,184.4,185.58,188.44,193.18,183.42,183.92,184.74
1962,189.92,192.26,202.78,184.4,185.58,188.44,193.18,183.42,183.92,184.74
1963,189.9,192.26,202.76,184.4,185.58,188.44,193.18,183.42,183.92,184.74
1964,189.9,192.26,202.68,184.4,185.58,188.44,193.18,183.42,183.92,184.74
1965,189.9,192.26,202.62,184.4,185.58,188.44,193.18,183.42,183.92,184.74
1966,189.9,192.26,202.56,184.4,185.58,188.44,193.18,183.42,183.92,184.74
1967,189.9,192.26,202.54,184.4,185.58,188.44,193.18,183.42,183.92,184.74
1968,189.9,192.26,202.54,184.4,185.58,188.44,193.18,183.42,183.92,184.74
1969,189.9,192.26,202.5,184.4,185.58,188.44,193.18,183.42,183.92,184.74
1970,189.9,192.26,202.5,184.4,185.58,188.44,193.18,183.42,183.92,184.74
1971,189.86,192.26,202.48,184.4,185.58,188.44,193.18,183.42,183.92,184.74
1972,189.84,192.26,202.42,184.38,185.58,188.44,193.18,183.42,183.92,184.74
1973,189.84,192.26,202.38,184.38,185.58,188.44,193.18,183.42,183.92,184.74
1974,189.84,192.26,202.32,184.38,185.56,188.44,193.18,183.42,183.92,184.74
1975,189.84,192.26,202.3,184.38,185.56,188.44,193.18,183.42,183.92,184.74
1976,189.84,192.26,202.3,184.38,185.56,188.44,193.18,183.42,183.92,184.74
1977,189.84,192.26,202.28,184.36,185.56,188.44,193.18,183.42,183.92,184.74
1978,189.84,192.26,202.26,184.36,185.56,188.44,193.18,183.42,183.92,184.74
1979,189.84,192.26,202.26,184.36,185.56,188.44,193.18,183.42,183.92,184.74
1980,189.8,192.26,202.24,184.36,185.56,188.44,193.18,183.42,183.92,184.74
1981,189.76,192.26,202.22,184.36,185.56,188.44,193.18,183.42,183.92,184.74
1982,189.76,192.26,202.22,184.36,185.56,188.44,193.18,183.42,183.92,184.74
1983,189.76,192.26,202.18,184.36,185.56,188.44,193.18,183.42,183.92,184.74
1984,189.74,192.26,202.14,184.36,185.56,188.44,193.18,183.42,183.92,184.74
1985,189.7,192.26,202.14,184.36,185.56,188.44,193.18,183.42,183.92,184.74
1986,189.7,192.26,202.14,184.36,185.56,188.44,193.18,183.42,183.92,184.74
1987,189.68,192.26,202.1,184.36,185.56,188.44,193.18,183.42,183.92,184.74
1988,189.68,192.26,202.04,184.36,185.56,188.44,193.18,183.42,183.92,184.74
1989,189.66,192.26,201.98,184.36,185.56,188.44,193.18,183.42,183.92,184.74
1990,189.64,192.26,201.96,184.36,185.56,188.44,193.18,183.42,183.92,184.74
1991,189.64,192.26,201.96,184.36,185.56,188.44,193.18,183.42,183.92,184.74
1992,189.64,192.26,201.94,184.36,185.56,188.44,193.18,183.42,183.92,184.74
1993,189.62,192.26,201.9,184.36,185.56,188.44,193.18,183.42,183.92,184.74
1994,189.58,192.26,201.9,184.36,185.56,188.44,193.18,183.42,183.92,184.74
1995,189.58,192.26,201.88,184.36,185.54,188.44,193.18,183.42,183.92,184.74
1996,189.58,192.26,201.88,184.36,185.54,188.44,193.18,183.42,183.92,184.74
1997,189.58,192.26,201.84,184.36,185.54,188.44,193.18,183.42,183.92,184.74
1998,189.58,192.26,201.82,184.36,185.54,188.44,193.18,183.42,183.92,184.74
1999,189.56,192.26,201.74,184.34,185.54,188.44,193.18,183.42,183.92,184.74
2000,189.56,192.26,201.68,184.34,185.54,188.44,193.18,183.42,183.92,184.74
2001,189.54,192.26,201.62,184.34,185.54,188.44,193.18,183.42,183.92,184.74
2002,189.5,192.26,201.56,184.34,185.54,188.44,193.18,183.42,183.92,184.74
2003,189.48,192.26,201.54,184.34,185.54,188.44,193.18,183.42,183.92,184.74
2004,189.44,192.26,201.44,184.34,185.54,188.44,193.18,183.42,183.92,184.74
2005,189.42,192.26,201.38,184.34,185.54,188.44,193.18,183.42,183.92,184.74
2006,189.42,192.26,201.36,184.34,185.54,188.44,193.18,183.42,183.92,184.74
2007,189.42,192.26,201.28,184.34,185.54,188.44,193.18,183.42,183.92,184.74
2008,189.42,192.26,201.24,184.34,185.54,188.44,193.18,183.42,183.92,184.74
2009,189.42,192.26,201.22,184.34,185.54,188.44,193.18,183.42,183.92,184.74
2010,189.42,192.26,201.18,184.34,185.54,188.44,193.18,183.42,183.92,184.74
2011,189.42,192.26,201.18,184.34,185.54,188.44,193.18,183.42,183.92,184.74
2012,189.42,192.26,201.12,184.34,185.54,188.44,193.18,183.42,183.92,184.74
2013,189.4,192.26,201.08,184.34,185.54,188.44,193.18,183.42,183.92,184.74
2014,189.38,192.26,201.04,184.34,185.54,188.44,193.18,183.42,183.92,184.74
2015,189.38,192.26,201.04,184.34,185.54,188.44,193.18,183.42,183.92,184.74
2016,189.38,192.26,201.04,184.32,185.54,188.44,193.18,183.42,183.92,184.74
2017,189.38,192.26,201.04,184.32,185.54,188.44,193.18,183.42,183.92,184.74
2018,189.38,192.26,201.0,184.32,185.54,188.44,193.18,183.42,183.92,184.74
2019,189.38,192.26,200.98,184.32,185.54,188.44,193.18,183.42,183.92,184.74
2020,189.38,192.26,200.94,184.32,185.54,188.44,193.18,183.42,183.92,184.74
2021,189.36,192.26,200.92,184.32,185.54,188.44,193.18,183.42,183.92,184.74
2022,189.34,192.26,200.88,184.32,185.54,188.44,193.18,183.42,183.92,184.74
2023,189.34,192.26,200.84,184.32,185.54,188.44,193.18,183.42,183.92,184.74
2024,189.34,192.26,200.82,184.32,185.54,188.44,193.18,183.42,183.92,184.74
2025,189.32,192.26,200.82,184.3,185.54,188.44,193.18,183.42,183.92,184.74
2026,189.32,192.26,200.8,184.3,185.54,188.44,193.18,183.42,183.92,184.74
2027,189.32,192.26,200.8,184.3,185.54,188.44,193.18,183.42,183.92,184.74
2028,189.32,192.26,200.78,184.3,185.54,188.44,193.18,183.42,183.92,184.74
2029,189.32,192.26,200.78,184.28,185.54,188.44,193.18,183.42,183.92,184.74
2030,189.32,192.26,200.72,184.28,185.54,188.44,193.18,183.42,183.92,184.74
2031,189.3,192.26,200.7,184.28,185.54,188.44,193.18,183.42,183.92,184.74
2032,189.3,192.26,200.64,184.28,185.54,188.44,193.18,183.42,183.92,184.74
2033,189.28,192.26,200.6,184.28,185.54,188.44,193.18,183.42,183.92,184.74
2034,189.26,192.26,200.58,184.28,185.54,188.44,193.18,183.42,183.92,184.74
2035,189.26,192.26,200.54,184.28,185.54,188.44,193.18,183.42,183.92,184.74
2036,189.24,192.26,200.52,184.28,185.54,188.44,193.18,183.42,183.92,184.74
2037,189.24,192.26,200.52,184.28,185.54,188.44,193.18,183.42,183.92,184.74
2038,189.24,192.26,200.5,184.28,185.54,188.44,193.18,183.42,183.92,184.74
2039,189.24,192.26,200.48,184.28,185.54,188.44,193.18,183.42,183.92,184.74
2040,189.24,192.26,200.44,184.26,185.54,188.44,193.18,183.42,183.92,184.74
2041,189.24,192.26,200.42,184.26,185.54,188.44,193.18,183.42,183.92,184.74
2042,189.16,192.26,200.42,184.26,185.54,188.44,193.18,183.42,183.92,184.74
2043,189.14,192.26,200.4,184.26,185.54,188.44,193.18,183.42,183.92,184.74
2044,189.12,192.26,200.4,184.26,185.54,188.44,193.18,183.42,183.92,184.74
2045,189.12,192.26,200.3,184.26,185.54,188.44,193.18,183.42,183.92,184.74
2046,189.06,192.26,200.28,184.26,185.54,188.44,193.18,183.42,183.92,184.74
2047,189.04,192.26,200.26,184.26,185.54,188.44,193.18,183.42,183.92,184.74
2048,189.0,192.26,200.18,184.24,185.54,188.44,193.18,183.42,183.92,184.74
2049,189.0,192.26,200.18,184.24,185.54,188.44,193.18,183.42,183.92,184.74
2050,189.0,192.26,200.18,184.24,185.54,188.44,193.18,183.42,183.92,184.74
2051,189.0,192.26,200.12,184.24,185.54,188.44,193.18,183.42,183.92,184.74
2052,188.98,192.26,200.1,184.24,185.54,188.44,193.18,183.42,183.92,184.74
2053,188.96,192.26,200.1,184.24,185.54,188.44,193.18,183.42,183.92,184.74
2054,188.92,192.26,200.0,184.24,185.54,188.44,193.18,183.42,183.92,184.74
2055,188.92,192.26,200.0,184.24,185.54,188.44,193.18,183.42,183.92,184.74
2056,188.92,192.26,199.94,184.24,185.54,188.44,193.18,183.42,183.92,184.74
2057,188.92,192.26,199.94,184.22,185.54,188.44,193.18,183.42,183.92,184.74
2058,188.92,192.26,199.86,184.22,185.54,188.44,193.18,183.42,183.92,184.74
2059,188.9,192.26,199.86,184.22,185.54,188.44,193.18,183.42,183.92,184.74
2060,188.9,192.26,199.84,184.22,185.54,188.44,193.18,183.42,183.92,184.74
2061,188.9,192.26,199.82,184.22,185.54,188.44,193.18,183.42,183.92,184.74
2062,188.9,192.26,199.8,184.22,185.54,188.44,193.18,183.42,183.92,184.74
2063,188.88,192.26,199.78,184.22,185.54,188.44,193.18,183.42,183.92,184.74
2064,188.88,192.26,199.74,184.2,185.54,188.44,193.18,183.42,183.92,184.74
2065,188.88,192.26,199.7,184.2,185.54,188.44,193.18,183.42,183.92,184.74
2066,188.86,192.26,199.68,184.2,185.54,188.44,193.18,183.42,183.92,184.74
2067,188.86,192.26,199.68,184.2,185.54,188.44,193.18,183.42,183.92,184.74
2068,188.86,192.26,199.66,184.2,185.54,188.44,193.18,183.42,183.92,184.74
2069,188.86,192.26,199.66,184.2,185.54,188.44,193.18,183.42,183.92,184.74
2070,188.86,192.26,199.66,184.2,185.54,188.44,193.18,183.42,183.92,184.74
2071,188.82,192.26,199.66,184.2,185.54,188.44,193.18,183.42,183.92,184.74
2072,188.8,192.26,199.66,184.18,185.54,188.44,193.18,183.42,183.92,184.74
2073,188.76,192.26,199.66,184.18,185.54,188.44,193.18,183.42,183.92,184.74
2074,188.76,192.26,199.64,184.18,185.54,188.44,193.18,183.42,183.92,184.74
2075,188.76,192.26,199.62,184.18,185.54,188.44,193.18,183.42,183.92,184.74
2076,188.76,192.26,199.58,184.16,185.54,188.44,193.18,183.42,183.92,184.74
2077,188.74,192.26,199.56,184.16,185.54,188.44,193.18,183.42,183.92,184.74
2078,188.74,192.26,199.54,184.16,185.54,188.44,193.18,183.42,183.92,184.74
2079,188.74,192.26,199.5,184.16,185.54,188.44,193.18,183.42,183.92,184.74
2080,188.74,192.26,199.46,184.16,185.54,188.44,193.18,183.42,183.92,184.74
2081,188.74,192.26,199.46,184.16,185.54,188.44,193.18,183.42,183.92,184.74
2082,188.74,192.26,199.46,184.16,185.54,188.44,193.18,183.42,183.92,184.74
2083,188.74,192.26,199.44,184.16,185.54,188.44,193.18,183.42,183.92,184.74
2084,188.74,192.26,199.42,184.16,185.54,188.44,193.18,183.42,183.92,184.74
2085,188.72,192.26,199.4,184.14,185.54,188.44,193.18,183.42,183.92,184.74
2086,188.72,192.26,199.38,184.14,185.54,188.44,193.18,183.42,183.92,184.74
2087,188.68,192.26,199.38,184.14,185.54,188.44,193.18,183.42,183.92,184.74
2088,188.68,192.26,199.38,184.14,185.54,188.44,193.18,183.42,183.92,184.74
2089,188.68,192.26,199.36,184.14,185.54,188.44,193.18,183.42,183.92,184.74
2090,188.66,192.26,199.34,184.14,185.54,188.44,193.18,183.42,183.92,184.74
2091,188.64,192.26,199.34,184.14,185.54,188.44,193.18,183.42,183.92,184.74
2092,188.64,192.26,199.34,184.14,185.54,188.44,193.18,183.42,183.92,184.74
2093,188.64,192.26,199.34,184.14,185.54,188.44,193.18,183.42,183.92,184.74
2094,188.64,192.26,199.3,184.14,185.54,188.44,193.18,183.42,183.92,184.74
2095,188.64,192.26,199.28,184.12,185.54,188.44,193.18,183.42,183.92,184.74
2096,188.64,192.26,199.28,184.12,185.54,188.44,193.18,183.42,183.92,184.74
2097,188.62,192.26,199.26,184.12,185.54,188.44,193.18,183.42,183.92,184.74
2098,188.62,192.26,199.26,184.12,185.54,188.44,193.18,183.42,183.92,184.74
2099,188.6,192.26,199.2,184.12,185.54,188.44,193.18,183.42,183.92,184.74
2100,188.6,192.26,199.2,184.12,185.54,188.44,193.18,183.42,183.92,184.74
2101,188.58,192.26,199.2,184.12,185.54,188.44,193.18,183.42,183.92,184.74
2102,188.56,192.26,199.2,184.12,185.54,188.44,193.18,183.42,183.92,184.74
2103,188.56,192.26,199.1,184.12,185.54,188.44,193.18,183.42,183.92,184.74
2104,188.56,192.26,199.1,184.12,185.54,188.44,193.18,183.42,183.92,184.74
2105,188.54,192.26,199.1,184.12,185.54,188.44,193.18,183.42,183.92,184.74
2106,188.54,192.26,199.08,184.12,185.54,188.44,193.18,183.42,183.92,184.74
2107,188.5,192.26,199.04,184.12,185.54,188.44,193.18,183.42,183.92,184.74
2108,188.5,192.26,198.98,184.12,185.54,188.44,193.18,183.42,183.92,184.74
2109,188.5,192.26,198.9,184.12,185.54,188.44,193.18,183.42,183.92,184.74
2110,188.5,192.26,198.9,184.12,185.54,188.44,193.18,183.42,183.92,184.74
2111,188.48,192.26,198.86,184.1,185.54,188.44,193.18,183.42,183.92,184.74
2112,188.46,192.26,198.8,184.1,185.54,188.44,193.18,183.42,183.92,184.74
2113,188.46,192.26,198.78,184.1,185.54,188.44,193.18,183.42,183.92,184.74
2114,188.46,192.26,198.76,184.1,185.54,188.44,193.18,183.42,183.92,184.74
2115,188.46,192.26,198.76,184.1,185.54,188.44,193.18,183.42,183.92,184.74
2116,188.44,192.26,198.76,184.1,185.54,188.44,193.18,183.42,183.92,184.74
2117,188.42,192.26,198.68,184.1,185.54,188.44,193.18,183.42,183.92,184.74
2118,188.42,192.26,198.66,184.1,185.54,188.44,193.18,183.42,183.92,184.74
2119,188.38,192.26,198.64,184.1,185.54,188.44,193.18,183.42,183.92,184.74
2120,188.38,192.26,198.62,184.1,185.54,188.44,193.18,183.42,183.92,184.74
2121,188.38,192.26,198.62,184.1,185.54,188.44,193.18,183.42,183.92,184.74
2122,188.38,192.26,198.58,184.1,185.54,188.44,193.18,183.42,183.92,184.74
2123,188.38,192.26,198.54,184.1,185.54,188.44,193.18,183.42,183.92,184.74
2124,188.36,192.26,198.5,184.1,185.54,188.44,193.18,183.42,183.92,184.74
2125,188.36,192.26,198.48,184.1,185.54,188.44,193.18,183.42,183.92,184.74
2126,188.34,192.26,198.46,184.1,185.54,188.44,193.18,183.42,183.92,184.74
2127,188.34,192.26,198.38,184.1,185.54,188.44,193.18,183.42,183.92,184.74
2128,188.32,192.26,198.38,184.08,185.54,188.44,193.18,183.42,183.92,184.74
2129,188.3,192.26,198.34,184.08,185.54,188.44,193.18,183.42,183.92,184.74
2130,188.28,192.26,198.28,184.08,185.54,188.44,193.18,183.42,183.92,184.74
2131,188.28,192.26,198.26,184.08,185.54,188.44,193.18,183.42,183.92,184.74
2132,188.28,192.26,198.22,184.08,185.54,188.44,193.18,183.42,183.92,184.74
2133,188.26,192.26,198.18,184.08,185.54,188.44,193.18,183.42,183.92,184.74
2134,188.26,192.26,198.16,184.08,185.54,188.44,193.18,183.42,183.92,184.74
2135,188.26,192.26,198.12,184.08,185.54,188.44,193.18,183.42,183.92,184.74
2136,188.26,192.26,198.12,184.06,185.54,188.44,193.18,183.42,183.92,184.74
2137,188.26,192.26,198.1,184.06,185.54,188.44,193.18,183.42,183.92,184.74
2138,188.24,192.26,198.04,184.06,185.54,188.44,193.18,183.42,183.92,184.74
2139,188.24,192.26,198.04,184.06,185.54,188.44,193.18,183.42,183.92,184.74
2140,188.22,192.26,198.04,184.06,185.54,188.44,193.18,183.42,183.92,184.74
2141,188.22,192.26,198.0,184.06,185.54,188.44,193.18,183.42,183.92,184.74
2142,188.2,192.26,197.96,184.06,185.54,188.44,193.18,183.42,183.92,184.74
2143,188.2,192.26,197.94,184.06,185.54,188.44,193.18,183.42,183.92,184.74
2144,188.2,192.26,197.92,184.04,185.52,188.44,193.18,183.42,183.92,184.74
2145,188.2,192.26,197.92,184.02,185.52,188.44,193.18,183.42,183.92,184.74
2146,188.18,192.26,197.9,184.02,185.52,188.44,193.18,183.42,183.92,184.74
2147,188.18,192.26,197.88,184.02,185.52,188.44,193.18,183.42,183.92,184.74
2148,188.18,192.26,197.86,184.02,185.52,188.44,193.18,183.42,183.92,184.74
2149,188.18,192.26,197.84,184.02,185.52,188.44,193.18,183.42,183.92,184.74
2150,188.18,192.26,197.84,184.0,185.52,188.44,193.18,183.42,183.92,184.74
2151,188.18,192.26,197.82,184.0,185.52,188.44,193.18,183.42,183.92,184.74
2152,188.18,192.26,197.82,184.0,185.52,188.44,193.18,183.42,183.92,184.74
2153,188.18,192.26,197.8,184.0,185.52,188.44,193.18,183.42,183.92,184.74
2154,188.18,192.26,197.8,184.0,185.52,188.44,193.18,183.42,183.92,184.74
2155,188.16,192.26,197.8,183.98,185.52,188.44,193.18,183.42,183.92,184.74
2156,188.12,192.26,197.76,183.98,185.52,188.44,193.18,183.42,183.92,184.74
2157,188.08,192.26,197.72,183.98,185.52,188.44,193.18,183.42,183.92,184.74
2158,188.08,192.26,197.72,183.98,185.52,188.44,193.18,183.42,183.92,184.74
2159,188.08,192.26,197.66,183.98,185.52,188.44,193.18,183.42,183.92,184.74
2160,188.06,192.26,197.66,183.98,185.52,188.44,193.18,183.42,183.92,184.74
2161,188.06,192.26,197.66,183.98,185.52,188.44,193.18,183.42,183.92,184.74
2162,188.06,192.26,197.58,183.98,185.52,188.44,193.18,183.42,183.92,184.74
2163,188.06,192.26,197.58,183.98,185.52,188.44,193.18,183.42,183.92,184.74
2164,188.06,192.26,197.54,183.98,185.52,188.44,193.18,183.42,183.92,184.74
2165,188.06,192.26,197.52,183.98,185.52,188.44,193.18,183.42,183.92,184.74
2166,188.06,192.26,197.5,183.98,185.52,188.44,193.18,183.42,183.92,184.74
2167,188.06,192.26,197.5,183.98,185.52,188.44,193.18,183.42,183.92,184.74
2168,188.06,192.26,197.5,183.98,185.52,188.44,193.18,183.42,183.92,184.74
2169,188.06,192.26,197.46,183.98,185.52,188.44,193.18,183.42,183.92,184.74
2170,188.04,192.26,197.46,183.98,185.52,188.44,193.18,183.42,183.92,184.74
2171,188.04,192.26,197.42,183.98,185.52,188.44,193.18,183.42,183.92,184.74
2172,188.04,192.26,197.38,183.98,185.52,188.44,193.18,183.42,183.92,184.74
2173,188.04,192.26,197.32,183.98,185.52,188.44,193.18,183.42,183.92,184.74
2174,188.02,192.26,197.26,183.98,185.52,188.44,193.18,183.42,183.92,184.74
2175,188.02,192.26,197.26,183.98,185.52,188.44,193.18,183.42,183.92,184.74
2176,188.0,192.26,197.22,183.98,185.52,188.44,193.18,183.42,183.92,184.74
2177,188.0,192.26,197.2,183.98,185.52,188.44,193.18,183.42,183.92,184.74
2178,188.0,192.26,197.18,183.96,185.52,188.44,193.18,183.42,183.92,184.74
2179,188.0,192.26,197.18,183.96,185.52,188.44,193.18,183.42,183.92,184.74
2180,187.98,192.26,197.18,183.96,185.52,188.44,193.18,183.42,183.92,184.74
2181,187.98,192.26,197.16,183.96,185.52,188.44,193.18,183.42,183.92,184.74
2182,187.98,192.26,197.16,183.96,185.52,188.44,193.18,183.42,183.92,184.74
2183,187.98,192.26,197.16,183.96,185.52,188.44,193.18,183.42,183.92,184.74
2184,187.98,192.26,197.16,183.96,185.52,188.44,193.18,183.42,183.92,184.74
2185,187.98,192.26,197.12,183.96,185.52,188.44,193.18,183.42,183.92,184.74
2186,187.98,192.26,197.04,183.96,185.52,188.44,193.18,183.42,183.92,184.74
2187,187.98,192.26,197.02,183.96,185.52,188.44,193.18,183.42,183.92,184.74
2188,187.98,192.26,196.96,183.96,185.52,188.44,193.18,183.42,183.92,184.74
2189,187.98,192.26,196.96,183.96,185.52,188.44,193.18,183.42,183.92,184.74
2190,187.98,192.26,196.9,183.96,185.52,188.44,193.18,183.42,183.92,184.74
2191,187.98,192.26,196.9,183.94,185.52,188.44,193.18,183.42,183.92,184.74
2192,187.94,192.26,196.86,183.94,185.52,188.44,193.18,183.42,183.92,184.74
2193,187.94,192.26,196.84,183.94,185.52,188.44,193.18,183.42,183.92,184.74
2194,187.94,192.26,196.8,183.94,185.52,188.44,193.18,183.42,183.92,184.74
2195,187.94,192.26,196.8,183.94,185.52,188.44,193.18,183.42,183.92,184.74
2196,187.92,192.26,196.74,183.94,185.52,188.44,193.18,183.42,183.92,184.74
2197,187.92,192.26,196.7,183.94,185.52,188.44,193.18,183.42,183.92,184.74
2198,187.92,192.26,196.66,183.94,185.52,188.44,193.18,183.42,183.92,184.74
2199,187.92,192.26,196.62,183.94,185.52,188.44,193.18,183.42,183.92,184.74
2200,187.92,192.26,196.56,183.94,185.52,188.44,193.18,183.42,183.92,184.74
2201,187.92,192.26,196.52,183.92,185.52,188.44,193.18,183.42,183.92,184.74
2202,187.92,192.26,196.48,183.92,185.52,188.44,193.18,183.42,183.92,184.74
2203,187.9,192.26,196.48,183.92,185.52,188.44,193.18,183.42,183.92,184.74
2204,187.9,192.26,196.48,183.92,185.52,188.44,193.18,183.42,183.92,184.74
2205,187.9,192.26,196.48,183.92,185.52,188.44,193.18,183.42,183.92,184.74
2206,187.9,192.26,196.48,183.92,185.52,188.44,193.18,183.42,183.92,184.74
2207,187.88,192.26,196.44,183.92,185.52,188.44,193.18,183.42,183.92,184.74
2208,187.88,192.26,196.4,183.92,185.52,188.44,193.18,183.42,183.92,184.74
2209,187.88,192.26,196.38,183.92,185.52,188.44,193.18,183.42,183.92,184.74
2210,187.88,192.26,196.38,183.92,185.52,188.44,193.18,183.42,183.92,184.74
2211,187.86,192.26,196.36,183.92,185.52,188.44,193.18,183.42,183.92,184.74
2212,187.86,192.26,196.36,183.92,185.52,188.44,193.18,183.42,183.92,184.74
2213,187.84,192.26,196.32,183.92,185.52,188.44,193.18,183.42,183.92,184.74
2214,187.82,192.26,196.28,183.92,185.52,188.44,193.18,183.42,183.92,184.74
2215,187.82,192.26,196.22,183.92,185.52,188.44,193.18,183.42,183.92,184.74
2216,187.82,192.26,196.22,183.92,185.52,188.44,193.18,183.42,183.92,184.74
2217,187.78,192.26,196.2,183.92,185.52,188.44,193.18,183.42,183.92,184.74
2218,187.78,192.26,196.18,183.92,185.52,188.44,193.18,183.42,183.92,184.74
2219,187.78,192.26,196.14,183.92,185.52,188.44,193.18,183.42,183.92,184.74
2220,187.78,192.26,196.02,183.92,185.52,188.44,193.18,183.42,183.92,184.74
2221,187.78,192.26,196.0,183.92,185.52,188.44,193.18,183.42,183.92,184.74
2222,187.78,192.26,195.98,183.92,185.52,188.44,193.18,183.42,183.92,184.74
2223,187.78,192.26,195.98,183.92,185.52,188.44,193.18,183.42,183.92,184.74
2224,187.76,192.26,195.92,183.92,185.52,188.44,193.18,183.42,183.92,184.74
2225,187.76,192.26,195.92,183.92,185.52,188.44,193.18,183.42,183.92,184.74
2226,187.76,192.26,195.92,183.92,185.52,188.44,193.18,183.42,183.92,184.74
2227,187.76,192.26,195.92,183.92,185.52,188.44,193.18,183.42,183.92,184.74
2228,187.76,192.26,195.88,183.92,185.52,188.44,193.18,183.42,183.92,184.74
2229,187.74,192.26,195.88,183.92,185.52,188.44,193.18,183.42,183.92,184.74
2230,187.72,192.26,195.86,183.92,185.52,188.44,193.18,183.42,183.92,184.74
2231,187.72,192.26,195.84,183.92,185.52,188.44,193.18,183.42,183.92,184.74
2232,187.72,192.26,195.78,183.92,185.52,188.44,193.18,183.42,183.92,184.74
2233,187.72,192.26,195.74,183.92,185.52,188.44,193.18,183.42,183.92,184.74
2234,187.72,192.26,195.74,183.9,185.52,188.44,193.18,183.42,183.92,184.74
2235,187.72,192.26,195.74,183.9,185.52,188.44,193.18,183.42,183.92,184.74
2236,187.72,192.26,195.74,183.9,185.52,188.44,193.18,183.42,183.92,184.74
2237,187.72,192.26,195.74,183.9,185.52,188.44,193.18,183.42,183.92,184.74
2238,187.68,192.26,195.7,183.9,185.52,188.44,193.18,183.42,183.92,184.74
2239,187.68,192.26,195.68,183.9,185.52,188.44,193.18,183.42,183.92,184.74
2240,187.68,192.26,195.68,183.9,185.52,188.44,193.18,183.42,183.92,184.74
2241,187.66,192.26,195.68,183.9,185.52,188.44,193.18,183.42,183.92,184.74
2242,187.66,192.26,195.64,183.9,185.52,188.44,193.18,183.42,183.92,184.74
2243,187.64,192.26,195.64,183.9,185.52,188.44,193.18,183.42,183.92,184.74
2244,187.62,192.26,195.62,183.9,185.52,188.44,193.18,183.42,183.92,184.74
2245,187.62,192.26,195.62,183.9,185.52,188.44,193.18,183.42,183.92,184.74
2246,187.62,192.26,195.62,183.9,185.52,188.44,193.18,183.42,183.92,184.74
2247,187.6,192.26,195.58,183.9,185.52,188.44,193.18,183.42,183.92,184.74
2248,187.58,192.26,195.58,183.9,185.52,188.44,193.18,183.42,183.92,184.74
2249,187.58,192.26,195.56,183.9,185.52,188.44,193.18,183.42,183.92,184.74
2250,187.56,192.26,195.5,183.9,185.52,188.44,193.18,183.42,183.92,184.74
2251,187.56,192.26,195.48,183.9,185.52,188.44,193.18,183.42,183.92,184.74
2252,187.56,192.26,195.4,183.9,185.52,188.44,193.18,183.42,183.92,184.74
2253,187.56,192.26,195.38,183.9,185.52,188.44,193.18,183.42,183.92,184.74
2254,187.56,192.26,195.34,183.9,185.52,188.44,193.18,183.42,183.92,184.74
2255,187.56,192.26,195.34,183.9,185.52,188.44,193.18,183.42,183.92,184.74
2256,187.56,192.26,195.34,183.9,185.52,188.44,193.18,183.42,183.92,184.74
2257,187.56,192.26,195.34,183.9,185.52,188.44,193.18,183.42,183.92,184.74
2258,187.56,192.26,195.32,183.9,185.52,188.44,193.18,183.42,183.92,184.74
2259,187.56,192.26,195.32,183.9,185.52,188.44,193.18,183.42,183.92,184.74
2260,187.56,192.26,195.32,183.9,185.52,188.44,193.18,183.42,183.92,184.74
2261,187.56,192.26,195.3,183.9,185.52,188.44,193.18,183.42,183.92,184.74
2262,187.56,192.26,195.26,183.9,185.52,188.44,193.18,183.42,183.92,184.74
2263,187.54,192.26,195.26,183.9,185.52,188.44,193.18,183.42,183.92,184.74
2264,187.54,192.26,195.26,183.9,185.52,188.44,193.18,183.42,183.92,184.74
2265,187.52,192.26,195.26,183.9,185.52,188.44,193.18,183.42,183.92,184.74
2266,187.48,192.26,195.22,183.9,185.52,188.44,193.18,183.42,183.92,184.74
2267,187.48,192.26,195.18,183.9,185.52,188.44,193.18,183.42,183.92,184.74
2268,187.48,192.26,195.18,183.9,185.52,188.44,193.18,183.42,183.92,184.74
2269,187.48,192.26,195.12,183.9,185.52,188.44,193.18,183.42,183.92,184.74
2270,187.48,192.26,195.1,183.9,185.52,188.44,193.18,183.42,183.92,184.74
2271,187.48,192.26,195.1,183.9,185.52,188.44,193.18,183.42,183.92,184.74
2272,187.46,192.26,195.06,183.9,185.52,188.44,193.18,183.42,183.92,184.74
2273,187.44,192.26,195.0,183.9,185.52,188.44,193.18,183.42,183.92,184.74
2274,187.44,192.26,195.0,183.9,185.52,188.44,193.18,183.42,183.92,184.74
2275,187.42,192.26,194.98,183.9,185.52,188.44,193.18,183.42,183.92,184.74
2276,187.42,192.26,194.96,183.9,185.52,188.44,193.18,183.42,183.92,184.74
2277,187.42,192.26,194.96,183.9,185.52,188.44,193.18,183.42,183.92,184.74
2278,187.42,192.26,194.94,183.9,185.52,188.44,193.18,183.42,183.92,184.74
2279,187.42,192.26,194.92,183.9,185.52,188.44,193.18,183.42,183.92,184.74
2280,187.42,192.26,194.88,183.9,185.52,188.44,193.18,183.42,183.92,184.74
2281,187.42,192.26,194.86,183.9,185.52,188.44,193.18,183.42,183.92,184.74
2282,187.42,192.26,194.86,183.9,185.52,188.44,193.18,183.42,183.92,184.74
2283,187.42,192.26,194.84,183.9,185.52,188.44,193.18,183.42,183.92,184.74
2284,187.42,192.26,194.82,183.9,185.52,188.44,193.18,183.42,183.92,184.74
2285,187.42,192.26,194.8,183.9,185.52,188.44,193.18,183.42,183.92,184.74
2286,187.4,192.26,194.8,183.88,185.52,188.44,193.18,183.42,183.92,184.74
2287,187.4,192.26,194.72,183.88,185.52,188.44,193.18,183.42,183.92,184.74
2288,187.38,192.26,194.66,183.86,185.52,188.44,193.18,183.42,183.92,184.74
2289,187.38,192.26,194.66,183.86,185.52,188.44,193.18,183.42,183.92,184.74
2290,187.34,192.26,194.64,183.86,185.52,188.44,193.18,183.42,183.92,184.74
2291,187.34,192.26,194.58,183.86,185.52,188.44,193.18,183.42,183.92,184.74
2292,187.34,192.26,194.54,183.86,185.52,188.44,193.18,183.42,183.92,184.74
2293,187.34,192.26,194.54,183.86,185.52,188.44,193.18,183.42,183.92,184.74
2294,187.34,192.26,194.54,183.86,185.52,188.44,193.18,183.42,183.92,184.74
2295,187.34,192.26,194.52,183.86,185.52,188.44,193.18,183.42,183.92,184.74
2296,187.32,192.26,194.46,183.86,185.52,188.44,193.18,183.42,183.92,184.74
2297,187.32,192.26,194.44,183.86,185.52,188.44,193.18,183.42,183.92,184.74
2298,187.32,192.26,194.42,183.86,185.52,188.44,193.18,183.42,183.92,184.74
2299,187.32,192.26,194.38,183.86,185.52,188.44,193.18,183.42,183.92,184.74
2300,187.32,192.26,194.36,183.86,185.52,188.44,193.18,183.42,183.92,184.74
2301,187.32,192.26,194.36,183.86,185.52,188.44,193.18,183.42,183.92,184.74
2302,187.3,192.26,194.28,183.84,185.52,188.44,193.18,183.42,183.92,184.74
2303,187.3,192.26,194.28,183.84,185.52,188.44,193.18,183.42,183.92,184.74
2304,187.3,192.26,194.24,183.84,185.52,188.44,193.18,183.42,183.92,184.74
2305,187.28,192.26,194.2,183.84,185.52,188.44,193.18,183.42,183.92,184.74
2306,187.28,192.26,194.2,183.84,185.52,188.44,193.18,183.42,183.92,184.74
2307,187.28,192.26,194.2,183.84,185.52,188.44,193.18,183.42,183.92,184.74
2308,187.28,192.26,194.12,183.84,185.52,188.44,193.18,183.42,183.92,184.74
2309,187.28,192.26,194.1,183.84,185.52,188.44,193.18,183.42,183.92,184.74
2310,187.28,192.26,194.08,183.84,185.52,188.44,193.18,183.42,183.92,184.74
2311,187.28,192.26,194.08,183.84,185.52,188.44,193.18,183.42,183.92,184.74
2312,187.24,192.26,194.04,183.84,185.52,188.44,193.18,183.42,183.92,184.74
2313,187.24,192.26,194.0,183.84,185.52,188.44,193.18,183.42,183.92,184.74
2314,187.24,192.26,193.96,183.84,185.52,188.44,193.18,183.42,183.92,184.74
2315,187.24,192.26,193.94,183.84,185.52,188.44,193.18,183.42,183.92,184.74
2316,187.24,192.26,193.92,183.84,185.52,188.44,193.18,183.42,183.92,184.74
2317,187.22,192.26,193.9,183.84,185.52,188.44,193.18,183.42,183.92,184.74
2318,187.2,192.26,193.88,183.84,185.52,188.44,193.18,183.42,183.92,184.74
2319,187.2,192.26,193.88,183.84,185.52,188.44,193.18,183.42,183.92,184.74
2320,187.2,192.26,193.88,183.84,185.52,188.44,193.18,183.42,183.92,184.74
2321,187.2,192.26,193.88,183.84,185.52,188.44,193.18,183.42,183.92,184.74
2322,187.2,192.26,193.84,183.84,185.52,188.44,193.18,183.42,183.92,184.74
2323,187.2,192.26,193.82,183.84,185.52,188.44,193.18,183.42,183.92,184.74
2324,187.2,192.26,193.82,183.84,185.52,188.44,193.18,183.42,183.92,184.74
2325,187.2,192.26,193.78,183.84,185.52,188.44,193.18,183.42,183.92,184.74
2326,187.2,192.26,193.74,183.84,185.52,188.44,193.18,183.42,183.92,184.74
2327,187.2,192.26,193.72,183.84,185.52,188.44,193.18,183.42,183.92,184.74
2328,187.2,192.26,193.7,183.84,185.52,188.44,193.18,183.42,183.92,184.74
2329,187.2,192.26,193.66,183.84,185.52,188.44,193.18,183.42,183.92,184.74
2330,187.2,192.26,193.64,183.84,185.52,188.44,193.18,183.42,183.92,184.74
2331,187.2,192.26,193.6,183.84,185.52,188.44,193.18,183.42,183.92,184.74
2332,187.2,192.26,193.58,183.84,185.52,188.44,193.18,183.42,183.92,184.74
2333,187.2,192.26,193.58,183.84,185.52,188.44,193.18,183.42,183.92,184.74
2334,187.2,192.26,193.58,183.84,185.52,188.44,193.18,183.42,183.92,184.74
2335,187.2,192.26,193.52,183.84,185.52,188.44,193.18,183.42,183.92,184.74
2336,187.2,192.26,193.52,183.84,185.52,188.44,193.18,183.42,183.92,184.74
2337,187.2,192.26,193.52,183.84,185.52,188.44,193.18,183.42,183.92,184.74
2338,187.18,192.26,193.5,183.84,185.52,188.44,193.18,183.42,183.92,184.74
2339,187.18,192.26,193.5,183.84,185.52,188.44,193.18,183.42,183.92,184.74
2340,187.18,192.26,193.5,183.84,185.52,188.44,193.18,183.42,183.92,184.74
2341,187.14,192.26,193.48,183.84,185.52,188.44,193.18,183.42,183.92,184.74
2342,187.14,192.26,193.48,183.84,185.52,188.44,193.18,183.42,183.92,184.74
2343,187.14,192.26,193.44,183.84,185.52,188.44,193.18,183.42,183.92,184.74
2344,187.14,192.26,193.44,183.84,185.52,188.44,193.18,183.42,183.92,184.74
2345,187.14,192.26,193.44,183.84,185.52,188.44,193.18,183.42,183.92,184.74
2346,187.14,192.26,193.42,183.84,185.52,188.44,193.18,183.42,183.92,184.74
2347,187.14,192.26,193.42,183.84,185.52,188.44,193.18,183.42,183.92,184.74
2348,187.14,192.26,193.42,183.84,185.52,188.44,193.18,183.42,183.92,184.74
2349,187.14,192.26,193.42,183.84,185.52,188.44,193.18,183.42,183.92,184.74
2350,187.14,192.26,193.4,183.84,185.52,188.44,193.18,183.42,183.92,184.74
2351,187.14,192.26,193.38,183.84,185.52,188.44,193.18,183.42,183.92,184.74
2352,187.14,192.26,193.36,183.84,185.52,188.44,193.18,183.42,183.92,184.74
2353,187.14,192.26,193.34,183.84,185.52,188.44,193.18,183.42,183.92,184.74
2354,187.14,192.26,193.32,183.84,185.52,188.44,193.18,183.42,183.92,184.74
2355,187.14,192.26,193.3,183.84,185.52,188.44,193.18,183.42,183.92,184.74
2356,187.14,192.26,193.3,183.84,185.52,188.44,193.18,183.42,183.92,184.74
2357,187.14,192.26,193.28,183.84,185.52,188.44,193.18,183.42,183.92,184.74
2358,187.14,192.26,193.28,183.84,185.52,188.44,193.18,183.42,183.92,184.74
2359,187.14,192.26,193.22,183.84,185.52,188.44,193.18,183.42,183.92,184.74
2360,187.1,192.26,193.22,183.84,185.52,188.44,193.18,183.42,183.92,184.74
2361,187.1,192.26,193.22,183.84,185.52,188.44,193.18,183.42,183.92,184.74
2362,187.1,192.26,193.22,183.84,185.52,188.44,193.18,183.42,183.92,184.74
2363,187.1,192.26,193.22,183.84,185.52,188.44,193.18,183.42,183.92,184.74
2364,187.1,192.26,193.22,183.84,185.52,188.44,193.18,183.42,183.92,184.74
2365,187.1,192.26,193.22,183.84,185.52,188.44,193.18,183.42,183.92,184.74
2366,187.1,192.26,193.2,183.84,185.52,188.44,193.18,183.42,183.92,184.74
2367,187.1,192.26,193.2,183.84,185.52,188.44,193.18,183.42,183.92,184.74
2368,187.08,192.26,193.2,183.84,185.52,188.44,193.18,183.42,183.92,184.74
2369,187.08,192.26,193.14,183.84,185.52,188.44,193.18,183.42,183.92,184.74
2370,187.08,192.26,193.14,183.84,185.52,188.44,193.18,183.42,183.92,184.74
2371,187.08,192.26,193.14,183.84,185.52,188.44,193.18,183.42,183.92,184.74
2372,187.08,192.26,193.12,183.84,185.52,188.44,193.18,183.42,183.92,184.74
2373,187.06,192.26,193.1,183.84,185.52,188.44,193.18,183.42,183.92,184.74
2374,187.06,192.26,193.1,183.84,185.52,188.44,193.18,183.42,183.92,184.74
2375,187.06,192.26,193.04,183.84,185.52,188.44,193.18,183.42,183.92,184.74
2376,187.06,192.26,193.02,183.84,185.52,188.44,193.18,183.42,183.92,184.74
2377,187.06,192.26,193.02,183.84,185.52,188.44,193.18,183.42,183.92,184.74
2378,187.04,192.26,193.0,183.84,185.52,188.44,193.18,183.42,183.92,184.74
2379,187.04,192.26,192.98,183.84,185.52,188.44,193.18,183.42,183.92,184.74
2380,187.02,192.26,192.96,183.84,185.52,188.44,193.18,183.42,183.92,184.74
2381,187.02,192.26,192.96,183.84,185.52,188.44,193.18,183.42,183.92,184.74
2382,187.02,192.26,192.92,183.84,185.52,188.44,193.18,183.42,183.92,184.74
2383,187.02,192.26,192.9,183.84,185.52,188.44,193.18,183.42,183.92,184.74
2384,187.02,192.26,192.88,183.84,185.52,188.44,193.18,183.42,183.92,184.74
2385,187.02,192.26,192.84,183.84,185.52,188.44,193.18,183.42,183.92,184.74
2386,187.02,192.26,192.8,183.82,185.52,188.44,193.18,183.42,183.92,184.74
2387,187.02,192.26,192.76,183.82,185.52,188.44,193.18,183.42,183.92,184.74
2388,187.02,192.26,192.76,183.82,185.52,188.44,193.18,183.42,183.92,184.74
2389,187.0,192.26,192.74,183.82,185.52,188.44,193.18,183.42,183.92,184.74
2390,187.0,192.26,192.74,183.82,185.52,188.44,193.18,183.42,183.92,184.74
2391,187.0,192.26,192.68,183.82,185.52,188.44,193.18,183.42,183.92,184.74
2392,187.0,192.26,192.68,183.82,185.52,188.44,193.18,183.42,183.92,184.74
2393,187.0,192.26,192.68,183.82,185.52,188.44,193.18,183.42,183.92,184.74
2394,186.98,192.26,192.66,183.8,185.52,188.44,193.18,183.42,183.92,184.74
2395,186.98,192.26,192.66,183.8,185.52,188.44,193.18,183.42,183.92,184.74
2396,186.98,192.26,192.66,183.8,185.52,188.44,193.18,183.42,183.92,184.74
2397,186.98,192.26,192.66,183.8,185.52,188.44,193.18,183.42,183.92,184.74
2398,186.98,192.26,192.64,183.8,185.52,188.44,193.18,183.42,183.92,184.74
2399,186.98,192.26,192.62,183.8,185.52,188.44,193.18,183.42,183.92,184.74
2400,186.98,192.26,192.6,183.8,185.52,188.44,193.18,183.42,183.92,184.74
2401,186.96,192.26,192.6,183.8,185.52,188.44,193.18,183.42,183.92,184.74
2402,186.96,192.26,192.6,183.8,185.52,188.44,193.18,183.42,183.92,184.74
2403,186.96,192.26,192.58,183.8,185.52,188.44,193.18,183.42,183.92,184.74
2404,186.94,192.26,192.56,183.8,185.52,188.44,193.18,183.42,183.92,184.74
2405,186.94,192.26,192.54,183.8,185.52,188.44,193.18,183.42,183.92,184.74
2406,186.94,192.26,192.54,183.8,185.52,188.44,193.18,183.42,183.92,184.74
2407,186.94,192.26,192.54,183.8,185.52,188.44,193.18,183.42,183.92,184.74
2408,186.94,192.26,192.5,183.8,185.52,188.44,193.18,183.42,183.92,184.74
2409,186.92,192.26,192.48,183.8,185.52,188.44,193.18,183.42,183.92,184.74
2410,186.92,192.26,192.48,183.8,185.52,188.44,193.18,183.42,183.92,184.74
2411,186.92,192.26,192.44,183.8,185.52,188.44,193.18,183.42,183.92,184.74
2412,186.9,192.26,192.44,183.8,185.52,188.44,193.18,183.42,183.92,184.74
2413,186.9,192.26,192.42,183.8,185.52,188.44,193.18,183.42,183.92,184.74
2414,186.88,192.26,192.4,183.8,185.52,188.44,193.18,183.42,183.92,184.74
2415,186.88,192.26,192.4,183.8,185.52,188.44,193.18,183.42,183.92,184.74
2416,186.88,192.26,192.38,183.8,185.52,188.44,193.18,183.42,183.92,184.74
2417,186.86,192.26,192.38,183.8,185.52,188.44,193.18,183.42,183.92,184.74
2418,186.86,192.26,192.38,183.8,185.52,188.44,193.18,183.42,183.92,184.74
2419,186.86,192.26,192.38,183.8,185.52,188.44,193.18,183.42,183.92,184.74
2420,186.86,192.26,192.38,183.8,185.52,188.44,193.18,183.42,183.92,184.74
2421,186.84,192.26,192.36,183.8,185.52,188.44,193.18,183.42,183.92,184.74
2422,186.84,192.26,192.36,183.8,185.52,188.44,193.18,183.42,183.92,184.74
2423,186.8,192.26,192.28,183.8,185.52,188.44,193.18,183.42,183.92,184.74
2424,186.78,192.26,192.28,183.8,185.52,188.44,193.18,183.42,183.92,184.74
2425,186.78,192.26,192.28,183.8,185.52,188.44,193.18,183.42,183.92,184.74
2426,186.78,192.26,192.24,183.8,185.52,188.44,193.18,183.42,183.92,184.74
2427,186.78,192.26,192.24,183.8,185.52,188.44,193.18,183.42,183.92,184.74
2428,186.78,192.26,192.22,183.8,185.52,188.44,193.18,183.42,183.92,184.74
2429,186.78,192.26,192.2,183.8,185.52,188.44,193.18,183.42,183.92,184.74
2430,186.78,192.26,192.16,183.8,185.52,188.44,193.18,183.42,183.92,184.74
2431,186.78,192.26,192.16,183.8,185.52,188.44,193.18,183.42,183.92,184.74
2432,186.78,192.26,192.16,183.8,185.52,188.44,193.18,183.42,183.92,184.74
2433,186.78,192.26,192.16,183.8,185.52,188.44,193.18,183.42,183.92,184.74
2434,186.78,192.26,192.16,183.8,185.52,188.44,193.18,183.42,183.92,184.74
2435,186.78,192.26,192.12,183.8,185.52,188.44,193.18,183.42,183.92,184.74
2436,186.78,192.26,192.12,183.8,185.52,188.44,193.18,183.42,183.92,184.74
2437,186.78,192.26,192.12,183.8,185.52,188.44,193.18,183.42,183.92,184.74
2438,186.78,192.26,192.12,183.8,185.52,188.44,193.18,183.42,183.92,184.74
2439,186.78,192.26,192.12,183.8,185.52,188.44,193.18,183.42,183.92,184.74
2440,186.78,192.26,192.1,183.8,185.52,188.44,193.18,183.42,183.92,184.74
2441,186.78,192.26,192.1,183.8,185.52,188.44,193.18,183.42,183.92,184.74
2442,186.78,192.26,192.08,183.8,185.52,188.44,193.18,183.42,183.92,184.74
2443,186.78,192.26,192.06,183.8,185.52,188.44,193.18,183.42,183.92,184.74
2444,186.78,192.26,192.06,183.8,185.52,188.44,193.18,183.42,183.92,184.74
2445,186.76,192.26,192.06,183.8,185.52,188.44,193.18,183.42,183.92,184.74
2446,186.76,192.26,192.06,183.8,185.52,188.44,193.18,183.42,183.92,184.74
2447,186.74,192.26,192.02,183.8,185.52,188.44,193.18,183.42,183.92,184.74
2448,186.74,192.26,192.0,183.8,185.52,188.44,193.18,183.42,183.92,184.74
2449,186.72,192.26,191.96,183.8,185.52,188.44,193.18,183.42,183.92,184.74
2450,186.72,192.26,191.96,183.8,185.52,188.44,193.18,183.42,183.92,184.74
2451,186.72,192.26,191.96,183.8,185.52,188.44,193.18,183.42,183.92,184.74
2452,186.72,192.26,191.96,183.8,185.52,188.44,193.18,183.42,183.92,184.74
2453,186.72,192.26,191.92,183.8,185.52,188.44,193.18,183.42,183.92,184.74
2454,186.72,192.26,191.9,183.8,185.52,188.44,193.18,183.42,183.92,184.74
2455,186.72,192.26,191.9,183.8,185.52,188.44,193.18,183.42,183.92,184.74
2456,186.72,192.26,191.9,183.8,185.52,188.44,193.18,183.42,183.92,184.74
2457,186.72,192.26,191.84,183.8,185.52,188.44,193.18,183.42,183.92,184.74
2458,186.72,192.26,191.84,183.8,185.52,188.44,193.18,183.42,183.92,184.74
2459,186.72,192.26,191.84,183.8,185.52,188.44,193.18,183.42,183.92,184.74
2460,186.68,192.26,191.82,183.8,185.52,188.44,193.18,183.42,183.92,184.74
2461,186.68,192.26,191.78,183.8,185.52,188.44,193.18,183.42,183.92,184.74
2462,186.68,192.26,191.76,183.8,185.52,188.44,193.18,183.42,183.92,184.74
2463,186.66,192.26,191.7,183.8,185.52,188.44,193.18,183.42,183.92,184.74
2464,186.66,192.26,191.7,183.8,185.52,188.44,193.18,183.42,183.92,184.74
2465,186.64,192.26,191.7,183.8,185.52,188.44,193.18,183.42,183.92,184.74
2466,186.64,192.26,191.7,183.8,185.52,188.44,193.18,183.42,183.92,184.74
2467,186.64,192.26,191.68,183.8,185.52,188.44,193.18,183.42,183.92,184.74
2468,186.62,192.26,191.66,183.8,185.52,188.44,193.18,183.42,183.92,184.74
2469,186.62,192.26,191.66,183.8,185.52,188.44,193.18,183.42,183.92,184.74
2470,186.62,192.26,191.64,183.8,185.52,188.44,193.18,183.42,183.92,184.74
2471,186.62,192.26,191.6,183.8,185.52,188.44,193.18,183.42,183.92,184.74
2472,186.62,192.26,191.58,183.8,185.52,188.44,193.18,183.42,183.92,184.74
2473,186.62,192.26,191.54,183.8,185.52,188.44,193.18,183.42,183.92,184.74
2474,186.62,192.26,191.54,183.8,185.52,188.44,193.18,183.42,183.92,184.74
2475,186.62,192.26,191.42,183.8,185.52,188.44,193.18,183.42,183.92,184.74
2476,186.62,192.26,191.42,183.8,185.52,188.44,193.18,183.42,183.92,184.74
2477,186.62,192.26,191.42,183.8,185.52,188.44,193.18,183.42,183.92,184.74
2478,186.62,192.26,191.38,183.78,185.52,188.44,193.18,183.42,183.92,184.74
2479,186.62,192.26,191.32,183.78,185.52,188.44,193.18,183.42,183.92,184.74
2480,186.62,192.26,191.32,183.78,185.52,188.44,193.18,183.42,183.92,184.74
2481,186.6,192.26,191.3,183.78,185.52,188.44,193.18,183.42,183.92,184.74
2482,186.6,192.26,191.3,183.78,185.52,188.44,193.18,183.42,183.92,184.74
2483,186.6,192.26,191.28,183.78,185.52,188.44,193.18,183.42,183.92,184.74
2484,186.6,192.26,191.26,183.78,185.52,188.44,193.18,183.42,183.92,184.74
2485,186.6,192.26,191.24,183.78,185.52,188.44,193.18,183.42,183.92,184.74
2486,186.6,192.26,191.2,183.78,185.52,188.44,193.18,183.42,183.92,184.74
2487,186.6,192.26,191.18,183.78,185.52,188.44,193.18,183.42,183.92,184.74
2488,186.6,192.26,191.18,183.78,185.52,188.44,193.18,183.42,183.92,184.74
2489,186.6,192.26,191.14,183.78,185.52,188.44,193.18,183.42,183.92,184.74
2490,186.6,192.26,191.1,183.78,185.52,188.44,193.18,183.42,183.92,184.74
2491,186.6,192.26,191.08,183.78,185.52,188.44,193.18,183.42,183.92,184.74
2492,186.6,192.26,191.08,183.78,185.52,188.44,193.18,183.42,183.92,184.74
2493,186.58,192.26,191.06,183.78,185.52,188.44,193.18,183.42,183.92,184.74
2494,186.58,192.26,191.06,183.78,185.52,188.44,193.18,183.42,183.92,184.74
2495,186.58,192.26,191.06,183.78,185.52,188.44,193.18,183.42,183.92,184.74
2496,186.58,192.26,191.04,183.78,185.52,188.44,193.18,183.42,183.92,184.74
2497,186.58,192.26,191.02,183.78,185.52,188.44,193.18,183.42,183.92,184.74
2498,186.58,192.26,191.0,183.78,185.52,188.44,193.18,183.42,183.92,184.74
2499,186.58,192.26,190.94,183.78,185.52,188.44,193.18,183.42,183.92,184.74
2500,186.58,192.26,190.9,183.78,185.52,188.44,193.18,183.42,183.92,184.74
2501,186.58,192.26,190.88,183.78,185.52,188.44,193.18,183.42,183.92,184.74
2502,186.58,192.26,190.84,183.78,185.52,188.44,193.18,183.42,183.92,184.74
2503,186.58,192.26,190.8,183.78,185.52,188.44,193.18,183.42,183.92,184.74
2504,186.58,192.26,190.78,183.78,185.52,188.44,193.18,183.42,183.92,184.74
2505,186.58,192.26,190.78,183.78,185.52,188.44,193.18,183.42,183.92,184.74
2506,186.56,192.26,190.76,183.78,185.52,188.44,193.18,183.42,183.92,184.74
2507,186.54,192.26,190.72,183.78,185.52,188.44,193.18,183.42,183.92,184.74
2508,186.54,192.26,190.72,183.78,185.52,188.44,193.18,183.42,183.92,184.74
2509,186.54,192.26,190.72,183.78,185.52,188.44,193.18,183.42,183.92,184.74
2510,186.54,192.26,190.72,183.78,185.52,188.44,193.18,183.42,183.92,184.74
2511,186.52,192.26,190.72,183.78,185.52,188.44,193.18,183.42,183.92,184.74
2512,186.52,192.26,190.7,183.78,185.52,188.44,193.18,183.42,183.92,184.74
2513,186.52,192.26,190.64,183.78,185.52,188.44,193.18,183.42,183.92,184.74
2514,186.52,192.26,190.64,183.78,185.52,188.44,193.18,183.42,183.92,184.74
2515,186.52,192.26,190.64,183.78,185.52,188.44,193.18,183.42,183.92,184.74
2516,186.5,192.26,190.64,183.78,185.52,188.44,193.18,183.42,183.92,184.74
2517,186.48,192.26,190.62,183.78,185.52,188.44,193.18,183.42,183.92,184.74
2518,186.48,192.26,190.62,183.78,185.52,188.44,193.18,183.42,183.92,184.74
2519,186.48,192.26,190.6,183.78,185.52,188.44,193.18,183.42,183.92,184.74
2520,186.48,192.26,190.6,183.78,185.52,188.44,193.18,183.42,183.92,184.74
2521,186.48,192.26,190.6,183.78,185.52,188.44,193.18,183.42,183.92,184.74
2522,186.48,192.26,190.56,183.78,185.52,188.44,193.18,183.42,183.92,184.74
2523,186.48,192.26,190.52,183.78,185.52,188.44,193.18,183.42,183.92,184.74
2524,186.48,192.26,190.52,183.78,185.52,188.44,193.18,183.42,183.92,184.74
2525,186.48,192.26,190.5,183.78,185.52,188.44,193.18,183.42,183.92,184.74
2526,186.46,192.26,190.5,183.78,185.52,188.44,193.18,183.42,183.92,184.74
2527,186.46,192.26,190.46,183.78,185.52,188.44,193.18,183.42,183.92,184.74
2528,186.46,192.26,190.44,183.78,185.52,188.44,193.18,183.42,183.92,184.74
2529,186.44,192.26,190.44,183.78,185.52,188.44,193.18,183.42,183.92,184.74
2530,186.44,192.26,190.44,183.78,185.52,188.44,193.18,183.42,183.92,184.74
2531,186.44,192.26,190.44,183.78,185.52,188.44,193.18,183.42,183.92,184.74
2532,186.44,192.26,190.44,183.78,185.52,188.44,193.18,183.42,183.92,184.74
2533,186.44,192.26,190.44,183.78,185.52,188.44,193.18,183.42,183.92,184.74
2534,186.44,192.26,190.44,183.78,185.52,188.44,193.18,183.42,183.92,184.74
2535,186.44,192.26,190.44,183.78,185.52,188.44,193.18,183.42,183.92,184.74
2536,186.44,192.26,190.44,183.78,185.52,188.44,193.18,183.42,183.92,184.74
2537,186.42,192.26,190.44,183.78,185.52,188.44,193.18,183.42,183.92,184.74
2538,186.42,192.26,190.44,183.78,185.52,188.44,193.18,183.42,183.92,184.74
2539,186.42,192.26,190.44,183.78,185.52,188.44,193.18,183.42,183.92,184.74
2540,186.42,192.26,190.42,183.78,185.52,188.44,193.18,183.42,183.92,184.74
2541,186.42,192.26,190.34,183.78,185.52,188.44,193.18,183.42,183.92,184.74
2542,186.42,192.26,190.32,183.78,185.52,188.44,193.18,183.42,183.92,184.74
2543,186.42,192.26,190.32,183.78,185.52,188.44,193.18,183.42,183.92,184.74
2544,186.42,192.26,190.32,183.78,185.52,188.44,193.18,183.42,183.92,184.74
2545,186.42,192.26,190.3,183.78,185.52,188.44,193.18,183.42,183.92,184.74
2546,186.42,192.26,190.3,183.78,185.52,188.44,193.18,183.42,183.92,184.74
2547,186.42,192.26,190.26,183.78,185.52,188.44,193.18,183.42,183.92,184.74
2548,186.42,192.26,190.18,183.78,185.52,188.44,193.18,183.42,183.92,184.74
2549,186.42,192.26,190.16,183.78,185.52,188.44,193.18,183.42,183.92,184.74
2550,186.42,192.26,190.12,183.78,185.52,188.44,193.18,183.42,183.92,184.74
2551,186.42,192.26,190.12,183.78,185.52,188.44,193.18,183.42,183.92,184.74
2552,186.42,192.26,190.1,183.78,185.52,188.44,193.18,183.42,183.92,184.74
2553,186.42,192.26,190.1,183.78,185.52,188.44,193.18,183.42,183.92,184.74
2554,186.42,192.26,190.1,183.78,185.52,188.44,193.18,183.42,183.92,184.74
2555,186.36,192.26,190.08,183.78,185.52,188.44,193.18,183.42,183.92,184.74
2556,186.36,192.26,190.08,183.78,185.52,188.44,193.18,183.42,183.92,184.74
2557,186.36,192.26,190.08,183.78,185.52,188.44,193.18,183.42,183.92,184.74
2558,186.36,192.26,190.06,183.78,185.52,188.44,193.18,183.42,183.92,184.74
2559,186.36,192.26,190.02,183.78,185.52,188.44,193.18,183.42,183.92,184.74
2560,186.36,192.26,189.98,183.78,185.52,188.44,193.18,183.42,183.92,184.74
2561,186.34,192.26,189.96,183.78,185.52,188.44,193.18,183.42,183.92,184.74
2562,186.34,192.26,189.96,183.78,185.52,188.44,193.18,183.42,183.92,184.74
2563,186.34,192.26,189.96,183.78,185.52,188.44,193.18,183.42,183.92,184.74
2564,186.34,192.26,189.96,183.78,185.52,188.44,193.18,183.42,183.92,184.74
2565,186.34,192.26,189.94,183.78,185.52,188.44,193.18,183.42,183.92,184.74
2566,186.34,192.26,189.94,183.78,185.52,188.44,193.18,183.42,183.92,184.74
2567,186.34,192.26,189.94,183.78,185.52,188.44,193.18,183.42,183.92,184.74
2568,186.34,192.26,189.94,183.78,185.52,188.44,193.18,183.42,183.92,184.74
2569,186.32,192.26,189.94,183.78,185.52,188.44,193.18,183.42,183.92,184.74
2570,186.32,192.26,189.94,183.78,185.52,188.44,193.18,183.42,183.92,184.74
2571,186.32,192.26,189.92,183.78,185.52,188.44,193.18,183.42,183.92,184.74
2572,186.32,192.26,189.92,183.78,185.52,188.44,193.18,183.42,183.92,184.74
2573,186.32,192.26,189.9,183.78,185.52,188.44,193.18,183.42,183.92,184.74
2574,186.32,192.26,189.88,183.78,185.52,188.44,193.18,183.42,183.92,184.74
2575,186.32,192.26,189.84,183.78,185.52,188.44,193.18,183.42,183.92,184.74
2576,186.32,192.26,189.84,183.78,185.52,188.44,193.18,183.42,183.92,184.74
2577,186.32,192.26,189.84,183.76,185.52,188.44,193.18,183.42,183.92,184.74
2578,186.3,192.26,189.8,183.76,185.52,188.44,193.18,183.42,183.92,184.74
2579,186.3,192.26,189.8,183.76,185.52,188.44,193.18,183.42,183.92,184.74
2580,186.3,192.26,189.8,183.76,185.52,188.44,193.18,183.42,183.92,184.74
2581,186.28,192.26,189.8,183.74,185.52,188.44,193.18,183.42,183.92,184.74
2582,186.28,192.26,189.78,183.74,185.52,188.44,193.18,183.42,183.92,184.74
2583,186.28,192.26,189.78,183.74,185.52,188.44,193.18,183.42,183.92,184.74
2584,186.28,192.26,189.74,183.74,185.52,188.44,193.18,183.42,183.92,184.74
2585,186.28,192.26,189.72,183.74,185.52,188.44,193.18,183.42,183.92,184.74
2586,186.26,192.26,189.68,183.74,185.52,188.44,193.18,183.42,183.92,184.74
2587,186.24,192.26,189.68,183.74,185.52,188.44,193.18,183.42,183.92,184.74
2588,186.24,192.26,189.68,183.74,185.52,188.44,193.18,183.42,183.92,184.74
2589,186.24,192.26,189.66,183.74,185.52,188.44,193.18,183.42,183.92,184.74
2590,186.24,192.26,189.64,183.74,185.52,188.44,193.18,183.42,183.92,184.74
2591,186.22,192.26,189.64,183.74,185.52,188.44,193.18,183.42,183.92,184.74
2592,186.22,192.26,189.64,183.74,185.52,188.44,193.18,183.42,183.92,184.74
2593,186.22,192.26,189.64,183.74,185.52,188.44,193.18,183.42,183.92,184.74
2594,186.22,192.26,189.62,183.74,185.52,188.44,193.18,183.42,183.92,184.74
2595,186.22,192.26,189.6,183.74,185.52,188.44,193.18,183.42,183.92,184.74
2596,186.22,192.26,189.6,183.74,185.52,188.44,193.18,183.42,183.92,184.74
2597,186.2,192.26,189.58,183.74,185.52,188.44,193.18,183.42,183.92,184.74
2598,186.2,192.26,189.58,183.74,185.52,188.44,193.18,183.42,183.92,184.74
2599,186.2,192.26,189.58,183.74,185.52,188.44,193.18,183.42,183.92,184.74
2600,186.2,192.26,189.58,183.74,185.52,188.44,193.18,183.42,183.92,184.74
2601,186.2,192.26,189.58,183.74,185.52,188.44,193.18,183.42,183.92,184.74
2602,186.2,192.26,189.56,183.74,185.52,188.44,193.18,183.42,183.92,184.74
2603,186.18,192.26,189.54,183.74,185.52,188.44,193.18,183.42,183.92,184.74
2604,186.18,192.26,189.54,183.74,185.52,188.44,193.18,183.42,183.92,184.74
2605,186.18,192.26,189.54,183.74,185.52,188.44,193.18,183.42,183.92,184.74
2606,186.18,192.26,189.5,183.74,185.52,188.44,193.18,183.42,183.92,184.74
2607,186.18,192.26,189.5,183.74,185.52,188.44,193.18,183.42,183.92,184.74
2608,186.18,192.26,189.48,183.74,185.52,188.44,193.18,183.42,183.92,184.74
2609,186.18,192.26,189.46,183.74,185.52,188.44,193.18,183.42,183.92,184.74
2610,186.18,192.26,189.46,183.74,185.52,188.44,193.18,183.42,183.92,184.74
2611,186.18,192.26,189.46,183.74,185.52,188.44,193.18,183.42,183.92,184.74
2612,186.18,192.26,189.46,183.72,185.52,188.44,193.18,183.42,183.92,184.74
2613,186.18,192.26,189.42,183.72,185.52,188.44,193.18,183.42,183.92,184.74
2614,186.18,192.26,189.4,183.72,185.52,188.44,193.18,183.42,183.92,184.74
2615,186.18,192.26,189.4,183.72,185.52,188.44,193.18,183.42,183.92,184.74
2616,186.18,192.26,189.38,183.72,185.52,188.44,193.18,183.42,183.92,184.74
2617,186.18,192.26,189.36,183.72,185.52,188.44,193.18,183.42,183.92,184.74
2618,186.16,192.26,189.36,183.7,185.52,188.44,193.18,183.42,183.92,184.74
2619,186.16,192.26,189.34,183.7,185.52,188.44,193.18,183.42,183.92,184.74
2620,186.16,192.26,189.32,183.7,185.52,188.44,193.18,183.42,183.92,184.74
2621,186.16,192.26,189.32,183.7,185.52,188.44,193.18,183.42,183.92,184.74
2622,186.16,192.26,189.32,183.7,185.52,188.44,193.18,183.42,183.92,184.74
2623,186.16,192.26,189.3,183.7,185.52,188.44,193.18,183.42,183.92,184.74
2624,186.16,192.26,189.28,183.7,185.52,188.44,193.18,183.42,183.92,184.74
2625,186.16,192.26,189.28,183.7,185.52,188.44,193.18,183.42,183.92,184.74
2626,186.16,192.26,189.28,183.7,185.52,188.44,193.18,183.42,183.92,184.74
2627,186.16,192.26,189.28,183.7,185.52,188.44,193.18,183.42,183.92,184.74
2628,186.16,192.26,189.28,183.7,185.52,188.44,193.18,183.42,183.92,184.74
2629,186.16,192.26,189.28,183.7,185.52,188.44,193.18,183.42,183.92,184.74
2630,186.16,192.26,189.28,183.7,185.52,188.44,193.18,183.42,183.92,184.74
2631,186.16,192.26,189.28,183.7,185.52,188.44,193.18,183.42,183.92,184.74
2632,186.16,192.26,189.26,183.7,185.52,188.44,193.18,183.42,183.92,184.74
2633,186.16,192.26,189.24,183.7,185.52,188.44,193.18,183.42,183.92,184.74
2634,186.16,192.26,189.24,183.7,185.52,188.44,193.18,183.42,183.92,184.74
2635,186.16,192.26,189.2,183.7,185.52,188.44,193.18,183.42,183.92,184.74
2636,186.14,192.26,189.2,183.7,185.52,188.44,193.18,183.42,183.92,184.74
2637,186.14,192.26,189.18,183.7,185.52,188.44,193.18,183.42,183.92,184.74
2638,186.12,192.26,189.18,183.7,185.52,188.44,193.18,183.42,183.92,184.74
2639,186.12,192.26,189.18,183.7,185.52,188.44,193.18,183.42,183.92,184.74
2640,186.12,192.26,189.12,183.7,185.52,188.44,193.18,183.42,183.92,184.74
2641,186.12,192.26,189.12,183.7,185.52,188.44,193.18,183.42,183.92,184.74
2642,186.12,192.26,189.12,183.7,185.52,188.44,193.18,183.42,183.92,184.74
2643,186.12,192.26,189.1,183.7,185.52,188.44,193.18,183.42,183.92,184.74
2644,186.12,192.26,189.1,183.7,185.52,188.44,193.18,183.42,183.92,184.74
2645,186.12,192.26,189.1,183.7,185.52,188.44,193.18,183.42,183.92,184.74
2646,186.12,192.26,189.1,183.7,185.52,188.44,193.18,183.42,183.92,184.74
2647,186.12,192.26,189.08,183.7,185.52,188.44,193.18,183.42,183.92,184.74
2648,186.12,192.26,189.04,183.7,185.52,188.44,193.18,183.42,183.92,184.74
2649,186.12,192.26,189.04,183.7,185.52,188.44,193.18,183.42,183.92,184.74
2650,186.12,192.26,189.02,183.7,185.52,188.44,193.18,183.42,183.92,184.74
2651,186.12,192.26,189.0,183.7,185.52,188.44,193.18,183.42,183.92,184.74
2652,186.12,192.26,189.0,183.7,185.52,188.44,193.18,183.42,183.92,184.74
2653,186.12,192.26,188.98,183.7,185.52,188.44,193.18,183.42,183.92,184.74
2654,186.12,192.26,188.98,183.7,185.52,188.44,193.18,183.42,183.92,184.74
2655,186.12,192.26,188.96,183.7,185.52,188.44,193.18,183.42,183.92,184.74
2656,186.12,192.26,188.92,183.7,185.52,188.44,193.18,183.42,183.92,184.74
2657,186.12,192.26,188.88,183.7,185.52,188.44,193.18,183.42,183.92,184.74
2658,186.12,192.26,188.86,183.7,185.52,188.44,193.18,183.42,183.92,184.74
2659,186.12,192.26,188.86,183.7,185.52,188.44,193.18,183.42,183.92,184.74
2660,186.12,192.26,188.82,183.7,185.52,188.44,193.18,183.42,183.92,184.74
2661,186.12,192.26,188.8,183.7,185.52,188.44,193.18,183.42,183.92,184.74
2662,186.12,192.26,188.8,183.7,185.52,188.44,193.18,183.42,183.92,184.74
2663,186.12,192.26,188.8,183.7,185.52,188.44,193.18,183.42,183.92,184.74
2664,186.1,192.26,188.78,183.7,185.52,188.44,193.18,183.42,183.92,184.74
2665,186.1,192.26,188.74,183.7,185.52,188.44,193.18,183.42,183.92,184.74
2666,186.1,192.26,188.74,183.7,185.52,188.44,193.18,183.42,183.92,184.74
2667,186.1,192.26,188.74,183.7,185.52,188.44,193.18,183.42,183.92,184.74
2668,186.1,192.26,188.72,183.7,185.52,188.44,193.18,183.42,183.92,184.74
2669,186.1,192.26,188.7,183.7,185.52,188.44,193.18,183.42,183.92,184.74
2670,186.1,192.26,188.7,183.7,185.52,188.44,193.18,183.42,183.92,184.74
2671,186.1,192.26,188.7,183.7,185.52,188.44,193.18,183.42,183.92,184.74
2672,186.08,192.26,188.68,183.7,185.52,188.44,193.18,183.42,183.92,184.74
2673,186.08,192.26,188.68,183.7,185.52,188.44,193.18,183.42,183.92,184.74
2674,186.08,192.26,188.66,183.7,185.52,188.44,193.18,183.42,183.92,184.74
2675,186.06,192.26,188.66,183.7,185.52,188.44,193.18,183.42,183.92,184.74
2676,186.06,192.26,188.66,183.7,185.52,188.44,193.18,183.42,183.92,184.74
2677,186.06,192.26,188.64,183.7,185.52,188.44,193.18,183.42,183.92,184.74
2678,186.06,192.26,188.64,183.7,185.52,188.44,193.18,183.42,183.92,184.74
2679,186.06,192.26,188.64,183.7,185.52,188.44,193.18,183.42,183.92,184.74
2680,186.06,192.26,188.64,183.7,185.52,188.44,193.18,183.42,183.92,184.74
2681,186.06,192.26,188.62,183.7,185.52,188.44,193.18,183.42,183.92,184.74
2682,186.04,192.26,188.62,183.7,185.52,188.44,193.18,183.42,183.92,184.74
2683,186.04,192.26,188.62,183.7,185.52,188.44,193.18,183.42,183.92,184.74
2684,186.04,192.26,188.62,183.7,185.52,188.44,193.18,183.42,183.92,184.74
2685,186.04,192.26,188.62,183.7,185.52,188.44,193.18,183.42,183.92,184.74
2686,186.04,192.26,188.58,183.7,185.52,188.44,193.18,183.42,183.92,184.74
2687,186.04,192.26,188.58,183.7,185.52,188.44,193.18,183.42,183.92,184.74
2688,186.04,192.26,188.56,183.7,185.52,188.44,193.18,183.42,183.92,184.74
2689,186.04,192.26,188.56,183.7,185.52,188.44,193.18,183.42,183.92,184.74
2690,186.04,192.26,188.56,183.7,185.52,188.44,193.18,183.42,183.92,184.74
2691,186.04,192.26,188.54,183.7,185.52,188.44,193.18,183.42,183.92,184.74
2692,186.04,192.26,188.54,183.7,185.52,188.44,193.18,183.42,183.92,184.74
2693,186.04,192.26,188.54,183.7,185.52,188.44,193.18,183.42,183.92,184.74
2694,186.04,192.26,188.52,183.7,185.52,188.44,193.18,183.42,183.92,184.74
2695,186.04,192.26,188.5,183.7,185.52,188.44,193.18,183.42,183.92,184.74
2696,186.04,192.26,188.5,183.7,185.52,188.44,193.18,183.42,183.92,184.74
2697,186.04,192.26,188.5,183.7,185.52,188.44,193.18,183.42,183.92,184.74
2698,186.04,192.26,188.5,183.7,185.52,188.44,193.18,183.42,183.92,184.74
2699,186.04,192.26,188.5,183.7,185.52,188.44,193.18,183.42,183.92,184.74
2700,186.04,192.26,188.48,183.7,185.52,188.44,193.18,183.42,183.92,184.74
2701,186.04,192.26,188.44,183.7,185.52,188.44,193.18,183.42,183.92,184.74
2702,186.04,192.26,188.44,183.7,185.52,188.44,193.18,183.42,183.92,184.74
2703,186.04,192.26,188.42,183.7,185.52,188.44,193.18,183.42,183.92,184.74
2704,186.04,192.26,188.4,183.7,185.52,188.44,193.18,183.42,183.92,184.74
2705,186.04,192.26,188.36,183.7,185.52,188.44,193.18,183.42,183.92,184.74
2706,186.04,192.26,188.32,183.7,185.52,188.44,193.18,183.42,183.92,184.74
2707,186.04,192.26,188.32,183.7,185.52,188.44,193.18,183.42,183.92,184.74
2708,186.04,192.26,188.3,183.7,185.52,188.44,193.18,183.42,183.92,184.74
2709,186.02,192.26,188.3,183.7,185.52,188.44,193.18,183.42,183.92,184.74
2710,186.02,192.26,188.3,183.7,185.52,188.44,193.18,183.42,183.92,184.74
2711,186.02,192.26,188.26,183.7,185.52,188.44,193.18,183.42,183.92,184.74
2712,186.02,192.26,188.24,183.7,185.52,188.44,193.18,183.42,183.92,184.74
2713,186.02,192.26,188.22,183.7,185.52,188.44,193.18,183.42,183.92,184.74
2714,186.02,192.26,188.2,183.7,185.52,188.44,193.18,183.42,183.92,184.74
2715,186.02,192.26,188.2,183.7,185.52,188.44,193.18,183.42,183.92,184.74
2716,186.02,192.26,188.2,183.7,185.52,188.44,193.18,183.42,183.92,184.74
2717,186.02,192.26,188.16,183.7,185.52,188.44,193.18,183.42,183.92,184.74
2718,186.02,192.26,188.12,183.7,185.52,188.44,193.18,183.42,183.92,184.74
2719,186.0,192.26,188.12,183.7,185.52,188.44,193.18,183.42,183.92,184.74
2720,186.0,192.26,188.12,183.7,185.52,188.44,193.18,183.42,183.92,184.74
2721,186.0,192.26,188.12,183.7,185.52,188.44,193.18,183.42,183.92,184.74
2722,186.0,192.26,188.12,183.7,185.52,188.44,193.18,183.42,183.92,184.74
2723,186.0,192.26,188.12,183.7,185.52,188.44,193.18,183.42,183.92,184.74
2724,185.98,192.26,188.12,183.7,185.52,188.44,193.18,183.42,183.92,184.74
2725,185.98,192.26,188.06,183.7,185.52,188.44,193.18,183.42,183.92,184.74
2726,185.98,192.26,188.06,183.7,185.52,188.44,193.18,183.42,183.92,184.74
2727,185.96,192.26,188.06,183.7,185.52,188.44,193.18,183.42,183.92,184.74
2728,185.96,192.26,188.02,183.7,185.52,188.44,193.18,183.42,183.92,184.74
2729,185.96,192.26,188.02,183.7,185.52,188.44,193.18,183.42,183.92,184.74
2730,185.96,192.26,188.02,183.7,185.52,188.44,193.18,183.42,183.92,184.74
2731,185.96,192.26,188.0,183.7,185.52,188.44,193.18,183.42,183.92,184.74
2732,185.96,192.26,188.0,183.7,185.52,188.44,193.18,183.42,183.92,184.74
2733,185.96,192.26,188.0,183.7,185.52,188.44,193.18,183.42,183.92,184.74
2734,185.96,192.26,188.0,183.7,185.52,188.44,193.18,183.42,183.92,184.74
2735,185.96,192.26,187.98,183.7,185.52,188.44,193.18,183.42,183.92,184.74
2736,185.96,192.26,187.92,183.7,185.52,188.44,193.18,183.42,183.92,184.74
2737,185.96,192.26,187.9,183.7,185.52,188.44,193.18,183.42,183.92,184.74
2738,185.94,192.26,187.9,183.7,185.52,188.44,193.18,183.42,183.92,184.74
2739,185.94,192.26,187.9,183.7,185.52,188.44,193.18,183.42,183.92,184.74
2740,185.94,192.26,187.86,183.7,185.52,188.44,193.18,183.42,183.92,184.74
2741,185.94,192.26,187.86,183.7,185.52,188.44,193.18,183.42,183.92,184.74
2742,185.94,192.26,187.86,183.7,185.52,188.44,193.18,183.42,183.92,184.74
2743,185.94,192.26,187.84,183.7,185.52,188.44,193.18,183.42,183.92,184.74
2744,185.94,192.26,187.84,183.7,185.52,188.44,193.18,183.42,183.92,184.74
2745,185.94,192.26,187.84,183.7,185.52,188.44,193.18,183.42,183.92,184.74
2746,185.94,192.26,187.84,183.7,185.52,188.44,193.18,183.42,183.92,184.74
2747,185.94,192.26,187.84,183.7,185.52,188.44,193.18,183.42,183.92,184.74
2748,185.94,192.26,187.8,183.7,185.52,188.44,193.18,183.42,183.92,184.74
2749,185.94,192.26,187.8,183.7,185.52,188.44,193.18,183.42,183.92,184.74
2750,185.92,192.26,187.8,183.7,185.52,188.44,193.18,183.42,183.92,184.74
2751,185.92,192.26,187.8,183.7,185.52,188.44,193.18,183.42,183.92,184.74
2752,185.92,192.26,187.78,183.7,185.52,188.44,193.18,183.42,183.92,184.74
2753,185.92,192.26,187.78,183.7,185.52,188.44,193.18,183.42,183.92,184.74
2754,185.92,192.26,187.78,183.7,185.52,188.44,193.18,183.42,183.92,184.74
2755,185.92,192.26,187.76,183.7,185.52,188.44,193.18,183.42,183.92,184.74
2756,185.92,192.26,187.76,183.7,185.52,188.44,193.18,183.42,183.92,184.74
2757,185.92,192.26,187.74,183.7,185.52,188.44,193.18,183.42,183.92,184.74
2758,185.92,192.26,187.72,183.7,185.52,188.44,193.18,183.42,183.92,184.74
2759,185.92,192.26,187.7,183.7,185.52,188.44,193.18,183.42,183.92,184.74
2760,185.92,192.26,187.7,183.7,185.52,188.44,193.18,183.42,183.92,184.74
2761,185.92,192.26,187.68,183.7,185.52,188.44,193.18,183.42,183.92,184.74
2762,185.92,192.26,187.68,183.7,185.52,188.44,193.18,183.42,183.92,184.74
2763,185.92,192.26,187.68,183.7,185.52,188.44,193.18,183.42,183.92,184.74
2764,185.92,192.26,187.68,183.7,185.52,188.44,193.18,183.42,183.92,184.74
2765,185.92,192.26,187.68,183.7,185.52,188.44,193.18,183.42,183.92,184.74
2766,185.92,192.26,187.66,183.7,185.52,188.44,193.18,183.42,183.92,184.74
2767,185.92,192.26,187.66,183.7,185.52,188.44,193.18,183.42,183.92,184.74
2768,185.92,192.26,187.62,183.7,185.52,188.44,193.18,183.42,183.92,184.74
2769,185.9,192.26,187.62,183.7,185.52,188.44,193.18,183.42,183.92,184.74
2770,185.9,192.26,187.6,183.7,185.52,188.44,193.18,183.42,183.92,184.74
2771,185.9,192.26,187.6,183.7,185.52,188.44,193.18,183.42,183.92,184.74
2772,185.9,192.26,187.6,183.7,185.52,188.44,193.18,183.42,183.92,184.74
2773,185.88,192.26,187.56,183.7,185.52,188.44,193.18,183.42,183.92,184.74
2774,185.88,192.26,187.5,183.7,185.52,188.44,193.18,183.42,183.92,184.74
2775,185.88,192.26,187.5,183.7,185.52,188.44,193.18,183.42,183.92,184.74
2776,185.88,192.26,187.44,183.7,185.52,188.44,193.18,183.42,183.92,184.74
2777,185.88,192.26,187.4,183.7,185.52,188.44,193.18,183.42,183.92,184.74
2778,185.88,192.26,187.4,183.7,185.52,188.44,193.18,183.42,183.92,184.74
2779,185.88,192.26,187.4,183.7,185.52,188.44,193.18,183.42,183.92,184.74
2780,185.88,192.26,187.4,183.7,185.52,188.44,193.18,183.42,183.92,184.74
2781,185.88,192.26,187.38,183.7,185.52,188.44,193.18,183.42,183.92,184.74
2782,185.88,192.26,187.38,183.7,185.52,188.44,193.18,183.42,183.92,184.74
2783,185.88,192.26,187.36,183.7,185.52,188.44,193.18,183.42,183.92,184.74
2784,185.88,192.26,187.34,183.7,185.52,188.44,193.18,183.42,183.92,184.74
2785,185.88,192.26,187.32,183.7,185.52,188.44,193.18,183.42,183.92,184.74
2786,185.88,192.26,187.3,183.7,185.52,188.44,193.18,183.42,183.92,184.74
2787,185.88,192.26,187.28,183.7,185.52,188.44,193.18,183.42,183.92,184.74
2788,185.88,192.26,187.28,183.7,185.52,188.44,193.18,183.42,183.92,184.74
2789,185.88,192.26,187.28,183.7,185.52,188.44,193.18,183.42,183.92,184.74
2790,185.88,192.26,187.26,183.7,185.52,188.44,193.18,183.42,183.92,184.74
2791,185.88,192.26,187.22,183.7,185.52,188.44,193.18,183.42,183.92,184.74
2792,185.88,192.26,187.22,183.7,185.52,188.44,193.18,183.42,183.92,184.74
2793,185.88,192.26,187.22,183.7,185.52,188.44,193.18,183.42,183.92,184.74
2794,185.88,192.26,187.22,183.7,185.52,188.44,193.18,183.42,183.92,184.74
2795,185.88,192.26,187.22,183.7,185.52,188.44,193.18,183.42,183.92,184.74
2796,185.88,192.26,187.22,183.7,185.52,188.44,193.18,183.42,183.92,184.74
2797,185.88,192.26,187.22,183.7,185.52,188.44,193.18,183.42,183.92,184.74
2798,185.88,192.26,187.2,183.7,185.52,188.44,193.18,183.42,183.92,184.74
2799,185.88,192.26,187.2,183.7,185.52,188.44,193.18,183.42,183.92,184.74
2800,185.88,192.26,187.2,183.7,185.52,188.44,193.18,183.42,183.92,184.74
2801,185.88,192.26,187.2,183.7,185.52,188.44,193.18,183.42,183.92,184.74
2802,185.88,192.26,187.2,183.7,185.52,188.44,193.18,183.42,183.92,184.74
2803,185.88,192.26,187.2,183.7,185.52,188.44,193.18,183.42,183.92,184.74
2804,185.88,192.26,187.16,183.7,185.52,188.44,193.18,183.42,183.92,184.74
2805,185.88,192.26,187.16,183.7,185.52,188.44,193.18,183.42,183.92,184.74
2806,185.88,192.26,187.16,183.7,185.52,188.44,193.18,183.42,183.92,184.74
2807,185.88,192.26,187.16,183.7,185.52,188.44,193.18,183.42,183.92,184.74
2808,185.86,192.26,187.12,183.7,185.52,188.44,193.18,183.42,183.92,184.74
2809,185.86,192.26,187.08,183.7,185.52,188.44,193.18,183.42,183.92,184.74
2810,185.86,192.26,187.08,183.7,185.52,188.44,193.18,183.42,183.92,184.74
2811,185.86,192.26,187.06,183.7,185.52,188.44,193.18,183.42,183.92,184.74
2812,185.86,192.26,187.06,183.7,185.52,188.44,193.18,183.42,183.92,184.74
2813,185.86,192.26,187.06,183.7,185.52,188.44,193.18,183.42,183.92,184.74
2814,185.86,192.26,187.06,183.7,185.52,188.44,193.18,183.42,183.92,184.74
2815,185.86,192.26,187.06,183.7,185.52,188.44,193.18,183.42,183.92,184.74
2816,185.86,192.26,187.06,183.7,185.52,188.44,193.18,183.42,183.92,184.74
2817,185.86,192.26,187.06,183.7,185.52,188.44,193.18,183.42,183.92,184.74
2818,185.86,192.26,187.06,183.7,185.52,188.44,193.18,183.42,183.92,184.74
2819,185.86,192.26,187.06,183.7,185.52,188.44,193.18,183.42,183.92,184.74
2820,185.86,192.26,187.06,183.7,185.52,188.44,193.18,183.42,183.92,184.74
2821,185.86,192.26,187.06,183.7,185.52,188.44,193.18,183.42,183.92,184.74
2822,185.86,192.26,187.04,183.7,185.52,188.44,193.18,183.42,183.92,184.74
2823,185.86,192.26,187.04,183.7,185.52,188.44,193.18,183.42,183.92,184.74
2824,185.86,192.26,187.04,183.7,185.52,188.44,193.18,183.42,183.92,184.74
2825,185.86,192.26,187.02,183.7,185.52,188.44,193.18,183.42,183.92,184.74
2826,185.86,192.26,187.02,183.7,185.52,188.44,193.18,183.42,183.92,184.74
2827,185.86,192.26,187.02,183.7,185.52,188.44,193.18,183.42,183.92,184.74
2828,185.86,192.26,187.02,183.7,185.52,188.44,193.18,183.42,183.92,184.74
2829,185.86,192.26,187.0,183.7,185.52,188.44,193.18,183.42,183.92,184.74
2830,185.86,192.26,187.0,183.7,185.52,188.44,193.18,183.42,183.92,184.74
2831,185.86,192.26,187.0,183.7,185.52,188.44,193.18,183.42,183.92,184.74
2832,185.86,192.26,187.0,183.7,185.52,188.44,193.18,183.42,183.92,184.74
2833,185.86,192.26,187.0,183.7,185.52,188.44,193.18,183.42,183.92,184.74
2834,185.86,192.26,187.0,183.7,185.52,188.44,193.18,183.42,183.92,184.74
2835,185.86,192.26,187.0,183.7,185.52,188.44,193.18,183.42,183.92,184.74
2836,185.86,192.26,186.98,183.7,185.52,188.44,193.18,183.42,183.92,184.74
2837,185.86,192.26,186.98,183.7,185.52,188.44,193.18,183.42,183.92,184.74
2838,185.86,192.26,186.98,183.7,185.52,188.44,193.18,183.42,183.92,184.74
2839,185.86,192.26,186.94,183.7,185.52,188.44,193.18,183.42,183.92,184.74
2840,185.86,192.26,186.94,183.7,185.52,188.44,193.18,183.42,183.92,184.74
2841,185.86,192.26,186.94,183.7,185.52,188.44,193.18,183.42,183.92,184.74
2842,185.86,192.26,186.9,183.7,185.52,188.44,193.18,183.42,183.92,184.74
2843,185.86,192.26,186.86,183.7,185.52,188.44,193.18,183.42,183.92,184.74
2844,185.86,192.26,186.86,183.7,185.52,188.44,193.18,183.42,183.92,184.74
2845,185.86,192.26,186.84,183.7,185.52,188.44,193.18,183.42,183.92,184.74
2846,185.86,192.26,186.84,183.7,185.52,188.44,193.18,183.42,183.92,184.74
2847,185.86,192.26,186.84,183.7,185.52,188.44,193.18,183.42,183.92,184.74
2848,185.86,192.26,186.84,183.7,185.52,188.44,193.18,183.42,183.92,184.74
2849,185.86,192.26,186.84,183.7,185.52,188.44,193.18,183.42,183.92,184.74
2850,185.86,192.26,186.84,183.7,185.52,188.44,193.18,183.42,183.92,184.74
2851,185.86,192.26,186.82,183.7,185.52,188.44,193.18,183.42,183.92,184.74
2852,185.86,192.26,186.78,183.7,185.52,188.44,193.18,183.42,183.92,184.74
2853,185.86,192.26,186.78,183.7,185.52,188.44,193.18,183.42,183.92,184.74
2854,185.86,192.26,186.74,183.7,185.52,188.44,193.18,183.42,183.92,184.74
2855,185.86,192.26,186.74,183.7,185.52,188.44,193.18,183.42,183.92,184.74
2856,185.86,192.26,186.72,183.7,185.52,188.44,193.18,183.42,183.92,184.74
2857,185.86,192.26,186.72,183.7,185.52,188.44,193.18,183.42,183.92,184.74
2858,185.86,192.26,186.72,183.7,185.52,188.44,193.18,183.42,183.92,184.74
2859,185.86,192.26,186.72,183.7,185.52,188.44,193.18,183.42,183.92,184.74
2860,185.86,192.26,186.72,183.7,185.52,188.44,193.18,183.42,183.92,184.74
2861,185.86,192.26,186.72,183.7,185.52,188.44,193.18,183.42,183.92,184.74
2862,185.86,192.26,186.72,183.7,185.52,188.44,193.18,183.42,183.92,184.74
2863,185.86,192.26,186.7,183.7,185.52,188.44,193.18,183.42,183.92,184.74
2864,185.86,192.26,186.7,183.7,185.52,188.44,193.18,183.42,183.92,184.74
2865,185.86,192.26,186.7,183.7,185.52,188.44,193.18,183.42,183.92,184.74
2866,185.86,192.26,186.7,183.7,185.52,188.44,193.18,183.42,183.92,184.74
2867,185.86,192.26,186.7,183.7,185.52,188.44,193.18,183.42,183.92,184.74
2868,185.86,192.26,186.7,183.7,185.52,188.44,193.18,183.42,183.92,184.74
2869,185.86,192.26,186.7,183.7,185.52,188.44,193.18,183.42,183.92,184.74
2870,185.86,192.26,186.68,183.7,185.52,188.44,193.18,183.42,183.92,184.74
2871,185.86,192.26,186.68,183.7,185.52,188.44,193.18,183.42,183.92,184.74
2872,185.86,192.26,186.68,183.7,185.52,188.44,193.18,183.42,183.92,184.74
2873,185.86,192.26,186.68,183.7,185.52,188.44,193.18,183.42,183.92,184.74
2874,185.86,192.26,186.68,183.7,185.52,188.44,193.18,183.42,183.92,184.74
2875,185.86,192.26,186.68,183.7,185.52,188.44,193.18,183.42,183.92,184.74
2876,185.86,192.26,186.68,183.7,185.52,188.44,193.18,183.42,183.92,184.74
2877,185.86,192.26,186.64,183.7,185.52,188.44,193.18,183.42,183.92,184.74
2878,185.86,192.26,186.64,183.7,185.52,188.44,193.18,183.42,183.92,184.74
2879,185.86,192.26,186.62,183.7,185.52,188.44,193.18,183.42,183.92,184.74
2880,185.86,192.26,186.62,183.7,185.52,188.44,193.18,183.42,183.92,184.74
2881,185.86,192.26,186.62,183.7,185.52,188.44,193.18,183.42,183.92,184.74
2882,185.86,192.26,186.62,183.7,185.52,188.44,193.18,183.42,183.92,184.74
2883,185.86,192.26,186.62,183.7,185.52,188.44,193.18,183.42,183.92,184.74
2884,185.86,192.26,186.62,183.7,185.52,188.44,193.18,183.42,183.92,184.74
2885,185.86,192.26,186.62,183.7,185.52,188.44,193.18,183.42,183.92,184.74
2886,185.86,192.26,186.62,183.7,185.52,188.44,193.18,183.42,183.92,184.74
2887,185.86,192.26,186.62,183.7,185.52,188.44,193.18,183.42,183.92,184.74
2888,185.86,192.26,186.62,183.7,185.52,188.44,193.18,183.42,183.92,184.74
2889,185.86,192.26,186.62,183.7,185.52,188.44,193.18,183.42,183.92,184.74
2890,185.86,192.26,186.6,183.7,185.52,188.44,193.18,183.42,183.92,184.74
2891,185.86,192.26,186.6,183.7,185.52,188.44,193.18,183.42,183.92,184.74
2892,185.86,192.26,186.6,183.7,185.52,188.44,193.18,183.42,183.92,184.74
2893,185.86,192.26,186.6,183.7,185.52,188.44,193.18,183.42,183.92,184.74
2894,185.86,192.26,186.6,183.7,185.52,188.44,193.18,183.42,183.92,184.74
2895,185.86,192.26,186.6,183.7,185.52,188.44,193.18,183.42,183.92,184.74
2896,185.86,192.26,186.6,183.7,185.52,188.44,193.18,183.42,183.92,184.74
2897,185.86,192.26,186.6,183.7,185.52,188.44,193.18,183.42,183.92,184.74
2898,185.86,192.26,186.6,183.7,185.52,188.44,193.18,183.42,183.92,184.74
2899,185.86,192.26,186.6,183.7,185.52,188.44,193.18,183.42,183.92,184.74
2900,185.86,192.26,186.6,183.7,185.52,188.44,193.18,183.42,183.92,184.74
2901,185.86,192.26,186.6,183.7,185.52,188.44,193.18,183.42,183.92,184.74
2902,185.86,192.26,186.58,183.7,185.52,188.44,193.18,183.42,183.92,184.74
2903,185.86,192.26,186.56,183.7,185.52,188.44,193.18,183.42,183.92,184.74
2904,185.86,192.26,186.54,183.7,185.52,188.44,193.18,183.42,183.92,184.74
2905,185.86,192.26,186.54,183.7,185.52,188.44,193.18,183.42,183.92,184.74
2906,185.86,192.26,186.54,183.7,185.52,188.44,193.18,183.42,183.92,184.74
2907,185.86,192.26,186.52,183.7,185.52,188.44,193.18,183.42,183.92,184.74
2908,185.86,192.26,186.52,183.7,185.52,188.44,193.18,183.42,183.92,184.74
2909,185.86,192.26,186.52,183.7,185.52,188.44,193.18,183.42,183.92,184.74
2910,185.86,192.26,186.52,183.7,185.52,188.44,193.18,183.42,183.92,184.74
2911,185.86,192.26,186.52,183.7,185.52,188.44,193.18,183.42,183.92,184.74
2912,185.86,192.26,186.52,183.7,185.52,188.44,193.18,183.42,183.92,184.74
2913,185.86,192.26,186.52,183.7,185.52,188.44,193.18,183.42,183.92,184.74
2914,185.86,192.26,186.52,183.7,185.52,188.44,193.18,183.42,183.92,184.74
2915,185.86,192.26,186.52,183.7,185.52,188.44,193.18,183.42,183.92,184.74
2916,185.86,192.26,186.52,183.7,185.52,188.44,193.18,183.42,183.92,184.74
2917,185.86,192.26,186.52,183.7,185.52,188.44,193.18,183.42,183.92,184.74
2918,185.86,192.26,186.52,183.7,185.52,188.44,193.18,183.42,183.92,184.74
2919,185.86,192.26,186.52,183.7,185.52,188.44,193.18,183.42,183.92,184.74
2920,185.86,192.26,186.52,183.7,185.52,188.44,193.18,183.42,183.92,184.74
2921,185.86,192.26,186.52,183.7,185.52,188.44,193.18,183.42,183.92,184.74
2922,185.86,192.26,186.52,183.7,185.52,188.44,193.18,183.42,183.92,184.74
2923,185.86,192.26,186.52,183.7,185.52,188.44,193.18,183.42,183.92,184.74
2924,185.86,192.26,186.52,183.7,185.52,188.44,193.18,183.42,183.92,184.74
2925,185.86,192.26,186.52,183.7,185.52,188.44,193.18,183.42,183.92,184.74
2926,185.84,192.26,186.52,183.7,185.52,188.44,193.18,183.42,183.92,184.74
2927,185.84,192.26,186.52,183.7,185.52,188.44,193.18,183.42,183.92,184.74
2928,185.84,192.26,186.52,183.7,185.52,188.44,193.18,183.42,183.92,184.74
2929,185.84,192.26,186.52,183.7,185.52,188.44,193.18,183.42,183.92,184.74
2930,185.84,192.26,186.52,183.7,185.52,188.44,193.18,183.42,183.92,184.74
2931,185.84,192.26,186.52,183.7,185.52,188.44,193.18,183.42,183.92,184.74
2932,185.84,192.26,186.48,183.7,185.52,188.44,193.18,183.42,183.92,184.74
2933,185.84,192.26,186.48,183.7,185.52,188.44,193.18,183.42,183.92,184.74
2934,185.84,192.26,186.48,183.7,185.52,188.44,193.18,183.42,183.92,184.74
2935,185.84,192.26,186.48,183.7,185.52,188.44,193.18,183.42,183.92,184.74
2936,185.84,192.26,186.48,183.7,185.52,188.44,193.18,183.42,183.92,184.74
2937,185.82,192.26,186.48,183.7,185.52,188.44,193.18,183.42,183.92,184.74
2938,185.82,192.26,186.48,183.7,185.52,188.44,193.18,183.42,183.92,184.74
2939,185.82,192.26,186.44,183.7,185.52,188.44,193.18,183.42,183.92,184.74
2940,185.82,192.26,186.44,183.7,185.52,188.44,193.18,183.42,183.92,184.74
2941,185.82,192.26,186.42,183.7,185.52,188.44,193.18,183.42,183.92,184.74
2942,185.82,192.26,186.42,183.7,185.52,188.44,193.18,183.42,183.92,184.74
2943,185.82,192.26,186.38,183.7,185.52,188.44,193.18,183.42,183.92,184.74
2944,185.82,192.26,186.34,183.7,185.52,188.44,193.18,183.42,183.92,184.74
2945,185.82,192.26,186.34,183.7,185.52,188.44,193.18,183.42,183.92,184.74
2946,185.82,192.26,186.34,183.7,185.52,188.44,193.18,183.42,183.92,184.74
2947,185.82,192.26,186.34,183.7,185.52,188.44,193.18,183.42,183.92,184.74
2948,185.82,192.26,186.34,183.7,185.52,188.44,193.18,183.42,183.92,184.74
2949,185.82,192.26,186.34,183.7,185.52,188.44,193.18,183.42,183.92,184.74
2950,185.82,192.26,186.34,183.7,185.52,188.44,193.18,183.42,183.92,184.74
2951,185.82,192.26,186.34,183.7,185.52,188.44,193.18,183.42,183.92,184.74
2952,185.82,192.26,186.34,183.7,185.52,188.44,193.18,183.42,183.92,184.74
2953,185.82,192.26,186.32,183.7,185.52,188.44,193.18,183.42,183.92,184.74
2954,185.82,192.26,186.32,183.7,185.52,188.44,193.18,183.42,183.92,184.74
2955,185.82,192.26,186.3,183.7,185.52,188.44,193.18,183.42,183.92,184.74
2956,185.82,192.26,186.28,183.7,185.52,188.44,193.18,183.42,183.92,184.74
2957,185.82,192.26,186.28,183.7,185.52,188.44,193.18,183.42,183.92,184.74
2958,185.82,192.26,186.28,183.7,185.52,188.44,193.18,183.42,183.92,184.74
2959,185.82,192.26,186.28,183.7,185.52,188.44,193.18,183.42,183.92,184.74
2960,185.82,192.26,186.28,183.7,185.52,188.44,193.18,183.42,183.92,184.74
2961,185.82,192.26,186.28,183.7,185.52,188.44,193.18,183.42,183.92,184.74
2962,185.82,192.26,186.26,183.7,185.52,188.44,193.18,183.42,183.92,184.74
2963,185.82,192.26,186.26,183.7,185.52,188.44,193.18,183.42,183.92,184.74
2964,185.82,192.26,186.24,183.7,185.52,188.44,193.18,183.42,183.92,184.74
2965,185.82,192.26,186.24,183.7,185.52,188.44,193.18,183.42,183.92,184.74
2966,185.82,192.26,186.24,183.7,185.52,188.44,193.18,183.42,183.92,184.74
2967,185.82,192.26,186.22,183.7,185.52,188.44,193.18,183.42,183.92,184.74
2968,185.82,192.26,186.22,183.7,185.52,188.44,193.18,183.42,183.92,184.74
2969,185.82,192.26,186.2,183.7,185.52,188.44,193.18,183.42,183.92,184.74
2970,185.82,192.26,186.18,183.7,185.52,188.44,193.18,183.42,183.92,184.74
2971,185.82,192.26,186.18,183.7,185.52,188.44,193.18,183.42,183.92,184.74
2972,185.82,192.26,186.18,183.7,185.52,188.44,193.18,183.42,183.92,184.74
2973,185.82,192.26,186.18,183.7,185.52,188.44,193.18,183.42,183.92,184.74
2974,185.8,192.26,186.16,183.7,185.52,188.44,193.18,183.42,183.92,184.74
2975,185.8,192.26,186.16,183.7,185.52,188.44,193.18,183.42,183.92,184.74
2976,185.8,192.26,186.16,183.7,185.52,188.44,193.18,183.42,183.92,184.74
2977,185.8,192.26,186.14,183.7,185.52,188.44,193.18,183.42,183.92,184.74
2978,185.8,192.26,186.14,183.7,185.52,188.44,193.18,183.42,183.92,184.74
2979,185.8,192.26,186.12,183.7,185.52,188.44,193.18,183.42,183.92,184.74
2980,185.8,192.26,186.12,183.7,185.52,188.44,193.18,183.42,183.92,184.74
2981,185.8,192.26,186.1,183.7,185.52,188.44,193.18,183.42,183.92,184.74
2982,185.8,192.26,186.1,183.7,185.52,188.44,193.18,183.42,183.92,184.74
2983,185.8,192.26,186.08,183.7,185.52,188.44,193.18,183.42,183.92,184.74
2984,185.8,192.26,186.08,183.7,185.52,188.44,193.18,183.42,183.92,184.74
2985,185.8,192.26,186.04,183.7,185.52,188.44,193.18,183.42,183.92,184.74
2986,185.8,192.26,186.04,183.7,185.52,188.44,193.18,183.42,183.92,184.74
2987,185.78,192.26,186.02,183.7,185.52,188.44,193.18,183.42,183.92,184.74
2988,185.76,192.26,186.02,183.7,185.52,188.44,193.18,183.42,183.92,184.74
2989,185.76,192.26,186.0,183.7,185.52,188.44,193.18,183.42,183.92,184.74
2990,185.76,192.26,185.98,183.7,185.52,188.44,193.18,183.42,183.92,184.74
2991,185.76,192.26,185.98,183.7,185.52,188.44,193.18,183.42,183.92,184.74
2992,185.76,192.26,185.96,183.7,185.52,188.44,193.18,183.42,183.92,184.74
2993,185.76,192.26,185.96,183.7,185.52,188.44,193.18,183.42,183.92,184.74
2994,185.76,192.26,185.96,183.7,185.52,188.44,193.18,183.42,183.92,184.74
2995,185.76,192.26,185.94,183.7,185.52,188.44,193.18,183.42,183.92,184.74
2996,185.76,192.26,185.94,183.7,185.52,188.44,193.18,183.42,183.92,184.74
2997,185.76,192.26,185.92,183.7,185.52,188.44,193.18,183.42,183.92,184.74
2998,185.76,192.26,185.92,183.7,185.52,188.44,193.18,183.42,183.92,184.74
2999,185.76,192.26,185.92,183.7,185.52,188.44,193.18,183.42,183.92,184.74
3000,185.76,192.26,185.92,183.7,185.52,188.44,193.18,183.42,183.92,184.74
