Generation,5_N10,10_N10,15_N10,20_N10,25_N10,30_N10,40_N10,55_N10,80_N10,120_N10
1,269.9,270.34,269.96,269.78,270.74,269.68,270.18,270.34,270.52,270.86
2,269.2,269.92,269.4,269.06,270.06,269.38,269.7,269.58,269.94,270.44
3,268.68,269.26,268.96,268.62,269.44,268.98,268.72,269.22,269.5,270.08
4,268.02,268.74,268.28,268.2,268.96,268.66,268.3,268.46,269.0,269.42
5,267.48,268.14,268.0,267.62,268.42,268.28,267.96,268.06,268.5,269.0
6,267.1,267.8,267.24,267.0,267.8,267.64,267.58,267.48,268.16,268.52
7,266.52,267.38,266.74,266.36,267.22,267.22,267.0,267.14,267.6,268.02
8,266.08,266.68,266.52,265.72,266.92,266.8,266.56,266.76,267.3,267.74
9,265.84,266.48,266.0,265.26,266.38,266.34,266.28,266.28,266.9,267.4
10,265.34,266.14,265.72,264.9,265.84,265.86,265.8,265.84,266.34,266.94
11,265.08,265.72,265.24,264.58,265.24,265.48,265.22,265.42,265.98,266.62
12,264.92,265.44,264.78,264.22,264.86,265.0,264.7,265.14,265.58,266.32
13,264.7,265.14,264.44,263.82,264.52,264.42,264.54,264.76,265.24,265.78
14,264.4,264.84,264.14,263.36,264.34,264.1,264.18,264.4,264.82,265.24
15,264.16,264.5,263.8,263.08,264.08,263.56,263.84,264.08,264.66,264.8
16,264.02,264.28,263.46,262.92,263.7,263.28,263.32,263.7,264.16,264.48
17,263.76,264.06,263.14,262.4,263.52,262.98,263.06,263.54,263.74,264.06
18,263.56,264.0,262.82,262.12,263.3,262.76,262.78,263.22,263.5,263.7
19,263.48,263.78,262.3,261.82,262.94,262.56,262.6,262.84,263.24,263.26
20,263.32,263.48,262.08,261.32,262.56,262.26,262.42,262.7,262.96,262.84
21,263.18,263.28,261.9,261.18,262.3,262.1,262.14,262.46,262.68,262.4
22,263.02,263.04,261.62,261.02,262.04,261.74,261.84,262.16,262.24,262.08
23,262.84,262.5,261.36,260.86,261.76,261.28,261.64,261.9,261.98,261.92
24,262.66,262.36,261.14,260.62,261.48,261.04,261.4,261.64,261.6,261.68
25,262.44,262.2,260.94,260.44,261.26,260.78,261.26,261.24,261.26,261.48
26,262.38,261.96,260.78,260.28,260.96,260.6,261.12,261.0,261.12,261.26
27,262.24,261.8,260.5,260.02,260.8,260.42,260.82,260.8,260.9,260.92
28,262.16,261.46,260.28,259.9,260.68,260.14,260.56,260.52,260.74,260.66
29,262.06,261.14,260.06,259.5,260.46,260.0,260.26,260.36,260.6,260.58
30,262.0,260.96,260.0,259.38,260.2,259.84,260.14,260.1,260.38,260.34
31,261.94,260.84,259.8,259.08,259.92,259.74,259.82,259.9,260.18,260.22
32,261.84,260.56,259.58,258.94,259.78,259.48,259.68,259.58,260.0,260.12
33,261.76,260.28,259.48,258.78,259.56,259.3,259.6,259.3,259.74,259.92
34,261.68,260.22,259.32,258.7,259.3,259.26,259.46,259.02,259.56,259.7
35,261.56,260.1,259.12,258.62,259.06,259.16,259.3,258.86,259.4,259.56
36,261.48,259.96,258.92,258.5,258.94,258.96,259.24,258.7,259.18,259.38
37,261.44,259.84,258.82,258.34,258.7,258.8,259.06,258.5,258.98,259.18
38,261.22,259.62,258.66,258.2,258.56,258.54,258.92,258.36,258.9,259.0
39,261.08,259.58,258.52,258.0,258.44,258.36,258.78,258.2,258.72,258.86
40,261.06,259.48,258.36,257.92,258.24,258.14,258.7,258.12,258.6,258.72
41,260.98,259.28,258.24,257.72,258.1,258.06,258.62,257.9,258.52,258.6
42,260.94,259.16,258.16,257.66,257.94,257.96,258.2,257.74,258.38,258.54
43,260.66,259.02,258.04,257.6,257.78,257.88,258.1,257.58,258.34,258.5
44,260.58,258.9,257.86,257.44,257.66,257.84,257.92,257.46,258.28,258.46
45,260.56,258.84,257.72,257.3,257.52,257.76,257.7,257.34,258.18,258.38
46,260.46,258.76,257.58,257.2,257.32,257.66,257.6,257.3,258.06,258.24
47,260.28,258.62,257.44,257.06,257.14,257.48,257.46,257.1,257.94,258.14
48,260.2,258.5,257.32,256.98,257.02,257.38,257.44,257.02,257.86,257.96
49,260.04,258.36,257.22,256.82,256.8,257.3,257.32,256.86,257.78,257.8
50,259.88,258.26,257.18,256.68,256.66,257.12,257.2,256.78,257.64,257.74
51,259.84,258.14,257.06,256.46,256.6,257.06,257.08,256.74,257.4,257.6
52,259.74,258.08,257.0,256.34,256.54,257.06,256.96,256.66,257.28,257.56
53,259.68,257.82,256.94,256.18,256.4,256.92,256.88,256.64,257.16,257.5
54,259.6,257.74,256.9,256.1,256.36,256.82,256.8,256.46,257.08,257.36
55,259.46,257.66,256.7,256.0,256.16,256.76,256.7,256.42,256.94,257.22
56,259.38,257.58,256.68,255.9,256.1,256.6,256.58,256.38,256.84,257.08
57,259.26,257.5,256.52,255.8,256.02,256.48,256.42,256.26,256.74,257.02
58,259.22,257.32,256.46,255.64,255.96,256.32,256.38,256.2,256.58,256.94
59,259.16,257.18,256.42,255.64,255.82,256.18,256.26,256.14,256.5,256.86
60,259.02,257.14,256.4,255.48,255.78,256.06,256.18,256.1,256.44,256.72
61,258.96,257.04,256.32,255.32,255.64,256.04,256.08,256.0,256.24,256.58
62,258.82,257.0,256.22,255.28,255.58,255.96,255.88,255.96,256.16,256.5
63,258.72,256.92,256.14,255.2,255.48,255.9,255.84,255.88,256.04,256.42
64,258.68,256.86,255.92,255.12,255.32,255.82,255.8,255.72,255.98,256.38
65,258.64,256.8,255.9,254.9,255.28,255.72,255.8,255.68,255.84,256.34
66,258.6,256.72,255.86,254.62,255.2,255.68,255.72,255.6,255.82,256.28
67,258.6,256.58,255.78,254.52,255.12,255.54,255.62,255.56,255.72,256.24
68,258.6,256.5,255.7,254.4,255.02,255.52,255.56,255.42,255.66,256.14
69,258.56,256.34,255.6,254.3,254.9,255.42,255.4,255.36,255.66,256.12
70,258.52,256.26,255.58,254.24,254.8,255.18,255.12,255.22,255.56,256.06
71,258.48,256.18,255.54,254.16,254.72,255.14,255.08,255.18,255.4,256.0
72,258.32,256.14,255.48,254.08,254.6,255.08,255.04,255.06,255.32,255.92
73,258.3,256.02,255.42,253.96,254.52,254.94,254.88,254.92,255.3,255.88
74,258.26,255.98,255.18,253.88,254.48,254.9,254.82,254.76,255.18,255.86
75,258.2,255.92,255.16,253.78,254.36,254.86,254.76,254.64,255.12,255.78
76,258.18,255.78,255.02,253.68,254.18,254.84,254.66,254.58,255.08,255.74
77,258.16,255.62,254.92,253.58,254.1,254.78,254.6,254.46,255.04,255.68
78,258.16,255.52,254.84,253.48,253.98,254.7,254.54,254.36,254.94,255.62
79,258.1,255.38,254.72,253.42,253.96,254.54,254.52,254.26,254.92,255.56
80,258.04,255.32,254.64,253.38,253.9,254.44,254.46,254.22,254.8,255.52
81,258.0,255.32,254.58,253.36,253.82,254.3,254.32,254.2,254.68,255.5
82,257.98,255.26,254.52,253.3,253.66,254.18,254.28,254.1,254.58,255.44
83,257.98,255.22,254.38,253.24,253.58,254.14,254.26,254.0,254.48,255.34
84,257.94,255.16,254.18,253.2,253.56,254.04,254.22,253.94,254.48,255.28
85,257.74,255.14,254.1,253.16,253.42,253.82,254.2,253.86,254.4,255.18
86,257.7,255.02,253.98,253.14,253.4,253.68,254.12,253.84,254.38,255.1
87,257.62,254.98,253.9,253.1,253.36,253.58,253.92,253.8,254.32,255.02
88,257.6,254.8,253.88,253.08,253.24,253.56,253.8,253.74,254.3,255.0
89,257.5,254.74,253.7,253.0,253.24,253.52,253.62,253.72,254.18,254.9
90,257.46,254.72,253.54,252.9,253.14,253.38,253.58,253.66,254.08,254.82
91,257.42,254.7,253.44,252.86,253.08,253.36,253.58,253.62,254.06,254.82
92,257.4,254.68,253.3,252.82,252.98,253.26,253.44,253.56,253.98,254.76
93,257.36,254.58,253.28,252.74,252.9,253.12,253.36,253.48,253.98,254.72
94,257.34,254.52,253.16,252.72,252.84,253.08,253.3,253.46,253.98,254.68
95,257.32,254.46,253.14,252.66,252.82,253.02,253.18,253.32,253.9,254.64
96,257.26,254.46,253.06,252.46,252.78,252.98,253.12,253.2,253.88,254.64
97,257.24,254.46,253.0,252.42,252.74,252.88,253.02,253.04,253.8,254.6
98,257.22,254.38,252.96,252.32,252.62,252.84,252.96,252.88,253.78,254.52
99,257.22,254.36,252.94,252.28,252.56,252.8,252.9,252.76,253.7,254.48
100,257.22,254.36,252.88,252.22,252.56,252.74,252.86,252.74,253.7,254.42
101,257.2,254.3,252.82,252.2,252.46,252.72,252.78,252.7,253.62,254.36
102,257.18,254.26,252.72,252.14,252.4,252.6,252.74,252.7,253.62,254.34
103,257.16,254.2,252.64,252.06,252.36,252.42,252.7,252.66,253.58,254.32
104,257.1,254.18,252.6,251.94,252.34,252.4,252.62,252.64,253.5,254.32
105,257.06,254.14,252.56,251.84,252.3,252.38,252.56,252.64,253.5,254.24
106,257.02,254.1,252.5,251.78,252.24,252.36,252.46,252.56,253.42,254.18
107,257.0,254.1,252.44,251.54,252.2,252.32,252.36,252.48,253.34,254.16
108,256.88,253.94,252.42,251.52,252.2,252.3,252.32,252.42,253.32,254.12
109,256.88,253.84,252.32,251.48,252.14,252.22,252.32,252.4,253.32,254.08
110,256.86,253.82,252.22,251.42,252.1,252.14,252.2,252.32,253.3,254.0
111,256.8,253.82,252.1,251.42,252.06,252.06,252.12,252.26,253.24,253.98
112,256.8,253.78,252.08,251.4,252.0,252.04,252.1,252.18,253.2,253.96
113,256.8,253.68,252.08,251.34,251.9,252.0,252.02,252.16,253.16,253.86
114,256.76,253.66,252.0,251.3,251.82,251.94,251.9,252.16,253.12,253.84
115,256.72,253.62,251.86,251.22,251.82,251.92,251.82,252.08,253.04,253.8
116,256.7,253.58,251.84,251.22,251.7,251.88,251.78,252.0,252.96,253.7
117,256.7,253.5,251.78,251.12,251.66,251.86,251.72,251.92,252.96,253.68
118,256.7,253.48,251.74,251.02,251.6,251.78,251.66,251.86,252.96,253.56
119,256.68,253.34,251.62,250.94,251.58,251.74,251.64,251.8,252.94,253.5
120,256.62,253.32,251.6,250.92,251.56,251.7,251.48,251.8,252.92,253.48
121,256.56,253.26,251.58,250.82,251.46,251.64,251.42,251.8,252.92,253.42
122,256.56,253.26,251.52,250.8,251.36,251.56,251.34,251.74,252.84,253.42
123,256.48,253.24,251.5,250.7,251.3,251.56,251.26,251.68,252.7,253.42
124,256.48,253.14,251.38,250.66,251.14,251.52,251.2,251.6,252.64,253.38
125,256.46,253.12,251.36,250.64,251.14,251.5,251.16,251.6,252.62,253.34
126,256.4,253.12,251.32,250.56,251.02,251.46,251.1,251.52,252.56,253.34
127,256.36,253.04,251.22,250.54,250.92,251.44,251.02,251.5,252.5,253.3
128,256.34,253.0,251.2,250.52,250.84,251.4,250.96,251.44,252.38,253.28
129,256.34,252.92,251.16,250.48,250.76,251.36,250.9,251.36,252.38,253.26
130,256.32,252.88,251.16,250.46,250.76,251.34,250.84,251.34,252.34,253.22
131,256.3,252.86,251.12,250.4,250.74,251.28,250.82,251.32,252.3,253.2
132,256.28,252.8,251.1,250.36,250.7,251.22,250.74,251.26,252.26,253.2
133,256.26,252.7,251.04,250.3,250.68,251.12,250.72,251.22,252.2,253.18
134,256.2,252.66,251.04,250.3,250.66,251.02,250.66,251.16,252.14,253.14
135,256.2,252.66,251.0,250.24,250.6,250.94,250.58,251.1,252.1,253.04
136,256.14,252.64,250.98,250.18,250.58,250.92,250.58,251.08,252.1,253.0
137,256.1,252.58,250.98,250.16,250.56,250.88,250.52,250.96,252.08,252.92
138,256.06,252.58,250.94,250.14,250.52,250.82,250.46,250.94,252.06,252.92
139,256.06,252.54,250.94,250.1,250.5,250.78,250.44,250.9,252.02,252.9
140,256.06,252.48,250.92,250.04,250.42,250.76,250.3,250.82,251.96,252.9
141,256.04,252.42,250.9,249.96,250.38,250.72,250.28,250.7,251.88,252.76
142,256.02,252.34,250.88,249.92,250.28,250.7,250.22,250.7,251.84,252.74
143,255.98,252.32,250.8,249.86,250.26,250.64,250.18,250.66,251.8,252.72
144,255.98,252.26,250.78,249.84,250.26,250.6,250.14,250.64,251.74,252.68
145,255.92,252.24,250.76,249.8,250.2,250.5,250.12,250.6,251.66,252.64
146,255.92,252.16,250.74,249.68,250.14,250.48,250.08,250.48,251.58,252.58
147,255.88,252.1,250.72,249.68,250.1,250.48,250.06,250.44,251.58,252.56
148,255.86,252.1,250.7,249.68,250.06,250.46,250.04,250.44,251.58,252.54
149,255.86,252.06,250.7,249.68,249.96,250.42,250.04,250.38,251.58,252.5
150,255.76,252.04,250.7,249.66,249.9,250.36,249.98,250.34,251.58,252.44
151,255.76,252.02,250.66,249.66,249.88,250.34,249.96,250.34,251.48,252.44
152,255.76,252.0,250.66,249.6,249.82,250.3,249.96,250.34,251.4,252.4
153,255.74,251.96,250.66,249.52,249.76,250.22,249.86,250.3,251.4,252.36
154,255.74,251.92,250.62,249.5,249.66,250.14,249.86,250.28,251.32,252.24
155,255.7,251.84,250.58,249.46,249.62,250.12,249.84,250.26,251.28,252.24
156,255.68,251.82,250.5,249.4,249.58,250.1,249.78,250.22,251.26,252.24
157,255.66,251.8,250.46,249.38,249.52,249.98,249.78,250.16,251.26,252.2
158,255.66,251.74,250.4,249.38,249.5,249.92,249.74,250.16,251.22,252.2
159,255.62,251.7,250.36,249.32,249.46,249.88,249.68,250.14,251.2,252.14
160,255.58,251.7,250.36,249.24,249.46,249.8,249.62,250.12,251.2,252.12
161,255.48,251.7,250.34,249.24,249.44,249.7,249.6,250.06,251.12,252.04
162,255.48,251.68,250.34,249.24,249.4,249.66,249.56,250.04,251.06,251.98
163,255.46,251.64,250.32,249.24,249.28,249.62,249.54,250.04,251.04,251.96
164,255.46,251.62,250.28,249.24,249.2,249.6,249.46,250.04,251.0,251.92
165,255.42,251.6,250.26,249.18,249.16,249.5,249.4,249.98,250.96,251.92
166,255.42,251.6,250.24,249.16,249.1,249.46,249.38,249.96,250.88,251.9
167,255.42,251.52,250.16,249.14,249.08,249.36,249.32,249.96,250.84,251.88
168,255.4,251.52,250.16,249.12,249.06,249.32,249.32,249.94,250.82,251.84
169,255.34,251.46,250.14,249.1,249.0,249.2,249.32,249.92,250.8,251.82
170,255.3,251.4,250.12,249.1,249.0,249.18,249.26,249.9,250.8,251.78
171,255.3,251.4,250.04,249.08,248.96,249.14,249.26,249.84,250.72,251.78
172,255.28,251.32,249.98,249.06,248.96,249.12,249.12,249.84,250.7,251.74
173,255.28,251.32,249.98,249.06,248.96,249.04,249.0,249.74,250.66,251.7
174,255.28,251.28,249.98,249.04,248.94,249.02,248.98,249.72,250.66,251.66
175,255.24,251.22,249.9,249.04,248.9,249.0,248.96,249.7,250.64,251.64
176,255.22,251.22,249.88,249.02,248.88,248.98,248.96,249.66,250.58,251.6
177,255.2,251.22,249.8,249.0,248.88,248.96,248.94,249.64,250.5,251.58
178,255.18,251.14,249.7,249.0,248.84,248.9,248.88,249.64,250.46,251.58
179,255.18,251.14,249.7,248.94,248.76,248.9,248.84,249.6,250.42,251.58
180,255.14,251.14,249.68,248.92,248.72,248.84,248.82,249.58,250.4,251.56
181,255.14,251.14,249.62,248.92,248.64,248.74,248.78,249.56,250.34,251.54
182,255.12,251.14,249.58,248.88,248.6,248.7,248.74,249.52,250.34,251.52
183,255.12,251.1,249.5,248.88,248.58,248.64,248.68,249.48,250.34,251.52
184,255.1,251.1,249.46,248.88,248.54,248.62,248.6,249.44,250.28,251.46
185,255.1,251.1,249.36,248.88,248.54,248.56,248.58,249.36,250.22,251.42
186,255.06,251.1,249.36,248.86,248.52,248.56,248.52,249.34,250.12,251.42
187,255.04,251.08,249.34,248.84,248.5,248.56,248.44,249.3,250.1,251.4
188,255.04,251.08,249.32,248.76,248.5,248.56,248.44,249.3,250.06,251.38
189,255.02,251.06,249.3,248.74,248.5,248.52,248.42,249.28,249.98,251.38
190,255.02,251.06,249.26,248.68,248.48,248.5,248.4,249.28,249.98,251.36
191,255.02,251.06,249.26,248.66,248.48,248.48,248.4,249.22,249.94,251.36
192,255.0,251.06,249.24,248.6,248.44,248.4,248.34,249.2,249.92,251.32
193,255.0,251.04,249.2,248.6,248.38,248.32,248.32,249.18,249.9,251.26
194,254.96,251.0,249.2,248.56,248.36,248.3,248.24,249.14,249.86,251.18
195,254.96,251.0,249.16,248.5,248.36,248.26,248.2,249.12,249.86,251.16
196,254.96,251.0,249.14,248.46,248.28,248.22,248.2,249.08,249.86,251.16
197,254.96,250.98,249.14,248.46,248.16,248.16,248.16,249.08,249.82,251.1
198,254.94,250.98,249.12,248.42,248.14,248.1,248.04,249.08,249.78,251.08
199,254.94,250.98,249.08,248.4,248.12,248.08,248.0,249.02,249.68,251.06
200,254.94,250.96,249.08,248.4,248.12,247.98,248.0,248.92,249.62,251.02
201,254.94,250.94,249.08,248.34,248.12,247.92,248.0,248.9,249.62,251.02
202,254.92,250.9,249.08,248.28,248.1,247.88,247.98,248.86,249.54,250.98
203,254.9,250.9,249.02,248.26,248.06,247.86,247.96,248.86,249.54,250.88
204,254.88,250.9,249.02,248.26,247.98,247.84,247.94,248.8,249.54,250.88
205,254.86,250.88,249.02,248.24,247.96,247.72,247.9,248.78,249.54,250.86
206,254.86,250.88,248.94,248.24,247.94,247.66,247.88,248.76,249.5,250.86
207,254.84,250.88,248.94,248.2,247.92,247.6,247.86,248.72,249.5,250.82
208,254.8,250.84,248.94,248.16,247.9,247.58,247.86,248.7,249.46,250.82
209,254.76,250.84,248.92,248.16,247.88,247.56,247.86,248.68,249.4,250.76
210,254.76,250.84,248.92,248.14,247.88,247.54,247.8,248.62,249.34,250.66
211,254.74,250.84,248.84,248.1,247.84,247.48,247.78,248.62,249.34,250.6
212,254.74,250.84,248.82,248.1,247.82,247.46,247.78,248.62,249.3,250.56
213,254.7,250.84,248.82,248.08,247.78,247.38,247.76,248.6,249.3,250.54
214,254.7,250.84,248.78,248.08,247.74,247.38,247.7,248.52,249.26,250.54
215,254.62,250.82,248.78,248.08,247.7,247.36,247.68,248.48,249.18,250.54
216,254.62,250.82,248.78,248.04,247.68,247.34,247.62,248.46,249.18,250.5
217,254.6,250.82,248.74,247.96,247.66,247.34,247.58,248.42,249.1,250.48
218,254.6,250.8,248.72,247.94,247.62,247.3,247.54,248.32,249.04,250.42
219,254.56,250.8,248.72,247.94,247.58,247.26,247.48,248.32,249.02,250.38
220,254.48,250.76,248.66,247.94,247.58,247.24,247.46,248.28,249.0,250.38
221,254.46,250.74,248.66,247.88,247.48,247.22,247.42,248.28,248.98,250.36
222,254.46,250.7,248.64,247.84,247.46,247.2,247.4,248.22,248.92,250.36
223,254.44,250.7,248.64,247.74,247.44,247.18,247.3,248.22,248.88,250.34
224,254.42,250.7,248.62,247.72,247.36,247.16,247.28,248.18,248.82,250.28
225,254.4,250.66,248.58,247.66,247.34,247.16,247.2,248.14,248.8,250.28
226,254.4,250.64,248.56,247.66,247.28,247.12,247.18,248.14,248.76,250.28
227,254.4,250.62,248.56,247.64,247.2,247.1,247.16,248.12,248.74,250.28
228,254.36,250.6,248.52,247.6,247.2,247.06,247.16,248.12,248.7,250.26
229,254.36,250.58,248.52,247.56,247.12,247.06,247.14,248.06,248.62,250.24
230,254.36,250.56,248.5,247.56,247.1,247.0,247.14,248.02,248.6,250.22
231,254.36,250.56,248.5,247.5,247.02,246.92,247.08,248.02,248.58,250.2
232,254.32,250.54,248.5,247.48,247.0,246.86,247.04,248.0,248.56,250.2
233,254.3,250.54,248.5,247.44,247.0,246.8,246.98,247.96,248.54,250.2
234,254.3,250.54,248.48,247.44,246.94,246.78,246.88,247.92,248.5,250.14
235,254.28,250.54,248.46,247.34,246.94,246.76,246.84,247.9,248.48,250.14
236,254.26,250.52,248.46,247.32,246.9,246.74,246.82,247.88,248.48,250.12
237,254.26,250.52,248.44,247.32,246.84,246.74,246.76,247.84,248.46,250.06
238,254.26,250.48,248.44,247.3,246.82,246.72,246.76,247.82,248.4,250.02
239,254.26,250.44,248.38,247.3,246.8,246.64,246.7,247.82,248.38,250.0
240,254.26,250.44,248.36,247.22,246.74,246.64,246.68,247.8,248.34,250.0
241,254.26,250.44,248.36,247.16,246.72,246.64,246.64,247.74,248.28,249.98
242,254.26,250.42,248.36,247.16,246.72,246.64,246.64,247.66,248.18,249.9
243,254.26,250.42,248.34,247.12,246.7,246.64,246.56,247.64,248.16,249.9
244,254.26,250.4,248.3,247.12,246.7,246.58,246.56,247.58,248.16,249.86
245,254.26,250.4,248.26,247.08,246.64,246.58,246.5,247.58,248.14,249.8
246,254.26,250.34,248.24,247.0,246.64,246.56,246.46,247.5,248.14,249.76
247,254.24,250.34,248.24,246.94,246.64,246.52,246.44,247.5,248.14,249.7
248,254.24,250.32,248.18,246.9,246.56,246.52,246.34,247.48,248.12,249.7
249,254.24,250.3,248.18,246.9,246.56,246.5,246.34,247.46,248.1,249.7
250,254.2,250.3,248.18,246.86,246.54,246.42,246.28,247.44,248.08,249.7
251,254.18,250.3,248.18,246.86,246.54,246.38,246.26,247.4,248.04,249.66
252,254.18,250.26,248.18,246.82,246.44,246.34,246.26,247.28,248.04,249.66
253,254.18,250.22,248.16,246.8,246.4,246.32,246.24,247.28,248.02,249.64
254,254.14,250.22,248.08,246.8,246.4,246.32,246.22,247.28,248.02,249.58
255,254.14,250.22,248.06,246.78,246.4,246.28,246.18,247.26,248.02,249.56
256,254.12,250.22,248.04,246.78,246.4,246.22,246.14,247.24,248.02,249.56
257,254.12,250.22,248.02,246.78,246.4,246.16,246.14,247.18,247.96,249.56
258,254.12,250.2,248.02,246.76,246.4,246.1,246.12,247.16,247.88,249.56
259,254.12,250.2,247.96,246.74,246.34,246.08,246.08,247.14,247.84,249.5
260,254.1,250.2,247.96,246.74,246.34,246.06,246.02,247.06,247.82,249.5
261,254.08,250.12,247.92,246.7,246.28,246.0,246.0,247.04,247.8,249.48
262,254.08,250.12,247.92,246.7,246.26,245.94,245.96,246.98,247.7,249.46
263,254.08,250.1,247.9,246.66,246.26,245.8,245.96,246.94,247.7,249.44
264,254.08,250.1,247.9,246.64,246.2,245.8,245.92,246.9,247.66,249.4
265,254.08,250.1,247.82,246.6,246.16,245.78,245.92,246.78,247.66,249.4
266,254.06,250.1,247.82,246.56,246.16,245.78,245.92,246.78,247.66,249.38
267,254.06,250.08,247.78,246.44,246.14,245.78,245.92,246.78,247.66,249.36
268,254.06,250.08,247.78,246.42,246.08,245.78,245.92,246.78,247.62,249.28
269,254.02,250.08,247.76,246.36,246.04,245.76,245.9,246.78,247.6,249.24
270,254.02,250.08,247.72,246.34,246.0,245.74,245.86,246.78,247.58,249.22
271,254.02,250.02,247.68,246.3,246.0,245.72,245.82,246.78,247.56,249.16
272,254.02,250.0,247.58,246.3,246.0,245.72,245.8,246.76,247.56,249.14
273,254.02,250.0,247.58,246.26,246.0,245.7,245.76,246.68,247.54,249.1
274,254.02,249.94,247.5,246.2,245.96,245.66,245.74,246.68,247.54,249.1
275,253.98,249.94,247.5,246.2,245.96,245.64,245.7,246.64,247.5,249.1
276,253.96,249.94,247.48,246.2,245.92,245.64,245.64,246.58,247.5,249.08
277,253.94,249.94,247.48,246.2,245.92,245.6,245.52,246.58,247.46,249.08
278,253.92,249.92,247.48,246.16,245.88,245.58,245.52,246.52,247.46,249.08
279,253.88,249.86,247.48,246.16,245.8,245.56,245.48,246.48,247.46,249.02
280,253.84,249.84,247.46,246.14,245.8,245.5,245.46,246.46,247.46,249.02
281,253.8,249.84,247.46,246.14,245.8,245.48,245.42,246.44,247.46,249.02
282,253.8,249.84,247.46,246.14,245.78,245.46,245.36,246.4,247.44,248.98
283,253.78,249.84,247.36,246.12,245.68,245.46,245.36,246.36,247.44,248.98
284,253.78,249.82,247.36,246.12,245.68,245.4,245.36,246.36,247.42,248.98
285,253.74,249.82,247.36,246.1,245.66,245.4,245.36,246.34,247.4,248.98
286,253.68,249.82,247.36,246.1,245.5,245.38,245.36,246.3,247.34,248.9
287,253.66,249.82,247.32,246.06,245.5,245.36,245.32,246.26,247.34,248.9
288,253.64,249.82,247.32,246.04,245.38,245.36,245.22,246.22,247.26,248.88
289,253.64,249.82,247.32,246.04,245.38,245.36,245.2,246.22,247.22,248.84
290,253.56,249.82,247.3,246.04,245.32,245.34,245.2,246.18,247.22,248.82
291,253.56,249.8,247.3,245.98,245.32,245.34,245.12,246.16,247.16,248.82
292,253.56,249.78,247.3,245.98,245.32,245.34,245.1,246.1,247.14,248.82
293,253.54,249.76,247.3,245.98,245.3,245.32,245.02,246.06,247.12,248.82
294,253.54,249.76,247.3,245.92,245.24,245.28,245.0,246.04,247.12,248.82
295,253.54,249.72,247.3,245.92,245.2,245.26,245.0,246.0,247.12,248.82
296,253.54,249.7,247.3,245.88,245.16,245.24,244.98,245.86,247.12,248.8
297,253.54,249.68,247.28,245.86,245.14,245.22,244.92,245.86,247.1,248.8
298,253.54,249.66,247.26,245.86,245.14,245.18,244.86,245.82,247.1,248.8
299,253.54,249.66,247.26,245.86,245.1,245.18,244.84,245.74,247.1,248.8
300,253.54,249.66,247.24,245.86,245.04,245.18,244.76,245.74,247.1,248.8
301,253.54,249.66,247.22,245.8,245.04,245.18,244.72,245.74,247.06,248.78
302,253.54,249.66,247.2,245.78,245.04,245.1,244.7,245.74,247.06,248.76
303,253.54,249.64,247.2,245.74,244.98,245.08,244.68,245.72,247.06,248.74
304,253.52,249.64,247.2,245.72,244.94,245.06,244.64,245.72,247.04,248.72
305,253.52,249.64,247.2,245.7,244.94,245.06,244.62,245.7,247.0,248.72
306,253.52,249.64,247.18,245.7,244.9,245.02,244.62,245.68,247.0,248.7
307,253.52,249.64,247.16,245.68,244.86,245.02,244.58,245.64,246.98,248.68
308,253.52,249.64,247.12,245.68,244.84,245.02,244.56,245.62,246.98,248.66
309,253.52,249.62,247.12,245.62,244.84,245.0,244.56,245.6,246.96,248.64
310,253.52,249.6,247.1,245.54,244.82,244.98,244.54,245.56,246.94,248.6
311,253.48,249.6,247.08,245.54,244.82,244.98,244.54,245.54,246.92,248.6
312,253.48,249.6,247.04,245.52,244.78,244.92,244.5,245.52,246.92,248.6
313,253.44,249.58,247.04,245.52,244.78,244.92,244.5,245.5,246.92,248.58
314,253.44,249.58,247.02,245.5,244.78,244.92,244.5,245.38,246.88,248.58
315,253.44,249.56,247.0,245.5,244.78,244.88,244.48,245.36,246.88,248.58
316,253.44,249.56,247.0,245.5,244.7,244.88,244.38,245.3,246.88,248.58
317,253.44,249.56,247.0,245.5,244.7,244.86,244.38,245.28,246.88,248.58
318,253.44,249.56,247.0,245.48,244.68,244.82,244.38,245.26,246.84,248.54
319,253.44,249.56,247.0,245.46,244.68,244.82,244.38,245.24,246.84,248.52
320,253.42,249.56,246.98,245.44,244.68,244.8,244.38,245.24,246.84,248.52
321,253.42,249.54,246.96,245.44,244.62,244.8,244.36,245.22,246.78,248.52
322,253.42,249.54,246.96,245.4,244.62,244.8,244.36,245.16,246.76,248.5
323,253.42,249.54,246.96,245.4,244.56,244.78,244.34,245.12,246.68,248.48
324,253.4,249.54,246.96,245.36,244.54,244.72,244.34,245.06,246.64,248.48
325,253.4,249.54,246.96,245.34,244.5,244.72,244.28,245.0,246.62,248.48
326,253.4,249.54,246.96,245.32,244.44,244.66,244.28,245.0,246.62,248.44
327,253.4,249.54,246.92,245.32,244.44,244.66,244.22,244.96,246.6,248.42
328,253.38,249.54,246.92,245.32,244.4,244.62,244.2,244.96,246.58,248.4
329,253.38,249.54,246.9,245.3,244.36,244.6,244.2,244.9,246.58,248.32
330,253.38,249.5,246.9,245.3,244.34,244.6,244.2,244.9,246.54,248.3
331,253.38,249.4,246.84,245.3,244.34,244.52,244.2,244.88,246.5,248.28
332,253.38,249.4,246.82,245.3,244.32,244.52,244.18,244.8,246.5,248.28
333,253.38,249.38,246.82,245.26,244.32,244.5,244.18,244.78,246.5,248.28
334,253.38,249.38,246.82,245.2,244.28,244.48,244.1,244.76,246.48,248.24
335,253.38,249.38,246.8,245.2,244.24,244.46,244.1,244.76,246.48,248.22
336,253.34,249.38,246.8,245.18,244.24,244.46,244.1,244.66,246.48,248.22
337,253.32,249.36,246.8,245.18,244.18,244.42,244.1,244.64,246.46,248.22
338,253.32,249.36,246.8,245.16,244.16,244.4,244.08,244.62,246.44,248.2
339,253.32,249.36,246.74,245.16,244.16,244.4,244.04,244.58,246.44,248.12
340,253.32,249.36,246.72,245.14,244.14,244.38,244.04,244.56,246.38,248.08
341,253.32,249.36,246.7,245.14,244.08,244.36,244.02,244.56,246.36,248.02
342,253.3,249.36,246.7,245.14,244.08,244.28,244.0,244.5,246.32,248.0
343,253.3,249.36,246.7,245.12,244.08,244.24,244.0,244.46,246.26,248.0
344,253.3,249.36,246.68,245.08,244.06,244.24,243.98,244.42,246.26,248.0
345,253.24,249.34,246.68,245.08,244.0,244.2,243.96,244.42,246.24,248.0
346,253.24,249.34,246.68,245.08,243.98,244.18,243.96,244.36,246.22,248.0
347,253.24,249.34,246.68,245.08,243.98,244.14,243.94,244.36,246.2,248.0
348,253.24,249.34,246.68,245.04,243.98,244.12,243.94,244.34,246.18,247.96
349,253.22,249.32,246.68,245.04,243.94,244.12,243.9,244.34,246.18,247.96
350,253.2,249.26,246.64,245.02,243.94,244.08,243.82,244.34,246.16,247.94
351,253.16,249.26,246.62,245.02,243.9,244.06,243.76,244.34,246.12,247.94
352,253.16,249.26,246.58,245.02,243.88,244.06,243.76,244.3,246.12,247.94
353,253.16,249.26,246.56,244.98,243.88,244.06,243.74,244.3,246.12,247.94
354,253.14,249.26,246.56,244.98,243.86,244.02,243.7,244.26,246.1,247.92
355,253.1,249.26,246.56,244.98,243.84,243.94,243.66,244.24,246.1,247.9
356,253.1,249.26,246.56,244.92,243.82,243.9,243.52,244.24,246.1,247.88
357,253.1,249.26,246.5,244.92,243.78,243.86,243.46,244.2,246.1,247.88
358,253.1,249.26,246.5,244.88,243.78,243.84,243.4,244.18,246.08,247.86
359,253.1,249.26,246.5,244.86,243.74,243.84,243.4,244.18,246.08,247.86
360,253.1,249.26,246.48,244.86,243.74,243.8,243.4,244.14,246.06,247.8
361,253.1,249.26,246.48,244.84,243.74,243.8,243.4,244.1,246.04,247.78
362,253.1,249.22,246.48,244.8,243.68,243.8,243.32,244.04,246.02,247.78
363,253.1,249.22,246.48,244.78,243.66,243.74,243.3,244.0,246.0,247.78
364,253.08,249.22,246.46,244.76,243.64,243.74,243.26,244.0,246.0,247.78
365,253.08,249.22,246.44,244.76,243.64,243.74,243.26,244.0,245.98,247.76
366,253.08,249.2,246.42,244.76,243.62,243.68,243.2,243.96,245.96,247.76
367,253.08,249.2,246.42,244.76,243.62,243.68,243.18,243.96,245.96,247.72
368,253.08,249.2,246.42,244.74,243.58,243.68,243.18,243.96,245.96,247.7
369,253.08,249.2,246.42,244.74,243.58,243.64,243.14,243.96,245.92,247.7
370,253.08,249.18,246.42,244.74,243.58,243.58,243.12,243.94,245.9,247.68
371,253.08,249.18,246.36,244.7,243.58,243.56,243.04,243.88,245.88,247.68
372,253.08,249.18,246.36,244.66,243.54,243.54,243.04,243.84,245.88,247.64
373,253.08,249.18,246.32,244.66,243.54,243.54,243.04,243.84,245.88,247.6
374,253.08,249.18,246.32,244.64,243.54,243.54,243.04,243.82,245.88,247.56
375,253.08,249.18,246.32,244.62,243.52,243.52,243.04,243.82,245.88,247.56
376,253.08,249.18,246.32,244.6,243.48,243.52,243.04,243.8,245.84,247.54
377,253.08,249.18,246.32,244.6,243.48,243.48,243.02,243.8,245.82,247.52
378,253.08,249.18,246.32,244.6,243.46,243.46,242.98,243.78,245.8,247.5
379,253.08,249.12,246.32,244.58,243.46,243.46,242.98,243.78,245.8,247.5
380,253.08,249.1,246.32,244.54,243.44,243.42,242.98,243.76,245.8,247.48
381,253.08,249.1,246.32,244.54,243.44,243.42,242.94,243.74,245.72,247.46
382,253.08,249.1,246.32,244.46,243.4,243.4,242.94,243.72,245.72,247.44
383,253.08,249.1,246.32,244.46,243.4,243.38,242.94,243.7,245.68,247.44
384,253.08,249.08,246.3,244.46,243.38,243.38,242.94,243.7,245.68,247.44
385,253.08,249.06,246.3,244.46,243.36,243.38,242.92,243.68,245.68,247.42
386,253.06,249.06,246.3,244.46,243.34,243.36,242.9,243.66,245.66,247.4
387,253.06,249.06,246.3,244.42,243.3,243.3,242.9,243.66,245.66,247.4
388,253.06,249.02,246.26,244.42,243.3,243.28,242.9,243.66,245.6,247.38
389,253.06,249.0,246.24,244.4,243.28,243.24,242.9,243.66,245.6,247.38
390,253.06,249.0,246.24,244.4,243.24,243.22,242.9,243.66,245.52,247.38
391,253.06,248.98,246.24,244.38,243.22,243.22,242.9,243.62,245.5,247.38
392,253.04,248.98,246.24,244.38,243.16,243.22,242.86,243.6,245.5,247.34
393,253.04,248.98,246.24,244.34,243.16,243.2,242.84,243.54,245.46,247.34
394,253.04,248.94,246.22,244.3,243.16,243.2,242.8,243.52,245.46,247.34
395,253.04,248.94,246.22,244.3,243.16,243.2,242.78,243.48,245.46,247.32
396,253.04,248.94,246.2,244.3,243.12,243.14,242.78,243.48,245.46,247.3
397,253.04,248.94,246.18,244.3,243.12,243.1,242.76,243.48,245.42,247.3
398,253.04,248.94,246.18,244.26,243.12,243.06,242.76,243.48,245.42,247.3
399,253.04,248.92,246.18,244.24,243.08,243.04,242.74,243.46,245.4,247.3
400,253.04,248.9,246.18,244.24,243.06,243.0,242.74,243.46,245.4,247.28
401,253.02,248.9,246.18,244.24,243.04,242.98,242.74,243.46,245.36,247.22
402,253.02,248.9,246.18,244.24,243.02,242.98,242.74,243.44,245.36,247.22
403,253.02,248.86,246.18,244.24,243.02,242.96,242.72,243.34,245.36,247.22
404,253.02,248.86,246.16,244.24,243.0,242.92,242.72,243.3,245.32,247.2
405,253.02,248.86,246.14,244.24,243.0,242.92,242.7,243.3,245.3,247.2
406,253.02,248.82,246.14,244.24,243.0,242.92,242.7,243.24,245.26,247.2
407,253.02,248.8,246.14,244.24,243.0,242.9,242.7,243.18,245.26,247.14
408,253.02,248.8,246.12,244.22,243.0,242.9,242.68,243.16,245.26,247.14
409,252.96,248.8,246.12,244.2,243.0,242.86,242.66,243.16,245.2,247.14
410,252.94,248.76,246.12,244.18,242.98,242.82,242.64,243.14,245.18,247.14
411,252.94,248.76,246.12,244.18,242.98,242.82,242.6,243.1,245.18,247.12
412,252.9,248.74,246.12,244.18,242.96,242.78,242.56,243.1,245.18,247.12
413,252.9,248.74,246.12,244.16,242.96,242.78,242.52,243.04,245.14,247.12
414,252.9,248.74,246.12,244.14,242.96,242.76,242.52,243.0,245.12,247.1
415,252.9,248.74,246.12,244.14,242.96,242.76,242.48,243.0,245.12,247.1
416,252.9,248.74,246.08,244.14,242.94,242.76,242.44,243.0,245.08,247.08
417,252.9,248.74,246.08,244.14,242.92,242.72,242.42,243.0,245.02,247.06
418,252.9,248.72,246.06,244.14,242.92,242.72,242.42,243.0,245.0,247.02
419,252.9,248.72,246.04,244.12,242.92,242.7,242.42,243.0,244.98,247.02
420,252.9,248.72,246.04,244.12,242.92,242.7,242.42,242.98,244.98,247.0
421,252.9,248.72,246.04,244.1,242.9,242.7,242.4,242.98,244.98,247.0
422,252.9,248.72,246.04,244.1,242.9,242.7,242.38,242.96,244.96,247.0
423,252.88,248.72,246.0,244.08,242.8,242.7,242.38,242.96,244.96,246.98
424,252.88,248.72,246.0,244.06,242.8,242.66,242.38,242.94,244.94,246.96
425,252.86,248.72,246.0,244.06,242.8,242.64,242.36,242.94,244.92,246.94
426,252.82,248.72,246.0,244.06,242.8,242.64,242.36,242.94,244.88,246.92
427,252.82,248.72,246.0,244.06,242.8,242.62,242.34,242.94,244.88,246.82
428,252.82,248.72,245.98,244.06,242.78,242.58,242.3,242.88,244.88,246.82
429,252.82,248.72,245.96,244.04,242.78,242.58,242.28,242.88,244.88,246.82
430,252.82,248.72,245.96,244.0,242.78,242.52,242.28,242.88,244.88,246.76
431,252.8,248.72,245.96,244.0,242.72,242.52,242.26,242.88,244.88,246.76
432,252.8,248.72,245.92,244.0,242.72,242.48,242.24,242.86,244.88,246.74
433,252.8,248.68,245.92,244.0,242.7,242.48,242.22,242.84,244.88,246.7
434,252.8,248.68,245.9,243.98,242.68,242.48,242.2,242.82,244.88,246.7
435,252.8,248.68,245.86,243.98,242.68,242.48,242.18,242.78,244.84,246.66
436,252.78,248.68,245.82,243.96,242.68,242.48,242.18,242.78,244.82,246.64
437,252.76,248.66,245.82,243.92,242.68,242.48,242.16,242.76,244.78,246.64
438,252.76,248.66,245.82,243.92,242.68,242.46,242.14,242.72,244.78,246.64
439,252.76,248.58,245.82,243.92,242.68,242.42,242.14,242.72,244.76,246.62
440,252.76,248.58,245.82,243.92,242.68,242.42,242.14,242.72,244.72,246.56
441,252.76,248.58,245.82,243.9,242.68,242.4,242.14,242.72,244.7,246.54
442,252.76,248.58,245.8,243.88,242.68,242.36,242.1,242.7,244.7,246.52
443,252.76,248.58,245.8,243.86,242.66,242.36,242.06,242.68,244.64,246.52
444,252.76,248.58,245.78,243.84,242.6,242.34,242.04,242.64,244.58,246.5
445,252.74,248.58,245.76,243.84,242.6,242.34,242.04,242.6,244.58,246.5
446,252.74,248.58,245.76,243.84,242.54,242.3,241.96,242.58,244.56,246.5
447,252.74,248.58,245.76,243.84,242.54,242.24,241.96,242.56,244.56,246.5
448,252.74,248.58,245.76,243.82,242.54,242.24,241.96,242.56,244.54,246.46
449,252.74,248.58,245.76,243.82,242.54,242.24,241.94,242.56,244.52,246.46
450,252.74,248.58,245.76,243.82,242.54,242.24,241.94,242.52,244.52,246.46
451,252.74,248.58,245.74,243.8,242.52,242.24,241.9,242.5,244.52,246.44
452,252.74,248.58,245.74,243.8,242.5,242.22,241.9,242.48,244.52,246.4
453,252.74,248.56,245.68,243.74,242.5,242.2,241.88,242.46,244.52,246.38
454,252.74,248.56,245.68,243.74,242.48,242.2,241.86,242.46,244.52,246.36
455,252.74,248.56,245.68,243.74,242.48,242.2,241.82,242.42,244.48,246.36
456,252.74,248.56,245.68,243.74,242.48,242.14,241.8,242.42,244.48,246.36
457,252.72,248.56,245.68,243.72,242.42,242.1,241.8,242.42,244.44,246.34
458,252.7,248.56,245.64,243.7,242.4,242.08,241.8,242.4,244.44,246.34
459,252.68,248.56,245.64,243.7,242.4,242.08,241.8,242.36,244.42,246.32
460,252.68,248.56,245.64,243.7,242.38,242.02,241.8,242.3,244.42,246.3
461,252.68,248.56,245.64,243.68,242.38,242.02,241.72,242.28,244.42,246.28
462,252.62,248.56,245.64,243.68,242.36,242.02,241.72,242.28,244.4,246.28
463,252.62,248.56,245.64,243.64,242.36,242.0,241.62,242.26,244.4,246.28
464,252.6,248.56,245.64,243.6,242.36,242.0,241.6,242.26,244.4,246.26
465,252.6,248.54,245.62,243.6,242.36,241.96,241.6,242.24,244.4,246.24
466,252.6,248.54,245.62,243.58,242.36,241.96,241.58,242.2,244.38,246.2
467,252.6,248.54,245.62,243.54,242.36,241.96,241.52,242.2,244.38,246.2
468,252.6,248.54,245.62,243.52,242.36,241.96,241.48,242.2,244.36,246.16
469,252.6,248.54,245.62,243.52,242.34,241.94,241.48,242.18,244.36,246.12
470,252.6,248.52,245.62,243.52,242.34,241.94,241.48,242.16,244.34,246.1
471,252.6,248.5,245.62,243.52,242.3,241.94,241.48,242.16,244.34,246.04
472,252.6,248.5,245.62,243.5,242.28,241.92,241.48,242.16,244.32,245.98
473,252.54,248.5,245.56,243.48,242.28,241.92,241.48,242.12,244.3,245.96
474,252.54,248.5,245.54,243.48,242.26,241.92,241.48,242.12,244.3,245.94
475,252.54,248.5,245.54,243.48,242.26,241.9,241.48,242.12,244.3,245.9
476,252.54,248.5,245.54,243.48,242.26,241.9,241.48,242.12,244.28,245.84
477,252.54,248.5,245.54,243.46,242.26,241.9,241.48,242.04,244.28,245.78
478,252.52,248.46,245.5,243.4,242.26,241.9,241.48,242.04,244.26,245.76
479,252.52,248.46,245.5,243.4,242.26,241.9,241.48,241.98,244.24,245.74
480,252.52,248.46,245.48,243.32,242.26,241.9,241.48,241.98,244.2,245.74
481,252.48,248.44,245.48,243.3,242.26,241.9,241.46,241.9,244.18,245.7
482,252.48,248.42,245.48,243.3,242.26,241.9,241.46,241.86,244.12,245.7
483,252.48,248.42,245.46,243.28,242.24,241.9,241.46,241.84,244.1,245.7
484,252.48,248.42,245.46,243.26,242.24,241.88,241.44,241.84,244.06,245.66
485,252.48,248.42,245.46,243.26,242.24,241.82,241.44,241.82,244.04,245.64
486,252.48,248.42,245.46,243.16,242.24,241.82,241.44,241.82,244.02,245.62
487,252.46,248.42,245.46,243.14,242.24,241.8,241.44,241.8,244.02,245.56
488,252.46,248.4,245.42,243.1,242.22,241.8,241.4,241.74,244.0,245.54
489,252.46,248.4,245.42,243.06,242.16,241.78,241.4,241.74,243.9,245.54
490,252.44,248.4,245.42,243.02,242.16,241.78,241.4,241.74,243.9,245.54
491,252.44,248.4,245.42,243.0,242.16,241.76,241.36,241.72,243.88,245.5
492,252.42,248.4,245.42,243.0,242.16,241.76,241.36,241.68,243.86,245.5
493,252.4,248.4,245.4,243.0,242.14,241.76,241.32,241.68,243.84,245.48
494,252.4,248.4,245.4,243.0,242.1,241.76,241.3,241.68,243.84,245.48
495,252.4,248.4,245.4,243.0,242.08,241.76,241.26,241.64,243.82,245.4
496,252.4,248.4,245.38,243.0,242.04,241.74,241.26,241.64,243.82,245.38
497,252.4,248.4,245.38,242.96,242.04,241.72,241.26,241.64,243.8,245.34
498,252.4,248.4,245.36,242.94,242.04,241.72,241.24,241.64,243.8,245.34
499,252.4,248.4,245.36,242.92,242.04,241.72,241.24,241.62,243.76,245.34
500,252.4,248.4,245.34,242.92,242.02,241.7,241.22,241.62,243.74,245.34
501,252.4,248.4,245.28,242.92,242.0,241.7,241.22,241.62,243.74,245.34
502,252.38,248.4,245.28,242.92,241.96,241.7,241.2,241.62,243.74,245.34
503,252.36,248.4,245.26,242.92,241.94,241.68,241.2,241.62,243.72,245.32
504,252.36,248.38,245.26,242.92,241.94,241.68,241.2,241.62,243.7,245.32
505,252.34,248.38,245.24,242.9,241.92,241.68,241.2,241.62,243.66,245.32
506,252.32,248.36,245.24,242.88,241.92,241.66,241.2,241.6,243.66,245.32
507,252.32,248.36,245.24,242.88,241.92,241.66,241.18,241.58,243.66,245.32
508,252.32,248.36,245.24,242.86,241.9,241.64,241.18,241.56,243.64,245.32
509,252.32,248.36,245.24,242.86,241.88,241.62,241.14,241.54,243.6,245.3
510,252.32,248.36,245.24,242.86,241.86,241.62,241.14,241.5,243.6,245.26
511,252.3,248.32,245.24,242.86,241.86,241.6,241.12,241.5,243.56,245.24
512,252.3,248.32,245.24,242.86,241.86,241.6,241.1,241.5,243.54,245.24
513,252.3,248.32,245.22,242.84,241.86,241.54,241.1,241.48,243.54,245.24
514,252.3,248.32,245.22,242.82,241.86,241.54,241.1,241.48,243.52,245.24
515,252.3,248.32,245.22,242.82,241.86,241.52,241.1,241.48,243.52,245.24
516,252.3,248.32,245.22,242.82,241.8,241.46,241.06,241.48,243.52,245.24
517,252.3,248.32,245.22,242.82,241.8,241.46,241.04,241.48,243.48,245.22
518,252.3,248.3,245.2,242.82,241.8,241.46,241.0,241.48,243.46,245.2
519,252.3,248.3,245.18,242.82,241.8,241.44,241.0,241.48,243.44,245.2
520,252.3,248.3,245.18,242.82,241.8,241.44,241.0,241.48,243.44,245.2
521,252.3,248.3,245.18,242.8,241.8,241.44,241.0,241.44,243.44,245.2
522,252.3,248.3,245.14,242.8,241.8,241.44,241.0,241.44,243.44,245.2
523,252.3,248.28,245.14,242.74,241.8,241.44,241.0,241.44,243.44,245.2
524,252.3,248.28,245.14,242.74,241.8,241.44,241.0,241.44,243.4,245.2
525,252.3,248.28,245.1,242.74,241.8,241.42,241.0,241.42,243.38,245.2
526,252.3,248.28,245.08,242.74,241.78,241.42,240.98,241.42,243.3,245.18
527,252.3,248.28,245.08,242.72,241.76,241.38,240.94,241.42,243.28,245.18
528,252.3,248.28,245.08,242.72,241.76,241.34,240.94,241.38,243.28,245.18
529,252.3,248.28,245.06,242.72,241.72,241.34,240.94,241.38,243.26,245.18
530,252.3,248.28,245.06,242.72,241.7,241.34,240.94,241.36,243.24,245.14
531,252.3,248.28,245.06,242.72,241.7,241.34,240.92,241.36,243.24,245.14
532,252.3,248.28,245.04,242.7,241.7,241.34,240.88,241.34,243.22,245.1
533,252.3,248.28,245.04,242.7,241.7,241.32,240.88,241.32,243.22,245.08
534,252.3,248.28,245.0,242.7,241.7,241.32,240.88,241.32,243.2,245.06
535,252.3,248.28,245.0,242.7,241.68,241.32,240.88,241.26,243.2,245.04
536,252.3,248.28,245.0,242.7,241.64,241.28,240.88,241.26,243.16,245.04
537,252.24,248.28,244.96,242.7,241.62,241.28,240.88,241.26,243.16,245.0
538,252.24,248.28,244.92,242.7,241.6,241.28,240.88,241.24,243.16,245.0
539,252.24,248.28,244.9,242.7,241.6,241.28,240.84,241.22,243.1,244.96
540,252.24,248.28,244.88,242.7,241.6,241.26,240.84,241.22,243.1,244.92
541,252.24,248.26,244.88,242.68,241.6,241.26,240.82,241.22,243.04,244.9
542,252.24,248.26,244.88,242.66,241.58,241.24,240.8,241.22,243.04,244.9
543,252.24,248.26,244.88,242.62,241.58,241.2,240.76,241.18,243.0,244.9
544,252.24,248.26,244.88,242.6,241.58,241.2,240.76,241.18,243.0,244.9
545,252.24,248.24,244.88,242.56,241.58,241.16,240.76,241.18,242.98,244.86
546,252.24,248.24,244.84,242.52,241.56,241.16,240.74,241.18,242.98,244.86
547,252.24,248.24,244.84,242.52,241.56,241.16,240.74,241.16,242.98,244.82
548,252.24,248.24,244.84,242.52,241.54,241.12,240.72,241.16,242.98,244.82
549,252.24,248.22,244.84,242.48,241.54,241.12,240.72,241.16,242.98,244.82
550,252.24,248.22,244.82,242.48,241.54,241.08,240.7,241.16,242.98,244.8
551,252.24,248.2,244.82,242.48,241.54,241.08,240.7,241.16,242.98,244.78
552,252.24,248.2,244.8,242.48,241.52,240.98,240.7,241.14,242.98,244.78
553,252.24,248.18,244.8,242.42,241.52,240.98,240.7,241.14,242.92,244.78
554,252.22,248.16,244.74,242.42,241.52,240.98,240.68,241.12,242.88,244.72
555,252.22,248.14,244.74,242.42,241.52,240.96,240.68,241.1,242.88,244.72
556,252.2,248.14,244.7,242.4,241.48,240.94,240.64,241.1,242.88,244.72
557,252.18,248.14,244.7,242.38,241.48,240.94,240.64,241.06,242.86,244.66
558,252.18,248.1,244.7,242.38,241.48,240.92,240.64,241.06,242.82,244.66
559,252.18,248.1,244.7,242.36,241.46,240.92,240.64,241.06,242.82,244.64
560,252.18,248.1,244.68,242.36,241.46,240.92,240.64,241.06,242.8,244.64
561,252.18,248.08,244.68,242.36,241.46,240.92,240.64,241.04,242.78,244.64
562,252.16,248.08,244.68,242.32,241.46,240.92,240.64,241.02,242.78,244.64
563,252.16,248.08,244.68,242.28,241.38,240.92,240.64,241.02,242.78,244.64
564,252.16,248.08,244.66,242.28,241.38,240.9,240.58,240.98,242.76,244.62
565,252.16,248.08,244.66,242.28,241.38,240.9,240.58,240.98,242.76,244.62
566,252.16,248.08,244.66,242.28,241.36,240.9,240.54,240.98,242.76,244.62
567,252.16,248.06,244.66,242.28,241.34,240.9,240.54,240.96,242.76,244.6
568,252.16,248.06,244.66,242.28,241.28,240.88,240.5,240.96,242.76,244.6
569,252.16,248.06,244.66,242.26,241.26,240.88,240.5,240.92,242.76,244.6
570,252.12,248.06,244.66,242.24,241.26,240.88,240.5,240.92,242.74,244.58
571,252.12,248.06,244.64,242.2,241.26,240.86,240.5,240.92,242.74,244.56
572,252.12,248.06,244.64,242.2,241.24,240.82,240.48,240.92,242.72,244.5
573,252.12,248.06,244.6,242.16,241.22,240.82,240.48,240.9,242.72,244.5
574,252.12,248.06,244.58,242.16,241.2,240.82,240.44,240.9,242.7,244.48
575,252.1,248.06,244.58,242.16,241.18,240.82,240.38,240.9,242.68,244.42
576,252.1,248.06,244.58,242.16,241.1,240.82,240.38,240.82,242.68,244.42
577,252.1,248.06,244.58,242.16,241.1,240.82,240.36,240.82,242.68,244.38
578,252.1,248.06,244.58,242.14,241.1,240.82,240.32,240.82,242.66,244.38
579,252.06,248.06,244.56,242.14,241.1,240.82,240.3,240.82,242.64,244.38
580,252.06,248.06,244.54,242.06,241.1,240.82,240.26,240.82,242.64,244.38
581,252.06,248.06,244.54,242.06,241.1,240.8,240.24,240.8,242.64,244.38
582,252.06,248.06,244.54,242.06,241.08,240.78,240.24,240.76,242.62,244.38
583,252.06,248.06,244.54,242.04,241.06,240.76,240.24,240.74,242.62,244.36
584,252.06,248.06,244.54,242.04,241.04,240.76,240.24,240.72,242.6,244.36
585,252.06,248.0,244.54,242.04,241.04,240.76,240.24,240.68,242.6,244.36
586,252.06,248.0,244.54,242.04,241.02,240.76,240.24,240.68,242.58,244.34
587,252.06,248.0,244.54,242.04,241.02,240.76,240.24,240.64,242.58,244.34
588,252.06,247.94,244.52,242.04,241.0,240.74,240.2,240.6,242.58,244.32
589,252.06,247.94,244.52,242.02,241.0,240.74,240.2,240.6,242.58,244.3
590,252.06,247.94,244.52,242.0,240.98,240.74,240.18,240.6,242.58,244.26
591,252.06,247.94,244.52,242.0,240.96,240.72,240.16,240.58,242.58,244.24
592,252.06,247.94,244.48,242.0,240.94,240.72,240.16,240.56,242.56,244.22
593,252.06,247.94,244.48,242.0,240.94,240.72,240.16,240.52,242.56,244.2
594,252.06,247.94,244.48,241.98,240.92,240.7,240.16,240.52,242.56,244.2
595,252.06,247.9,244.48,241.96,240.92,240.7,240.16,240.5,242.54,244.2
596,252.06,247.9,244.48,241.96,240.92,240.7,240.12,240.5,242.54,244.18
597,252.06,247.9,244.48,241.96,240.9,240.7,240.12,240.5,242.52,244.18
598,252.06,247.88,244.48,241.96,240.9,240.68,240.12,240.5,242.5,244.16
599,252.06,247.88,244.48,241.9,240.9,240.68,240.12,240.5,242.46,244.16
600,252.06,247.88,244.48,241.88,240.9,240.66,240.12,240.5,242.46,244.16
601,252.06,247.88,244.48,241.88,240.9,240.66,240.12,240.48,242.44,244.16
602,252.06,247.88,244.46,241.88,240.9,240.66,240.12,240.46,242.4,244.16
603,252.06,247.88,244.46,241.82,240.9,240.66,240.12,240.46,242.4,244.16
604,252.06,247.86,244.46,241.78,240.9,240.64,240.1,240.44,242.4,244.14
605,252.06,247.86,244.44,241.78,240.86,240.62,240.08,240.44,242.4,244.1
606,252.06,247.86,244.44,241.78,240.86,240.6,240.08,240.44,242.38,244.1
607,252.06,247.86,244.38,241.78,240.86,240.6,240.06,240.42,242.38,244.08
608,252.06,247.86,244.38,241.78,240.86,240.6,240.04,240.4,242.38,244.06
609,252.06,247.86,244.36,241.78,240.86,240.6,240.0,240.4,242.36,244.06
610,252.06,247.84,244.34,241.78,240.86,240.6,240.0,240.4,242.36,244.04
611,252.06,247.84,244.34,241.78,240.86,240.6,239.98,240.36,242.36,244.04
612,252.04,247.84,244.34,241.78,240.86,240.6,239.98,240.34,242.36,244.04
613,252.04,247.82,244.34,241.78,240.86,240.54,239.98,240.32,242.36,244.04
614,252.04,247.8,244.34,241.78,240.82,240.54,239.96,240.32,242.32,244.04
615,252.04,247.8,244.34,241.78,240.82,240.52,239.94,240.32,242.32,244.04
616,252.04,247.8,244.32,241.78,240.78,240.52,239.86,240.3,242.3,244.04
617,252.04,247.8,244.32,241.78,240.78,240.52,239.86,240.3,242.3,244.02
618,252.02,247.8,244.3,241.78,240.78,240.52,239.86,240.3,242.28,244.02
619,252.02,247.8,244.3,241.78,240.72,240.52,239.86,240.3,242.28,244.02
620,252.02,247.78,244.3,241.78,240.72,240.52,239.86,240.3,242.28,244.02
621,252.02,247.78,244.3,241.78,240.72,240.5,239.86,240.3,242.28,244.02
622,252.02,247.78,244.28,241.78,240.72,240.5,239.84,240.24,242.26,244.0
623,252.02,247.78,244.28,241.78,240.7,240.5,239.84,240.22,242.26,244.0
624,252.02,247.78,244.28,241.76,240.7,240.5,239.82,240.22,242.26,243.98
625,252.0,247.74,244.26,241.76,240.7,240.5,239.8,240.22,242.26,243.94
626,252.0,247.72,244.26,241.76,240.66,240.5,239.8,240.22,242.26,243.92
627,251.98,247.72,244.26,241.76,240.66,240.5,239.8,240.2,242.26,243.9
628,251.98,247.72,244.26,241.76,240.64,240.48,239.8,240.2,242.26,243.9
629,251.98,247.72,244.26,241.76,240.62,240.48,239.8,240.18,242.26,243.86
630,251.98,247.72,244.26,241.76,240.62,240.46,239.8,240.18,242.24,243.84
631,251.98,247.72,244.26,241.76,240.6,240.46,239.8,240.16,242.24,243.84
632,251.98,247.72,244.22,241.76,240.6,240.46,239.78,240.16,242.24,243.84
633,251.98,247.72,244.22,241.76,240.6,240.46,239.78,240.16,242.2,243.84
634,251.98,247.72,244.22,241.76,240.6,240.46,239.78,240.16,242.2,243.82
635,251.98,247.72,244.22,241.72,240.58,240.46,239.76,240.14,242.2,243.82
636,251.98,247.72,244.22,241.7,240.58,240.46,239.74,240.14,242.2,243.8
637,251.98,247.72,244.2,241.7,240.56,240.46,239.68,240.14,242.18,243.8
638,251.98,247.72,244.2,241.7,240.54,240.44,239.68,240.14,242.16,243.78
639,251.98,247.72,244.2,241.7,240.5,240.44,239.66,240.14,242.16,243.78
640,251.98,247.72,244.18,241.7,240.5,240.44,239.66,240.14,242.16,243.76
641,251.98,247.72,244.16,241.7,240.5,240.42,239.64,240.14,242.16,243.72
642,251.98,247.72,244.16,241.7,240.46,240.42,239.64,240.12,242.16,243.72
643,251.98,247.7,244.14,241.7,240.46,240.42,239.64,240.1,242.16,243.72
644,251.92,247.7,244.1,241.68,240.46,240.42,239.64,240.1,242.12,243.7
645,251.92,247.7,244.1,241.66,240.46,240.38,239.62,240.1,242.1,243.7
646,251.92,247.7,244.1,241.66,240.44,240.38,239.62,240.1,242.08,243.66
647,251.92,247.7,244.1,241.66,240.44,240.38,239.62,240.1,242.08,243.66
648,251.92,247.7,244.1,241.66,240.44,240.34,239.62,240.1,242.06,243.66
649,251.92,247.68,244.1,241.66,240.44,240.34,239.6,240.1,242.06,243.66
650,251.92,247.68,244.1,241.66,240.44,240.34,239.58,240.1,242.06,243.66
651,251.92,247.68,244.1,241.66,240.44,240.34,239.56,240.1,242.04,243.64
652,251.92,247.68,244.08,241.66,240.4,240.34,239.56,240.08,242.04,243.62
653,251.92,247.68,244.08,241.66,240.4,240.34,239.56,240.06,242.02,243.62
654,251.92,247.64,244.08,241.66,240.4,240.34,239.56,240.06,242.0,243.6
655,251.9,247.64,244.08,241.66,240.4,240.32,239.54,240.04,242.0,243.6
656,251.9,247.64,244.06,241.66,240.4,240.32,239.54,240.04,242.0,243.6
657,251.9,247.64,244.06,241.66,240.4,240.3,239.54,240.0,242.0,243.58
658,251.9,247.64,244.04,241.66,240.4,240.3,239.54,240.0,242.0,243.56
659,251.9,247.64,244.04,241.64,240.4,240.3,239.5,240.0,242.0,243.56
660,251.9,247.64,244.04,241.64,240.4,240.3,239.5,240.0,242.0,243.56
661,251.9,247.64,244.04,241.64,240.4,240.28,239.5,239.98,242.0,243.56
662,251.9,247.64,244.04,241.64,240.4,240.28,239.48,239.98,241.98,243.54
663,251.88,247.64,244.04,241.64,240.4,240.26,239.48,239.98,241.94,243.48
664,251.88,247.64,244.04,241.56,240.4,240.26,239.42,239.96,241.94,243.48
665,251.88,247.64,244.04,241.56,240.4,240.24,239.42,239.96,241.88,243.46
666,251.88,247.64,244.02,241.54,240.38,240.24,239.42,239.96,241.88,243.46
667,251.88,247.64,244.02,241.54,240.38,240.22,239.4,239.96,241.84,243.46
668,251.88,247.64,244.0,241.54,240.36,240.22,239.4,239.96,241.82,243.46
669,251.88,247.64,244.0,241.54,240.36,240.22,239.38,239.96,241.8,243.44
670,251.88,247.62,244.0,241.54,240.36,240.14,239.36,239.96,241.8,243.42
671,251.88,247.6,244.0,241.52,240.36,240.14,239.36,239.96,241.74,243.42
672,251.88,247.6,243.96,241.48,240.32,240.14,239.32,239.94,241.74,243.42
673,251.88,247.6,243.96,241.44,240.32,240.14,239.28,239.94,241.74,243.42
674,251.88,247.6,243.96,241.44,240.3,240.14,239.28,239.94,241.72,243.42
675,251.88,247.6,243.96,241.44,240.3,240.14,239.28,239.94,241.72,243.42
676,251.88,247.6,243.96,241.44,240.3,240.14,239.26,239.94,241.7,243.42
677,251.88,247.6,243.96,241.44,240.3,240.14,239.26,239.94,241.7,243.42
678,251.88,247.6,243.96,241.44,240.3,240.14,239.26,239.94,241.7,243.4
679,251.88,247.6,243.94,241.44,240.3,240.14,239.26,239.9,241.7,243.4
680,251.88,247.6,243.94,241.44,240.3,240.14,239.24,239.9,241.66,243.4
681,251.88,247.6,243.92,241.44,240.3,240.1,239.24,239.9,241.66,243.4
682,251.88,247.6,243.92,241.44,240.3,240.08,239.24,239.9,241.66,243.34
683,251.88,247.6,243.88,241.44,240.3,240.06,239.22,239.9,241.64,243.34
684,251.88,247.6,243.88,241.44,240.26,240.06,239.22,239.9,241.62,243.34
685,251.88,247.6,243.88,241.44,240.26,240.06,239.22,239.88,241.6,243.32
686,251.88,247.6,243.88,241.44,240.26,240.06,239.22,239.88,241.58,243.32
687,251.88,247.6,243.88,241.42,240.26,240.06,239.22,239.82,241.58,243.32
688,251.88,247.6,243.88,241.38,240.26,240.06,239.2,239.8,241.58,243.28
689,251.88,247.58,243.86,241.38,240.26,240.04,239.18,239.76,241.58,243.26
690,251.88,247.58,243.86,241.38,240.26,240.04,239.18,239.76,241.58,243.26
691,251.88,247.58,243.86,241.38,240.24,240.04,239.18,239.74,241.54,243.26
692,251.88,247.58,243.82,241.38,240.22,240.04,239.16,239.74,241.54,243.26
693,251.88,247.58,243.82,241.38,240.22,240.04,239.16,239.72,241.54,243.24
694,251.88,247.58,243.82,241.38,240.22,240.02,239.16,239.72,241.54,243.24
695,251.88,247.58,243.82,241.38,240.2,240.0,239.14,239.72,241.54,243.24
696,251.88,247.58,243.82,241.38,240.2,240.0,239.12,239.72,241.52,243.24
697,251.88,247.58,243.82,241.38,240.18,240.0,239.12,239.7,241.52,243.24
698,251.88,247.58,243.82,241.36,240.18,240.0,239.1,239.7,241.52,243.22
699,251.88,247.58,243.82,241.36,240.18,240.0,239.1,239.7,241.52,243.22
700,251.88,247.58,243.82,241.36,240.18,240.0,239.1,239.68,241.52,243.22
701,251.88,247.58,243.8,241.36,240.18,240.0,239.1,239.68,241.52,243.22
702,251.88,247.58,243.76,241.36,240.18,239.98,239.1,239.68,241.52,243.14
703,251.88,247.58,243.76,241.36,240.18,239.98,239.1,239.68,241.52,243.12
704,251.88,247.58,243.76,241.34,240.18,239.98,239.1,239.66,241.5,243.12
705,251.88,247.58,243.76,241.34,240.18,239.96,239.1,239.64,241.5,243.12
706,251.88,247.58,243.76,241.34,240.18,239.96,239.1,239.64,241.5,243.12
707,251.88,247.58,243.74,241.34,240.16,239.94,239.1,239.64,241.5,243.12
708,251.88,247.58,243.74,241.34,240.16,239.94,239.1,239.64,241.5,243.1
709,251.88,247.58,243.74,241.34,240.16,239.94,239.1,239.62,241.5,243.06
710,251.86,247.58,243.74,241.34,240.16,239.92,239.1,239.6,241.5,243.06
711,251.86,247.56,243.74,241.34,240.14,239.92,239.1,239.6,241.5,243.06
712,251.86,247.56,243.74,241.34,240.14,239.92,239.08,239.58,241.5,243.06
713,251.86,247.54,243.74,241.3,240.14,239.92,239.08,239.58,241.48,243.02
714,251.86,247.54,243.74,241.3,240.1,239.92,239.08,239.58,241.48,243.0
715,251.86,247.54,243.74,241.3,240.1,239.9,239.06,239.56,241.48,243.0
716,251.86,247.54,243.74,241.3,240.1,239.88,239.04,239.54,241.48,243.0
717,251.86,247.54,243.74,241.3,240.1,239.88,239.02,239.54,241.46,242.98
718,251.86,247.52,243.74,241.3,240.1,239.88,239.02,239.54,241.38,242.98
719,251.86,247.52,243.72,241.3,240.1,239.88,239.02,239.52,241.38,242.98
720,251.86,247.52,243.72,241.3,240.1,239.86,239.02,239.52,241.36,242.98
721,251.86,247.52,243.7,241.3,240.1,239.86,239.0,239.46,241.36,242.96
722,251.86,247.52,243.7,241.3,240.08,239.86,239.0,239.46,241.36,242.96
723,251.86,247.52,243.7,241.3,240.08,239.86,238.96,239.46,241.32,242.94
724,251.86,247.52,243.7,241.3,240.08,239.84,238.94,239.46,241.3,242.94
725,251.86,247.5,243.66,241.3,240.08,239.84,238.94,239.46,241.3,242.94
726,251.86,247.5,243.66,241.3,240.08,239.84,238.94,239.46,241.28,242.86
727,251.86,247.5,243.66,241.3,240.08,239.84,238.9,239.46,241.28,242.8
728,251.86,247.5,243.66,241.3,240.08,239.84,238.88,239.46,241.28,242.8
729,251.86,247.5,243.66,241.3,240.08,239.84,238.88,239.46,241.24,242.8
730,251.86,247.5,243.66,241.3,240.04,239.84,238.88,239.44,241.24,242.8
731,251.86,247.5,243.66,241.28,240.04,239.84,238.88,239.42,241.22,242.8
732,251.86,247.5,243.66,241.28,240.04,239.82,238.88,239.42,241.22,242.8
733,251.86,247.5,243.62,241.28,240.04,239.82,238.88,239.42,241.22,242.78
734,251.86,247.5,243.62,241.28,240.04,239.8,238.88,239.42,241.2,242.78
735,251.86,247.5,243.6,241.28,240.04,239.8,238.88,239.42,241.2,242.78
736,251.86,247.5,243.6,241.28,240.02,239.8,238.84,239.42,241.2,242.78
737,251.86,247.5,243.6,241.28,240.0,239.78,238.84,239.38,241.18,242.78
738,251.86,247.5,243.54,241.28,240.0,239.78,238.84,239.38,241.16,242.78
739,251.86,247.5,243.54,241.28,240.0,239.78,238.84,239.38,241.16,242.78
740,251.86,247.5,243.54,241.28,239.98,239.78,238.84,239.38,241.16,242.76
741,251.86,247.48,243.54,241.28,239.98,239.78,238.82,239.38,241.14,242.76
742,251.86,247.48,243.54,241.24,239.98,239.78,238.82,239.36,241.12,242.76
743,251.86,247.48,243.52,241.24,239.98,239.78,238.82,239.36,241.1,242.76
744,251.86,247.48,243.52,241.22,239.98,239.78,238.82,239.36,241.1,242.76
745,251.86,247.46,243.52,241.22,239.96,239.78,238.82,239.36,241.1,242.74
746,251.86,247.46,243.52,241.22,239.96,239.78,238.82,239.36,241.08,242.74
747,251.86,247.46,243.52,241.22,239.96,239.78,238.82,239.34,241.08,242.72
748,251.86,247.4,243.52,241.22,239.96,239.78,238.8,239.34,241.06,242.72
749,251.84,247.4,243.52,241.22,239.96,239.78,238.78,239.34,241.06,242.72
750,251.84,247.36,243.5,241.2,239.96,239.76,238.78,239.34,241.06,242.72
751,251.82,247.36,243.5,241.2,239.96,239.76,238.78,239.34,241.06,242.72
752,251.82,247.36,243.5,241.2,239.96,239.76,238.74,239.34,241.06,242.72
753,251.82,247.36,243.48,241.18,239.96,239.74,238.74,239.34,241.06,242.72
754,251.8,247.34,243.48,241.12,239.96,239.72,238.74,239.34,241.04,242.72
755,251.8,247.34,243.48,241.12,239.94,239.72,238.74,239.34,241.04,242.72
756,251.8,247.34,243.48,241.12,239.94,239.72,238.7,239.32,241.04,242.72
757,251.8,247.34,243.48,241.12,239.92,239.72,238.7,239.3,241.04,242.72
758,251.8,247.34,243.48,241.1,239.92,239.72,238.7,239.3,241.04,242.72
759,251.8,247.34,243.48,241.1,239.9,239.72,238.66,239.3,241.02,242.72
760,251.74,247.34,243.48,241.08,239.9,239.72,238.62,239.3,241.02,242.7
761,251.74,247.34,243.48,241.0,239.9,239.72,238.62,239.3,240.98,242.7
762,251.72,247.34,243.48,241.0,239.9,239.7,238.62,239.3,240.96,242.68
763,251.72,247.34,243.48,241.0,239.9,239.7,238.62,239.28,240.92,242.68
764,251.72,247.34,243.48,240.98,239.88,239.7,238.62,239.28,240.92,242.66
765,251.72,247.34,243.48,240.96,239.84,239.7,238.62,239.26,240.92,242.66
766,251.72,247.34,243.48,240.96,239.84,239.7,238.62,239.22,240.92,242.64
767,251.68,247.34,243.48,240.94,239.84,239.7,238.62,239.22,240.92,242.6
768,251.68,247.34,243.48,240.94,239.84,239.7,238.6,239.2,240.92,242.6
769,251.68,247.34,243.48,240.94,239.84,239.7,238.6,239.2,240.92,242.6
770,251.68,247.34,243.48,240.94,239.84,239.7,238.6,239.16,240.92,242.6
771,251.68,247.3,243.48,240.94,239.84,239.68,238.56,239.16,240.92,242.56
772,251.68,247.3,243.48,240.94,239.84,239.68,238.54,239.12,240.88,242.56
773,251.68,247.28,243.48,240.94,239.8,239.66,238.54,239.12,240.88,242.56
774,251.68,247.28,243.48,240.92,239.8,239.66,238.54,239.12,240.88,242.52
775,251.68,247.28,243.48,240.9,239.8,239.66,238.52,239.12,240.88,242.52
776,251.68,247.28,243.48,240.9,239.8,239.64,238.52,239.12,240.88,242.48
777,251.68,247.28,243.48,240.9,239.8,239.64,238.5,239.12,240.86,242.46
778,251.68,247.28,243.48,240.9,239.8,239.64,238.5,239.1,240.86,242.46
779,251.66,247.28,243.48,240.9,239.76,239.64,238.5,239.08,240.86,242.46
780,251.66,247.28,243.48,240.9,239.76,239.64,238.46,239.06,240.86,242.46
781,251.66,247.28,243.48,240.9,239.76,239.64,238.46,239.06,240.86,242.38
782,251.66,247.28,243.48,240.88,239.74,239.64,238.46,239.06,240.86,242.38
783,251.66,247.26,243.48,240.88,239.74,239.64,238.46,239.06,240.86,242.36
784,251.66,247.26,243.48,240.84,239.74,239.64,238.46,239.06,240.86,242.36
785,251.64,247.22,243.46,240.84,239.74,239.64,238.42,239.06,240.86,242.34
786,251.62,247.2,243.46,240.84,239.72,239.62,238.42,239.04,240.84,242.32
787,251.62,247.2,243.46,240.84,239.72,239.62,238.42,239.02,240.84,242.32
788,251.62,247.18,243.44,240.82,239.72,239.6,238.42,238.98,240.84,242.32
789,251.62,247.18,243.44,240.8,239.72,239.6,238.42,238.98,240.84,242.3
790,251.62,247.18,243.44,240.8,239.72,239.58,238.42,238.96,240.84,242.3
791,251.62,247.18,243.44,240.8,239.72,239.54,238.42,238.96,240.84,242.3
792,251.62,247.16,243.44,240.8,239.72,239.54,238.42,238.94,240.84,242.3
793,251.62,247.16,243.44,240.8,239.72,239.52,238.42,238.92,240.84,242.3
794,251.62,247.16,243.44,240.8,239.72,239.52,238.42,238.92,240.84,242.3
795,251.62,247.16,243.44,240.8,239.72,239.48,238.4,238.92,240.84,242.3
796,251.62,247.16,243.44,240.78,239.72,239.48,238.4,238.9,240.82,242.3
797,251.62,247.16,243.44,240.78,239.72,239.48,238.4,238.9,240.78,242.28
798,251.62,247.14,243.44,240.78,239.72,239.48,238.4,238.86,240.78,242.26
799,251.62,247.14,243.42,240.78,239.72,239.46,238.4,238.86,240.78,242.26
800,251.62,247.14,243.42,240.74,239.72,239.46,238.38,238.82,240.78,242.24
801,251.62,247.14,243.42,240.72,239.72,239.46,238.38,238.8,240.78,242.24
802,251.62,247.14,243.42,240.72,239.7,239.44,238.38,238.8,240.76,242.22
803,251.62,247.14,243.4,240.72,239.7,239.44,238.38,238.8,240.76,242.22
804,251.62,247.14,243.4,240.72,239.7,239.4,238.38,238.8,240.76,242.18
805,251.62,247.1,243.4,240.72,239.68,239.4,238.38,238.78,240.74,242.16
806,251.62,247.1,243.4,240.72,239.68,239.38,238.38,238.76,240.7,242.14
807,251.62,247.1,243.4,240.72,239.66,239.38,238.36,238.76,240.7,242.14
808,251.62,247.1,243.4,240.72,239.66,239.36,238.34,238.76,240.7,242.14
809,251.62,247.1,243.4,240.68,239.66,239.36,238.34,238.76,240.66,242.14
810,251.62,247.1,243.4,240.68,239.66,239.36,238.34,238.76,240.66,242.14
811,251.62,247.08,243.4,240.68,239.66,239.36,238.34,238.76,240.66,242.12
812,251.62,247.08,243.38,240.68,239.66,239.34,238.32,238.76,240.62,242.12
813,251.62,247.08,243.38,240.64,239.66,239.34,238.3,238.76,240.6,242.12
814,251.62,247.06,243.36,240.64,239.66,239.32,238.28,238.76,240.58,242.1
815,251.62,247.06,243.36,240.64,239.66,239.3,238.28,238.76,240.56,242.1
816,251.62,247.06,243.36,240.64,239.64,239.3,238.28,238.74,240.56,242.1
817,251.62,247.04,243.36,240.64,239.64,239.3,238.26,238.74,240.56,242.08
818,251.62,247.04,243.36,240.64,239.62,239.3,238.26,238.74,240.54,242.08
819,251.62,247.04,243.36,240.64,239.62,239.28,238.26,238.74,240.54,242.08
820,251.62,247.04,243.36,240.64,239.62,239.28,238.24,238.68,240.54,242.06
821,251.62,247.04,243.36,240.64,239.62,239.26,238.24,238.68,240.54,242.06
822,251.62,247.04,243.36,240.64,239.62,239.22,238.24,238.68,240.52,241.96
823,251.58,247.04,243.36,240.64,239.62,239.22,238.24,238.66,240.5,241.96
824,251.58,247.04,243.36,240.64,239.62,239.22,238.24,238.66,240.5,241.96
825,251.56,247.04,243.36,240.64,239.6,239.2,238.24,238.66,240.48,241.96
826,251.54,247.04,243.36,240.62,239.6,239.2,238.24,238.66,240.48,241.96
827,251.54,247.04,243.36,240.62,239.6,239.2,238.24,238.64,240.44,241.94
828,251.54,247.04,243.36,240.58,239.6,239.2,238.24,238.6,240.44,241.94
829,251.54,247.04,243.36,240.58,239.6,239.2,238.22,238.6,240.44,241.94
830,251.54,247.02,243.36,240.56,239.58,239.2,238.2,238.58,240.44,241.94
831,251.52,247.0,243.34,240.56,239.58,239.2,238.2,238.58,240.44,241.94
832,251.52,246.98,243.34,240.56,239.58,239.18,238.2,238.58,240.44,241.94
833,251.52,246.96,243.34,240.56,239.58,239.16,238.2,238.58,240.44,241.94
834,251.52,246.96,243.34,240.56,239.58,239.12,238.2,238.58,240.44,241.94
835,251.52,246.96,243.32,240.56,239.58,239.12,238.2,238.58,240.42,241.94
836,251.52,246.96,243.32,240.56,239.58,239.12,238.2,238.56,240.4,241.94
837,251.52,246.96,243.32,240.56,239.56,239.12,238.2,238.56,240.38,241.92
838,251.52,246.96,243.32,240.56,239.54,239.12,238.2,238.56,240.38,241.9
839,251.52,246.96,243.32,240.54,239.54,239.1,238.2,238.54,240.38,241.9
840,251.52,246.96,243.32,240.54,239.54,239.1,238.2,238.52,240.36,241.9
841,251.52,246.96,243.32,240.52,239.54,239.1,238.18,238.52,240.36,241.9
842,251.52,246.96,243.32,240.52,239.54,239.08,238.18,238.52,240.36,241.9
843,251.52,246.96,243.32,240.48,239.54,239.08,238.18,238.5,240.36,241.86
844,251.52,246.94,243.32,240.48,239.52,239.08,238.18,238.5,240.36,241.86
845,251.52,246.94,243.3,240.48,239.52,239.06,238.18,238.5,240.36,241.86
846,251.52,246.94,243.3,240.48,239.52,239.06,238.18,238.48,240.36,241.84
847,251.52,246.94,243.3,240.48,239.52,239.06,238.18,238.48,240.34,241.84
848,251.48,246.94,243.3,240.48,239.52,239.04,238.18,238.48,240.34,241.84
849,251.48,246.88,243.3,240.48,239.52,239.04,238.18,238.48,240.32,241.84
850,251.48,246.88,243.3,240.48,239.52,239.04,238.18,238.48,240.32,241.84
851,251.48,246.86,243.3,240.48,239.5,239.04,238.18,238.48,240.32,241.84
852,251.42,246.86,243.3,240.48,239.5,239.04,238.18,238.48,240.3,241.84
853,251.42,246.86,243.3,240.48,239.48,239.04,238.16,238.46,240.28,241.84
854,251.4,246.86,243.3,240.48,239.48,239.04,238.16,238.42,240.28,241.84
855,251.4,246.86,243.3,240.48,239.48,239.04,238.14,238.42,240.24,241.82
856,251.4,246.86,243.3,240.48,239.48,239.04,238.14,238.42,240.22,241.8
857,251.38,246.86,243.28,240.48,239.46,239.04,238.14,238.4,240.18,241.78
858,251.38,246.84,243.28,240.48,239.46,239.04,238.14,238.4,240.18,241.78
859,251.38,246.84,243.28,240.48,239.46,239.04,238.14,238.4,240.18,241.78
860,251.38,246.84,243.26,240.48,239.42,239.04,238.14,238.4,240.18,241.78
861,251.38,246.84,243.26,240.48,239.42,239.0,238.14,238.4,240.18,241.76
862,251.38,246.84,243.26,240.48,239.42,239.0,238.12,238.38,240.16,241.76
863,251.38,246.84,243.26,240.48,239.42,238.94,238.12,238.38,240.16,241.76
864,251.38,246.84,243.26,240.48,239.42,238.94,238.12,238.36,240.16,241.76
865,251.38,246.82,243.26,240.48,239.36,238.94,238.12,238.32,240.16,241.76
866,251.38,246.82,243.26,240.48,239.36,238.94,238.12,238.3,240.16,241.74
867,251.38,246.82,243.22,240.48,239.36,238.94,238.08,238.3,240.16,241.72
868,251.38,246.82,243.22,240.48,239.36,238.94,238.08,238.3,240.16,241.7
869,251.38,246.82,243.22,240.48,239.36,238.92,238.06,238.3,240.16,241.7
870,251.38,246.82,243.22,240.48,239.36,238.92,238.06,238.3,240.14,241.7
871,251.38,246.82,243.22,240.46,239.36,238.92,238.06,238.28,240.12,241.7
872,251.36,246.82,243.22,240.46,239.36,238.92,238.06,238.28,240.1,241.7
873,251.36,246.82,243.22,240.46,239.36,238.92,238.06,238.28,240.1,241.7
874,251.36,246.82,243.22,240.46,239.36,238.92,238.04,238.26,240.1,241.7
875,251.36,246.82,243.22,240.46,239.36,238.92,238.04,238.26,240.1,241.7
876,251.36,246.82,243.22,240.46,239.36,238.92,238.04,238.26,240.1,241.68
877,251.36,246.8,243.22,240.46,239.34,238.92,238.04,238.26,240.1,241.66
878,251.36,246.8,243.22,240.44,239.34,238.92,238.04,238.26,240.1,241.66
879,251.36,246.8,243.22,240.44,239.34,238.92,238.04,238.26,240.1,241.64
880,251.36,246.8,243.22,240.44,239.34,238.92,238.04,238.24,240.1,241.64
881,251.36,246.78,243.22,240.44,239.34,238.92,238.04,238.22,240.1,241.62
882,251.36,246.78,243.22,240.44,239.34,238.92,238.04,238.2,240.1,241.62
883,251.36,246.78,243.22,240.44,239.34,238.92,238.0,238.2,240.1,241.62
884,251.36,246.78,243.22,240.44,239.34,238.92,237.98,238.2,240.1,241.62
885,251.36,246.76,243.22,240.42,239.32,238.92,237.98,238.18,240.08,241.6
886,251.36,246.74,243.22,240.42,239.32,238.92,237.98,238.14,240.08,241.6
887,251.36,246.74,243.22,240.42,239.32,238.92,237.98,238.1,240.08,241.6
888,251.36,246.74,243.22,240.42,239.32,238.9,237.98,238.1,240.06,241.6
889,251.36,246.72,243.22,240.4,239.32,238.9,237.98,238.08,240.06,241.6
890,251.36,246.72,243.22,240.4,239.32,238.88,237.98,238.08,240.06,241.6
891,251.36,246.72,243.22,240.38,239.32,238.88,237.98,238.08,240.06,241.6
892,251.36,246.72,243.18,240.38,239.32,238.84,237.96,238.08,240.06,241.6
893,251.36,246.72,243.18,240.38,239.32,238.82,237.96,238.08,240.04,241.58
894,251.36,246.72,243.18,240.38,239.32,238.82,237.94,238.06,240.04,241.58
895,251.36,246.72,243.18,240.38,239.32,238.82,237.94,238.06,239.98,241.58
896,251.36,246.72,243.16,240.38,239.32,238.78,237.94,238.06,239.98,241.58
897,251.36,246.72,243.16,240.38,239.32,238.78,237.94,238.04,239.96,241.58
898,251.36,246.72,243.16,240.36,239.32,238.78,237.92,238.04,239.96,241.58
899,251.36,246.72,243.16,240.36,239.32,238.76,237.92,238.04,239.96,241.58
900,251.36,246.72,243.16,240.36,239.32,238.74,237.92,238.04,239.96,241.58
901,251.36,246.72,243.16,240.36,239.32,238.74,237.92,238.04,239.96,241.58
902,251.36,246.72,243.16,240.36,239.32,238.74,237.92,238.04,239.96,241.58
903,251.36,246.72,243.16,240.36,239.32,238.74,237.92,238.02,239.96,241.58
904,251.36,246.72,243.16,240.36,239.32,238.74,237.9,238.02,239.96,241.58
905,251.32,246.72,243.16,240.36,239.32,238.74,237.9,238.02,239.96,241.58
906,251.32,246.72,243.16,240.36,239.32,238.74,237.9,238.02,239.96,241.58
907,251.32,246.68,243.16,240.36,239.32,238.74,237.88,238.0,239.96,241.58
908,251.32,246.68,243.14,240.36,239.32,238.74,237.88,238.0,239.94,241.58
909,251.32,246.68,243.12,240.36,239.28,238.74,237.88,237.98,239.94,241.58
910,251.32,246.68,243.12,240.36,239.26,238.74,237.88,237.96,239.92,241.58
911,251.32,246.68,243.12,240.36,239.26,238.72,237.88,237.96,239.92,241.58
912,251.32,246.68,243.1,240.34,239.26,238.7,237.88,237.96,239.9,241.58
913,251.32,246.68,243.1,240.34,239.26,238.7,237.88,237.94,239.9,241.58
914,251.32,246.68,243.1,240.34,239.26,238.7,237.86,237.94,239.88,241.58
915,251.32,246.68,243.1,240.34,239.26,238.7,237.86,237.94,239.88,241.58
916,251.32,246.68,243.08,240.34,239.26,238.7,237.86,237.94,239.88,241.56
917,251.32,246.68,243.08,240.34,239.22,238.7,237.86,237.94,239.86,241.56
918,251.32,246.68,243.08,240.34,239.22,238.7,237.84,237.94,239.86,241.56
919,251.32,246.66,243.08,240.34,239.22,238.7,237.8,237.94,239.86,241.56
920,251.32,246.66,243.06,240.34,239.22,238.7,237.8,237.94,239.86,241.56
921,251.32,246.66,243.06,240.34,239.22,238.7,237.8,237.94,239.82,241.56
922,251.32,246.66,243.04,240.34,239.22,238.7,237.8,237.94,239.82,241.56
923,251.32,246.66,243.04,240.34,239.22,238.7,237.8,237.92,239.82,241.56
924,251.32,246.66,243.04,240.34,239.2,238.7,237.78,237.92,239.8,241.54
925,251.32,246.66,243.04,240.32,239.2,238.7,237.78,237.92,239.78,241.54
926,251.32,246.66,243.04,240.32,239.18,238.68,237.78,237.92,239.78,241.54
927,251.32,246.66,243.04,240.32,239.18,238.66,237.78,237.9,239.78,241.54
928,251.32,246.66,243.04,240.3,239.18,238.66,237.76,237.88,239.78,241.54
929,251.32,246.66,243.04,240.3,239.18,238.64,237.76,237.88,239.78,241.52
930,251.32,246.66,243.04,240.3,239.16,238.62,237.76,237.88,239.78,241.52
931,251.32,246.66,243.04,240.3,239.16,238.62,237.76,237.86,239.78,241.52
932,251.32,246.66,243.04,240.3,239.16,238.58,237.76,237.86,239.78,241.52
933,251.32,246.66,243.04,240.3,239.16,238.58,237.74,237.82,239.78,241.52
934,251.32,246.66,243.04,240.3,239.16,238.54,237.74,237.82,239.76,241.52
935,251.32,246.66,243.02,240.3,239.16,238.54,237.74,237.82,239.76,241.52
936,251.32,246.66,243.02,240.3,239.16,238.52,237.74,237.82,239.76,241.52
937,251.32,246.66,243.02,240.28,239.16,238.52,237.74,237.82,239.74,241.5
938,251.32,246.66,243.02,240.28,239.16,238.52,237.74,237.82,239.74,241.5
939,251.32,246.66,243.02,240.28,239.16,238.52,237.72,237.82,239.74,241.5
940,251.32,246.66,243.02,240.28,239.16,238.52,237.72,237.82,239.72,241.48
941,251.32,246.66,243.02,240.28,239.16,238.52,237.72,237.82,239.72,241.46
942,251.32,246.66,243.02,240.28,239.14,238.52,237.72,237.82,239.72,241.46
943,251.32,246.66,242.96,240.28,239.14,238.52,237.72,237.82,239.72,241.44
944,251.3,246.66,242.96,240.24,239.14,238.52,237.72,237.82,239.72,241.44
945,251.3,246.66,242.96,240.24,239.14,238.52,237.7,237.78,239.72,241.4
946,251.3,246.66,242.96,240.24,239.14,238.5,237.7,237.78,239.72,241.4
947,251.3,246.66,242.96,240.24,239.14,238.5,237.7,237.78,239.68,241.4
948,251.3,246.66,242.96,240.18,239.14,238.48,237.7,237.78,239.66,241.38
949,251.3,246.66,242.92,240.18,239.12,238.48,237.7,237.78,239.66,241.38
950,251.3,246.66,242.9,240.18,239.12,238.46,237.64,237.78,239.66,241.38
951,251.3,246.66,242.9,240.18,239.12,238.44,237.64,237.74,239.66,241.38
952,251.3,246.66,242.9,240.18,239.12,238.42,237.62,237.74,239.66,241.36
953,251.3,246.66,242.9,240.18,239.12,238.42,237.62,237.74,239.66,241.36
954,251.28,246.66,242.9,240.18,239.12,238.42,237.62,237.74,239.66,241.36
955,251.28,246.66,242.9,240.18,239.1,238.4,237.62,237.74,239.6,241.36
956,251.26,246.66,242.9,240.18,239.1,238.4,237.58,237.74,239.6,241.36
957,251.26,246.66,242.9,240.18,239.1,238.4,237.58,237.74,239.6,241.36
958,251.26,246.66,242.9,240.18,239.1,238.4,237.56,237.72,239.58,241.36
959,251.26,246.66,242.88,240.18,239.08,238.38,237.56,237.72,239.58,241.36
960,251.26,246.66,242.84,240.14,239.06,238.38,237.56,237.72,239.58,241.36
961,251.26,246.66,242.8,240.14,239.06,238.38,237.52,237.72,239.58,241.34
962,251.26,246.66,242.76,240.14,239.06,238.36,237.52,237.7,239.58,241.32
963,251.26,246.66,242.76,240.14,239.06,238.36,237.52,237.7,239.58,241.32
964,251.24,246.66,242.76,240.14,239.06,238.36,237.5,237.7,239.58,241.32
965,251.24,246.66,242.74,240.14,239.04,238.36,237.5,237.7,239.56,241.32
966,251.24,246.64,242.74,240.14,239.04,238.36,237.48,237.7,239.54,241.32
967,251.24,246.64,242.74,240.14,239.04,238.36,237.48,237.7,239.54,241.3
968,251.24,246.64,242.72,240.14,239.04,238.32,237.46,237.7,239.54,241.3
969,251.22,246.64,242.72,240.14,239.04,238.32,237.46,237.7,239.54,241.28
970,251.22,246.64,242.72,240.14,239.02,238.32,237.46,237.7,239.54,241.24
971,251.22,246.64,242.72,240.14,239.0,238.32,237.44,237.7,239.54,241.24
972,251.22,246.64,242.7,240.14,239.0,238.32,237.44,237.7,239.44,241.22
973,251.22,246.64,242.7,240.14,239.0,238.32,237.36,237.7,239.44,241.2
974,251.22,246.64,242.7,240.14,238.98,238.32,237.34,237.7,239.44,241.16
975,251.14,246.64,242.7,240.14,238.98,238.32,237.34,237.7,239.4,241.16
976,251.14,246.64,242.7,240.14,238.98,238.32,237.34,237.7,239.4,241.16
977,251.14,246.64,242.7,240.14,238.98,238.32,237.34,237.7,239.38,241.16
978,251.14,246.64,242.7,240.14,238.98,238.26,237.34,237.7,239.38,241.14
979,251.14,246.64,242.7,240.14,238.98,238.26,237.32,237.7,239.38,241.12
980,251.14,246.64,242.7,240.14,238.98,238.26,237.32,237.7,239.38,241.12
981,251.14,246.64,242.7,240.14,238.98,238.26,237.32,237.7,239.38,241.12
982,251.14,246.64,242.68,240.14,238.98,238.26,237.32,237.7,239.36,241.12
983,251.14,246.64,242.66,240.14,238.98,238.2,237.3,237.7,239.36,241.12
984,251.14,246.64,242.66,240.14,238.94,238.2,237.28,237.7,239.36,241.12
985,251.14,246.62,242.58,240.14,238.94,238.2,237.28,237.7,239.36,241.08
986,251.12,246.62,242.58,240.14,238.94,238.2,237.28,237.7,239.36,241.08
987,251.12,246.62,242.58,240.14,238.94,238.14,237.28,237.7,239.36,241.08
988,251.12,246.62,242.56,240.12,238.94,238.14,237.28,237.7,239.36,241.08
989,251.12,246.62,242.54,240.12,238.94,238.14,237.26,237.7,239.36,241.08
990,251.12,246.62,242.54,240.12,238.9,238.14,237.26,237.7,239.36,241.08
991,251.12,246.62,242.54,240.12,238.9,238.14,237.26,237.7,239.36,241.08
992,251.12,246.62,242.54,240.12,238.9,238.14,237.26,237.7,239.36,241.08
993,251.08,246.62,242.54,240.12,238.9,238.14,237.24,237.7,239.34,241.04
994,251.08,246.62,242.54,240.12,238.9,238.14,237.24,237.68,239.32,241.04
995,251.08,246.62,242.52,240.12,238.86,238.14,237.24,237.68,239.3,241.02
996,251.08,246.62,242.52,240.12,238.86,238.14,237.24,237.68,239.3,241.02
997,251.08,246.62,242.52,240.12,238.86,238.12,237.24,237.68,239.3,241.02
998,251.08,246.62,242.5,240.12,238.86,238.12,237.24,237.68,239.3,240.96
999,251.08,246.62,242.5,240.12,238.86,238.12,237.24,237.68,239.28,240.96
1000,251.08,246.62,242.5,240.12,238.84,238.12,237.24,237.68,239.26,240.94
1001,251.08,246.62,242.5,240.12,238.82,238.1,237.24,237.68,239.26,240.94
1002,251.08,246.62,242.5,240.12,238.82,238.1,237.22,237.68,239.24,240.94
1003,251.08,246.62,242.5,240.12,238.82,238.1,237.22,237.68,239.22,240.94
1004,251.08,246.62,242.5,240.12,238.82,238.1,237.22,237.68,239.22,240.92
1005,251.08,246.62,242.5,240.12,238.82,238.08,237.22,237.66,239.2,240.92
1006,251.08,246.62,242.5,240.12,238.82,238.06,237.22,237.66,239.2,240.92
1007,251.08,246.58,242.5,240.12,238.82,238.06,237.22,237.66,239.2,240.92
1008,251.08,246.58,242.5,240.12,238.8,238.06,237.22,237.66,239.2,240.9
1009,251.08,246.58,242.5,240.12,238.8,238.06,237.22,237.66,239.2,240.9
1010,251.08,246.58,242.5,240.12,238.8,238.06,237.22,237.66,239.2,240.88
1011,251.08,246.58,242.48,240.12,238.8,238.06,237.22,237.66,239.2,240.88
1012,251.08,246.58,242.48,240.12,238.8,238.06,237.22,237.66,239.2,240.88
1013,251.08,246.58,242.48,240.12,238.8,238.06,237.2,237.66,239.2,240.88
1014,251.08,246.58,242.48,240.12,238.8,238.06,237.2,237.66,239.2,240.88
1015,251.08,246.56,242.46,240.12,238.78,238.06,237.2,237.64,239.2,240.88
1016,251.08,246.56,242.46,240.12,238.78,238.06,237.18,237.64,239.2,240.86
1017,251.08,246.56,242.46,240.12,238.74,238.06,237.18,237.64,239.2,240.86
1018,251.08,246.56,242.46,240.12,238.68,238.06,237.18,237.64,239.16,240.86
1019,251.08,246.56,242.46,240.12,238.68,238.06,237.18,237.64,239.16,240.86
1020,251.08,246.52,242.46,240.12,238.68,238.04,237.18,237.64,239.16,240.86
1021,251.08,246.52,242.46,240.12,238.68,238.04,237.18,237.64,239.16,240.86
1022,251.08,246.52,242.46,240.12,238.68,238.02,237.18,237.62,239.14,240.84
1023,251.08,246.52,242.46,240.1,238.66,237.98,237.16,237.58,239.14,240.84
1024,251.08,246.52,242.46,240.08,238.66,237.98,237.16,237.58,239.14,240.82
1025,251.08,246.52,242.46,240.08,238.66,237.98,237.16,237.58,239.14,240.82
1026,251.08,246.52,242.46,240.08,238.66,237.98,237.16,237.58,239.14,240.82
1027,251.08,246.52,242.46,240.06,238.66,237.98,237.12,237.58,239.14,240.82
1028,251.08,246.52,242.46,240.04,238.62,237.98,237.12,237.58,239.12,240.82
1029,251.06,246.52,242.46,240.0,238.62,237.98,237.12,237.58,239.12,240.82
1030,251.06,246.52,242.46,239.98,238.6,237.98,237.12,237.58,239.12,240.82
1031,251.06,246.52,242.44,239.98,238.58,237.98,237.12,237.58,239.12,240.8
1032,251.06,246.52,242.44,239.98,238.58,237.98,237.12,237.58,239.1,240.8
1033,251.06,246.52,242.42,239.98,238.58,237.98,237.12,237.58,239.1,240.78
1034,251.06,246.52,242.42,239.98,238.58,237.98,237.12,237.58,239.1,240.76
1035,251.06,246.52,242.42,239.98,238.58,237.96,237.1,237.58,239.08,240.74
1036,251.06,246.52,242.42,239.98,238.58,237.96,237.1,237.56,239.08,240.72
1037,251.04,246.52,242.4,239.98,238.58,237.96,237.1,237.54,239.08,240.7
1038,251.04,246.52,242.4,239.98,238.58,237.96,237.1,237.5,239.06,240.68
1039,251.04,246.52,242.4,239.96,238.58,237.96,237.1,237.5,239.04,240.68
1040,251.04,246.52,242.4,239.96,238.54,237.96,237.1,237.5,239.04,240.68
1041,251.04,246.52,242.4,239.96,238.54,237.96,237.04,237.5,239.04,240.68
1042,251.02,246.52,242.4,239.96,238.52,237.96,237.04,237.48,239.02,240.68
1043,251.02,246.52,242.38,239.96,238.52,237.96,237.0,237.48,239.02,240.68
1044,251.02,246.52,242.36,239.96,238.52,237.96,237.0,237.46,239.02,240.68
1045,251.02,246.52,242.36,239.96,238.52,237.96,237.0,237.46,239.02,240.68
1046,251.02,246.52,242.36,239.96,238.52,237.96,237.0,237.46,239.02,240.68
1047,251.02,246.52,242.36,239.92,238.52,237.96,237.0,237.44,238.98,240.68
1048,251.02,246.52,242.36,239.92,238.52,237.96,237.0,237.42,238.98,240.66
1049,251.02,246.52,242.32,239.92,238.52,237.96,236.96,237.42,238.98,240.66
1050,251.02,246.52,242.3,239.92,238.52,237.96,236.96,237.42,238.98,240.66
1051,251.02,246.52,242.3,239.92,238.52,237.96,236.96,237.4,238.98,240.66
1052,251.02,246.52,242.3,239.9,238.52,237.96,236.92,237.4,238.98,240.66
1053,251.02,246.52,242.3,239.9,238.52,237.96,236.92,237.4,238.98,240.66
1054,251.02,246.52,242.3,239.88,238.52,237.96,236.92,237.4,238.98,240.66
1055,251.02,246.52,242.3,239.88,238.52,237.96,236.92,237.38,238.98,240.62
1056,251.02,246.52,242.28,239.88,238.52,237.94,236.9,237.38,238.96,240.62
1057,251.02,246.52,242.26,239.88,238.5,237.94,236.9,237.38,238.96,240.62
1058,251.02,246.52,242.26,239.88,238.5,237.94,236.88,237.38,238.96,240.62
1059,251.02,246.52,242.26,239.88,238.5,237.94,236.86,237.36,238.96,240.62
1060,251.02,246.52,242.26,239.88,238.5,237.94,236.84,237.36,238.96,240.62
1061,251.02,246.52,242.26,239.88,238.5,237.92,236.82,237.32,238.96,240.62
1062,251.02,246.52,242.22,239.88,238.5,237.92,236.8,237.32,238.96,240.62
1063,251.02,246.52,242.22,239.88,238.5,237.9,236.8,237.28,238.96,240.62
1064,251.02,246.52,242.22,239.88,238.5,237.9,236.8,237.28,238.96,240.62
1065,251.02,246.52,242.22,239.88,238.48,237.9,236.78,237.28,238.96,240.62
1066,251.02,246.52,242.2,239.88,238.48,237.88,236.78,237.28,238.96,240.62
1067,251.02,246.52,242.2,239.88,238.48,237.88,236.76,237.28,238.96,240.62
1068,251.02,246.52,242.2,239.88,238.48,237.88,236.76,237.28,238.96,240.6
1069,251.02,246.5,242.18,239.88,238.48,237.84,236.76,237.28,238.96,240.6
1070,251.02,246.5,242.18,239.88,238.48,237.84,236.76,237.28,238.96,240.6
1071,251.02,246.5,242.18,239.88,238.48,237.82,236.74,237.28,238.96,240.58
1072,251.02,246.48,242.16,239.88,238.48,237.82,236.74,237.26,238.96,240.56
1073,251.02,246.44,242.16,239.88,238.48,237.82,236.74,237.26,238.94,240.54
1074,251.02,246.42,242.16,239.88,238.48,237.82,236.74,237.26,238.92,240.54
1075,251.02,246.42,242.14,239.88,238.48,237.82,236.72,237.26,238.92,240.54
1076,251.02,246.42,242.14,239.88,238.48,237.82,236.72,237.26,238.92,240.54
1077,251.02,246.42,242.14,239.88,238.48,237.82,236.72,237.26,238.92,240.54
1078,251.02,246.42,242.14,239.88,238.48,237.82,236.72,237.26,238.92,240.54
1079,251.02,246.42,242.14,239.88,238.48,237.82,236.7,237.24,238.92,240.54
1080,251.02,246.42,242.14,239.88,238.46,237.82,236.68,237.24,238.92,240.54
1081,251.02,246.42,242.14,239.88,238.46,237.82,236.66,237.24,238.88,240.54
1082,251.02,246.42,242.14,239.88,238.46,237.8,236.64,237.24,238.88,240.54
1083,251.02,246.42,242.14,239.88,238.46,237.8,236.64,237.22,238.88,240.54
1084,251.02,246.42,242.14,239.88,238.46,237.78,236.62,237.22,238.88,240.54
1085,251.02,246.42,242.14,239.88,238.46,237.76,236.62,237.22,238.88,240.54
1086,251.02,246.42,242.14,239.88,238.46,237.76,236.62,237.2,238.86,240.52
1087,251.02,246.42,242.14,239.88,238.44,237.76,236.62,237.2,238.86,240.48
1088,251.02,246.38,242.14,239.86,238.42,237.76,236.62,237.18,238.86,240.46
1089,251.02,246.38,242.14,239.86,238.42,237.76,236.6,237.16,238.86,240.46
1090,251.02,246.38,242.14,239.86,238.42,237.76,236.6,237.16,238.86,240.46
1091,251.02,246.38,242.14,239.86,238.42,237.76,236.6,237.14,238.84,240.46
1092,251.02,246.38,242.14,239.86,238.4,237.76,236.6,237.14,238.78,240.44
1093,251.02,246.38,242.14,239.86,238.4,237.76,236.6,237.12,238.78,240.42
1094,251.02,246.38,242.14,239.86,238.4,237.76,236.6,237.12,238.78,240.42
1095,251.02,246.38,242.14,239.86,238.4,237.76,236.6,237.12,238.78,240.42
1096,251.02,246.38,242.14,239.82,238.4,237.76,236.6,237.12,238.78,240.42
1097,251.02,246.38,242.14,239.8,238.4,237.76,236.58,237.12,238.78,240.42
1098,251.02,246.38,242.14,239.8,238.4,237.76,236.58,237.1,238.78,240.42
1099,250.98,246.38,242.14,239.8,238.4,237.76,236.56,237.1,238.78,240.42
1100,250.98,246.38,242.14,239.8,238.4,237.76,236.54,237.1,238.78,240.42
1101,250.98,246.38,242.14,239.78,238.4,237.76,236.54,237.1,238.76,240.42
1102,250.98,246.38,242.14,239.78,238.38,237.76,236.54,237.08,238.76,240.42
1103,250.98,246.38,242.14,239.78,238.38,237.76,236.52,237.08,238.72,240.42
1104,250.96,246.38,242.14,239.76,238.38,237.76,236.52,237.06,238.72,240.42
1105,250.96,246.38,242.14,239.76,238.38,237.76,236.52,237.06,238.72,240.42
1106,250.96,246.38,242.14,239.76,238.38,237.76,236.52,237.06,238.72,240.4
1107,250.96,246.36,242.14,239.76,238.38,237.76,236.52,237.04,238.72,240.4
1108,250.96,246.36,242.14,239.76,238.38,237.76,236.52,237.02,238.72,240.4
1109,250.96,246.36,242.14,239.76,238.38,237.76,236.52,237.0,238.72,240.38
1110,250.96,246.36,242.14,239.76,238.38,237.76,236.52,237.0,238.7,240.38
1111,250.96,246.36,242.14,239.72,238.38,237.76,236.52,237.0,238.7,240.38
1112,250.96,246.36,242.14,239.72,238.38,237.76,236.52,237.0,238.7,240.38
1113,250.96,246.36,242.14,239.72,238.38,237.76,236.52,236.96,238.68,240.38
1114,250.96,246.36,242.14,239.72,238.38,237.72,236.52,236.92,238.68,240.38
1115,250.96,246.36,242.14,239.72,238.38,237.72,236.52,236.9,238.68,240.36
1116,250.96,246.36,242.14,239.72,238.38,237.72,236.52,236.9,238.68,240.36
1117,250.96,246.36,242.1,239.7,238.38,237.72,236.52,236.9,238.64,240.36
1118,250.96,246.36,242.08,239.7,238.38,237.72,236.52,236.9,238.64,240.34
1119,250.96,246.36,242.08,239.7,238.38,237.72,236.52,236.9,238.64,240.3
1120,250.96,246.36,242.08,239.7,238.38,237.72,236.52,236.9,238.64,240.28
1121,250.96,246.34,242.08,239.7,238.38,237.72,236.52,236.9,238.64,240.28
1122,250.96,246.34,242.08,239.7,238.38,237.72,236.52,236.9,238.64,240.26
1123,250.96,246.34,242.08,239.7,238.38,237.72,236.52,236.9,238.64,240.26
1124,250.94,246.34,242.08,239.7,238.38,237.7,236.52,236.9,238.64,240.26
1125,250.94,246.34,242.08,239.7,238.38,237.7,236.52,236.9,238.64,240.26
1126,250.94,246.34,242.06,239.7,238.38,237.68,236.52,236.9,238.64,240.26
1127,250.94,246.32,242.04,239.7,238.38,237.68,236.52,236.9,238.64,240.26
1128,250.94,246.32,242.04,239.7,238.38,237.68,236.52,236.88,238.64,240.26
1129,250.94,246.32,242.04,239.7,238.38,237.68,236.5,236.84,238.62,240.26
1130,250.94,246.32,242.04,239.7,238.38,237.68,236.5,236.84,238.62,240.24
1131,250.94,246.32,242.02,239.66,238.38,237.68,236.5,236.84,238.62,240.24
1132,250.94,246.32,242.02,239.66,238.38,237.68,236.5,236.84,238.6,240.24
1133,250.94,246.32,242.02,239.66,238.38,237.64,236.48,236.84,238.6,240.24
1134,250.94,246.32,242.02,239.66,238.38,237.64,236.46,236.84,238.6,240.24
1135,250.94,246.32,242.0,239.66,238.38,237.64,236.46,236.84,238.6,240.24
1136,250.94,246.3,242.0,239.66,238.38,237.64,236.44,236.84,238.58,240.24
1137,250.94,246.3,242.0,239.66,238.38,237.64,236.44,236.8,238.58,240.2
1138,250.94,246.3,242.0,239.66,238.38,237.62,236.42,236.8,238.58,240.2
1139,250.94,246.3,242.0,239.66,238.38,237.62,236.42,236.8,238.58,240.2
1140,250.94,246.3,242.0,239.64,238.38,237.62,236.42,236.8,238.56,240.2
1141,250.94,246.3,242.0,239.64,238.38,237.62,236.42,236.8,238.54,240.2
1142,250.94,246.3,242.0,239.64,238.38,237.62,236.42,236.8,238.54,240.18
1143,250.94,246.3,242.0,239.64,238.38,237.6,236.42,236.8,238.54,240.18
1144,250.94,246.3,242.0,239.64,238.38,237.6,236.4,236.78,238.54,240.18
1145,250.94,246.3,242.0,239.64,238.38,237.6,236.38,236.78,238.54,240.16
1146,250.94,246.3,242.0,239.64,238.38,237.6,236.38,236.78,238.54,240.16
1147,250.94,246.3,242.0,239.64,238.38,237.6,236.38,236.78,238.54,240.16
1148,250.94,246.3,242.0,239.64,238.38,237.6,236.38,236.78,238.54,240.16
1149,250.94,246.3,241.98,239.64,238.38,237.6,236.38,236.78,238.54,240.12
1150,250.94,246.3,241.98,239.64,238.38,237.6,236.38,236.78,238.54,240.12
1151,250.94,246.3,241.98,239.64,238.38,237.6,236.38,236.78,238.52,240.1
1152,250.94,246.28,241.98,239.64,238.36,237.6,236.38,236.78,238.52,240.1
1153,250.94,246.28,241.98,239.62,238.36,237.6,236.38,236.78,238.5,240.1
1154,250.94,246.28,241.98,239.62,238.36,237.6,236.38,236.78,238.5,240.1
1155,250.94,246.28,241.98,239.62,238.32,237.6,236.36,236.78,238.5,240.08
1156,250.94,246.28,241.98,239.62,238.32,237.6,236.36,236.74,238.5,240.08
1157,250.94,246.28,241.98,239.62,238.32,237.6,236.36,236.74,238.5,240.08
1158,250.94,246.28,241.98,239.62,238.32,237.6,236.34,236.72,238.5,240.08
1159,250.9,246.26,241.98,239.62,238.32,237.6,236.32,236.72,238.48,240.06
1160,250.9,246.26,241.98,239.62,238.32,237.6,236.28,236.72,238.46,240.06
1161,250.9,246.24,241.98,239.62,238.32,237.6,236.26,236.72,238.44,240.04
1162,250.9,246.24,241.98,239.62,238.32,237.6,236.24,236.72,238.44,240.02
1163,250.9,246.24,241.98,239.62,238.32,237.6,236.24,236.72,238.44,240.02
1164,250.9,246.24,241.98,239.62,238.32,237.6,236.24,236.7,238.44,240.02
1165,250.9,246.24,241.94,239.62,238.32,237.58,236.24,236.68,238.44,240.0
1166,250.9,246.24,241.94,239.62,238.28,237.58,236.24,236.68,238.42,240.0
1167,250.86,246.24,241.94,239.62,238.28,237.58,236.24,236.66,238.4,240.0
1168,250.84,246.24,241.94,239.62,238.28,237.56,236.24,236.66,238.36,240.0
1169,250.84,246.24,241.94,239.62,238.28,237.54,236.24,236.66,238.36,240.0
1170,250.84,246.24,241.94,239.62,238.28,237.54,236.24,236.66,238.36,240.0
1171,250.84,246.24,241.94,239.62,238.28,237.54,236.24,236.64,238.36,239.98
1172,250.84,246.24,241.94,239.62,238.28,237.54,236.24,236.64,238.36,239.98
1173,250.84,246.24,241.94,239.62,238.28,237.54,236.24,236.64,238.36,239.98
1174,250.84,246.24,241.94,239.6,238.28,237.54,236.24,236.64,238.34,239.98
1175,250.84,246.24,241.9,239.6,238.28,237.54,236.24,236.64,238.34,239.98
1176,250.84,246.24,241.88,239.6,238.28,237.52,236.24,236.64,238.34,239.98
1177,250.82,246.24,241.88,239.6,238.28,237.52,236.24,236.64,238.32,239.98
1178,250.78,246.24,241.86,239.58,238.28,237.52,236.24,236.62,238.32,239.96
1179,250.78,246.24,241.86,239.58,238.28,237.52,236.24,236.62,238.32,239.96
1180,250.78,246.24,241.86,239.58,238.28,237.52,236.24,236.62,238.32,239.96
1181,250.78,246.24,241.86,239.58,238.28,237.52,236.24,236.62,238.32,239.96
1182,250.78,246.24,241.86,239.58,238.26,237.52,236.24,236.62,238.32,239.92
1183,250.78,246.24,241.86,239.58,238.26,237.52,236.24,236.62,238.32,239.92
1184,250.78,246.24,241.86,239.58,238.26,237.52,236.24,236.6,238.32,239.92
1185,250.78,246.24,241.86,239.58,238.26,237.52,236.24,236.6,238.28,239.9
1186,250.78,246.24,241.86,239.58,238.26,237.52,236.2,236.6,238.28,239.9
1187,250.74,246.24,241.86,239.58,238.26,237.52,236.2,236.58,238.26,239.9
1188,250.74,246.24,241.86,239.58,238.26,237.52,236.2,236.58,238.24,239.9
1189,250.68,246.24,241.86,239.58,238.26,237.52,236.16,236.58,238.24,239.9
1190,250.68,246.24,241.86,239.58,238.26,237.52,236.16,236.58,238.24,239.88
1191,250.68,246.24,241.84,239.58,238.26,237.52,236.12,236.58,238.24,239.88
1192,250.68,246.24,241.82,239.58,238.26,237.52,236.12,236.58,238.24,239.86
1193,250.66,246.24,241.82,239.58,238.26,237.52,236.12,236.58,238.24,239.86
1194,250.66,246.24,241.82,239.58,238.26,237.52,236.12,236.58,238.24,239.86
1195,250.66,246.24,241.82,239.58,238.26,237.48,236.12,236.58,238.24,239.86
1196,250.66,246.22,241.82,239.58,238.26,237.48,236.12,236.58,238.22,239.86
1197,250.66,246.22,241.82,239.58,238.26,237.48,236.12,236.58,238.22,239.86
1198,250.66,246.22,241.82,239.58,238.26,237.48,236.12,236.58,238.22,239.86
1199,250.66,246.22,241.82,239.58,238.24,237.48,236.12,236.58,238.22,239.84
1200,250.66,246.22,241.82,239.58,238.24,237.46,236.08,236.58,238.22,239.84
1201,250.66,246.22,241.82,239.58,238.24,237.46,236.08,236.58,238.22,239.84
1202,250.66,246.22,241.82,239.58,238.22,237.44,236.08,236.58,238.22,239.84
1203,250.66,246.22,241.82,239.58,238.22,237.44,236.08,236.58,238.22,239.84
1204,250.66,246.22,241.82,239.58,238.22,237.44,236.04,236.58,238.22,239.84
1205,250.66,246.22,241.82,239.56,238.22,237.38,236.04,236.58,238.22,239.84
1206,250.66,246.22,241.82,239.56,238.22,237.38,236.04,236.58,238.2,239.84
1207,250.66,246.22,241.82,239.56,238.22,237.38,236.04,236.58,238.2,239.84
1208,250.66,246.22,241.82,239.56,238.22,237.38,236.02,236.58,238.2,239.82
1209,250.66,246.22,241.82,239.54,238.22,237.36,236.0,236.58,238.18,239.82
1210,250.66,246.22,241.82,239.54,238.22,237.36,236.0,236.58,238.14,239.82
1211,250.64,246.22,241.82,239.54,238.22,237.36,236.0,236.58,238.12,239.82
1212,250.64,246.22,241.82,239.54,238.22,237.36,235.98,236.58,238.12,239.82
1213,250.64,246.22,241.82,239.54,238.22,237.36,235.98,236.58,238.12,239.82
1214,250.64,246.22,241.82,239.54,238.22,237.36,235.98,236.58,238.1,239.82
1215,250.64,246.22,241.82,239.54,238.22,237.36,235.98,236.58,238.1,239.82
1216,250.64,246.22,241.82,239.54,238.22,237.36,235.98,236.58,238.1,239.82
1217,250.64,246.22,241.82,239.54,238.22,237.36,235.98,236.58,238.1,239.82
1218,250.64,246.22,241.78,239.54,238.22,237.36,235.98,236.58,238.1,239.82
1219,250.64,246.22,241.78,239.54,238.22,237.36,235.94,236.58,238.1,239.82
1220,250.64,246.22,241.78,239.54,238.2,237.36,235.94,236.58,238.1,239.82
1221,250.64,246.22,241.78,239.54,238.2,237.36,235.94,236.58,238.1,239.82
1222,250.64,246.22,241.78,239.54,238.2,237.36,235.94,236.58,238.1,239.82
1223,250.64,246.22,241.78,239.54,238.2,237.36,235.92,236.58,238.08,239.82
1224,250.64,246.22,241.78,239.54,238.2,237.36,235.9,236.58,238.06,239.82
1225,250.64,246.22,241.78,239.54,238.2,237.36,235.9,236.58,238.06,239.82
1226,250.64,246.22,241.76,239.54,238.2,237.36,235.9,236.58,238.04,239.82
1227,250.64,246.2,241.76,239.54,238.2,237.36,235.9,236.56,238.04,239.82
1228,250.62,246.2,241.76,239.54,238.18,237.36,235.9,236.56,238.0,239.82
1229,250.62,246.2,241.76,239.54,238.18,237.36,235.88,236.56,238.0,239.8
1230,250.62,246.2,241.76,239.54,238.18,237.36,235.88,236.56,237.98,239.8
1231,250.62,246.2,241.76,239.54,238.18,237.36,235.88,236.54,237.98,239.8
1232,250.62,246.2,241.76,239.54,238.18,237.3,235.88,236.52,237.96,239.8
1233,250.62,246.18,241.76,239.54,238.18,237.28,235.88,236.52,237.96,239.8
1234,250.62,246.18,241.72,239.54,238.16,237.28,235.88,236.52,237.96,239.8
1235,250.62,246.18,241.72,239.54,238.16,237.28,235.88,236.5,237.96,239.8
1236,250.62,246.18,241.72,239.54,238.16,237.28,235.86,236.5,237.94,239.78
1237,250.62,246.18,241.72,239.54,238.16,237.26,235.86,236.5,237.94,239.76
1238,250.62,246.18,241.72,239.54,238.16,237.26,235.86,236.5,237.94,239.76
1239,250.62,246.18,241.72,239.54,238.16,237.24,235.84,236.5,237.9,239.76
1240,250.62,246.18,241.72,239.54,238.16,237.24,235.84,236.5,237.9,239.74
1241,250.62,246.18,241.72,239.54,238.16,237.24,235.82,236.5,237.9,239.74
1242,250.62,246.14,241.72,239.54,238.16,237.24,235.8,236.5,237.9,239.74
1243,250.62,246.14,241.7,239.54,238.16,237.22,235.78,236.48,237.84,239.74
1244,250.62,246.14,241.7,239.54,238.16,237.22,235.78,236.48,237.84,239.74
1245,250.62,246.14,241.68,239.54,238.16,237.22,235.78,236.46,237.84,239.72
1246,250.62,246.14,241.68,239.52,238.16,237.22,235.78,236.46,237.84,239.72
1247,250.62,246.14,241.68,239.52,238.16,237.22,235.78,236.46,237.84,239.7
1248,250.62,246.14,241.68,239.52,238.14,237.22,235.76,236.46,237.84,239.7
1249,250.62,246.14,241.68,239.52,238.14,237.22,235.76,236.46,237.82,239.7
1250,250.62,246.14,241.66,239.52,238.14,237.2,235.76,236.46,237.82,239.7
1251,250.62,246.14,241.6,239.52,238.14,237.16,235.76,236.46,237.82,239.68
1252,250.62,246.14,241.6,239.52,238.14,237.16,235.76,236.46,237.82,239.68
1253,250.62,246.14,241.6,239.52,238.14,237.16,235.76,236.46,237.82,239.64
1254,250.6,246.14,241.6,239.52,238.12,237.16,235.74,236.46,237.82,239.64
1255,250.6,246.14,241.6,239.52,238.12,237.16,235.74,236.46,237.82,239.64
1256,250.6,246.14,241.6,239.52,238.12,237.14,235.72,236.46,237.82,239.6
1257,250.6,246.14,241.6,239.52,238.12,237.14,235.72,236.46,237.82,239.6
1258,250.6,246.14,241.6,239.52,238.12,237.12,235.72,236.46,237.82,239.6
1259,250.6,246.12,241.6,239.52,238.12,237.12,235.72,236.44,237.82,239.58
1260,250.6,246.12,241.58,239.52,238.12,237.1,235.72,236.44,237.8,239.58
1261,250.6,246.12,241.58,239.52,238.12,237.1,235.72,236.44,237.8,239.58
1262,250.6,246.12,241.58,239.5,238.12,237.1,235.7,236.44,237.8,239.58
1263,250.6,246.12,241.58,239.5,238.12,237.08,235.7,236.44,237.8,239.58
1264,250.6,246.12,241.58,239.5,238.1,237.08,235.7,236.44,237.8,239.58
1265,250.6,246.12,241.58,239.48,238.1,237.08,235.68,236.44,237.8,239.58
1266,250.6,246.12,241.58,239.48,238.1,237.08,235.68,236.42,237.8,239.54
1267,250.6,246.12,241.58,239.48,238.1,237.08,235.68,236.42,237.8,239.52
1268,250.6,246.12,241.58,239.48,238.1,237.08,235.68,236.4,237.78,239.5
1269,250.6,246.12,241.58,239.48,238.08,237.08,235.68,236.38,237.78,239.5
1270,250.6,246.12,241.58,239.46,238.08,237.08,235.68,236.38,237.78,239.5
1271,250.6,246.12,241.58,239.46,238.08,237.08,235.68,236.38,237.78,239.5
1272,250.6,246.12,241.58,239.46,238.06,237.08,235.68,236.38,237.78,239.5
1273,250.6,246.12,241.58,239.46,238.06,237.08,235.68,236.38,237.78,239.48
1274,250.6,246.12,241.58,239.46,238.06,237.08,235.68,236.38,237.78,239.48
1275,250.58,246.12,241.56,239.46,238.04,237.08,235.68,236.38,237.78,239.48
1276,250.58,246.12,241.56,239.46,238.04,237.06,235.68,236.38,237.76,239.48
1277,250.58,246.12,241.56,239.46,238.04,237.06,235.68,236.38,237.74,239.48
1278,250.58,246.12,241.56,239.44,238.02,237.06,235.68,236.36,237.72,239.48
1279,250.58,246.12,241.56,239.44,238.02,237.06,235.68,236.34,237.72,239.48
1280,250.58,246.12,241.56,239.44,238.02,237.06,235.68,236.34,237.72,239.48
1281,250.58,246.12,241.56,239.44,238.02,237.04,235.68,236.34,237.72,239.48
1282,250.58,246.12,241.56,239.44,238.0,237.04,235.68,236.34,237.7,239.48
1283,250.58,246.12,241.56,239.44,238.0,237.04,235.68,236.32,237.7,239.48
1284,250.58,246.12,241.56,239.44,237.96,237.04,235.68,236.32,237.7,239.48
1285,250.58,246.12,241.56,239.44,237.96,237.04,235.68,236.32,237.7,239.46
1286,250.58,246.12,241.56,239.44,237.96,237.04,235.68,236.32,237.66,239.46
1287,250.58,246.12,241.56,239.44,237.96,237.04,235.68,236.3,237.66,239.46
1288,250.56,246.12,241.56,239.44,237.96,237.04,235.68,236.3,237.66,239.46
1289,250.56,246.12,241.56,239.44,237.96,237.04,235.66,236.3,237.66,239.46
1290,250.56,246.12,241.56,239.44,237.96,237.04,235.64,236.3,237.64,239.46
1291,250.56,246.12,241.56,239.44,237.94,237.04,235.64,236.3,237.64,239.46
1292,250.56,246.12,241.56,239.44,237.94,237.04,235.64,236.3,237.64,239.46
1293,250.54,246.12,241.56,239.44,237.94,237.04,235.64,236.3,237.64,239.46
1294,250.54,246.12,241.56,239.44,237.94,237.04,235.64,236.28,237.64,239.46
1295,250.54,246.12,241.56,239.44,237.92,237.04,235.62,236.28,237.58,239.46
1296,250.54,246.12,241.56,239.42,237.92,237.04,235.62,236.28,237.58,239.46
1297,250.54,246.12,241.56,239.42,237.9,237.0,235.62,236.28,237.58,239.46
1298,250.54,246.1,241.56,239.42,237.9,236.96,235.62,236.28,237.58,239.46
1299,250.54,246.08,241.54,239.42,237.88,236.96,235.6,236.28,237.54,239.46
1300,250.54,246.08,241.54,239.4,237.88,236.96,235.6,236.28,237.54,239.46
1301,250.54,246.08,241.54,239.4,237.88,236.96,235.6,236.26,237.54,239.46
1302,250.54,246.08,241.54,239.4,237.88,236.96,235.6,236.24,237.54,239.46
1303,250.54,246.08,241.54,239.4,237.88,236.96,235.6,236.24,237.54,239.46
1304,250.54,246.08,241.52,239.4,237.88,236.96,235.6,236.24,237.52,239.44
1305,250.54,246.08,241.52,239.4,237.88,236.96,235.58,236.22,237.5,239.42
1306,250.54,246.08,241.52,239.4,237.88,236.96,235.58,236.22,237.5,239.42
1307,250.54,246.08,241.52,239.4,237.88,236.94,235.58,236.22,237.48,239.42
1308,250.54,246.08,241.52,239.38,237.88,236.94,235.58,236.22,237.44,239.42
1309,250.54,246.08,241.52,239.38,237.88,236.94,235.58,236.22,237.44,239.42
1310,250.54,246.08,241.52,239.38,237.88,236.94,235.58,236.22,237.4,239.42
1311,250.54,246.08,241.48,239.38,237.88,236.94,235.58,236.22,237.4,239.42
1312,250.54,246.08,241.48,239.38,237.88,236.94,235.58,236.22,237.4,239.42
1313,250.54,246.08,241.48,239.38,237.88,236.94,235.56,236.22,237.38,239.42
1314,250.54,246.06,241.48,239.36,237.88,236.94,235.56,236.22,237.38,239.42
1315,250.54,246.06,241.48,239.36,237.88,236.94,235.56,236.22,237.36,239.42
1316,250.54,246.06,241.48,239.36,237.88,236.94,235.56,236.2,237.36,239.42
1317,250.54,246.06,241.48,239.36,237.88,236.94,235.56,236.2,237.36,239.42
1318,250.54,246.06,241.48,239.36,237.88,236.94,235.56,236.2,237.36,239.42
1319,250.54,246.06,241.48,239.34,237.88,236.94,235.52,236.2,237.36,239.38
1320,250.54,246.06,241.48,239.34,237.88,236.94,235.52,236.2,237.36,239.36
1321,250.54,246.06,241.48,239.34,237.88,236.92,235.52,236.2,237.36,239.34
1322,250.54,246.02,241.48,239.34,237.88,236.92,235.52,236.2,237.36,239.34
1323,250.54,246.02,241.48,239.34,237.86,236.92,235.52,236.2,237.36,239.34
1324,250.54,246.02,241.48,239.32,237.86,236.92,235.52,236.2,237.34,239.34
1325,250.54,246.02,241.48,239.32,237.86,236.92,235.52,236.2,237.32,239.32
1326,250.54,246.02,241.48,239.32,237.86,236.92,235.52,236.2,237.3,239.32
1327,250.54,246.02,241.48,239.32,237.86,236.92,235.52,236.2,237.3,239.32
1328,250.54,246.02,241.48,239.32,237.84,236.92,235.52,236.2,237.3,239.32
1329,250.54,246.02,241.48,239.32,237.84,236.92,235.52,236.2,237.3,239.32
1330,250.54,246.02,241.48,239.32,237.84,236.92,235.52,236.2,237.26,239.32
1331,250.54,246.02,241.48,239.3,237.84,236.9,235.52,236.2,237.26,239.32
1332,250.54,246.02,241.46,239.3,237.84,236.9,235.52,236.2,237.26,239.32
1333,250.54,246.02,241.46,239.28,237.84,236.9,235.52,236.18,237.26,239.3
1334,250.54,246.02,241.46,239.28,237.84,236.9,235.52,236.16,237.26,239.3
1335,250.54,246.02,241.46,239.28,237.84,236.9,235.52,236.16,237.26,239.3
1336,250.54,246.02,241.46,239.28,237.84,236.9,235.52,236.16,237.26,239.3
1337,250.54,246.02,241.46,239.28,237.8,236.9,235.52,236.16,237.26,239.3
1338,250.54,246.02,241.46,239.28,237.8,236.9,235.5,236.16,237.24,239.3
1339,250.54,246.02,241.46,239.28,237.78,236.9,235.48,236.16,237.24,239.3
1340,250.54,246.02,241.46,239.28,237.78,236.9,235.48,236.16,237.24,239.3
1341,250.54,246.02,241.44,239.28,237.76,236.9,235.48,236.16,237.24,239.3
1342,250.54,246.02,241.44,239.26,237.74,236.9,235.48,236.16,237.24,239.3
1343,250.54,246.02,241.44,239.26,237.72,236.9,235.46,236.16,237.24,239.26
1344,250.54,246.02,241.44,239.26,237.72,236.88,235.46,236.16,237.2,239.26
1345,250.54,246.02,241.44,239.26,237.72,236.88,235.46,236.14,237.2,239.26
1346,250.54,246.02,241.44,239.26,237.72,236.88,235.46,236.14,237.2,239.24
1347,250.54,246.02,241.44,239.26,237.72,236.88,235.46,236.14,237.2,239.24
1348,250.54,246.02,241.44,239.26,237.7,236.88,235.46,236.14,237.2,239.24
1349,250.54,246.02,241.42,239.26,237.68,236.88,235.46,236.14,237.2,239.24
1350,250.54,246.02,241.42,239.26,237.66,236.88,235.46,236.14,237.2,239.24
1351,250.54,246.02,241.42,239.26,237.66,236.88,235.46,236.14,237.2,239.24
1352,250.54,246.02,241.42,239.26,237.66,236.88,235.46,236.14,237.2,239.24
1353,250.54,246.02,241.42,239.26,237.66,236.88,235.4,236.14,237.2,239.24
1354,250.54,246.02,241.42,239.26,237.66,236.88,235.4,236.14,237.2,239.24
1355,250.54,246.02,241.42,239.26,237.64,236.88,235.4,236.14,237.2,239.24
1356,250.54,246.02,241.42,239.26,237.64,236.88,235.4,236.14,237.2,239.24
1357,250.54,246.02,241.42,239.26,237.64,236.88,235.38,236.14,237.2,239.24
1358,250.54,246.02,241.42,239.26,237.64,236.88,235.38,236.14,237.18,239.24
1359,250.54,246.02,241.42,239.26,237.64,236.88,235.38,236.14,237.18,239.24
1360,250.54,246.02,241.42,239.26,237.62,236.88,235.38,236.14,237.16,239.24
1361,250.54,246.02,241.42,239.26,237.62,236.82,235.38,236.14,237.14,239.24
1362,250.54,246.02,241.4,239.26,237.62,236.82,235.36,236.14,237.14,239.24
1363,250.54,246.02,241.4,239.26,237.62,236.8,235.36,236.14,237.14,239.24
1364,250.54,246.02,241.4,239.26,237.62,236.8,235.36,236.14,237.1,239.24
1365,250.54,246.02,241.4,239.24,237.62,236.8,235.34,236.14,237.1,239.24
1366,250.54,246.02,241.38,239.24,237.62,236.8,235.34,236.12,237.08,239.24
1367,250.54,246.02,241.38,239.24,237.62,236.8,235.34,236.12,237.08,239.24
1368,250.54,246.02,241.38,239.24,237.6,236.8,235.34,236.12,237.08,239.24
1369,250.54,246.02,241.38,239.24,237.6,236.8,235.34,236.12,237.08,239.22
1370,250.54,246.02,241.38,239.24,237.6,236.8,235.34,236.12,237.08,239.22
1371,250.54,246.02,241.38,239.22,237.6,236.8,235.34,236.12,237.08,239.18
1372,250.54,246.02,241.38,239.22,237.6,236.8,235.34,236.12,237.08,239.18
1373,250.54,246.02,241.38,239.22,237.6,236.8,235.34,236.12,237.08,239.18
1374,250.54,246.02,241.38,239.22,237.6,236.8,235.34,236.12,237.06,239.18
1375,250.54,246.02,241.38,239.22,237.58,236.8,235.34,236.12,237.06,239.18
1376,250.54,246.02,241.38,239.22,237.58,236.8,235.34,236.12,237.06,239.18
1377,250.54,246.02,241.38,239.22,237.56,236.8,235.34,236.12,237.06,239.18
1378,250.54,246.02,241.38,239.22,237.56,236.8,235.34,236.12,237.06,239.18
1379,250.54,246.02,241.38,239.22,237.56,236.78,235.34,236.12,237.06,239.16
1380,250.54,246.02,241.38,239.22,237.54,236.74,235.34,236.1,237.06,239.16
1381,250.54,246.02,241.38,239.22,237.54,236.74,235.34,236.08,237.06,239.16
1382,250.54,246.02,241.38,239.22,237.54,236.74,235.34,236.08,237.06,239.16
1383,250.54,246.02,241.38,239.22,237.54,236.74,235.34,236.08,237.06,239.12
1384,250.52,246.02,241.38,239.22,237.54,236.72,235.34,236.08,237.04,239.12
1385,250.52,246.02,241.38,239.22,237.54,236.72,235.34,236.08,237.02,239.12
1386,250.52,246.0,241.38,239.22,237.54,236.72,235.34,236.08,237.0,239.12
1387,250.52,246.0,241.38,239.22,237.54,236.72,235.34,236.08,236.96,239.12
1388,250.52,246.0,241.38,239.22,237.54,236.72,235.34,236.08,236.96,239.12
1389,250.52,246.0,241.38,239.22,237.54,236.72,235.34,236.08,236.96,239.12
1390,250.52,246.0,241.38,239.22,237.54,236.72,235.34,236.08,236.96,239.12
1391,250.52,246.0,241.38,239.22,237.54,236.72,235.34,236.08,236.96,239.12
1392,250.52,246.0,241.38,239.22,237.54,236.72,235.34,236.08,236.96,239.12
1393,250.52,246.0,241.38,239.22,237.54,236.7,235.34,236.08,236.94,239.12
1394,250.5,246.0,241.38,239.22,237.54,236.7,235.34,236.08,236.94,239.12
1395,250.48,246.0,241.38,239.22,237.54,236.7,235.34,236.08,236.94,239.12
1396,250.48,246.0,241.38,239.22,237.54,236.7,235.34,236.08,236.94,239.12
1397,250.48,245.98,241.38,239.22,237.54,236.7,235.32,236.06,236.94,239.12
1398,250.48,245.98,241.38,239.22,237.54,236.7,235.32,236.06,236.94,239.12
1399,250.48,245.98,241.38,239.22,237.54,236.7,235.32,236.06,236.94,239.12
1400,250.48,245.98,241.38,239.2,237.54,236.7,235.32,236.06,236.94,239.12
1401,250.48,245.98,241.38,239.2,237.54,236.7,235.32,236.06,236.94,239.12
1402,250.48,245.98,241.38,239.2,237.54,236.7,235.32,236.06,236.94,239.12
1403,250.48,245.98,241.38,239.2,237.54,236.7,235.3,236.04,236.94,239.12
1404,250.48,245.98,241.38,239.2,237.54,236.7,235.3,236.04,236.92,239.12
1405,250.48,245.98,241.32,239.2,237.54,236.68,235.3,236.04,236.92,239.1
1406,250.48,245.98,241.32,239.2,237.54,236.68,235.3,236.02,236.92,239.1
1407,250.48,245.98,241.32,239.16,237.54,236.68,235.3,236.0,236.92,239.1
1408,250.48,245.98,241.32,239.16,237.54,236.68,235.3,236.0,236.92,239.08
1409,250.48,245.98,241.32,239.16,237.54,236.68,235.3,236.0,236.92,239.08
1410,250.48,245.98,241.32,239.16,237.5,236.68,235.3,236.0,236.92,239.08
1411,250.48,245.98,241.32,239.16,237.5,236.68,235.3,236.0,236.92,239.06
1412,250.48,245.98,241.32,239.16,237.5,236.68,235.3,236.0,236.92,239.04
1413,250.48,245.98,241.3,239.16,237.5,236.68,235.3,236.0,236.92,239.04
1414,250.48,245.98,241.28,239.16,237.5,236.68,235.3,236.0,236.92,239.04
1415,250.48,245.98,241.28,239.16,237.5,236.68,235.28,235.98,236.92,239.04
1416,250.48,245.98,241.26,239.16,237.5,236.66,235.28,235.98,236.92,239.04
1417,250.48,245.98,241.26,239.16,237.5,236.66,235.28,235.98,236.9,239.04
1418,250.48,245.98,241.26,239.16,237.5,236.66,235.28,235.96,236.9,239.04
1419,250.48,245.98,241.26,239.16,237.5,236.66,235.28,235.96,236.9,239.04
1420,250.48,245.98,241.22,239.16,237.5,236.66,235.28,235.96,236.9,239.04
1421,250.48,245.98,241.22,239.14,237.5,236.66,235.28,235.96,236.88,239.04
1422,250.48,245.96,241.22,239.12,237.5,236.66,235.26,235.96,236.88,239.04
1423,250.48,245.96,241.22,239.12,237.5,236.64,235.26,235.96,236.88,239.04
1424,250.48,245.96,241.22,239.1,237.5,236.64,235.26,235.96,236.88,239.04
1425,250.48,245.96,241.22,239.1,237.5,236.64,235.26,235.96,236.86,239.04
1426,250.48,245.96,241.22,239.1,237.5,236.64,235.26,235.96,236.86,239.04
1427,250.48,245.96,241.22,239.1,237.5,236.58,235.26,235.94,236.86,239.04
1428,250.48,245.96,241.22,239.1,237.48,236.58,235.26,235.9,236.86,239.04
1429,250.48,245.96,241.22,239.1,237.46,236.58,235.26,235.9,236.86,239.02
1430,250.48,245.96,241.22,239.1,237.46,236.54,235.26,235.9,236.86,239.02
1431,250.48,245.96,241.22,239.1,237.44,236.54,235.26,235.9,236.86,239.02
1432,250.48,245.96,241.22,239.1,237.42,236.54,235.26,235.9,236.86,239.02
1433,250.48,245.96,241.22,239.1,237.42,236.54,235.26,235.9,236.84,238.98
1434,250.48,245.96,241.22,239.1,237.4,236.54,235.24,235.9,236.84,238.98
1435,250.48,245.96,241.22,239.1,237.38,236.54,235.24,235.9,236.84,238.96
1436,250.48,245.96,241.22,239.1,237.32,236.54,235.24,235.9,236.84,238.94
1437,250.48,245.96,241.22,239.1,237.32,236.52,235.24,235.88,236.82,238.92
1438,250.48,245.96,241.22,239.1,237.32,236.52,235.24,235.86,236.82,238.92
1439,250.48,245.96,241.22,239.1,237.32,236.52,235.24,235.86,236.82,238.92
1440,250.48,245.96,241.22,239.1,237.32,236.52,235.24,235.86,236.82,238.92
1441,250.48,245.96,241.22,239.1,237.32,236.5,235.24,235.84,236.82,238.9
1442,250.48,245.96,241.22,239.08,237.32,236.5,235.24,235.84,236.82,238.88
1443,250.46,245.96,241.22,239.08,237.32,236.5,235.22,235.84,236.82,238.88
1444,250.46,245.96,241.22,239.08,237.3,236.48,235.22,235.84,236.82,238.86
1445,250.46,245.96,241.22,239.08,237.3,236.48,235.22,235.84,236.82,238.86
1446,250.46,245.94,241.22,239.08,237.3,236.42,235.22,235.84,236.78,238.86
1447,250.44,245.94,241.22,239.08,237.3,236.4,235.22,235.84,236.78,238.84
1448,250.44,245.94,241.22,239.08,237.3,236.36,235.22,235.84,236.78,238.84
1449,250.44,245.94,241.22,239.08,237.3,236.36,235.2,235.82,236.78,238.84
1450,250.44,245.94,241.22,239.08,237.3,236.36,235.2,235.8,236.78,238.84
1451,250.44,245.94,241.22,239.08,237.3,236.36,235.2,235.8,236.78,238.84
1452,250.44,245.94,241.22,239.08,237.28,236.36,235.2,235.8,236.78,238.84
1453,250.44,245.94,241.22,239.08,237.28,236.36,235.2,235.8,236.78,238.82
1454,250.44,245.94,241.22,239.08,237.26,236.36,235.2,235.8,236.78,238.82
1455,250.44,245.94,241.22,239.08,237.26,236.36,235.2,235.8,236.78,238.82
1456,250.44,245.94,241.22,239.08,237.24,236.36,235.2,235.8,236.78,238.82
1457,250.44,245.94,241.22,239.08,237.24,236.36,235.18,235.8,236.78,238.82
1458,250.44,245.94,241.22,239.08,237.24,236.34,235.18,235.8,236.76,238.82
1459,250.44,245.94,241.22,239.04,237.24,236.32,235.18,235.8,236.76,238.8
1460,250.44,245.94,241.22,239.04,237.24,236.32,235.18,235.8,236.76,238.8
1461,250.44,245.94,241.22,239.04,237.24,236.32,235.18,235.8,236.76,238.78
1462,250.44,245.94,241.22,239.04,237.24,236.32,235.18,235.8,236.74,238.78
1463,250.44,245.94,241.22,239.04,237.24,236.32,235.18,235.8,236.74,238.78
1464,250.44,245.94,241.2,239.04,237.24,236.32,235.16,235.8,236.74,238.78
1465,250.44,245.94,241.2,239.04,237.24,236.32,235.16,235.8,236.74,238.78
1466,250.44,245.94,241.2,239.04,237.24,236.32,235.16,235.8,236.72,238.78
1467,250.44,245.94,241.2,239.04,237.24,236.32,235.16,235.8,236.66,238.78
1468,250.44,245.94,241.18,239.04,237.24,236.32,235.16,235.8,236.66,238.78
1469,250.44,245.94,241.18,239.02,237.24,236.32,235.14,235.8,236.66,238.78
1470,250.44,245.94,241.18,239.02,237.24,236.32,235.14,235.8,236.66,238.78
1471,250.44,245.94,241.18,239.02,237.24,236.32,235.1,235.8,236.66,238.78
1472,250.44,245.94,241.18,239.02,237.24,236.32,235.1,235.8,236.66,238.78
1473,250.44,245.94,241.18,239.02,237.24,236.32,235.1,235.8,236.62,238.78
1474,250.44,245.94,241.18,239.02,237.24,236.26,235.1,235.8,236.62,238.78
1475,250.44,245.94,241.18,239.02,237.24,236.24,235.1,235.8,236.62,238.78
1476,250.42,245.94,241.18,239.02,237.22,236.24,235.1,235.8,236.62,238.78
1477,250.42,245.94,241.18,239.02,237.22,236.22,235.1,235.8,236.62,238.76
1478,250.42,245.94,241.18,239.02,237.22,236.22,235.1,235.78,236.62,238.74
1479,250.42,245.94,241.18,239.02,237.22,236.22,235.1,235.76,236.62,238.74
1480,250.42,245.94,241.18,239.02,237.22,236.2,235.1,235.74,236.62,238.74
1481,250.42,245.94,241.18,239.02,237.22,236.16,235.1,235.74,236.62,238.74
1482,250.42,245.94,241.18,239.02,237.22,236.12,235.1,235.72,236.62,238.74
1483,250.42,245.94,241.18,239.02,237.22,236.12,235.1,235.72,236.62,238.74
1484,250.42,245.94,241.18,239.02,237.22,236.12,235.1,235.72,236.58,238.74
1485,250.42,245.94,241.18,239.02,237.22,236.12,235.1,235.72,236.58,238.74
1486,250.42,245.94,241.18,239.02,237.22,236.1,235.1,235.72,236.58,238.74
1487,250.42,245.94,241.18,239.02,237.22,236.1,235.1,235.72,236.58,238.72
1488,250.42,245.94,241.18,239.02,237.22,236.1,235.1,235.72,236.58,238.72
1489,250.42,245.94,241.18,239.02,237.22,236.08,235.08,235.72,236.56,238.72
1490,250.42,245.94,241.18,239.02,237.22,236.08,235.08,235.72,236.54,238.72
1491,250.42,245.94,241.18,239.02,237.22,236.06,235.08,235.72,236.54,238.72
1492,250.42,245.9,241.18,239.02,237.22,236.06,235.08,235.72,236.54,238.72
1493,250.4,245.9,241.18,239.02,237.22,236.06,235.08,235.72,236.52,238.72
1494,250.4,245.9,241.18,239.02,237.22,236.06,235.08,235.7,236.52,238.72
1495,250.4,245.9,241.18,239.02,237.22,236.04,235.08,235.68,236.52,238.72
1496,250.4,245.9,241.18,239.02,237.22,236.0,235.06,235.68,236.52,238.72
1497,250.4,245.9,241.18,239.02,237.22,236.0,235.06,235.68,236.52,238.72
1498,250.4,245.9,241.18,239.02,237.22,236.0,235.06,235.68,236.52,238.7
1499,250.4,245.9,241.18,239.02,237.22,236.0,235.06,235.66,236.52,238.7
1500,250.4,245.9,241.18,239.02,237.22,235.98,235.06,235.66,236.52,238.68
1501,250.4,245.88,241.18,239.02,237.22,235.98,235.06,235.66,236.52,238.68
1502,250.4,245.88,241.18,239.02,237.22,235.98,235.06,235.66,236.52,238.68
1503,250.4,245.88,241.18,239.0,237.22,235.98,235.06,235.66,236.52,238.68
1504,250.4,245.88,241.18,239.0,237.22,235.98,235.06,235.66,236.52,238.68
1505,250.4,245.88,241.18,239.0,237.22,235.98,235.06,235.66,236.52,238.68
1506,250.4,245.88,241.16,238.98,237.22,235.96,235.06,235.66,236.52,238.64
1507,250.4,245.88,241.16,238.98,237.22,235.96,235.06,235.66,236.5,238.64
1508,250.4,245.88,241.16,238.98,237.22,235.96,235.06,235.66,236.48,238.64
1509,250.4,245.88,241.16,238.98,237.22,235.96,235.06,235.66,236.48,238.64
1510,250.4,245.88,241.16,238.98,237.22,235.96,235.06,235.64,236.48,238.64
1511,250.4,245.86,241.16,238.98,237.22,235.96,235.06,235.64,236.48,238.64
1512,250.4,245.86,241.16,238.98,237.22,235.96,235.04,235.62,236.46,238.64
1513,250.4,245.86,241.16,238.98,237.22,235.96,235.04,235.62,236.46,238.64
1514,250.4,245.86,241.16,238.98,237.22,235.96,235.04,235.62,236.46,238.64
1515,250.4,245.86,241.16,238.98,237.22,235.96,235.04,235.62,236.46,238.64
1516,250.4,245.86,241.16,238.98,237.22,235.96,235.04,235.62,236.46,238.64
1517,250.4,245.86,241.14,238.98,237.22,235.96,235.04,235.62,236.46,238.64
1518,250.4,245.86,241.14,238.98,237.22,235.96,235.04,235.62,236.46,238.64
1519,250.4,245.86,241.1,238.98,237.22,235.96,235.04,235.62,236.46,238.64
1520,250.4,245.86,241.1,238.98,237.22,235.96,235.04,235.6,236.46,238.64
1521,250.4,245.86,241.1,238.98,237.22,235.96,235.04,235.6,236.44,238.64
1522,250.4,245.86,241.1,238.98,237.22,235.96,235.04,235.6,236.44,238.64
1523,250.4,245.86,241.1,238.98,237.22,235.96,235.02,235.6,236.42,238.62
1524,250.4,245.86,241.1,238.98,237.22,235.96,235.0,235.6,236.42,238.62
1525,250.4,245.86,241.1,238.98,237.22,235.96,235.0,235.58,236.42,238.62
1526,250.4,245.86,241.1,238.98,237.22,235.96,235.0,235.58,236.38,238.62
1527,250.4,245.86,241.1,238.98,237.22,235.94,235.0,235.56,236.38,238.6
1528,250.4,245.86,241.1,238.98,237.22,235.94,235.0,235.56,236.38,238.6
1529,250.4,245.86,241.1,238.98,237.22,235.94,235.0,235.56,236.38,238.58
1530,250.4,245.86,241.1,238.98,237.22,235.94,235.0,235.56,236.38,238.56
1531,250.4,245.86,241.1,238.98,237.22,235.94,235.0,235.56,236.38,238.54
1532,250.4,245.86,241.1,238.98,237.22,235.94,235.0,235.56,236.36,238.54
1533,250.4,245.86,241.1,238.98,237.22,235.94,235.0,235.56,236.34,238.54
1534,250.4,245.86,241.1,238.98,237.22,235.92,235.0,235.56,236.34,238.54
1535,250.4,245.86,241.1,238.98,237.2,235.92,235.0,235.54,236.34,238.54
1536,250.4,245.86,241.1,238.98,237.2,235.92,235.0,235.54,236.34,238.54
1537,250.4,245.86,241.1,238.98,237.2,235.92,235.0,235.52,236.34,238.54
1538,250.4,245.86,241.1,238.98,237.2,235.92,235.0,235.52,236.34,238.54
1539,250.4,245.86,241.1,238.98,237.2,235.92,235.0,235.52,236.34,238.54
1540,250.4,245.84,241.1,238.98,237.18,235.9,235.0,235.52,236.34,238.54
1541,250.4,245.84,241.1,238.98,237.18,235.9,235.0,235.52,236.34,238.54
1542,250.4,245.84,241.1,238.98,237.18,235.9,235.0,235.52,236.34,238.54
1543,250.4,245.82,241.1,238.98,237.16,235.9,235.0,235.52,236.34,238.54
1544,250.4,245.82,241.1,238.98,237.16,235.9,235.0,235.52,236.32,238.54
1545,250.4,245.82,241.1,238.98,237.14,235.9,235.0,235.52,236.32,238.54
1546,250.4,245.82,241.1,238.94,237.14,235.9,235.0,235.52,236.32,238.54
1547,250.4,245.8,241.1,238.94,237.14,235.9,235.0,235.52,236.3,238.54
1548,250.4,245.8,241.1,238.94,237.14,235.9,235.0,235.52,236.3,238.54
1549,250.4,245.8,241.1,238.94,237.12,235.9,235.0,235.52,236.3,238.52
1550,250.4,245.8,241.1,238.92,237.12,235.9,235.0,235.52,236.28,238.52
1551,250.4,245.8,241.1,238.92,237.12,235.9,235.0,235.52,236.26,238.52
1552,250.4,245.8,241.1,238.92,237.12,235.9,235.0,235.52,236.26,238.52
1553,250.4,245.8,241.1,238.92,237.12,235.9,235.0,235.52,236.26,238.52
1554,250.4,245.8,241.1,238.92,237.12,235.9,235.0,235.52,236.26,238.52
1555,250.4,245.8,241.1,238.92,237.12,235.9,235.0,235.52,236.26,238.52
1556,250.4,245.8,241.1,238.92,237.12,235.9,235.0,235.52,236.26,238.52
1557,250.4,245.8,241.1,238.92,237.12,235.9,235.0,235.52,236.26,238.52
1558,250.4,245.8,241.08,238.92,237.12,235.9,235.0,235.52,236.26,238.52
1559,250.4,245.8,241.08,238.92,237.12,235.88,234.98,235.52,236.26,238.52
1560,250.4,245.8,241.08,238.92,237.12,235.86,234.98,235.52,236.26,238.52
1561,250.4,245.8,241.08,238.92,237.12,235.86,234.98,235.52,236.24,238.52
1562,250.4,245.8,241.08,238.92,237.12,235.86,234.98,235.52,236.22,238.52
1563,250.4,245.8,241.08,238.92,237.12,235.86,234.98,235.52,236.2,238.5
1564,250.4,245.8,241.08,238.92,237.12,235.86,234.98,235.52,236.2,238.5
1565,250.4,245.8,241.08,238.9,237.12,235.86,234.98,235.52,236.2,238.5
1566,250.4,245.8,241.08,238.9,237.12,235.86,234.98,235.52,236.2,238.5
1567,250.4,245.8,241.08,238.9,237.12,235.86,234.98,235.52,236.2,238.48
1568,250.4,245.8,241.08,238.9,237.12,235.86,234.96,235.52,236.2,238.48
1569,250.4,245.8,241.08,238.9,237.1,235.86,234.96,235.5,236.16,238.48
1570,250.4,245.8,241.08,238.9,237.1,235.86,234.96,235.5,236.16,238.48
1571,250.4,245.8,241.08,238.9,237.1,235.86,234.92,235.5,236.16,238.48
1572,250.4,245.8,241.08,238.9,237.1,235.86,234.92,235.5,236.16,238.46
1573,250.4,245.8,241.08,238.88,237.1,235.86,234.92,235.5,236.16,238.46
1574,250.4,245.8,241.08,238.88,237.08,235.86,234.92,235.5,236.16,238.46
1575,250.4,245.78,241.08,238.88,237.08,235.86,234.92,235.5,236.16,238.46
1576,250.4,245.78,241.08,238.88,237.08,235.86,234.92,235.48,236.16,238.46
1577,250.4,245.78,241.08,238.86,237.08,235.86,234.92,235.48,236.16,238.44
1578,250.4,245.78,241.08,238.86,237.08,235.86,234.92,235.48,236.16,238.44
1579,250.4,245.78,241.08,238.86,237.08,235.86,234.92,235.48,236.16,238.42
1580,250.4,245.78,241.08,238.86,237.08,235.86,234.92,235.48,236.16,238.42
1581,250.4,245.78,241.08,238.86,237.08,235.86,234.92,235.48,236.14,238.42
1582,250.4,245.78,241.06,238.86,237.08,235.86,234.92,235.48,236.14,238.4
1583,250.4,245.78,241.04,238.86,237.08,235.86,234.92,235.46,236.14,238.4
1584,250.4,245.78,241.04,238.84,237.08,235.86,234.92,235.46,236.14,238.36
1585,250.4,245.78,241.04,238.84,237.08,235.86,234.9,235.46,236.12,238.36
1586,250.4,245.76,241.04,238.84,237.08,235.86,234.9,235.46,236.12,238.36
1587,250.4,245.76,241.02,238.84,237.08,235.86,234.9,235.46,236.12,238.34
1588,250.4,245.76,241.02,238.84,237.08,235.84,234.9,235.46,236.12,238.34
1589,250.4,245.76,241.02,238.84,237.08,235.84,234.88,235.46,236.12,238.34
1590,250.4,245.76,241.02,238.84,237.08,235.84,234.88,235.44,236.12,238.34
1591,250.4,245.76,241.02,238.84,237.08,235.84,234.88,235.44,236.12,238.34
1592,250.4,245.76,241.02,238.84,237.04,235.84,234.86,235.44,236.12,238.34
1593,250.4,245.76,241.02,238.82,237.04,235.84,234.84,235.44,236.12,238.34
1594,250.4,245.76,241.02,238.82,237.04,235.84,234.84,235.44,236.1,238.34
1595,250.4,245.76,241.02,238.82,237.04,235.84,234.82,235.42,236.1,238.34
1596,250.4,245.76,241.02,238.82,237.04,235.84,234.78,235.42,236.1,238.34
1597,250.4,245.74,241.02,238.82,237.04,235.84,234.78,235.42,236.1,238.34
1598,250.4,245.74,241.02,238.82,237.04,235.84,234.78,235.4,236.1,238.32
1599,250.4,245.74,241.02,238.82,237.04,235.84,234.76,235.4,236.1,238.32
1600,250.4,245.74,241.02,238.82,237.04,235.84,234.76,235.4,236.1,238.32
1601,250.4,245.7,241.02,238.82,237.04,235.82,234.76,235.4,236.1,238.28
1602,250.4,245.7,241.02,238.82,237.04,235.82,234.76,235.4,236.1,238.28
1603,250.4,245.7,241.02,238.82,237.0,235.82,234.74,235.4,236.1,238.26
1604,250.4,245.68,241.0,238.82,237.0,235.82,234.74,235.38,236.08,238.26
1605,250.4,245.68,241.0,238.82,237.0,235.82,234.74,235.38,236.08,238.24
1606,250.4,245.68,241.0,238.82,237.0,235.82,234.74,235.38,236.08,238.24
1607,250.4,245.68,241.0,238.82,237.0,235.82,234.74,235.38,236.08,238.24
1608,250.4,245.68,240.98,238.82,237.0,235.82,234.74,235.38,236.08,238.24
1609,250.4,245.68,240.98,238.82,236.98,235.82,234.72,235.38,236.08,238.24
1610,250.4,245.68,240.98,238.82,236.98,235.82,234.72,235.36,236.06,238.24
1611,250.4,245.68,240.98,238.82,236.96,235.8,234.72,235.36,236.06,238.22
1612,250.4,245.68,240.98,238.82,236.96,235.78,234.72,235.36,236.06,238.22
1613,250.4,245.68,240.98,238.8,236.96,235.78,234.72,235.36,236.06,238.22
1614,250.4,245.68,240.98,238.78,236.96,235.78,234.72,235.36,236.06,238.2
1615,250.4,245.68,240.98,238.78,236.96,235.78,234.72,235.36,236.06,238.2
1616,250.4,245.68,240.98,238.78,236.96,235.78,234.72,235.36,236.02,238.2
1617,250.4,245.68,240.98,238.78,236.96,235.78,234.72,235.36,236.02,238.18
1618,250.4,245.68,240.98,238.78,236.96,235.78,234.72,235.36,236.02,238.18
1619,250.4,245.68,240.96,238.78,236.96,235.76,234.72,235.36,236.02,238.18
1620,250.4,245.66,240.96,238.78,236.96,235.76,234.72,235.36,235.98,238.16
1621,250.4,245.66,240.96,238.78,236.96,235.76,234.72,235.36,235.98,238.16
1622,250.4,245.66,240.96,238.78,236.96,235.76,234.72,235.34,235.98,238.16
1623,250.4,245.64,240.96,238.78,236.96,235.76,234.72,235.34,235.96,238.16
1624,250.4,245.64,240.96,238.78,236.96,235.76,234.72,235.34,235.96,238.16
1625,250.4,245.64,240.96,238.78,236.96,235.76,234.72,235.3,235.96,238.16
1626,250.4,245.64,240.94,238.78,236.96,235.76,234.72,235.3,235.96,238.16
1627,250.4,245.64,240.94,238.78,236.96,235.76,234.72,235.28,235.96,238.16
1628,250.4,245.64,240.94,238.78,236.96,235.76,234.72,235.28,235.96,238.16
1629,250.4,245.64,240.94,238.78,236.96,235.74,234.72,235.28,235.96,238.16
1630,250.4,245.64,240.94,238.76,236.96,235.74,234.72,235.28,235.96,238.16
1631,250.4,245.64,240.94,238.76,236.96,235.74,234.7,235.28,235.96,238.14
1632,250.4,245.64,240.94,238.76,236.96,235.74,234.68,235.28,235.96,238.14
1633,250.4,245.64,240.94,238.76,236.96,235.74,234.68,235.26,235.96,238.14
1634,250.4,245.64,240.94,238.76,236.96,235.74,234.68,235.26,235.96,238.14
1635,250.38,245.64,240.94,238.76,236.96,235.74,234.68,235.26,235.96,238.14
1636,250.38,245.64,240.94,238.76,236.96,235.74,234.68,235.26,235.96,238.12
1637,250.38,245.64,240.94,238.76,236.96,235.74,234.68,235.26,235.96,238.12
1638,250.38,245.64,240.94,238.76,236.96,235.74,234.68,235.24,235.96,238.1
1639,250.38,245.64,240.94,238.76,236.96,235.74,234.68,235.24,235.94,238.1
1640,250.38,245.64,240.94,238.76,236.96,235.74,234.68,235.24,235.94,238.1
1641,250.38,245.64,240.94,238.76,236.96,235.74,234.68,235.24,235.94,238.1
1642,250.38,245.64,240.92,238.76,236.94,235.74,234.68,235.24,235.94,238.1
1643,250.38,245.64,240.88,238.76,236.94,235.74,234.68,235.24,235.94,238.1
1644,250.38,245.64,240.86,238.76,236.94,235.72,234.68,235.22,235.94,238.1
1645,250.38,245.64,240.86,238.76,236.94,235.72,234.68,235.22,235.94,238.1
1646,250.38,245.64,240.86,238.76,236.94,235.68,234.68,235.22,235.94,238.1
1647,250.38,245.64,240.86,238.76,236.94,235.68,234.68,235.22,235.94,238.1
1648,250.38,245.64,240.86,238.76,236.94,235.68,234.68,235.22,235.94,238.1
1649,250.38,245.64,240.86,238.76,236.94,235.68,234.68,235.22,235.94,238.08
1650,250.38,245.64,240.86,238.76,236.94,235.68,234.68,235.22,235.94,238.08
1651,250.38,245.64,240.86,238.76,236.94,235.68,234.68,235.22,235.94,238.08
1652,250.38,245.64,240.86,238.76,236.94,235.68,234.68,235.22,235.94,238.04
1653,250.38,245.64,240.86,238.76,236.94,235.68,234.68,235.22,235.94,238.04
1654,250.38,245.64,240.86,238.76,236.94,235.68,234.68,235.22,235.94,238.04
1655,250.38,245.64,240.84,238.76,236.94,235.68,234.68,235.22,235.92,238.04
1656,250.38,245.64,240.84,238.76,236.94,235.68,234.68,235.22,235.92,238.04
1657,250.38,245.64,240.84,238.76,236.94,235.68,234.68,235.22,235.92,238.04
1658,250.38,245.64,240.84,238.76,236.94,235.68,234.68,235.22,235.92,238.04
1659,250.38,245.64,240.84,238.76,236.94,235.68,234.68,235.22,235.92,238.04
1660,250.38,245.62,240.84,238.76,236.94,235.68,234.68,235.2,235.92,238.04
1661,250.38,245.62,240.84,238.76,236.94,235.68,234.68,235.2,235.92,238.04
1662,250.38,245.62,240.84,238.76,236.94,235.68,234.68,235.2,235.92,238.04
1663,250.38,245.62,240.84,238.76,236.94,235.68,234.68,235.2,235.92,238.04
1664,250.38,245.62,240.84,238.76,236.94,235.68,234.68,235.2,235.92,238.04
1665,250.38,245.62,240.84,238.76,236.94,235.68,234.68,235.2,235.92,238.04
1666,250.38,245.62,240.84,238.74,236.94,235.68,234.68,235.2,235.92,238.04
1667,250.38,245.62,240.84,238.74,236.94,235.68,234.68,235.18,235.92,238.04
1668,250.38,245.62,240.84,238.74,236.94,235.68,234.68,235.18,235.92,238.04
1669,250.38,245.62,240.84,238.74,236.94,235.68,234.68,235.16,235.92,238.04
1670,250.38,245.62,240.82,238.74,236.94,235.68,234.68,235.14,235.92,238.04
1671,250.38,245.62,240.82,238.74,236.94,235.68,234.68,235.1,235.92,238.04
1672,250.38,245.62,240.82,238.74,236.94,235.68,234.68,235.1,235.92,238.04
1673,250.38,245.62,240.82,238.74,236.94,235.68,234.66,235.1,235.92,238.04
1674,250.38,245.62,240.82,238.74,236.94,235.66,234.66,235.1,235.92,238.04
1675,250.38,245.62,240.82,238.74,236.94,235.64,234.66,235.1,235.92,238.04
1676,250.38,245.62,240.82,238.74,236.94,235.64,234.64,235.1,235.92,238.04
1677,250.38,245.62,240.82,238.74,236.94,235.64,234.64,235.1,235.92,238.02
1678,250.38,245.62,240.82,238.74,236.94,235.64,234.64,235.1,235.92,238.02
1679,250.38,245.62,240.82,238.74,236.94,235.64,234.64,235.1,235.92,238.02
1680,250.38,245.62,240.82,238.74,236.94,235.64,234.64,235.1,235.92,238.0
1681,250.38,245.62,240.82,238.74,236.94,235.6,234.64,235.1,235.92,237.98
1682,250.38,245.62,240.82,238.74,236.94,235.6,234.64,235.1,235.92,237.98
1683,250.38,245.62,240.82,238.74,236.94,235.6,234.64,235.1,235.92,237.98
1684,250.38,245.62,240.82,238.74,236.94,235.6,234.64,235.1,235.9,237.98
1685,250.38,245.62,240.82,238.74,236.94,235.6,234.64,235.1,235.9,237.98
1686,250.38,245.62,240.82,238.74,236.94,235.6,234.64,235.1,235.88,237.98
1687,250.38,245.62,240.82,238.74,236.94,235.6,234.64,235.1,235.88,237.98
1688,250.38,245.62,240.82,238.72,236.94,235.6,234.64,235.1,235.88,237.98
1689,250.38,245.62,240.82,238.72,236.94,235.6,234.64,235.1,235.86,237.98
1690,250.38,245.62,240.82,238.72,236.94,235.58,234.64,235.1,235.86,237.98
1691,250.38,245.62,240.82,238.7,236.94,235.58,234.64,235.1,235.86,237.98
1692,250.38,245.62,240.82,238.7,236.94,235.58,234.64,235.1,235.86,237.98
1693,250.38,245.56,240.78,238.7,236.94,235.58,234.64,235.08,235.86,237.98
1694,250.38,245.56,240.78,238.7,236.94,235.58,234.64,235.08,235.86,237.98
1695,250.38,245.56,240.78,238.7,236.94,235.58,234.64,235.08,235.86,237.98
1696,250.38,245.56,240.78,238.7,236.94,235.58,234.64,235.08,235.86,237.98
1697,250.38,245.56,240.78,238.7,236.94,235.58,234.64,235.08,235.86,237.98
1698,250.38,245.56,240.78,238.7,236.94,235.58,234.62,235.06,235.86,237.98
1699,250.38,245.56,240.78,238.7,236.94,235.58,234.62,235.06,235.86,237.98
1700,250.38,245.54,240.78,238.7,236.94,235.56,234.62,235.04,235.86,237.98
1701,250.38,245.52,240.78,238.7,236.94,235.56,234.62,235.04,235.86,237.98
1702,250.38,245.48,240.78,238.7,236.94,235.56,234.62,235.04,235.82,237.98
1703,250.38,245.48,240.78,238.68,236.94,235.56,234.62,235.04,235.82,237.98
1704,250.38,245.48,240.78,238.68,236.94,235.56,234.62,235.04,235.82,237.98
1705,250.38,245.48,240.78,238.68,236.94,235.56,234.62,235.02,235.82,237.98
1706,250.38,245.48,240.78,238.68,236.94,235.56,234.62,235.02,235.82,237.98
1707,250.38,245.48,240.78,238.68,236.94,235.56,234.62,235.02,235.8,237.98
1708,250.38,245.48,240.78,238.68,236.94,235.56,234.62,235.02,235.8,237.98
1709,250.38,245.48,240.78,238.68,236.94,235.56,234.62,235.02,235.8,237.98
1710,250.38,245.48,240.78,238.68,236.94,235.56,234.62,235.02,235.8,237.98
1711,250.38,245.48,240.78,238.68,236.94,235.56,234.62,235.0,235.8,237.98
1712,250.38,245.48,240.78,238.66,236.94,235.56,234.62,235.0,235.8,237.98
1713,250.38,245.48,240.78,238.66,236.92,235.56,234.62,235.0,235.8,237.98
1714,250.38,245.48,240.78,238.66,236.92,235.56,234.62,235.0,235.8,237.98
1715,250.38,245.48,240.78,238.64,236.92,235.52,234.62,235.0,235.8,237.98
1716,250.38,245.48,240.78,238.64,236.92,235.52,234.62,235.0,235.8,237.98
1717,250.38,245.48,240.78,238.64,236.92,235.52,234.62,235.0,235.8,237.98
1718,250.38,245.48,240.78,238.64,236.92,235.52,234.62,234.98,235.8,237.98
1719,250.38,245.48,240.78,238.64,236.92,235.52,234.62,234.98,235.8,237.98
1720,250.38,245.48,240.78,238.64,236.92,235.52,234.62,234.98,235.8,237.98
1721,250.38,245.48,240.78,238.64,236.9,235.52,234.62,234.98,235.8,237.98
1722,250.38,245.48,240.78,238.64,236.9,235.5,234.62,234.98,235.8,237.98
1723,250.38,245.48,240.78,238.64,236.88,235.5,234.62,234.98,235.8,237.98
1724,250.36,245.48,240.78,238.64,236.88,235.5,234.62,234.98,235.8,237.98
1725,250.36,245.48,240.78,238.62,236.86,235.5,234.62,234.94,235.8,237.98
1726,250.36,245.48,240.78,238.62,236.86,235.5,234.62,234.94,235.8,237.98
1727,250.36,245.48,240.78,238.62,236.86,235.5,234.62,234.94,235.8,237.98
1728,250.36,245.48,240.78,238.62,236.84,235.5,234.62,234.94,235.8,237.96
1729,250.36,245.48,240.78,238.62,236.84,235.48,234.62,234.94,235.8,237.94
1730,250.36,245.48,240.78,238.62,236.84,235.46,234.62,234.94,235.8,237.94
1731,250.36,245.48,240.78,238.62,236.84,235.46,234.62,234.94,235.8,237.94
1732,250.36,245.48,240.78,238.62,236.84,235.46,234.62,234.94,235.8,237.94
1733,250.36,245.48,240.78,238.62,236.84,235.46,234.62,234.94,235.8,237.94
1734,250.36,245.48,240.78,238.62,236.84,235.46,234.62,234.94,235.8,237.94
1735,250.36,245.48,240.78,238.62,236.84,235.46,234.62,234.94,235.8,237.94
1736,250.36,245.48,240.78,238.62,236.84,235.46,234.62,234.94,235.8,237.94
1737,250.36,245.48,240.78,238.62,236.84,235.44,234.62,234.94,235.8,237.92
1738,250.36,245.48,240.78,238.62,236.84,235.44,234.62,234.94,235.8,237.92
1739,250.36,245.48,240.78,238.62,236.84,235.44,234.6,234.94,235.8,237.92
1740,250.36,245.48,240.78,238.62,236.84,235.42,234.6,234.9,235.8,237.92
1741,250.36,245.48,240.78,238.62,236.82,235.42,234.6,234.9,235.8,237.92
1742,250.36,245.48,240.78,238.62,236.82,235.42,234.6,234.9,235.8,237.92
1743,250.36,245.48,240.78,238.62,236.82,235.42,234.6,234.9,235.8,237.92
1744,250.36,245.48,240.78,238.62,236.82,235.42,234.6,234.9,235.8,237.92
1745,250.36,245.48,240.78,238.62,236.82,235.42,234.6,234.9,235.78,237.92
1746,250.36,245.48,240.78,238.62,236.82,235.42,234.58,234.9,235.78,237.92
1747,250.36,245.48,240.78,238.62,236.82,235.42,234.58,234.9,235.78,237.92
1748,250.36,245.48,240.78,238.62,236.82,235.42,234.58,234.9,235.78,237.92
1749,250.36,245.48,240.78,238.62,236.82,235.42,234.58,234.9,235.78,237.92
1750,250.36,245.46,240.78,238.62,236.82,235.42,234.58,234.9,235.78,237.92
1751,250.36,245.46,240.78,238.6,236.82,235.42,234.58,234.9,235.78,237.9
1752,250.36,245.46,240.78,238.6,236.82,235.42,234.58,234.9,235.78,237.9
1753,250.36,245.46,240.78,238.6,236.82,235.42,234.58,234.9,235.76,237.88
1754,250.36,245.46,240.78,238.6,236.82,235.4,234.56,234.9,235.74,237.88
1755,250.36,245.46,240.78,238.6,236.82,235.4,234.56,234.9,235.74,237.88
1756,250.36,245.46,240.76,238.6,236.82,235.4,234.56,234.9,235.74,237.88
1757,250.36,245.46,240.76,238.6,236.82,235.4,234.56,234.9,235.74,237.88
1758,250.36,245.46,240.76,238.6,236.82,235.4,234.56,234.9,235.74,237.88
1759,250.34,245.46,240.76,238.6,236.82,235.4,234.56,234.88,235.74,237.88
1760,250.34,245.46,240.76,238.6,236.82,235.4,234.56,234.88,235.74,237.88
1761,250.34,245.46,240.76,238.6,236.82,235.4,234.54,234.84,235.74,237.88
1762,250.34,245.46,240.76,238.6,236.82,235.4,234.52,234.84,235.72,237.88
1763,250.34,245.46,240.76,238.6,236.8,235.4,234.52,234.84,235.72,237.88
1764,250.34,245.46,240.76,238.6,236.8,235.4,234.52,234.84,235.72,237.88
1765,250.34,245.46,240.76,238.6,236.8,235.36,234.5,234.84,235.72,237.86
1766,250.34,245.46,240.76,238.6,236.8,235.36,234.5,234.84,235.7,237.86
1767,250.34,245.46,240.76,238.58,236.8,235.36,234.5,234.84,235.7,237.86
1768,250.34,245.46,240.76,238.56,236.8,235.34,234.5,234.82,235.7,237.86
1769,250.34,245.46,240.76,238.56,236.8,235.32,234.5,234.82,235.7,237.86
1770,250.34,245.46,240.76,238.56,236.78,235.32,234.5,234.8,235.68,237.86
1771,250.34,245.46,240.76,238.56,236.78,235.32,234.48,234.78,235.68,237.86
1772,250.34,245.46,240.76,238.56,236.78,235.32,234.48,234.78,235.68,237.86
1773,250.34,245.46,240.76,238.56,236.78,235.32,234.48,234.78,235.68,237.86
1774,250.34,245.46,240.76,238.56,236.78,235.32,234.48,234.78,235.68,237.86
1775,250.34,245.46,240.76,238.56,236.76,235.32,234.48,234.78,235.68,237.86
1776,250.34,245.46,240.76,238.56,236.76,235.32,234.48,234.78,235.68,237.86
1777,250.34,245.46,240.76,238.56,236.76,235.32,234.48,234.78,235.68,237.86
1778,250.34,245.46,240.76,238.56,236.76,235.32,234.48,234.78,235.66,237.86
1779,250.34,245.46,240.76,238.56,236.76,235.32,234.48,234.78,235.66,237.86
1780,250.34,245.46,240.76,238.56,236.76,235.32,234.48,234.78,235.66,237.86
1781,250.34,245.46,240.76,238.56,236.76,235.32,234.48,234.78,235.66,237.86
1782,250.34,245.46,240.76,238.54,236.76,235.32,234.48,234.76,235.66,237.86
1783,250.34,245.46,240.76,238.54,236.76,235.32,234.48,234.76,235.66,237.86
1784,250.34,245.46,240.76,238.54,236.76,235.3,234.48,234.76,235.66,237.84
1785,250.34,245.46,240.76,238.52,236.76,235.3,234.48,234.76,235.66,237.84
1786,250.34,245.46,240.76,238.52,236.76,235.3,234.48,234.76,235.66,237.82
1787,250.34,245.46,240.76,238.52,236.76,235.3,234.48,234.76,235.66,237.78
1788,250.34,245.46,240.76,238.52,236.76,235.3,234.48,234.76,235.62,237.78
1789,250.34,245.46,240.76,238.52,236.76,235.3,234.48,234.76,235.62,237.78
1790,250.34,245.46,240.76,238.52,236.76,235.3,234.48,234.72,235.62,237.78
1791,250.34,245.46,240.76,238.52,236.76,235.3,234.48,234.72,235.62,237.78
1792,250.34,245.46,240.76,238.52,236.76,235.3,234.48,234.72,235.62,237.78
1793,250.34,245.46,240.76,238.5,236.72,235.3,234.42,234.72,235.6,237.78
1794,250.34,245.46,240.76,238.5,236.72,235.3,234.42,234.72,235.58,237.78
1795,250.34,245.46,240.76,238.5,236.72,235.3,234.42,234.72,235.58,237.78
1796,250.34,245.46,240.76,238.5,236.72,235.3,234.42,234.72,235.58,237.78
1797,250.34,245.46,240.76,238.5,236.72,235.3,234.42,234.72,235.58,237.78
1798,250.34,245.46,240.76,238.5,236.72,235.3,234.42,234.72,235.58,237.78
1799,250.34,245.46,240.76,238.5,236.72,235.3,234.42,234.72,235.58,237.78
1800,250.34,245.46,240.76,238.5,236.72,235.28,234.38,234.72,235.58,237.74
1801,250.34,245.46,240.76,238.5,236.7,235.26,234.38,234.72,235.58,237.74
1802,250.34,245.46,240.76,238.5,236.7,235.26,234.38,234.72,235.58,237.74
1803,250.34,245.46,240.74,238.5,236.7,235.26,234.38,234.72,235.58,237.74
1804,250.34,245.46,240.74,238.5,236.7,235.26,234.38,234.72,235.58,237.74
1805,250.34,245.46,240.74,238.5,236.7,235.26,234.38,234.72,235.58,237.74
1806,250.34,245.46,240.74,238.5,236.68,235.26,234.38,234.72,235.58,237.74
1807,250.34,245.46,240.74,238.5,236.68,235.26,234.38,234.72,235.58,237.74
1808,250.34,245.46,240.74,238.5,236.68,235.26,234.36,234.72,235.58,237.7
1809,250.34,245.46,240.72,238.5,236.68,235.26,234.36,234.72,235.58,237.7
1810,250.34,245.46,240.72,238.5,236.68,235.26,234.36,234.72,235.58,237.7
1811,250.34,245.46,240.72,238.5,236.68,235.26,234.36,234.72,235.58,237.68
1812,250.34,245.46,240.72,238.48,236.68,235.26,234.36,234.7,235.58,237.68
1813,250.34,245.46,240.72,238.48,236.68,235.26,234.36,234.7,235.58,237.68
1814,250.34,245.46,240.72,238.48,236.68,235.26,234.36,234.68,235.58,237.68
1815,250.34,245.46,240.72,238.48,236.68,235.26,234.36,234.66,235.58,237.68
1816,250.34,245.46,240.72,238.48,236.68,235.24,234.36,234.66,235.58,237.66
1817,250.34,245.46,240.72,238.48,236.68,235.22,234.36,234.66,235.58,237.66
1818,250.34,245.46,240.72,238.46,236.68,235.22,234.36,234.66,235.58,237.66
1819,250.34,245.46,240.7,238.46,236.68,235.22,234.34,234.66,235.58,237.66
1820,250.34,245.46,240.7,238.46,236.68,235.22,234.34,234.66,235.58,237.66
1821,250.34,245.46,240.7,238.46,236.68,235.22,234.34,234.64,235.58,237.66
1822,250.34,245.46,240.68,238.46,236.68,235.22,234.34,234.64,235.58,237.64
1823,250.34,245.46,240.68,238.46,236.68,235.22,234.34,234.64,235.58,237.64
1824,250.34,245.46,240.68,238.46,236.68,235.22,234.34,234.64,235.58,237.64
1825,250.34,245.46,240.68,238.46,236.68,235.22,234.34,234.64,235.54,237.64
1826,250.34,245.46,240.68,238.46,236.68,235.22,234.34,234.64,235.52,237.64
1827,250.34,245.46,240.68,238.46,236.68,235.22,234.34,234.64,235.52,237.64
1828,250.34,245.46,240.68,238.46,236.68,235.22,234.34,234.64,235.52,237.64
1829,250.34,245.46,240.64,238.46,236.68,235.22,234.34,234.64,235.52,237.64
1830,250.34,245.46,240.64,238.46,236.68,235.22,234.34,234.64,235.52,237.64
1831,250.34,245.46,240.64,238.46,236.68,235.22,234.34,234.64,235.52,237.64
1832,250.34,245.46,240.64,238.46,236.68,235.22,234.34,234.64,235.5,237.64
1833,250.34,245.46,240.64,238.46,236.68,235.22,234.34,234.64,235.5,237.64
1834,250.34,245.46,240.64,238.46,236.68,235.22,234.32,234.64,235.5,237.64
1835,250.34,245.46,240.64,238.46,236.68,235.22,234.32,234.64,235.5,237.64
1836,250.34,245.46,240.64,238.46,236.68,235.22,234.32,234.64,235.5,237.62
1837,250.34,245.46,240.64,238.46,236.68,235.22,234.32,234.64,235.5,237.62
1838,250.34,245.46,240.64,238.46,236.68,235.22,234.32,234.64,235.5,237.62
1839,250.34,245.46,240.64,238.46,236.66,235.22,234.32,234.64,235.5,237.62
1840,250.34,245.46,240.64,238.46,236.66,235.2,234.32,234.64,235.48,237.62
1841,250.34,245.46,240.64,238.46,236.66,235.2,234.32,234.64,235.48,237.62
1842,250.34,245.46,240.62,238.44,236.66,235.2,234.32,234.64,235.48,237.62
1843,250.34,245.46,240.62,238.44,236.66,235.2,234.32,234.62,235.48,237.62
1844,250.34,245.44,240.62,238.44,236.66,235.2,234.32,234.62,235.48,237.62
1845,250.34,245.44,240.62,238.44,236.66,235.2,234.32,234.62,235.48,237.62
1846,250.34,245.44,240.62,238.44,236.66,235.2,234.32,234.62,235.48,237.62
1847,250.34,245.44,240.62,238.44,236.66,235.2,234.32,234.62,235.48,237.62
1848,250.34,245.44,240.6,238.44,236.66,235.2,234.32,234.62,235.46,237.62
1849,250.34,245.44,240.6,238.44,236.66,235.2,234.32,234.62,235.46,237.62
1850,250.34,245.44,240.6,238.44,236.66,235.2,234.32,234.62,235.46,237.62
1851,250.34,245.44,240.6,238.44,236.66,235.2,234.32,234.62,235.46,237.62
1852,250.34,245.44,240.6,238.44,236.66,235.2,234.32,234.62,235.46,237.62
1853,250.34,245.44,240.6,238.44,236.66,235.18,234.32,234.62,235.46,237.62
1854,250.34,245.44,240.6,238.44,236.66,235.18,234.32,234.62,235.46,237.58
1855,250.34,245.44,240.6,238.42,236.66,235.18,234.32,234.6,235.46,237.58
1856,250.34,245.44,240.6,238.42,236.66,235.18,234.32,234.6,235.46,237.58
1857,250.34,245.44,240.6,238.42,236.66,235.18,234.3,234.6,235.46,237.58
1858,250.34,245.44,240.6,238.42,236.66,235.18,234.3,234.6,235.46,237.58
1859,250.34,245.44,240.6,238.42,236.66,235.18,234.3,234.6,235.46,237.58
1860,250.34,245.44,240.6,238.42,236.66,235.18,234.3,234.6,235.46,237.58
1861,250.34,245.44,240.6,238.42,236.64,235.18,234.3,234.6,235.46,237.56
1862,250.34,245.44,240.6,238.42,236.64,235.18,234.3,234.6,235.46,237.56
1863,250.34,245.44,240.6,238.42,236.64,235.16,234.3,234.6,235.46,237.56
1864,250.34,245.44,240.6,238.42,236.64,235.16,234.3,234.58,235.46,237.56
1865,250.34,245.44,240.6,238.4,236.64,235.16,234.3,234.58,235.46,237.56
1866,250.34,245.44,240.6,238.4,236.64,235.16,234.28,234.58,235.46,237.56
1867,250.34,245.44,240.6,238.4,236.64,235.16,234.28,234.58,235.46,237.56
1868,250.34,245.44,240.6,238.4,236.64,235.16,234.28,234.58,235.46,237.56
1869,250.34,245.44,240.6,238.4,236.64,235.16,234.28,234.58,235.46,237.54
1870,250.34,245.44,240.6,238.4,236.64,235.16,234.28,234.58,235.46,237.54
1871,250.34,245.44,240.6,238.4,236.64,235.16,234.28,234.58,235.46,237.54
1872,250.34,245.44,240.6,238.4,236.64,235.14,234.28,234.58,235.44,237.54
1873,250.34,245.44,240.6,238.4,236.64,235.14,234.26,234.56,235.44,237.54
1874,250.34,245.44,240.6,238.4,236.64,235.14,234.26,234.56,235.44,237.52
1875,250.34,245.44,240.6,238.4,236.64,235.14,234.26,234.56,235.44,237.52
1876,250.34,245.44,240.6,238.4,236.64,235.14,234.26,234.56,235.44,237.52
1877,250.34,245.44,240.6,238.4,236.64,235.14,234.26,234.56,235.44,237.52
1878,250.34,245.44,240.6,238.4,236.64,235.14,234.26,234.56,235.44,237.52
1879,250.34,245.44,240.6,238.4,236.64,235.14,234.26,234.56,235.44,237.52
1880,250.34,245.44,240.6,238.4,236.64,235.14,234.26,234.56,235.44,237.52
1881,250.34,245.44,240.6,238.4,236.64,235.14,234.26,234.56,235.42,237.52
1882,250.34,245.42,240.6,238.38,236.62,235.14,234.26,234.56,235.42,237.52
1883,250.34,245.42,240.6,238.38,236.62,235.14,234.26,234.56,235.4,237.52
1884,250.34,245.42,240.6,238.38,236.62,235.14,234.26,234.56,235.4,237.52
1885,250.34,245.42,240.6,238.38,236.62,235.14,234.24,234.56,235.4,237.48
1886,250.34,245.42,240.6,238.38,236.62,235.14,234.24,234.56,235.4,237.48
1887,250.34,245.42,240.6,238.38,236.62,235.14,234.24,234.56,235.4,237.48
1888,250.34,245.42,240.6,238.38,236.62,235.14,234.24,234.56,235.4,237.48
1889,250.32,245.42,240.6,238.38,236.62,235.14,234.24,234.56,235.4,237.48
1890,250.32,245.42,240.6,238.38,236.62,235.14,234.22,234.56,235.4,237.48
1891,250.32,245.42,240.6,238.38,236.62,235.14,234.22,234.56,235.4,237.46
1892,250.32,245.4,240.6,238.38,236.62,235.14,234.22,234.56,235.38,237.46
1893,250.32,245.4,240.6,238.38,236.62,235.14,234.22,234.56,235.38,237.46
1894,250.32,245.4,240.6,238.38,236.62,235.12,234.22,234.56,235.38,237.46
1895,250.32,245.4,240.6,238.38,236.62,235.12,234.22,234.56,235.36,237.46
1896,250.32,245.4,240.58,238.38,236.62,235.12,234.22,234.56,235.36,237.44
1897,250.32,245.4,240.58,238.38,236.62,235.1,234.22,234.56,235.36,237.44
1898,250.32,245.4,240.58,238.38,236.62,235.08,234.22,234.56,235.36,237.42
1899,250.32,245.4,240.58,238.38,236.62,235.06,234.22,234.56,235.36,237.42
1900,250.32,245.4,240.58,238.38,236.62,235.06,234.22,234.56,235.36,237.42
1901,250.32,245.4,240.58,238.38,236.62,235.06,234.22,234.56,235.36,237.42
1902,250.32,245.4,240.58,238.38,236.6,235.06,234.22,234.56,235.34,237.42
1903,250.32,245.4,240.58,238.38,236.6,235.06,234.22,234.56,235.34,237.42
1904,250.32,245.4,240.58,238.38,236.6,235.06,234.22,234.54,235.34,237.42
1905,250.32,245.4,240.58,238.38,236.6,235.06,234.22,234.54,235.34,237.42
1906,250.32,245.4,240.58,238.38,236.6,235.06,234.22,234.54,235.34,237.42
1907,250.32,245.4,240.58,238.38,236.6,235.06,234.22,234.54,235.34,237.42
1908,250.32,245.4,240.58,238.38,236.6,235.06,234.22,234.54,235.34,237.38
1909,250.32,245.4,240.58,238.38,236.6,235.06,234.22,234.54,235.34,237.38
1910,250.32,245.4,240.58,238.38,236.6,235.06,234.22,234.54,235.34,237.34
1911,250.32,245.4,240.58,238.38,236.6,235.06,234.22,234.54,235.34,237.34
1912,250.32,245.4,240.58,238.36,236.6,235.06,234.22,234.54,235.32,237.34
1913,250.32,245.4,240.58,238.36,236.6,235.06,234.22,234.54,235.32,237.34
1914,250.32,245.4,240.58,238.34,236.6,235.06,234.18,234.54,235.32,237.34
1915,250.32,245.4,240.58,238.34,236.6,235.06,234.18,234.54,235.32,237.28
1916,250.32,245.4,240.58,238.32,236.6,235.06,234.18,234.54,235.32,237.28
1917,250.32,245.4,240.58,238.32,236.6,235.06,234.18,234.54,235.32,237.28
1918,250.32,245.4,240.58,238.32,236.6,235.06,234.18,234.54,235.32,237.26
1919,250.32,245.4,240.58,238.32,236.6,235.06,234.18,234.54,235.32,237.26
1920,250.32,245.4,240.58,238.32,236.6,235.06,234.16,234.54,235.32,237.26
1921,250.32,245.4,240.58,238.32,236.6,235.06,234.16,234.54,235.32,237.26
1922,250.32,245.4,240.58,238.32,236.6,235.06,234.16,234.54,235.32,237.26
1923,250.32,245.4,240.58,238.3,236.6,235.04,234.16,234.54,235.32,237.26
1924,250.32,245.4,240.58,238.3,236.6,235.04,234.16,234.54,235.32,237.24
1925,250.32,245.4,240.58,238.3,236.6,235.04,234.16,234.54,235.32,237.24
1926,250.32,245.4,240.58,238.28,236.6,235.04,234.16,234.54,235.26,237.24
1927,250.32,245.4,240.58,238.28,236.6,235.04,234.16,234.54,235.26,237.2
1928,250.32,245.4,240.58,238.28,236.6,235.04,234.16,234.54,235.26,237.2
1929,250.32,245.4,240.58,238.28,236.6,235.04,234.16,234.54,235.26,237.2
1930,250.32,245.4,240.58,238.26,236.6,235.02,234.16,234.54,235.2,237.2
1931,250.32,245.4,240.58,238.26,236.56,235.02,234.16,234.54,235.2,237.2
1932,250.32,245.4,240.58,238.26,236.56,235.02,234.16,234.54,235.2,237.2
1933,250.32,245.4,240.58,238.26,236.56,235.02,234.16,234.54,235.2,237.2
1934,250.32,245.4,240.58,238.26,236.56,235.02,234.16,234.54,235.2,237.2
1935,250.32,245.4,240.58,238.26,236.56,235.0,234.16,234.54,235.2,237.18
1936,250.32,245.4,240.58,238.26,236.56,235.0,234.16,234.54,235.2,237.18
1937,250.32,245.4,240.58,238.26,236.56,235.0,234.16,234.54,235.2,237.18
1938,250.32,245.4,240.58,238.26,236.56,235.0,234.16,234.54,235.2,237.18
1939,250.32,245.4,240.58,238.26,236.56,235.0,234.16,234.54,235.2,237.18
1940,250.32,245.4,240.58,238.26,236.56,235.0,234.16,234.54,235.2,237.18
1941,250.32,245.4,240.58,238.26,236.56,235.0,234.16,234.54,235.2,237.18
1942,250.32,245.4,240.56,238.26,236.56,235.0,234.16,234.52,235.2,237.18
1943,250.32,245.4,240.56,238.26,236.56,235.0,234.16,234.52,235.16,237.18
1944,250.32,245.4,240.56,238.26,236.56,235.0,234.16,234.52,235.16,237.18
1945,250.32,245.4,240.56,238.26,236.56,235.0,234.16,234.52,235.16,237.18
1946,250.32,245.4,240.56,238.26,236.56,235.0,234.16,234.52,235.16,237.16
1947,250.32,245.4,240.56,238.26,236.56,235.0,234.16,234.52,235.16,237.16
1948,250.32,245.4,240.56,238.26,236.56,234.98,234.16,234.52,235.16,237.16
1949,250.32,245.4,240.56,238.26,236.56,234.98,234.16,234.52,235.16,237.14
1950,250.32,245.4,240.56,238.26,236.56,234.98,234.16,234.52,235.16,237.14
1951,250.32,245.4,240.56,238.26,236.56,234.98,234.16,234.52,235.16,237.14
1952,250.32,245.4,240.56,238.24,236.56,234.96,234.16,234.52,235.16,237.12
1953,250.28,245.4,240.56,238.22,236.56,234.96,234.14,234.5,235.16,237.12
1954,250.28,245.4,240.56,238.22,236.56,234.96,234.14,234.5,235.14,237.12
1955,250.28,245.4,240.56,238.22,236.56,234.96,234.14,234.5,235.14,237.12
1956,250.28,245.4,240.56,238.22,236.56,234.96,234.14,234.5,235.14,237.12
1957,250.28,245.4,240.54,238.22,236.56,234.96,234.14,234.5,235.14,237.12
1958,250.28,245.4,240.54,238.22,236.56,234.96,234.14,234.5,235.14,237.12
1959,250.28,245.4,240.54,238.22,236.56,234.96,234.14,234.48,235.14,237.12
1960,250.26,245.4,240.54,238.22,236.56,234.96,234.14,234.48,235.14,237.1
1961,250.26,245.4,240.54,238.2,236.56,234.96,234.14,234.48,235.14,237.1
1962,250.26,245.4,240.54,238.2,236.54,234.96,234.14,234.48,235.14,237.1
1963,250.26,245.4,240.54,238.18,236.54,234.96,234.14,234.48,235.14,237.1
1964,250.26,245.4,240.54,238.18,236.54,234.94,234.14,234.48,235.14,237.1
1965,250.26,245.4,240.54,238.18,236.54,234.94,234.14,234.48,235.1,237.1
1966,250.26,245.4,240.54,238.18,236.54,234.92,234.14,234.48,235.1,237.1
1967,250.26,245.4,240.54,238.18,236.54,234.92,234.14,234.48,235.1,237.1
1968,250.26,245.4,240.54,238.18,236.54,234.92,234.14,234.48,235.1,237.1
1969,250.26,245.4,240.54,238.16,236.54,234.92,234.14,234.44,235.1,237.1
1970,250.26,245.4,240.54,238.16,236.52,234.92,234.14,234.44,235.1,237.1
1971,250.26,245.4,240.54,238.16,236.52,234.92,234.14,234.44,235.1,237.1
1972,250.26,245.4,240.54,238.16,236.52,234.92,234.14,234.44,235.1,237.08
1973,250.26,245.4,240.54,238.16,236.52,234.92,234.14,234.44,235.1,237.08
1974,250.26,245.4,240.54,238.16,236.52,234.92,234.12,234.44,235.1,237.08
1975,250.26,245.4,240.54,238.16,236.52,234.92,234.12,234.44,235.1,237.08
1976,250.26,245.4,240.54,238.16,236.52,234.92,234.12,234.44,235.1,237.08
1977,250.26,245.4,240.54,238.16,236.52,234.92,234.12,234.44,235.1,237.08
1978,250.26,245.4,240.54,238.14,236.52,234.92,234.12,234.42,235.1,237.08
1979,250.26,245.4,240.54,238.14,236.52,234.9,234.12,234.42,235.1,237.04
1980,250.26,245.4,240.54,238.14,236.52,234.9,234.12,234.4,235.08,237.04
1981,250.26,245.4,240.52,238.12,236.52,234.9,234.12,234.4,235.08,237.04
1982,250.26,245.4,240.52,238.12,236.52,234.88,234.12,234.4,235.08,237.04
1983,250.26,245.4,240.52,238.12,236.52,234.88,234.12,234.4,235.08,237.02
1984,250.26,245.4,240.52,238.12,236.52,234.88,234.12,234.4,235.06,237.02
1985,250.26,245.4,240.52,238.08,236.52,234.86,234.12,234.4,235.04,237.02
1986,250.26,245.4,240.52,238.08,236.52,234.86,234.1,234.4,235.04,237.02
1987,250.26,245.4,240.52,238.08,236.52,234.86,234.06,234.4,235.04,237.02
1988,250.26,245.4,240.52,238.08,236.52,234.86,234.06,234.4,235.02,237.02
1989,250.26,245.4,240.48,238.08,236.52,234.86,234.06,234.4,235.02,237.02
1990,250.26,245.4,240.48,238.08,236.52,234.86,234.06,234.4,235.02,237.02
1991,250.26,245.4,240.48,238.08,236.52,234.86,234.06,234.4,235.02,237.02
1992,250.26,245.4,240.48,238.06,236.52,234.86,234.06,234.4,235.02,237.02
1993,250.26,245.4,240.48,238.06,236.52,234.86,234.06,234.4,235.02,237.02
1994,250.26,245.4,240.48,238.06,236.5,234.86,234.04,234.4,235.02,237.02
1995,250.26,245.4,240.46,238.06,236.5,234.86,234.04,234.4,235.02,237.02
1996,250.26,245.4,240.46,238.06,236.48,234.86,234.04,234.4,235.02,237.02
1997,250.26,245.38,240.46,238.06,236.48,234.86,234.04,234.4,235.02,237.02
1998,250.26,245.38,240.46,238.04,236.48,234.86,234.04,234.4,235.02,237.02
1999,250.26,245.38,240.46,238.04,236.48,234.86,234.04,234.4,235.02,237.02
2000,250.26,245.38,240.46,238.04,236.48,234.86,234.02,234.4,235.02,237.02
2001,250.26,245.38,240.46,238.04,236.44,234.86,234.0,234.4,235.02,237.02
2002,250.26,245.38,240.46,238.04,236.44,234.84,234.0,234.4,235.02,237.02
2003,250.26,245.38,240.46,238.04,236.44,234.84,234.0,234.4,235.02,237.02
2004,250.26,245.38,240.46,238.04,236.44,234.84,234.0,234.4,235.02,237.02
2005,250.26,245.38,240.46,238.02,236.44,234.84,233.98,234.38,235.02,237.02
2006,250.26,245.38,240.46,238.02,236.44,234.84,233.98,234.38,235.02,237.02
2007,250.26,245.38,240.46,238.02,236.44,234.84,233.98,234.38,235.02,237.02
2008,250.26,245.38,240.46,238.02,236.44,234.84,233.98,234.38,235.0,237.02
2009,250.26,245.38,240.46,238.02,236.44,234.84,233.98,234.38,235.0,237.02
2010,250.26,245.38,240.44,238.02,236.44,234.84,233.98,234.38,235.0,237.02
2011,250.26,245.38,240.44,238.02,236.44,234.84,233.98,234.38,235.0,237.02
2012,250.26,245.38,240.44,238.02,236.44,234.84,233.98,234.38,234.98,237.02
2013,250.26,245.38,240.44,238.02,236.44,234.84,233.98,234.38,234.98,237.02
2014,250.26,245.38,240.44,238.0,236.44,234.84,233.98,234.38,234.98,237.02
2015,250.26,245.36,240.44,238.0,236.44,234.78,233.98,234.36,234.98,237.02
2016,250.26,245.36,240.44,238.0,236.44,234.78,233.98,234.34,234.98,237.02
2017,250.26,245.36,240.44,238.0,236.44,234.78,233.98,234.34,234.98,237.02
2018,250.26,245.36,240.44,238.0,236.44,234.78,233.98,234.34,234.98,237.02
2019,250.26,245.36,240.44,238.0,236.44,234.78,233.98,234.34,234.98,237.02
2020,250.26,245.36,240.44,238.0,236.44,234.76,233.98,234.34,234.98,237.0
2021,250.26,245.36,240.44,238.0,236.44,234.76,233.98,234.32,234.98,237.0
2022,250.26,245.36,240.44,238.0,236.44,234.76,233.98,234.32,234.98,237.0
2023,250.26,245.34,240.44,238.0,236.44,234.76,233.96,234.32,234.98,237.0
2024,250.26,245.34,240.44,238.0,236.44,234.76,233.96,234.3,234.98,237.0
2025,250.26,245.34,240.44,238.0,236.44,234.76,233.96,234.3,234.98,237.0
2026,250.26,245.34,240.44,238.0,236.44,234.76,233.96,234.3,234.98,237.0
2027,250.26,245.34,240.44,238.0,236.44,234.74,233.96,234.3,234.96,237.0
2028,250.24,245.34,240.44,238.0,236.44,234.74,233.96,234.3,234.96,236.98
2029,250.24,245.34,240.44,237.96,236.44,234.74,233.96,234.3,234.96,236.98
2030,250.24,245.34,240.44,237.94,236.44,234.74,233.96,234.3,234.96,236.98
2031,250.24,245.34,240.44,237.94,236.44,234.74,233.96,234.3,234.96,236.98
2032,250.24,245.34,240.44,237.94,236.44,234.74,233.96,234.3,234.92,236.98
2033,250.24,245.34,240.44,237.92,236.44,234.74,233.96,234.3,234.9,236.98
2034,250.24,245.34,240.44,237.9,236.44,234.74,233.96,234.3,234.9,236.98
2035,250.24,245.34,240.44,237.9,236.44,234.74,233.96,234.3,234.9,236.98
2036,250.24,245.32,240.44,237.88,236.44,234.74,233.96,234.3,234.9,236.98
2037,250.24,245.3,240.44,237.88,236.44,234.74,233.96,234.3,234.9,236.98
2038,250.24,245.3,240.44,237.88,236.44,234.74,233.96,234.3,234.9,236.98
2039,250.24,245.3,240.44,237.88,236.42,234.74,233.96,234.3,234.9,236.98
2040,250.24,245.3,240.44,237.88,236.42,234.74,233.96,234.28,234.9,236.98
2041,250.24,245.3,240.44,237.88,236.42,234.74,233.96,234.28,234.9,236.98
2042,250.24,245.3,240.44,237.88,236.42,234.74,233.96,234.28,234.9,236.98
2043,250.24,245.3,240.44,237.88,236.42,234.74,233.96,234.28,234.9,236.98
2044,250.22,245.3,240.44,237.88,236.42,234.74,233.96,234.26,234.9,236.98
2045,250.22,245.28,240.44,237.88,236.42,234.74,233.96,234.24,234.9,236.96
2046,250.22,245.28,240.44,237.88,236.42,234.72,233.94,234.24,234.9,236.94
2047,250.22,245.28,240.44,237.88,236.42,234.72,233.94,234.24,234.9,236.94
2048,250.22,245.28,240.44,237.88,236.42,234.72,233.94,234.24,234.9,236.9
2049,250.2,245.28,240.44,237.88,236.42,234.72,233.94,234.24,234.9,236.86
2050,250.18,245.28,240.44,237.88,236.42,234.72,233.94,234.24,234.82,236.86
2051,250.18,245.28,240.44,237.88,236.38,234.72,233.94,234.24,234.82,236.86
2052,250.18,245.28,240.44,237.88,236.38,234.72,233.94,234.24,234.82,236.86
2053,250.18,245.28,240.44,237.88,236.38,234.72,233.94,234.24,234.82,236.86
2054,250.18,245.28,240.44,237.88,236.36,234.72,233.94,234.24,234.82,236.86
2055,250.18,245.28,240.44,237.88,236.36,234.72,233.92,234.24,234.78,236.86
2056,250.18,245.28,240.44,237.88,236.36,234.7,233.92,234.24,234.78,236.86
2057,250.18,245.28,240.42,237.88,236.36,234.7,233.92,234.24,234.78,236.86
2058,250.18,245.28,240.42,237.86,236.36,234.7,233.92,234.24,234.78,236.86
2059,250.18,245.28,240.42,237.86,236.36,234.7,233.88,234.24,234.78,236.86
2060,250.18,245.28,240.42,237.86,236.36,234.7,233.88,234.24,234.78,236.86
2061,250.18,245.28,240.42,237.86,236.36,234.68,233.88,234.22,234.78,236.86
2062,250.18,245.28,240.42,237.86,236.36,234.68,233.88,234.22,234.78,236.86
2063,250.18,245.28,240.42,237.86,236.36,234.68,233.88,234.22,234.76,236.86
2064,250.18,245.28,240.4,237.86,236.36,234.68,233.88,234.22,234.76,236.84
2065,250.18,245.28,240.4,237.86,236.36,234.68,233.88,234.22,234.76,236.84
2066,250.18,245.28,240.4,237.86,236.36,234.68,233.88,234.22,234.76,236.84
2067,250.18,245.28,240.4,237.86,236.36,234.68,233.88,234.22,234.72,236.84
2068,250.18,245.28,240.4,237.86,236.36,234.68,233.88,234.22,234.72,236.84
2069,250.18,245.28,240.4,237.86,236.36,234.68,233.88,234.22,234.72,236.84
2070,250.18,245.28,240.4,237.86,236.36,234.64,233.88,234.22,234.72,236.84
2071,250.18,245.28,240.4,237.86,236.36,234.64,233.88,234.22,234.72,236.84
2072,250.18,245.28,240.4,237.86,236.36,234.64,233.88,234.22,234.72,236.84
2073,250.18,245.28,240.4,237.86,236.36,234.64,233.88,234.22,234.7,236.84
2074,250.18,245.28,240.4,237.86,236.36,234.64,233.88,234.22,234.7,236.84
2075,250.18,245.28,240.4,237.86,236.36,234.64,233.88,234.22,234.7,236.84
2076,250.18,245.28,240.4,237.86,236.36,234.64,233.88,234.22,234.68,236.84
2077,250.18,245.28,240.4,237.86,236.36,234.64,233.88,234.2,234.68,236.82
2078,250.18,245.28,240.4,237.86,236.36,234.64,233.88,234.2,234.68,236.82
2079,250.18,245.28,240.4,237.86,236.36,234.64,233.88,234.2,234.68,236.82
2080,250.18,245.28,240.4,237.86,236.36,234.64,233.88,234.2,234.68,236.82
2081,250.18,245.28,240.4,237.86,236.36,234.64,233.88,234.2,234.68,236.82
2082,250.18,245.28,240.4,237.86,236.36,234.64,233.88,234.2,234.66,236.82
2083,250.18,245.28,240.4,237.86,236.36,234.62,233.88,234.18,234.66,236.82
2084,250.18,245.28,240.4,237.86,236.36,234.62,233.88,234.18,234.66,236.82
2085,250.12,245.24,240.4,237.86,236.36,234.62,233.88,234.18,234.66,236.82
2086,250.12,245.24,240.4,237.86,236.36,234.62,233.88,234.18,234.66,236.82
2087,250.12,245.24,240.4,237.86,236.36,234.62,233.88,234.18,234.66,236.82
2088,250.12,245.24,240.4,237.86,236.36,234.62,233.88,234.18,234.58,236.82
2089,250.12,245.24,240.4,237.86,236.36,234.62,233.88,234.18,234.58,236.8
2090,250.12,245.24,240.4,237.86,236.36,234.62,233.88,234.18,234.58,236.8
2091,250.12,245.24,240.4,237.86,236.36,234.62,233.88,234.18,234.58,236.8
2092,250.12,245.24,240.4,237.86,236.36,234.62,233.86,234.18,234.58,236.8
2093,250.12,245.24,240.4,237.86,236.36,234.62,233.86,234.18,234.58,236.8
2094,250.12,245.24,240.4,237.86,236.36,234.62,233.86,234.18,234.58,236.78
2095,250.12,245.24,240.4,237.86,236.36,234.62,233.86,234.18,234.58,236.78
2096,250.12,245.24,240.4,237.86,236.36,234.62,233.84,234.18,234.58,236.78
2097,250.12,245.24,240.4,237.86,236.36,234.62,233.84,234.18,234.58,236.78
2098,250.12,245.24,240.4,237.84,236.36,234.62,233.84,234.18,234.58,236.78
2099,250.12,245.24,240.4,237.84,236.36,234.62,233.84,234.18,234.58,236.78
2100,250.12,245.24,240.4,237.84,236.36,234.62,233.84,234.18,234.58,236.78
2101,250.12,245.24,240.4,237.84,236.36,234.62,233.84,234.18,234.58,236.78
2102,250.12,245.24,240.4,237.84,236.36,234.62,233.84,234.18,234.58,236.78
2103,250.12,245.24,240.4,237.84,236.36,234.62,233.84,234.18,234.58,236.78
2104,250.12,245.24,240.4,237.84,236.36,234.62,233.84,234.18,234.56,236.78
2105,250.12,245.24,240.4,237.84,236.36,234.62,233.84,234.18,234.56,236.78
2106,250.12,245.24,240.4,237.82,236.36,234.62,233.84,234.18,234.56,236.72
2107,250.12,245.24,240.4,237.82,236.36,234.62,233.84,234.18,234.56,236.72
2108,250.12,245.24,240.4,237.82,236.36,234.62,233.84,234.18,234.52,236.68
2109,250.12,245.24,240.4,237.82,236.36,234.62,233.84,234.16,234.5,236.68
2110,250.12,245.24,240.4,237.82,236.36,234.62,233.84,234.16,234.48,236.68
2111,250.12,245.24,240.4,237.82,236.34,234.62,233.84,234.16,234.48,236.66
2112,250.12,245.24,240.4,237.82,236.34,234.6,233.84,234.14,234.48,236.64
2113,250.12,245.24,240.4,237.82,236.34,234.6,233.84,234.14,234.48,236.64
2114,250.12,245.24,240.38,237.78,236.34,234.6,233.84,234.14,234.48,236.64
2115,250.12,245.24,240.38,237.78,236.32,234.6,233.84,234.14,234.48,236.64
2116,250.12,245.24,240.38,237.78,236.32,234.6,233.84,234.12,234.48,236.64
2117,250.12,245.24,240.38,237.78,236.32,234.6,233.84,234.12,234.48,236.64
2118,250.12,245.24,240.38,237.78,236.3,234.6,233.84,234.1,234.48,236.64
2119,250.12,245.24,240.38,237.78,236.3,234.6,233.84,234.1,234.48,236.62
2120,250.12,245.24,240.38,237.78,236.3,234.6,233.84,234.1,234.48,236.62
2121,250.12,245.24,240.36,237.78,236.3,234.6,233.84,234.1,234.48,236.62
2122,250.12,245.24,240.36,237.78,236.3,234.6,233.84,234.08,234.48,236.6
2123,250.12,245.24,240.36,237.78,236.3,234.6,233.84,234.08,234.48,236.6
2124,250.12,245.24,240.36,237.78,236.28,234.6,233.84,234.08,234.48,236.6
2125,250.12,245.24,240.36,237.78,236.28,234.6,233.84,234.08,234.48,236.6
2126,250.12,245.24,240.36,237.78,236.28,234.6,233.84,234.08,234.48,236.6
2127,250.12,245.24,240.36,237.78,236.28,234.58,233.84,234.08,234.48,236.58
2128,250.12,245.24,240.36,237.78,236.28,234.58,233.82,234.08,234.48,236.58
2129,250.12,245.24,240.36,237.78,236.28,234.58,233.82,234.08,234.48,236.58
2130,250.12,245.24,240.36,237.76,236.28,234.56,233.82,234.08,234.48,236.58
2131,250.12,245.24,240.34,237.74,236.28,234.56,233.82,234.08,234.48,236.58
2132,250.12,245.24,240.34,237.72,236.28,234.56,233.82,234.08,234.48,236.58
2133,250.12,245.24,240.34,237.72,236.28,234.56,233.82,234.08,234.48,236.58
2134,250.12,245.24,240.34,237.72,236.28,234.56,233.82,234.08,234.48,236.58
2135,250.12,245.24,240.34,237.72,236.28,234.56,233.8,234.08,234.48,236.56
2136,250.12,245.24,240.34,237.72,236.28,234.56,233.78,234.08,234.48,236.56
2137,250.12,245.24,240.34,237.72,236.28,234.56,233.78,234.08,234.48,236.56
2138,250.12,245.24,240.34,237.72,236.28,234.56,233.78,234.08,234.48,236.56
2139,250.12,245.24,240.34,237.72,236.28,234.56,233.78,234.08,234.48,236.56
2140,250.12,245.24,240.34,237.7,236.28,234.56,233.78,234.08,234.48,236.56
2141,250.12,245.24,240.34,237.7,236.28,234.56,233.78,234.08,234.48,236.56
2142,250.12,245.24,240.34,237.7,236.28,234.56,233.78,234.08,234.48,236.56
2143,250.12,245.24,240.34,237.7,236.28,234.56,233.78,234.08,234.48,236.56
2144,250.12,245.24,240.34,237.68,236.28,234.56,233.78,234.08,234.42,236.56
2145,250.12,245.24,240.34,237.68,236.26,234.56,233.78,234.08,234.42,236.56
2146,250.12,245.24,240.34,237.68,236.26,234.56,233.78,234.08,234.42,236.56
2147,250.12,245.24,240.34,237.68,236.26,234.56,233.76,234.08,234.42,236.56
2148,250.12,245.24,240.34,237.68,236.26,234.56,233.76,234.08,234.42,236.56
2149,250.12,245.24,240.34,237.68,236.26,234.52,233.76,234.08,234.42,236.56
2150,250.12,245.24,240.34,237.68,236.26,234.52,233.76,234.08,234.42,236.56
2151,250.12,245.24,240.34,237.68,236.26,234.52,233.76,234.08,234.42,236.56
2152,250.12,245.24,240.34,237.68,236.26,234.52,233.74,234.08,234.4,236.56
2153,250.12,245.24,240.34,237.68,236.26,234.52,233.74,234.08,234.4,236.56
2154,250.12,245.24,240.34,237.68,236.24,234.52,233.74,234.06,234.4,236.56
2155,250.12,245.24,240.34,237.68,236.24,234.52,233.74,234.06,234.38,236.56
2156,250.12,245.24,240.34,237.68,236.22,234.52,233.74,234.06,234.38,236.56
2157,250.12,245.24,240.34,237.68,236.2,234.52,233.74,234.06,234.38,236.56
2158,250.12,245.24,240.34,237.6,236.2,234.52,233.74,234.06,234.38,236.56
2159,250.12,245.24,240.34,237.6,236.2,234.52,233.74,234.06,234.38,236.56
2160,250.12,245.24,240.32,237.6,236.2,234.52,233.74,234.0,234.38,236.56
2161,250.12,245.24,240.32,237.6,236.2,234.52,233.74,234.0,234.36,236.56
2162,250.12,245.24,240.32,237.6,236.2,234.52,233.74,234.0,234.34,236.56
2163,250.12,245.24,240.32,237.6,236.2,234.52,233.72,234.0,234.34,236.56
2164,250.12,245.24,240.32,237.6,236.2,234.52,233.72,234.0,234.32,236.56
2165,250.12,245.24,240.32,237.6,236.2,234.52,233.72,234.0,234.3,236.56
2166,250.12,245.24,240.32,237.6,236.2,234.52,233.72,234.0,234.3,236.56
2167,250.12,245.24,240.32,237.6,236.2,234.52,233.72,234.0,234.3,236.56
2168,250.12,245.24,240.32,237.6,236.2,234.52,233.72,233.98,234.3,236.56
2169,250.12,245.24,240.32,237.6,236.2,234.52,233.72,233.98,234.3,236.56
2170,250.12,245.24,240.32,237.6,236.2,234.52,233.7,233.98,234.28,236.56
2171,250.12,245.24,240.32,237.6,236.2,234.52,233.7,233.98,234.28,236.56
2172,250.1,245.24,240.32,237.6,236.2,234.52,233.7,233.98,234.28,236.56
2173,250.08,245.24,240.32,237.6,236.2,234.52,233.7,233.98,234.28,236.56
2174,250.04,245.24,240.32,237.6,236.2,234.52,233.66,233.96,234.28,236.54
2175,250.04,245.24,240.32,237.6,236.2,234.52,233.66,233.96,234.28,236.54
2176,250.04,245.24,240.32,237.6,236.2,234.52,233.66,233.96,234.28,236.54
2177,250.04,245.24,240.32,237.6,236.2,234.52,233.66,233.96,234.28,236.54
2178,250.04,245.24,240.32,237.6,236.2,234.52,233.66,233.94,234.26,236.52
2179,250.04,245.24,240.32,237.6,236.2,234.52,233.66,233.94,234.26,236.5
2180,250.04,245.24,240.32,237.6,236.2,234.52,233.66,233.94,234.26,236.48
2181,250.04,245.24,240.32,237.6,236.2,234.52,233.66,233.94,234.26,236.44
2182,250.04,245.24,240.32,237.6,236.2,234.52,233.66,233.94,234.26,236.44
2183,250.04,245.24,240.32,237.6,236.2,234.52,233.66,233.92,234.26,236.44
2184,250.04,245.24,240.32,237.6,236.2,234.5,233.66,233.92,234.26,236.42
2185,250.04,245.24,240.32,237.6,236.2,234.5,233.66,233.92,234.26,236.42
2186,250.04,245.24,240.3,237.6,236.2,234.5,233.66,233.92,234.26,236.42
2187,250.04,245.24,240.3,237.6,236.2,234.5,233.66,233.92,234.26,236.42
2188,250.04,245.24,240.3,237.6,236.2,234.5,233.66,233.92,234.26,236.42
2189,250.04,245.24,240.3,237.6,236.2,234.5,233.64,233.9,234.26,236.42
2190,250.04,245.24,240.3,237.6,236.2,234.5,233.64,233.9,234.26,236.42
2191,250.04,245.24,240.3,237.6,236.2,234.5,233.64,233.88,234.26,236.42
2192,250.04,245.24,240.3,237.6,236.2,234.5,233.64,233.88,234.26,236.42
2193,250.04,245.24,240.3,237.6,236.2,234.5,233.64,233.88,234.26,236.42
2194,250.04,245.24,240.3,237.6,236.2,234.5,233.64,233.86,234.24,236.42
2195,250.04,245.24,240.3,237.6,236.2,234.5,233.64,233.86,234.24,236.42
2196,250.04,245.24,240.3,237.6,236.2,234.5,233.64,233.86,234.24,236.4
2197,250.04,245.24,240.3,237.6,236.2,234.48,233.64,233.86,234.24,236.36
2198,250.02,245.24,240.3,237.6,236.2,234.48,233.64,233.86,234.24,236.36
2199,250.02,245.24,240.3,237.6,236.2,234.48,233.64,233.86,234.24,236.36
2200,250.02,245.24,240.3,237.6,236.2,234.48,233.64,233.86,234.24,236.36
2201,250.02,245.24,240.3,237.6,236.2,234.48,233.64,233.86,234.24,236.36
2202,250.02,245.24,240.3,237.6,236.2,234.48,233.64,233.86,234.24,236.36
2203,250.02,245.24,240.3,237.6,236.2,234.48,233.64,233.86,234.24,236.36
2204,250.02,245.24,240.3,237.6,236.2,234.48,233.64,233.86,234.24,236.36
2205,250.02,245.24,240.3,237.6,236.18,234.48,233.64,233.86,234.24,236.36
2206,250.02,245.24,240.3,237.6,236.18,234.48,233.62,233.86,234.22,236.34
2207,250.02,245.24,240.3,237.6,236.18,234.48,233.62,233.86,234.22,236.34
2208,250.02,245.2,240.3,237.6,236.18,234.48,233.62,233.86,234.22,236.34
2209,250.02,245.2,240.3,237.6,236.18,234.48,233.62,233.86,234.22,236.34
2210,250.0,245.2,240.3,237.6,236.18,234.48,233.62,233.86,234.22,236.34
2211,250.0,245.2,240.3,237.6,236.18,234.48,233.62,233.86,234.2,236.34
2212,250.0,245.2,240.3,237.6,236.18,234.48,233.62,233.86,234.2,236.34
2213,250.0,245.2,240.3,237.6,236.18,234.48,233.62,233.86,234.2,236.32
2214,250.0,245.2,240.3,237.6,236.18,234.46,233.62,233.86,234.2,236.32
2215,250.0,245.2,240.3,237.6,236.18,234.46,233.62,233.86,234.18,236.32
2216,250.0,245.2,240.3,237.6,236.18,234.46,233.6,233.86,234.18,236.32
2217,250.0,245.2,240.3,237.6,236.18,234.46,233.6,233.86,234.18,236.32
2218,250.0,245.2,240.3,237.6,236.18,234.46,233.6,233.86,234.18,236.32
2219,250.0,245.2,240.3,237.6,236.18,234.46,233.6,233.86,234.18,236.32
2220,250.0,245.2,240.3,237.6,236.18,234.46,233.6,233.86,234.18,236.3
2221,250.0,245.2,240.3,237.6,236.18,234.46,233.6,233.86,234.18,236.3
2222,250.0,245.2,240.3,237.6,236.18,234.46,233.6,233.86,234.18,236.3
2223,250.0,245.2,240.3,237.6,236.18,234.46,233.6,233.82,234.18,236.28
2224,250.0,245.2,240.3,237.6,236.18,234.44,233.6,233.82,234.18,236.28
2225,250.0,245.2,240.3,237.6,236.18,234.44,233.6,233.82,234.18,236.28
2226,250.0,245.2,240.3,237.6,236.16,234.44,233.6,233.82,234.18,236.28
2227,250.0,245.2,240.3,237.6,236.14,234.44,233.6,233.82,234.18,236.28
2228,250.0,245.2,240.28,237.6,236.14,234.44,233.6,233.82,234.18,236.28
2229,250.0,245.2,240.28,237.6,236.14,234.42,233.6,233.8,234.18,236.28
2230,250.0,245.2,240.28,237.6,236.14,234.42,233.6,233.8,234.18,236.28
2231,250.0,245.2,240.28,237.6,236.12,234.42,233.56,233.8,234.18,236.28
2232,250.0,245.2,240.28,237.6,236.12,234.42,233.56,233.8,234.18,236.26
2233,250.0,245.2,240.28,237.56,236.12,234.42,233.56,233.8,234.18,236.26
2234,250.0,245.2,240.28,237.56,236.1,234.42,233.56,233.8,234.18,236.26
2235,250.0,245.2,240.28,237.56,236.1,234.4,233.56,233.8,234.18,236.26
2236,250.0,245.2,240.28,237.56,236.1,234.4,233.56,233.8,234.18,236.24
2237,250.0,245.2,240.28,237.56,236.08,234.4,233.56,233.8,234.18,236.24
2238,250.0,245.2,240.28,237.56,236.08,234.4,233.54,233.8,234.18,236.24
2239,250.0,245.2,240.28,237.56,236.08,234.38,233.54,233.8,234.18,236.22
2240,250.0,245.2,240.28,237.56,236.08,234.38,233.54,233.8,234.18,236.22
2241,250.0,245.16,240.28,237.56,236.08,234.38,233.54,233.8,234.18,236.22
2242,250.0,245.16,240.28,237.56,236.08,234.38,233.54,233.8,234.18,236.22
2243,250.0,245.16,240.28,237.56,236.08,234.38,233.54,233.8,234.18,236.22
2244,250.0,245.16,240.28,237.56,236.08,234.38,233.54,233.8,234.16,236.22
2245,250.0,245.16,240.28,237.56,236.08,234.38,233.5,233.8,234.16,236.22
2246,250.0,245.16,240.28,237.56,236.06,234.38,233.5,233.8,234.16,236.2
2247,250.0,245.16,240.28,237.56,236.06,234.38,233.5,233.8,234.16,236.2
2248,250.0,245.16,240.28,237.56,236.06,234.38,233.5,233.8,234.16,236.2
2249,250.0,245.14,240.28,237.56,236.06,234.36,233.5,233.8,234.16,236.2
2250,250.0,245.14,240.28,237.56,236.06,234.36,233.48,233.8,234.16,236.2
2251,250.0,245.14,240.28,237.56,236.06,234.36,233.48,233.8,234.16,236.2
2252,250.0,245.14,240.28,237.56,236.06,234.36,233.48,233.8,234.16,236.2
2253,250.0,245.14,240.28,237.54,236.06,234.36,233.48,233.8,234.16,236.2
2254,250.0,245.14,240.28,237.54,236.06,234.36,233.48,233.8,234.16,236.2
2255,250.0,245.14,240.28,237.54,236.06,234.36,233.48,233.8,234.1,236.2
2256,250.0,245.14,240.28,237.54,236.06,234.36,233.48,233.8,234.1,236.2
2257,250.0,245.14,240.28,237.54,236.06,234.36,233.48,233.8,234.1,236.2
2258,250.0,245.14,240.28,237.54,236.06,234.36,233.46,233.8,234.1,236.2
2259,250.0,245.12,240.28,237.52,236.06,234.36,233.46,233.8,234.1,236.2
2260,250.0,245.12,240.28,237.52,236.06,234.36,233.46,233.8,234.1,236.2
2261,250.0,245.12,240.28,237.52,236.06,234.36,233.46,233.8,234.1,236.2
2262,250.0,245.12,240.28,237.52,236.06,234.36,233.46,233.8,234.1,236.2
2263,250.0,245.12,240.28,237.52,236.06,234.32,233.46,233.8,234.1,236.2
2264,250.0,245.12,240.28,237.52,236.06,234.32,233.46,233.8,234.1,236.2
2265,250.0,245.12,240.28,237.52,236.06,234.32,233.44,233.8,234.1,236.2
2266,250.0,245.12,240.28,237.52,236.06,234.32,233.44,233.8,234.1,236.2
2267,250.0,245.12,240.28,237.52,236.06,234.32,233.44,233.8,234.1,236.2
2268,250.0,245.12,240.28,237.52,236.06,234.32,233.44,233.8,234.1,236.2
2269,250.0,245.12,240.28,237.52,236.06,234.32,233.44,233.8,234.1,236.2
2270,250.0,245.12,240.28,237.52,236.06,234.32,233.44,233.8,234.1,236.2
2271,250.0,245.12,240.28,237.52,236.06,234.32,233.44,233.8,234.1,236.2
2272,250.0,245.12,240.26,237.52,236.06,234.32,233.44,233.8,234.1,236.2
2273,250.0,245.12,240.26,237.52,236.06,234.32,233.44,233.8,234.1,236.2
2274,250.0,245.12,240.26,237.52,236.06,234.32,233.44,233.8,234.1,236.2
2275,250.0,245.12,240.26,237.52,236.06,234.32,233.44,233.78,234.1,236.2
2276,250.0,245.12,240.26,237.52,236.06,234.32,233.44,233.78,234.1,236.2
2277,250.0,245.12,240.24,237.52,236.06,234.32,233.44,233.78,234.1,236.2
2278,250.0,245.12,240.24,237.52,236.06,234.32,233.44,233.78,234.1,236.2
2279,250.0,245.12,240.24,237.52,236.06,234.32,233.44,233.78,234.1,236.2
2280,250.0,245.12,240.24,237.52,236.02,234.32,233.44,233.78,234.1,236.2
2281,250.0,245.12,240.24,237.52,236.02,234.32,233.44,233.78,234.08,236.2
2282,250.0,245.12,240.24,237.52,236.02,234.32,233.44,233.78,234.06,236.2
2283,250.0,245.12,240.24,237.52,236.02,234.32,233.44,233.78,234.06,236.2
2284,250.0,245.12,240.24,237.52,236.02,234.32,233.44,233.78,234.06,236.2
2285,250.0,245.12,240.24,237.52,236.02,234.32,233.44,233.78,234.06,236.18
2286,250.0,245.12,240.24,237.5,236.02,234.32,233.44,233.78,234.06,236.18
2287,250.0,245.12,240.24,237.5,236.02,234.32,233.42,233.78,234.06,236.18
2288,250.0,245.12,240.24,237.5,236.02,234.32,233.42,233.78,234.06,236.18
2289,250.0,245.12,240.24,237.5,236.02,234.32,233.42,233.78,234.06,236.18
2290,250.0,245.12,240.24,237.5,236.02,234.32,233.42,233.78,234.06,236.18
2291,250.0,245.12,240.22,237.5,236.02,234.32,233.42,233.78,234.06,236.18
2292,250.0,245.12,240.22,237.5,236.02,234.3,233.42,233.78,234.06,236.18
2293,250.0,245.12,240.22,237.5,236.02,234.3,233.42,233.78,234.06,236.16
2294,250.0,245.12,240.22,237.5,236.02,234.3,233.42,233.78,234.06,236.16
2295,250.0,245.12,240.22,237.5,236.02,234.3,233.42,233.78,234.06,236.16
2296,250.0,245.12,240.22,237.5,236.02,234.3,233.42,233.76,234.06,236.16
2297,250.0,245.12,240.22,237.5,236.02,234.3,233.4,233.76,234.06,236.16
2298,250.0,245.12,240.22,237.5,236.02,234.3,233.4,233.76,234.06,236.16
2299,250.0,245.12,240.22,237.5,236.02,234.3,233.4,233.74,234.06,236.16
2300,250.0,245.12,240.2,237.5,236.02,234.3,233.4,233.74,234.06,236.14
2301,250.0,245.12,240.2,237.5,236.02,234.3,233.4,233.74,234.06,236.14
2302,250.0,245.12,240.18,237.5,236.02,234.28,233.4,233.72,234.06,236.14
2303,250.0,245.12,240.18,237.5,236.02,234.28,233.38,233.72,234.06,236.14
2304,250.0,245.12,240.18,237.5,236.02,234.28,233.38,233.72,234.06,236.14
2305,250.0,245.12,240.18,237.5,236.02,234.26,233.36,233.72,234.06,236.14
2306,250.0,245.12,240.18,237.5,236.02,234.26,233.36,233.72,234.06,236.12
2307,250.0,245.12,240.18,237.5,236.02,234.26,233.36,233.72,234.06,236.12
2308,250.0,245.12,240.18,237.5,236.02,234.26,233.36,233.72,234.06,236.12
2309,250.0,245.12,240.18,237.5,236.02,234.26,233.36,233.7,234.06,236.12
2310,250.0,245.12,240.18,237.5,236.02,234.26,233.36,233.7,234.06,236.12
2311,250.0,245.12,240.18,237.5,236.02,234.26,233.36,233.7,234.06,236.12
2312,250.0,245.12,240.18,237.5,236.02,234.26,233.36,233.7,234.06,236.12
2313,250.0,245.12,240.18,237.5,236.02,234.26,233.36,233.7,234.06,236.12
2314,249.94,245.12,240.18,237.5,236.02,234.26,233.36,233.7,234.06,236.12
2315,249.94,245.12,240.18,237.5,236.02,234.26,233.36,233.7,234.06,236.12
2316,249.94,245.12,240.18,237.5,236.02,234.26,233.36,233.7,234.06,236.12
2317,249.94,245.12,240.18,237.5,236.02,234.26,233.36,233.7,234.06,236.12
2318,249.94,245.12,240.18,237.5,236.02,234.26,233.36,233.7,234.06,236.12
2319,249.94,245.12,240.18,237.5,236.02,234.26,233.36,233.7,234.06,236.12
2320,249.94,245.12,240.18,237.5,236.02,234.26,233.36,233.7,234.06,236.12
2321,249.94,245.12,240.18,237.5,236.02,234.26,233.36,233.7,234.06,236.12
2322,249.94,245.12,240.18,237.5,236.02,234.26,233.36,233.7,234.06,236.12
2323,249.94,245.12,240.18,237.5,236.02,234.26,233.36,233.7,234.06,236.12
2324,249.94,245.12,240.18,237.5,236.02,234.26,233.36,233.7,234.04,236.12
2325,249.94,245.12,240.18,237.5,236.02,234.26,233.36,233.7,234.04,236.12
2326,249.94,245.12,240.16,237.5,236.02,234.26,233.36,233.7,234.04,236.12
2327,249.94,245.12,240.16,237.5,236.02,234.26,233.36,233.68,234.04,236.12
2328,249.94,245.12,240.16,237.5,236.02,234.26,233.36,233.68,234.04,236.12
2329,249.94,245.12,240.16,237.5,236.02,234.26,233.36,233.68,234.04,236.12
2330,249.94,245.12,240.16,237.48,236.02,234.26,233.36,233.68,234.04,236.12
2331,249.94,245.12,240.16,237.48,236.02,234.26,233.36,233.68,234.04,236.12
2332,249.94,245.12,240.16,237.48,236.02,234.26,233.36,233.68,234.04,236.12
2333,249.94,245.12,240.16,237.48,236.02,234.26,233.36,233.68,234.04,236.12
2334,249.94,245.12,240.16,237.48,236.02,234.26,233.34,233.68,234.04,236.12
2335,249.94,245.12,240.16,237.48,236.02,234.26,233.34,233.68,234.04,236.12
2336,249.94,245.12,240.16,237.48,236.02,234.26,233.34,233.68,234.04,236.12
2337,249.94,245.12,240.16,237.48,236.02,234.26,233.34,233.68,234.04,236.12
2338,249.94,245.12,240.16,237.48,236.02,234.26,233.34,233.68,234.04,236.12
2339,249.94,245.12,240.16,237.48,236.02,234.26,233.34,233.68,234.04,236.12
2340,249.94,245.12,240.16,237.48,236.02,234.26,233.32,233.68,234.04,236.12
2341,249.94,245.12,240.16,237.48,236.02,234.26,233.32,233.68,234.04,236.12
2342,249.94,245.12,240.16,237.48,236.02,234.26,233.32,233.68,234.04,236.12
2343,249.94,245.12,240.16,237.48,236.02,234.26,233.32,233.68,234.04,236.12
2344,249.94,245.12,240.16,237.48,236.02,234.26,233.32,233.68,234.04,236.12
2345,249.94,245.12,240.16,237.48,236.02,234.26,233.32,233.66,234.04,236.1
2346,249.94,245.12,240.16,237.48,236.02,234.26,233.32,233.64,234.04,236.1
2347,249.94,245.12,240.16,237.48,236.02,234.26,233.32,233.64,234.04,236.06
2348,249.94,245.12,240.16,237.48,236.02,234.26,233.32,233.64,234.04,236.06
2349,249.94,245.12,240.16,237.48,236.02,234.26,233.32,233.64,234.04,236.06
2350,249.94,245.12,240.16,237.48,236.02,234.26,233.3,233.64,234.04,236.06
2351,249.94,245.12,240.16,237.48,236.02,234.26,233.3,233.64,234.04,236.04
2352,249.9,245.12,240.16,237.48,236.02,234.26,233.3,233.64,234.04,236.04
2353,249.9,245.12,240.16,237.48,236.02,234.26,233.3,233.64,234.04,236.02
2354,249.9,245.12,240.16,237.48,236.02,234.26,233.3,233.64,234.04,236.02
2355,249.9,245.12,240.16,237.48,236.02,234.26,233.3,233.64,234.04,236.02
2356,249.9,245.12,240.16,237.48,236.02,234.26,233.3,233.64,234.04,236.02
2357,249.9,245.12,240.16,237.48,236.02,234.24,233.3,233.64,234.04,236.02
2358,249.9,245.12,240.16,237.48,236.02,234.24,233.28,233.62,234.04,236.02
2359,249.9,245.12,240.16,237.48,236.02,234.24,233.28,233.62,234.04,236.02
2360,249.9,245.1,240.16,237.48,236.02,234.22,233.28,233.62,234.04,236.0
2361,249.9,245.1,240.16,237.48,236.02,234.22,233.28,233.62,234.04,236.0
2362,249.9,245.1,240.16,237.48,236.0,234.22,233.28,233.62,234.04,236.0
2363,249.9,245.1,240.16,237.48,236.0,234.22,233.28,233.62,234.04,236.0
2364,249.9,245.1,240.16,237.48,236.0,234.22,233.28,233.62,234.04,236.0
2365,249.9,245.1,240.16,237.48,236.0,234.22,233.28,233.62,234.04,236.0
2366,249.9,245.1,240.16,237.48,236.0,234.22,233.28,233.62,234.04,236.0
2367,249.9,245.1,240.16,237.46,236.0,234.22,233.28,233.62,234.04,236.0
2368,249.9,245.1,240.16,237.46,236.0,234.22,233.28,233.62,234.04,236.0
2369,249.9,245.1,240.16,237.46,236.0,234.22,233.28,233.62,234.04,236.0
2370,249.9,245.1,240.16,237.46,236.0,234.22,233.28,233.62,234.04,236.0
2371,249.9,245.1,240.16,237.46,236.0,234.22,233.28,233.62,234.04,236.0
2372,249.9,245.08,240.16,237.46,236.0,234.22,233.28,233.62,234.02,236.0
2373,249.9,245.08,240.16,237.44,236.0,234.22,233.28,233.6,234.02,235.98
2374,249.9,245.08,240.16,237.44,235.98,234.22,233.28,233.6,234.02,235.98
2375,249.9,245.08,240.16,237.44,235.98,234.22,233.28,233.6,234.02,235.98
2376,249.82,245.08,240.16,237.44,235.96,234.22,233.28,233.6,234.02,235.98
2377,249.82,245.08,240.16,237.44,235.96,234.22,233.26,233.6,234.02,235.98
2378,249.82,245.08,240.16,237.44,235.96,234.22,233.26,233.6,234.02,235.98
2379,249.82,245.08,240.16,237.44,235.96,234.22,233.24,233.6,234.02,235.96
2380,249.82,245.08,240.16,237.44,235.96,234.22,233.24,233.6,234.02,235.96
2381,249.82,245.08,240.16,237.42,235.96,234.22,233.24,233.6,234.02,235.96
2382,249.82,245.08,240.16,237.4,235.96,234.22,233.24,233.6,234.02,235.94
2383,249.82,245.08,240.16,237.38,235.94,234.22,233.24,233.6,234.02,235.94
2384,249.82,245.08,240.16,237.38,235.94,234.18,233.22,233.6,234.02,235.94
2385,249.82,245.08,240.16,237.38,235.94,234.18,233.22,233.6,234.02,235.94
2386,249.82,245.08,240.16,237.38,235.94,234.18,233.22,233.6,234.02,235.94
2387,249.82,245.08,240.16,237.38,235.94,234.18,233.22,233.6,234.02,235.94
2388,249.82,245.08,240.16,237.38,235.94,234.18,233.22,233.6,234.02,235.94
2389,249.82,245.08,240.16,237.38,235.94,234.18,233.22,233.56,234.02,235.92
2390,249.82,245.08,240.16,237.38,235.94,234.18,233.22,233.56,234.02,235.92
2391,249.82,245.08,240.16,237.38,235.94,234.18,233.22,233.56,234.02,235.92
2392,249.82,245.08,240.16,237.38,235.94,234.18,233.22,233.56,234.02,235.92
2393,249.82,245.02,240.16,237.38,235.94,234.18,233.22,233.56,234.02,235.9
2394,249.82,245.02,240.16,237.38,235.94,234.18,233.22,233.56,234.02,235.9
2395,249.82,245.02,240.16,237.38,235.94,234.18,233.22,233.54,234.02,235.88
2396,249.82,245.02,240.16,237.38,235.94,234.18,233.22,233.54,234.02,235.88
2397,249.82,245.02,240.16,237.38,235.94,234.18,233.22,233.54,234.02,235.88
2398,249.82,245.02,240.16,237.38,235.94,234.18,233.22,233.52,234.02,235.88
2399,249.82,245.02,240.16,237.38,235.94,234.18,233.22,233.52,234.02,235.86
2400,249.82,245.0,240.16,237.38,235.92,234.18,233.22,233.5,234.02,235.86
2401,249.82,245.0,240.16,237.38,235.92,234.18,233.22,233.5,234.02,235.86
2402,249.82,245.0,240.16,237.38,235.92,234.18,233.22,233.48,234.02,235.86
2403,249.82,245.0,240.16,237.38,235.92,234.18,233.22,233.48,234.02,235.86
2404,249.82,245.0,240.16,237.38,235.92,234.18,233.22,233.48,234.02,235.86
2405,249.82,245.0,240.16,237.38,235.92,234.18,233.22,233.48,234.02,235.84
2406,249.82,245.0,240.16,237.38,235.92,234.18,233.22,233.48,234.02,235.82
2407,249.82,245.0,240.14,237.38,235.92,234.18,233.22,233.48,234.02,235.82
2408,249.82,245.0,240.14,237.38,235.92,234.18,233.22,233.48,234.02,235.82
2409,249.82,245.0,240.14,237.38,235.92,234.18,233.22,233.48,234.02,235.82
2410,249.82,245.0,240.14,237.38,235.92,234.18,233.22,233.44,234.02,235.82
2411,249.82,245.0,240.12,237.38,235.92,234.18,233.22,233.44,234.02,235.82
2412,249.82,245.0,240.12,237.38,235.92,234.18,233.22,233.44,234.02,235.82
2413,249.82,245.0,240.12,237.38,235.92,234.18,233.22,233.44,234.02,235.82
2414,249.82,245.0,240.12,237.38,235.92,234.18,233.22,233.44,234.02,235.8
2415,249.82,245.0,240.12,237.38,235.92,234.18,233.22,233.44,234.02,235.8
2416,249.82,245.0,240.12,237.38,235.92,234.18,233.18,233.44,234.0,235.78
2417,249.82,244.98,240.12,237.38,235.92,234.18,233.18,233.44,234.0,235.78
2418,249.82,244.98,240.12,237.38,235.92,234.18,233.18,233.44,234.0,235.78
2419,249.82,244.98,240.12,237.38,235.92,234.18,233.18,233.44,234.0,235.78
2420,249.82,244.98,240.12,237.38,235.92,234.18,233.18,233.44,234.0,235.78
2421,249.82,244.98,240.12,237.38,235.92,234.18,233.18,233.44,234.0,235.78
2422,249.82,244.98,240.12,237.38,235.92,234.16,233.18,233.44,234.0,235.78
2423,249.82,244.98,240.12,237.38,235.92,234.16,233.18,233.44,234.0,235.78
2424,249.82,244.96,240.12,237.38,235.92,234.16,233.18,233.44,234.0,235.78
2425,249.82,244.96,240.12,237.38,235.92,234.16,233.18,233.44,234.0,235.78
2426,249.82,244.96,240.12,237.38,235.92,234.16,233.18,233.44,234.0,235.78
2427,249.82,244.96,240.12,237.38,235.92,234.16,233.18,233.44,234.0,235.78
2428,249.82,244.96,240.12,237.38,235.92,234.16,233.18,233.44,234.0,235.76
2429,249.82,244.96,240.12,237.38,235.92,234.14,233.18,233.44,234.0,235.76
2430,249.82,244.96,240.12,237.38,235.92,234.14,233.18,233.44,234.0,235.76
2431,249.8,244.96,240.12,237.38,235.92,234.14,233.18,233.44,233.98,235.76
2432,249.8,244.96,240.12,237.38,235.92,234.14,233.18,233.44,233.96,235.76
2433,249.8,244.94,240.12,237.38,235.92,234.14,233.18,233.42,233.96,235.76
2434,249.8,244.94,240.12,237.38,235.92,234.14,233.18,233.42,233.96,235.72
2435,249.8,244.94,240.12,237.38,235.92,234.14,233.18,233.42,233.96,235.72
2436,249.8,244.94,240.12,237.38,235.92,234.14,233.18,233.42,233.96,235.72
2437,249.8,244.94,240.12,237.38,235.92,234.14,233.18,233.42,233.96,235.72
2438,249.8,244.94,240.1,237.38,235.92,234.14,233.18,233.42,233.96,235.72
2439,249.8,244.94,240.1,237.38,235.92,234.14,233.18,233.42,233.96,235.72
2440,249.8,244.94,240.1,237.38,235.92,234.14,233.18,233.38,233.96,235.72
2441,249.8,244.94,240.1,237.38,235.92,234.14,233.16,233.36,233.96,235.7
2442,249.8,244.94,240.1,237.38,235.92,234.14,233.16,233.36,233.96,235.7
2443,249.78,244.94,240.1,237.38,235.92,234.14,233.16,233.36,233.94,235.7
2444,249.78,244.94,240.08,237.36,235.92,234.14,233.16,233.36,233.94,235.7
2445,249.76,244.94,240.08,237.36,235.92,234.14,233.16,233.36,233.94,235.7
2446,249.76,244.94,240.08,237.36,235.92,234.14,233.14,233.36,233.94,235.7
2447,249.76,244.94,240.08,237.36,235.92,234.14,233.14,233.36,233.94,235.7
2448,249.76,244.94,240.08,237.36,235.92,234.14,233.14,233.36,233.92,235.68
2449,249.76,244.94,240.08,237.36,235.92,234.14,233.14,233.36,233.92,235.66
2450,249.76,244.94,240.08,237.36,235.92,234.14,233.14,233.36,233.92,235.66
2451,249.76,244.94,240.08,237.36,235.92,234.14,233.14,233.36,233.92,235.66
2452,249.76,244.94,240.08,237.36,235.92,234.14,233.14,233.34,233.92,235.64
2453,249.76,244.94,240.08,237.32,235.92,234.14,233.14,233.34,233.92,235.64
2454,249.76,244.94,240.08,237.32,235.92,234.14,233.14,233.34,233.92,235.64
2455,249.76,244.94,240.08,237.32,235.92,234.14,233.14,233.3,233.92,235.64
2456,249.76,244.94,240.08,237.32,235.9,234.14,233.14,233.3,233.92,235.64
2457,249.76,244.94,240.08,237.32,235.88,234.14,233.14,233.3,233.92,235.64
2458,249.76,244.94,240.08,237.32,235.88,234.14,233.14,233.3,233.92,235.64
2459,249.76,244.94,240.08,237.32,235.88,234.14,233.14,233.3,233.92,235.64
2460,249.76,244.92,240.08,237.32,235.88,234.14,233.14,233.3,233.92,235.64
2461,249.76,244.92,240.08,237.32,235.88,234.14,233.14,233.3,233.92,235.64
2462,249.76,244.92,240.08,237.32,235.88,234.14,233.14,233.3,233.92,235.62
2463,249.76,244.92,240.08,237.32,235.86,234.14,233.14,233.3,233.92,235.62
2464,249.76,244.92,240.08,237.32,235.86,234.14,233.14,233.3,233.92,235.62
2465,249.76,244.92,240.08,237.32,235.86,234.14,233.14,233.3,233.92,235.62
2466,249.76,244.92,240.08,237.32,235.86,234.14,233.14,233.3,233.92,235.62
2467,249.76,244.92,240.08,237.32,235.86,234.14,233.14,233.3,233.92,235.62
2468,249.76,244.92,240.08,237.32,235.86,234.14,233.14,233.3,233.92,235.62
2469,249.76,244.92,240.08,237.32,235.86,234.14,233.14,233.3,233.92,235.62
2470,249.76,244.92,240.08,237.32,235.86,234.14,233.14,233.28,233.92,235.62
2471,249.76,244.92,240.08,237.32,235.86,234.14,233.14,233.28,233.92,235.62
2472,249.76,244.92,240.08,237.32,235.86,234.14,233.14,233.28,233.92,235.62
2473,249.76,244.92,240.08,237.32,235.86,234.14,233.14,233.28,233.92,235.62
2474,249.76,244.92,240.08,237.32,235.86,234.14,233.14,233.28,233.92,235.62
2475,249.76,244.92,240.08,237.32,235.86,234.12,233.14,233.28,233.92,235.62
2476,249.74,244.92,240.08,237.32,235.86,234.12,233.12,233.28,233.92,235.62
2477,249.74,244.92,240.08,237.32,235.86,234.12,233.12,233.26,233.92,235.6
2478,249.74,244.92,240.08,237.32,235.86,234.12,233.12,233.26,233.92,235.6
2479,249.74,244.92,240.08,237.32,235.86,234.12,233.12,233.26,233.92,235.6
2480,249.74,244.92,240.08,237.32,235.86,234.12,233.12,233.26,233.92,235.6
2481,249.74,244.92,240.08,237.32,235.86,234.12,233.12,233.26,233.92,235.6
2482,249.74,244.92,240.08,237.32,235.86,234.12,233.12,233.26,233.92,235.6
2483,249.74,244.92,240.08,237.32,235.86,234.12,233.12,233.26,233.92,235.6
2484,249.74,244.92,240.08,237.32,235.86,234.12,233.12,233.26,233.92,235.58
2485,249.74,244.92,240.08,237.32,235.86,234.12,233.12,233.26,233.92,235.58
2486,249.74,244.9,240.08,237.32,235.86,234.12,233.12,233.26,233.92,235.58
2487,249.74,244.9,240.08,237.32,235.86,234.12,233.12,233.26,233.92,235.58
2488,249.74,244.9,240.08,237.32,235.86,234.12,233.12,233.26,233.92,235.58
2489,249.74,244.9,240.08,237.32,235.86,234.12,233.12,233.26,233.92,235.58
2490,249.74,244.88,240.08,237.32,235.86,234.12,233.12,233.26,233.92,235.58
2491,249.74,244.88,240.08,237.32,235.84,234.12,233.12,233.26,233.92,235.58
2492,249.74,244.88,240.08,237.32,235.84,234.12,233.12,233.26,233.92,235.58
2493,249.74,244.88,240.08,237.32,235.84,234.12,233.12,233.26,233.92,235.58
2494,249.74,244.88,240.08,237.32,235.84,234.12,233.12,233.26,233.92,235.58
2495,249.74,244.88,240.08,237.32,235.84,234.12,233.12,233.26,233.92,235.58
2496,249.74,244.88,240.08,237.32,235.84,234.12,233.12,233.26,233.92,235.56
2497,249.74,244.88,240.08,237.3,235.84,234.12,233.12,233.26,233.92,235.56
2498,249.74,244.88,240.08,237.28,235.84,234.12,233.12,233.24,233.92,235.56
2499,249.74,244.88,240.08,237.28,235.84,234.12,233.1,233.24,233.92,235.56
2500,249.74,244.88,240.08,237.28,235.84,234.12,233.1,233.24,233.92,235.56
2501,249.74,244.88,240.08,237.28,235.84,234.12,233.1,233.24,233.92,235.54
2502,249.74,244.88,240.08,237.28,235.84,234.12,233.1,233.24,233.92,235.54
2503,249.74,244.88,240.08,237.28,235.8,234.12,233.1,233.24,233.92,235.54
2504,249.74,244.88,240.08,237.28,235.8,234.12,233.1,233.24,233.92,235.54
2505,249.74,244.88,240.08,237.28,235.8,234.12,233.1,233.24,233.92,235.54
2506,249.74,244.88,240.08,237.28,235.8,234.12,233.1,233.24,233.92,235.54
2507,249.74,244.88,240.08,237.28,235.8,234.12,233.1,233.24,233.92,235.54
2508,249.74,244.88,240.08,237.28,235.8,234.12,233.1,233.24,233.92,235.54
2509,249.74,244.88,240.08,237.28,235.8,234.12,233.1,233.24,233.92,235.54
2510,249.74,244.88,240.08,237.28,235.8,234.1,233.1,233.24,233.92,235.48
2511,249.74,244.88,240.08,237.28,235.8,234.1,233.1,233.24,233.92,235.48
2512,249.74,244.88,240.08,237.28,235.8,234.1,233.1,233.24,233.92,235.48
2513,249.74,244.88,240.08,237.28,235.8,234.1,233.1,233.24,233.92,235.46
2514,249.74,244.88,240.08,237.28,235.8,234.1,233.06,233.24,233.92,235.46
2515,249.74,244.88,240.08,237.28,235.8,234.1,233.06,233.24,233.92,235.46
2516,249.74,244.88,240.08,237.28,235.8,234.1,233.06,233.24,233.9,235.46
2517,249.74,244.86,240.08,237.28,235.8,234.08,233.0,233.24,233.9,235.46
2518,249.74,244.86,240.08,237.28,235.8,234.08,233.0,233.24,233.9,235.46
2519,249.74,244.86,240.08,237.26,235.8,234.08,233.0,233.24,233.9,235.46
2520,249.74,244.86,240.08,237.26,235.8,234.08,233.0,233.24,233.9,235.46
2521,249.74,244.86,240.08,237.26,235.8,234.08,233.0,233.24,233.9,235.46
2522,249.74,244.86,240.08,237.26,235.8,234.08,233.0,233.24,233.9,235.46
2523,249.74,244.86,240.08,237.26,235.8,234.06,233.0,233.24,233.9,235.46
2524,249.74,244.86,240.08,237.26,235.8,234.06,233.0,233.24,233.9,235.46
2525,249.74,244.86,240.08,237.26,235.8,234.06,233.0,233.24,233.9,235.46
2526,249.74,244.86,240.08,237.26,235.8,234.06,233.0,233.24,233.9,235.46
2527,249.74,244.86,240.08,237.26,235.8,234.06,233.0,233.24,233.9,235.46
2528,249.74,244.86,240.08,237.26,235.8,234.04,233.0,233.24,233.9,235.46
2529,249.74,244.86,240.08,237.26,235.8,234.04,233.0,233.24,233.9,235.44
2530,249.74,244.86,240.08,237.26,235.8,234.04,233.0,233.2,233.9,235.44
2531,249.74,244.84,240.08,237.26,235.8,234.02,233.0,233.2,233.9,235.44
2532,249.74,244.84,240.08,237.26,235.8,234.02,233.0,233.2,233.9,235.44
2533,249.74,244.84,240.08,237.26,235.8,234.02,233.0,233.2,233.9,235.42
2534,249.74,244.84,240.08,237.26,235.8,234.02,233.0,233.2,233.9,235.42
2535,249.74,244.84,240.08,237.26,235.8,234.02,233.0,233.2,233.9,235.42
2536,249.74,244.84,240.08,237.26,235.8,234.02,233.0,233.2,233.9,235.42
2537,249.74,244.84,240.08,237.26,235.8,234.0,233.0,233.2,233.9,235.42
2538,249.74,244.84,240.08,237.26,235.8,234.0,233.0,233.18,233.9,235.42
2539,249.74,244.84,240.08,237.26,235.8,234.0,233.0,233.18,233.9,235.42
2540,249.74,244.84,240.08,237.26,235.8,234.0,233.0,233.18,233.9,235.42
2541,249.74,244.84,240.08,237.26,235.8,234.0,233.0,233.18,233.9,235.42
2542,249.74,244.82,240.08,237.26,235.8,234.0,233.0,233.18,233.88,235.42
2543,249.74,244.82,240.08,237.26,235.8,234.0,233.0,233.18,233.88,235.42
2544,249.74,244.82,240.08,237.26,235.8,234.0,233.0,233.18,233.88,235.42
2545,249.74,244.82,240.08,237.26,235.8,234.0,233.0,233.18,233.88,235.42
2546,249.74,244.82,240.08,237.26,235.8,234.0,233.0,233.18,233.88,235.42
2547,249.7,244.82,240.08,237.26,235.78,234.0,232.94,233.18,233.88,235.42
2548,249.7,244.82,240.08,237.26,235.78,234.0,232.92,233.18,233.88,235.42
2549,249.7,244.82,240.08,237.26,235.78,234.0,232.92,233.18,233.88,235.42
2550,249.7,244.82,240.08,237.26,235.78,234.0,232.92,233.18,233.88,235.42
2551,249.7,244.82,240.08,237.26,235.78,234.0,232.92,233.18,233.88,235.42
2552,249.7,244.82,240.08,237.26,235.78,234.0,232.92,233.18,233.88,235.42
2553,249.7,244.82,240.08,237.26,235.78,234.0,232.92,233.18,233.88,235.42
2554,249.7,244.82,240.08,237.26,235.78,234.0,232.92,233.18,233.88,235.42
2555,249.7,244.82,240.08,237.26,235.78,234.0,232.92,233.18,233.88,235.42
2556,249.7,244.82,240.08,237.26,235.78,234.0,232.92,233.18,233.88,235.42
2557,249.7,244.82,240.08,237.26,235.78,234.0,232.92,233.18,233.88,235.42
2558,249.7,244.82,240.08,237.26,235.78,234.0,232.92,233.18,233.86,235.42
2559,249.7,244.82,240.08,237.26,235.76,234.0,232.92,233.18,233.86,235.42
2560,249.7,244.82,240.08,237.26,235.76,234.0,232.92,233.18,233.86,235.42
2561,249.7,244.82,240.08,237.26,235.76,234.0,232.92,233.16,233.86,235.42
2562,249.7,244.82,240.08,237.26,235.76,234.0,232.92,233.16,233.86,235.42
2563,249.7,244.82,240.08,237.26,235.76,234.0,232.92,233.16,233.86,235.42
2564,249.66,244.82,240.08,237.26,235.76,234.0,232.92,233.16,233.86,235.42
2565,249.66,244.82,240.08,237.26,235.76,234.0,232.92,233.16,233.86,235.4
2566,249.66,244.8,240.08,237.26,235.76,234.0,232.92,233.16,233.8,235.4
2567,249.66,244.8,240.08,237.26,235.76,234.0,232.92,233.16,233.8,235.38
2568,249.66,244.8,240.08,237.26,235.76,234.0,232.92,233.16,233.8,235.38
2569,249.66,244.8,240.08,237.26,235.76,234.0,232.92,233.16,233.8,235.38
2570,249.66,244.8,240.08,237.26,235.76,234.0,232.92,233.16,233.8,235.38
2571,249.66,244.8,240.08,237.26,235.74,234.0,232.92,233.16,233.8,235.38
2572,249.66,244.8,240.08,237.26,235.74,234.0,232.9,233.16,233.8,235.38
2573,249.66,244.8,240.08,237.26,235.74,234.0,232.9,233.16,233.8,235.38
2574,249.66,244.8,240.08,237.26,235.74,234.0,232.9,233.16,233.8,235.38
2575,249.66,244.8,240.08,237.26,235.74,234.0,232.9,233.16,233.8,235.38
2576,249.66,244.8,240.08,237.26,235.74,234.0,232.9,233.16,233.8,235.38
2577,249.66,244.8,240.08,237.26,235.74,234.0,232.9,233.16,233.78,235.38
2578,249.66,244.8,240.08,237.26,235.74,234.0,232.9,233.16,233.76,235.38
2579,249.66,244.8,240.08,237.26,235.74,234.0,232.9,233.16,233.76,235.38
2580,249.66,244.8,240.08,237.26,235.74,234.0,232.9,233.16,233.76,235.38
2581,249.66,244.8,240.08,237.26,235.74,234.0,232.9,233.16,233.76,235.38
2582,249.66,244.78,240.08,237.26,235.74,234.0,232.9,233.16,233.76,235.38
2583,249.66,244.78,240.08,237.26,235.74,234.0,232.9,233.16,233.76,235.38
2584,249.66,244.78,240.08,237.26,235.74,234.0,232.9,233.16,233.76,235.38
2585,249.66,244.78,240.08,237.26,235.74,234.0,232.9,233.16,233.76,235.38
2586,249.66,244.78,240.08,237.26,235.74,234.0,232.9,233.12,233.76,235.38
2587,249.66,244.78,240.06,237.26,235.74,234.0,232.9,233.12,233.76,235.38
2588,249.66,244.78,240.06,237.26,235.74,234.0,232.9,233.12,233.76,235.38
2589,249.66,244.78,240.06,237.26,235.74,234.0,232.9,233.12,233.76,235.38
2590,249.66,244.78,240.06,237.26,235.74,234.0,232.9,233.12,233.76,235.38
2591,249.66,244.78,240.06,237.26,235.74,234.0,232.9,233.1,233.76,235.36
2592,249.66,244.78,240.04,237.26,235.74,234.0,232.9,233.08,233.76,235.36
2593,249.66,244.78,240.04,237.26,235.74,234.0,232.9,233.08,233.76,235.36
2594,249.66,244.78,240.04,237.26,235.74,234.0,232.9,233.08,233.76,235.36
2595,249.66,244.78,240.04,237.26,235.74,234.0,232.88,233.08,233.76,235.36
2596,249.66,244.78,240.04,237.26,235.74,234.0,232.88,233.08,233.76,235.36
2597,249.66,244.78,240.04,237.26,235.74,234.0,232.88,233.08,233.76,235.36
2598,249.66,244.78,240.04,237.26,235.74,233.96,232.88,233.08,233.76,235.36
2599,249.66,244.78,240.04,237.26,235.74,233.96,232.88,233.08,233.76,235.36
2600,249.66,244.78,240.04,237.26,235.74,233.96,232.88,233.08,233.76,235.36
2601,249.66,244.78,240.04,237.26,235.74,233.96,232.88,233.08,233.76,235.36
2602,249.66,244.78,240.04,237.26,235.74,233.96,232.88,233.08,233.76,235.36
2603,249.66,244.78,240.04,237.26,235.74,233.96,232.88,233.08,233.76,235.36
2604,249.66,244.78,240.04,237.26,235.74,233.96,232.88,233.08,233.76,235.36
2605,249.66,244.78,240.04,237.26,235.74,233.96,232.88,233.08,233.76,235.36
2606,249.66,244.78,240.04,237.26,235.74,233.96,232.88,233.06,233.76,235.34
2607,249.66,244.78,240.04,237.26,235.74,233.96,232.88,233.06,233.76,235.34
2608,249.66,244.78,240.04,237.26,235.74,233.96,232.88,233.06,233.76,235.34
2609,249.66,244.78,240.04,237.26,235.74,233.96,232.88,233.06,233.74,235.34
2610,249.66,244.78,240.04,237.26,235.74,233.96,232.88,233.06,233.74,235.34
2611,249.66,244.78,240.04,237.26,235.74,233.96,232.88,233.06,233.74,235.34
2612,249.66,244.78,240.04,237.26,235.7,233.96,232.88,233.06,233.74,235.34
2613,249.66,244.78,240.02,237.26,235.7,233.96,232.88,233.06,233.74,235.34
2614,249.66,244.78,240.02,237.26,235.7,233.96,232.88,233.06,233.74,235.34
2615,249.66,244.78,240.02,237.26,235.7,233.96,232.88,233.06,233.74,235.34
2616,249.66,244.78,240.02,237.26,235.7,233.96,232.88,233.06,233.74,235.34
2617,249.66,244.78,240.02,237.26,235.7,233.96,232.88,233.06,233.74,235.34
2618,249.66,244.78,240.02,237.26,235.7,233.96,232.88,233.06,233.72,235.34
2619,249.66,244.78,240.02,237.26,235.7,233.96,232.88,233.06,233.72,235.34
2620,249.66,244.78,240.02,237.26,235.7,233.96,232.88,233.06,233.72,235.32
2621,249.66,244.78,240.02,237.26,235.7,233.96,232.88,233.06,233.72,235.32
2622,249.66,244.78,240.02,237.26,235.7,233.96,232.88,233.06,233.72,235.32
2623,249.66,244.78,240.02,237.26,235.7,233.96,232.88,233.06,233.72,235.32
2624,249.66,244.78,240.02,237.26,235.7,233.96,232.88,233.06,233.72,235.32
2625,249.66,244.78,240.02,237.26,235.7,233.96,232.86,233.06,233.72,235.32
2626,249.66,244.78,240.02,237.26,235.7,233.96,232.86,233.06,233.72,235.32
2627,249.66,244.78,240.02,237.26,235.7,233.96,232.86,233.06,233.72,235.32
2628,249.66,244.76,240.02,237.26,235.7,233.96,232.86,233.06,233.72,235.32
2629,249.66,244.76,240.02,237.26,235.7,233.96,232.86,233.06,233.72,235.32
2630,249.66,244.76,240.02,237.26,235.7,233.96,232.86,233.04,233.72,235.32
2631,249.66,244.76,240.02,237.26,235.7,233.96,232.86,233.04,233.72,235.32
2632,249.66,244.76,240.02,237.26,235.7,233.96,232.86,233.04,233.72,235.32
2633,249.66,244.76,240.02,237.26,235.7,233.96,232.86,233.04,233.72,235.32
2634,249.66,244.76,240.02,237.26,235.68,233.96,232.86,233.02,233.72,235.32
2635,249.66,244.76,240.02,237.26,235.68,233.96,232.86,233.02,233.72,235.32
2636,249.66,244.76,240.02,237.26,235.68,233.96,232.86,233.02,233.72,235.32
2637,249.66,244.76,240.02,237.26,235.68,233.96,232.84,233.02,233.72,235.32
2638,249.64,244.76,240.02,237.26,235.68,233.96,232.84,233.02,233.72,235.32
2639,249.64,244.76,240.02,237.26,235.68,233.94,232.84,233.02,233.72,235.32
2640,249.64,244.76,240.02,237.26,235.68,233.94,232.84,233.02,233.72,235.32
2641,249.64,244.76,240.02,237.26,235.66,233.94,232.84,233.02,233.72,235.32
2642,249.64,244.76,240.02,237.26,235.66,233.94,232.84,233.02,233.72,235.32
2643,249.64,244.76,240.02,237.26,235.64,233.94,232.84,233.02,233.72,235.32
2644,249.64,244.76,240.02,237.26,235.64,233.94,232.82,233.02,233.72,235.32
2645,249.64,244.76,240.0,237.26,235.64,233.94,232.82,233.02,233.72,235.32
2646,249.64,244.76,240.0,237.26,235.62,233.94,232.82,233.0,233.72,235.32
2647,249.64,244.76,240.0,237.26,235.62,233.94,232.82,233.0,233.72,235.32
2648,249.64,244.76,240.0,237.26,235.62,233.94,232.82,233.0,233.72,235.32
2649,249.64,244.76,240.0,237.26,235.6,233.94,232.82,233.0,233.72,235.32
2650,249.64,244.76,240.0,237.26,235.6,233.94,232.78,233.0,233.72,235.32
2651,249.64,244.76,240.0,237.26,235.6,233.94,232.78,233.0,233.72,235.32
2652,249.64,244.76,240.0,237.26,235.6,233.94,232.78,233.0,233.72,235.3
2653,249.64,244.76,240.0,237.26,235.6,233.94,232.76,233.0,233.72,235.3
2654,249.64,244.76,240.0,237.26,235.6,233.94,232.76,233.0,233.68,235.3
2655,249.64,244.76,240.0,237.26,235.6,233.94,232.76,233.0,233.68,235.3
2656,249.64,244.76,240.0,237.26,235.6,233.94,232.76,233.0,233.68,235.3
2657,249.64,244.76,240.0,237.26,235.6,233.94,232.76,232.98,233.68,235.3
2658,249.64,244.76,240.0,237.26,235.6,233.94,232.76,232.98,233.68,235.3
2659,249.64,244.76,240.0,237.26,235.6,233.94,232.76,232.98,233.68,235.3
2660,249.64,244.74,240.0,237.26,235.6,233.94,232.76,232.98,233.68,235.3
2661,249.64,244.74,240.0,237.26,235.6,233.94,232.76,232.98,233.68,235.3
2662,249.64,244.74,240.0,237.26,235.6,233.94,232.76,232.98,233.68,235.3
2663,249.64,244.74,240.0,237.26,235.6,233.94,232.76,232.98,233.68,235.3
2664,249.64,244.74,240.0,237.26,235.6,233.94,232.76,232.98,233.68,235.26
2665,249.64,244.74,240.0,237.26,235.6,233.94,232.76,232.98,233.68,235.26
2666,249.64,244.74,240.0,237.26,235.6,233.94,232.76,232.98,233.68,235.26
2667,249.64,244.74,240.0,237.26,235.6,233.94,232.74,232.98,233.68,235.24
2668,249.64,244.74,240.0,237.24,235.58,233.94,232.74,232.98,233.68,235.24
2669,249.64,244.74,240.0,237.24,235.58,233.94,232.74,232.96,233.68,235.24
2670,249.64,244.74,240.0,237.24,235.58,233.94,232.74,232.96,233.66,235.24
2671,249.64,244.74,240.0,237.24,235.58,233.94,232.74,232.96,233.66,235.24
2672,249.64,244.74,240.0,237.24,235.58,233.94,232.72,232.96,233.66,235.24
2673,249.64,244.74,240.0,237.24,235.58,233.94,232.72,232.96,233.66,235.24
2674,249.64,244.74,240.0,237.22,235.58,233.94,232.72,232.96,233.66,235.24
2675,249.64,244.74,240.0,237.22,235.56,233.94,232.72,232.96,233.66,235.24
2676,249.64,244.74,240.0,237.22,235.56,233.94,232.72,232.96,233.62,235.24
2677,249.64,244.74,240.0,237.2,235.56,233.94,232.72,232.96,233.62,235.24
2678,249.64,244.74,240.0,237.2,235.56,233.94,232.72,232.96,233.62,235.24
2679,249.64,244.72,240.0,237.2,235.56,233.94,232.72,232.96,233.62,235.24
2680,249.64,244.72,240.0,237.2,235.56,233.94,232.72,232.96,233.62,235.24
2681,249.64,244.72,240.0,237.2,235.56,233.94,232.72,232.96,233.62,235.22
2682,249.64,244.72,240.0,237.2,235.54,233.92,232.72,232.96,233.62,235.22
2683,249.64,244.72,240.0,237.2,235.54,233.9,232.72,232.96,233.62,235.22
2684,249.64,244.72,240.0,237.2,235.54,233.9,232.72,232.96,233.62,235.2
2685,249.64,244.72,240.0,237.2,235.54,233.9,232.72,232.96,233.62,235.18
2686,249.64,244.72,240.0,237.2,235.54,233.9,232.72,232.94,233.62,235.18
2687,249.64,244.72,240.0,237.2,235.54,233.9,232.7,232.94,233.62,235.18
2688,249.64,244.72,240.0,237.2,235.54,233.9,232.68,232.94,233.62,235.18
2689,249.64,244.72,240.0,237.2,235.54,233.9,232.68,232.94,233.62,235.18
2690,249.64,244.68,240.0,237.2,235.54,233.9,232.68,232.94,233.62,235.18
2691,249.64,244.68,240.0,237.2,235.54,233.9,232.68,232.94,233.62,235.18
2692,249.64,244.68,240.0,237.2,235.54,233.9,232.68,232.94,233.62,235.18
2693,249.64,244.68,240.0,237.18,235.54,233.9,232.68,232.9,233.62,235.18
2694,249.64,244.68,240.0,237.14,235.54,233.9,232.68,232.9,233.62,235.18
2695,249.64,244.68,240.0,237.14,235.54,233.9,232.68,232.9,233.6,235.18
2696,249.64,244.68,240.0,237.14,235.54,233.9,232.68,232.9,233.6,235.18
2697,249.64,244.68,240.0,237.14,235.54,233.88,232.68,232.9,233.6,235.18
2698,249.64,244.68,240.0,237.12,235.54,233.88,232.68,232.9,233.6,235.16
2699,249.64,244.68,240.0,237.12,235.54,233.88,232.68,232.9,233.6,235.16
2700,249.64,244.68,240.0,237.12,235.54,233.88,232.68,232.9,233.6,235.16
2701,249.64,244.68,240.0,237.12,235.54,233.88,232.68,232.9,233.6,235.16
2702,249.64,244.68,240.0,237.12,235.54,233.88,232.68,232.9,233.6,235.16
2703,249.64,244.68,239.98,237.12,235.54,233.88,232.66,232.9,233.6,235.16
2704,249.64,244.68,239.98,237.12,235.54,233.88,232.66,232.9,233.6,235.16
2705,249.64,244.68,239.98,237.12,235.54,233.86,232.66,232.9,233.6,235.16
2706,249.64,244.68,239.98,237.12,235.54,233.86,232.66,232.9,233.6,235.16
2707,249.64,244.68,239.98,237.12,235.54,233.86,232.66,232.9,233.6,235.16
2708,249.64,244.68,239.98,237.12,235.54,233.86,232.66,232.9,233.6,235.16
2709,249.64,244.68,239.98,237.12,235.54,233.86,232.66,232.9,233.6,235.16
2710,249.64,244.68,239.98,237.12,235.54,233.86,232.66,232.9,233.6,235.16
2711,249.64,244.68,239.98,237.12,235.54,233.86,232.66,232.9,233.6,235.16
2712,249.64,244.68,239.98,237.1,235.54,233.86,232.66,232.9,233.6,235.16
2713,249.64,244.68,239.98,237.1,235.54,233.86,232.66,232.9,233.6,235.16
2714,249.64,244.68,239.98,237.1,235.54,233.86,232.66,232.9,233.6,235.16
2715,249.64,244.68,239.98,237.1,235.54,233.84,232.64,232.9,233.58,235.16
2716,249.64,244.68,239.98,237.08,235.54,233.84,232.64,232.88,233.58,235.16
2717,249.64,244.68,239.98,237.08,235.54,233.8,232.64,232.88,233.58,235.16
2718,249.64,244.68,239.98,237.08,235.54,233.8,232.64,232.88,233.58,235.16
2719,249.64,244.68,239.98,237.08,235.54,233.8,232.64,232.88,233.58,235.16
2720,249.64,244.68,239.98,237.08,235.54,233.8,232.64,232.88,233.58,235.16
2721,249.64,244.68,239.98,237.08,235.54,233.8,232.62,232.88,233.58,235.16
2722,249.64,244.68,239.98,237.06,235.52,233.78,232.62,232.88,233.58,235.16
2723,249.64,244.68,239.98,237.06,235.48,233.78,232.62,232.88,233.58,235.16
2724,249.64,244.68,239.98,237.06,235.48,233.78,232.62,232.88,233.58,235.16
2725,249.64,244.68,239.98,237.06,235.48,233.78,232.62,232.88,233.58,235.16
2726,249.64,244.68,239.96,237.06,235.48,233.78,232.62,232.88,233.56,235.16
2727,249.64,244.68,239.96,237.06,235.48,233.78,232.62,232.88,233.56,235.16
2728,249.64,244.68,239.96,237.06,235.48,233.78,232.62,232.88,233.56,235.16
2729,249.64,244.68,239.96,237.06,235.48,233.78,232.62,232.88,233.56,235.16
2730,249.64,244.68,239.96,237.04,235.48,233.78,232.62,232.88,233.56,235.16
2731,249.64,244.68,239.96,237.04,235.48,233.78,232.62,232.88,233.56,235.16
2732,249.64,244.68,239.96,237.04,235.48,233.78,232.62,232.88,233.56,235.16
2733,249.64,244.68,239.96,237.02,235.48,233.76,232.62,232.88,233.56,235.16
2734,249.64,244.68,239.96,237.02,235.48,233.76,232.62,232.88,233.56,235.16
2735,249.64,244.68,239.96,237.02,235.48,233.76,232.62,232.88,233.56,235.16
2736,249.64,244.68,239.96,237.02,235.48,233.76,232.62,232.88,233.56,235.16
2737,249.64,244.68,239.96,237.02,235.48,233.76,232.62,232.88,233.56,235.16
2738,249.64,244.68,239.96,237.02,235.48,233.74,232.62,232.88,233.54,235.16
2739,249.64,244.68,239.96,237.02,235.48,233.74,232.62,232.88,233.54,235.16
2740,249.64,244.68,239.96,237.02,235.48,233.74,232.62,232.88,233.54,235.16
2741,249.64,244.68,239.96,237.02,235.48,233.74,232.62,232.88,233.54,235.16
2742,249.64,244.68,239.96,237.02,235.48,233.74,232.62,232.86,233.54,235.16
2743,249.64,244.68,239.96,237.02,235.48,233.74,232.6,232.86,233.54,235.16
2744,249.64,244.68,239.96,237.02,235.48,233.74,232.6,232.86,233.54,235.14
2745,249.64,244.68,239.96,237.02,235.48,233.74,232.6,232.84,233.54,235.14
2746,249.64,244.68,239.96,237.02,235.48,233.74,232.6,232.84,233.54,235.14
2747,249.64,244.68,239.96,237.02,235.48,233.74,232.6,232.84,233.52,235.14
2748,249.64,244.64,239.96,237.02,235.48,233.74,232.6,232.84,233.52,235.14
2749,249.64,244.64,239.96,237.02,235.48,233.74,232.6,232.82,233.52,235.14
2750,249.64,244.64,239.96,237.02,235.48,233.74,232.6,232.82,233.52,235.14
2751,249.64,244.64,239.96,237.02,235.48,233.74,232.6,232.82,233.5,235.14
2752,249.64,244.64,239.96,237.02,235.48,233.74,232.6,232.82,233.5,235.14
2753,249.64,244.64,239.96,237.0,235.48,233.74,232.6,232.82,233.5,235.14
2754,249.64,244.64,239.96,237.0,235.46,233.74,232.6,232.82,233.5,235.14
2755,249.64,244.64,239.96,237.0,235.46,233.74,232.6,232.82,233.5,235.14
2756,249.64,244.64,239.96,237.0,235.46,233.74,232.6,232.82,233.5,235.14
2757,249.64,244.64,239.96,236.98,235.46,233.74,232.6,232.82,233.5,235.14
2758,249.64,244.64,239.96,236.98,235.46,233.74,232.58,232.82,233.5,235.14
2759,249.64,244.64,239.96,236.98,235.46,233.74,232.56,232.82,233.48,235.14
2760,249.64,244.64,239.96,236.98,235.44,233.74,232.56,232.82,233.44,235.14
2761,249.64,244.64,239.96,236.98,235.44,233.7,232.56,232.82,233.44,235.14
2762,249.64,244.64,239.96,236.98,235.44,233.7,232.56,232.82,233.42,235.14
2763,249.64,244.64,239.96,236.98,235.44,233.7,232.56,232.82,233.42,235.14
2764,249.64,244.64,239.96,236.98,235.44,233.7,232.56,232.82,233.42,235.14
2765,249.64,244.64,239.96,236.96,235.44,233.7,232.56,232.82,233.42,235.14
2766,249.64,244.64,239.96,236.96,235.44,233.7,232.56,232.82,233.42,235.14
2767,249.64,244.64,239.96,236.96,235.44,233.7,232.56,232.82,233.4,235.14
2768,249.64,244.64,239.96,236.96,235.44,233.7,232.56,232.82,233.4,235.14
2769,249.64,244.64,239.96,236.96,235.44,233.7,232.56,232.82,233.4,235.12
2770,249.64,244.64,239.96,236.96,235.44,233.7,232.56,232.8,233.4,235.12
2771,249.64,244.64,239.96,236.96,235.44,233.7,232.56,232.8,233.4,235.1
2772,249.64,244.64,239.96,236.96,235.44,233.7,232.56,232.8,233.4,235.08
2773,249.64,244.64,239.96,236.96,235.44,233.7,232.56,232.8,233.4,235.08
2774,249.64,244.64,239.96,236.96,235.44,233.7,232.56,232.8,233.4,235.08
2775,249.64,244.64,239.96,236.96,235.44,233.7,232.56,232.76,233.4,235.08
2776,249.64,244.62,239.96,236.94,235.44,233.7,232.54,232.76,233.4,235.08
2777,249.64,244.62,239.96,236.94,235.44,233.7,232.54,232.76,233.4,235.08
2778,249.64,244.62,239.96,236.94,235.44,233.7,232.54,232.76,233.4,235.08
2779,249.64,244.62,239.96,236.94,235.44,233.7,232.54,232.76,233.38,235.08
2780,249.64,244.62,239.96,236.94,235.42,233.7,232.54,232.76,233.38,235.08
2781,249.64,244.62,239.96,236.94,235.42,233.7,232.52,232.76,233.38,235.08
2782,249.64,244.62,239.96,236.94,235.42,233.7,232.52,232.76,233.38,235.08
2783,249.64,244.62,239.96,236.94,235.42,233.7,232.52,232.76,233.38,235.08
2784,249.64,244.62,239.96,236.94,235.42,233.7,232.52,232.74,233.36,235.08
2785,249.64,244.62,239.96,236.94,235.42,233.7,232.52,232.74,233.36,235.08
2786,249.64,244.62,239.96,236.94,235.42,233.7,232.52,232.74,233.36,235.08
2787,249.64,244.62,239.96,236.94,235.42,233.7,232.52,232.74,233.36,235.08
2788,249.64,244.62,239.96,236.94,235.42,233.7,232.52,232.72,233.36,235.08
2789,249.62,244.62,239.94,236.94,235.42,233.7,232.52,232.72,233.34,235.08
2790,249.62,244.62,239.94,236.94,235.42,233.7,232.52,232.7,233.34,235.08
2791,249.62,244.62,239.94,236.94,235.42,233.7,232.52,232.7,233.34,235.08
2792,249.62,244.62,239.94,236.94,235.42,233.7,232.52,232.7,233.34,235.06
2793,249.62,244.62,239.94,236.94,235.42,233.7,232.52,232.7,233.34,235.06
2794,249.62,244.62,239.94,236.94,235.42,233.7,232.52,232.68,233.34,235.06
2795,249.62,244.62,239.92,236.94,235.42,233.7,232.52,232.68,233.34,235.06
2796,249.62,244.62,239.92,236.94,235.42,233.7,232.52,232.68,233.34,235.06
2797,249.62,244.62,239.92,236.94,235.42,233.7,232.52,232.68,233.34,235.06
2798,249.62,244.62,239.92,236.94,235.42,233.7,232.52,232.68,233.34,235.06
2799,249.62,244.62,239.92,236.94,235.42,233.7,232.52,232.68,233.34,235.06
2800,249.62,244.62,239.92,236.94,235.42,233.7,232.52,232.68,233.34,235.06
2801,249.62,244.62,239.92,236.92,235.42,233.7,232.52,232.68,233.34,235.06
2802,249.62,244.62,239.92,236.92,235.42,233.7,232.52,232.66,233.34,235.06
2803,249.62,244.6,239.92,236.92,235.4,233.7,232.52,232.66,233.34,235.06
2804,249.62,244.6,239.92,236.92,235.4,233.7,232.52,232.66,233.34,235.06
2805,249.62,244.6,239.92,236.92,235.4,233.7,232.52,232.66,233.34,235.06
2806,249.62,244.6,239.92,236.92,235.4,233.7,232.52,232.66,233.34,235.06
2807,249.62,244.6,239.92,236.9,235.4,233.7,232.52,232.66,233.34,235.06
2808,249.62,244.6,239.92,236.9,235.4,233.7,232.52,232.62,233.34,235.06
2809,249.62,244.6,239.92,236.9,235.4,233.7,232.52,232.62,233.34,235.06
2810,249.62,244.6,239.92,236.9,235.4,233.7,232.52,232.62,233.34,235.06
2811,249.62,244.6,239.92,236.9,235.4,233.7,232.52,232.62,233.34,235.06
2812,249.62,244.6,239.92,236.9,235.4,233.7,232.52,232.62,233.34,235.06
2813,249.62,244.6,239.92,236.9,235.4,233.7,232.52,232.62,233.34,235.06
2814,249.62,244.6,239.92,236.9,235.4,233.7,232.52,232.62,233.34,235.06
2815,249.62,244.6,239.92,236.9,235.4,233.7,232.52,232.62,233.34,235.06
2816,249.62,244.6,239.92,236.9,235.4,233.7,232.52,232.62,233.34,235.06
2817,249.62,244.6,239.92,236.9,235.4,233.7,232.52,232.6,233.34,235.06
2818,249.62,244.6,239.92,236.9,235.4,233.7,232.5,232.6,233.34,235.06
2819,249.62,244.6,239.92,236.9,235.4,233.7,232.5,232.6,233.34,235.06
2820,249.62,244.6,239.92,236.9,235.4,233.7,232.5,232.6,233.34,235.06
2821,249.62,244.6,239.92,236.9,235.4,233.68,232.5,232.6,233.34,235.06
2822,249.62,244.6,239.92,236.9,235.4,233.68,232.5,232.6,233.34,235.06
2823,249.62,244.6,239.92,236.9,235.4,233.68,232.5,232.6,233.34,235.06
2824,249.62,244.6,239.92,236.9,235.4,233.68,232.5,232.6,233.34,235.06
2825,249.62,244.6,239.92,236.9,235.4,233.68,232.5,232.58,233.34,235.06
2826,249.62,244.6,239.92,236.88,235.4,233.68,232.5,232.56,233.34,235.06
2827,249.62,244.6,239.92,236.86,235.4,233.68,232.5,232.56,233.32,235.06
2828,249.62,244.6,239.9,236.86,235.4,233.68,232.5,232.56,233.32,235.06
2829,249.62,244.6,239.9,236.86,235.4,233.64,232.48,232.56,233.32,235.06
2830,249.62,244.6,239.9,236.86,235.4,233.64,232.48,232.56,233.32,235.06
2831,249.62,244.6,239.9,236.86,235.4,233.64,232.48,232.56,233.32,235.06
2832,249.62,244.6,239.9,236.86,235.4,233.64,232.48,232.56,233.3,235.06
2833,249.62,244.6,239.9,236.86,235.4,233.64,232.48,232.54,233.3,235.06
2834,249.62,244.6,239.9,236.86,235.4,233.64,232.48,232.54,233.3,235.06
2835,249.62,244.6,239.9,236.86,235.4,233.64,232.46,232.54,233.3,235.06
2836,249.62,244.6,239.9,236.84,235.4,233.64,232.46,232.52,233.3,235.06
2837,249.62,244.6,239.9,236.84,235.4,233.64,232.46,232.52,233.3,235.06
2838,249.62,244.6,239.9,236.84,235.4,233.64,232.46,232.52,233.3,235.06
2839,249.62,244.6,239.9,236.84,235.4,233.64,232.46,232.52,233.3,235.06
2840,249.62,244.6,239.9,236.84,235.4,233.64,232.46,232.52,233.3,235.06
2841,249.62,244.6,239.9,236.82,235.4,233.64,232.44,232.52,233.3,235.06
2842,249.62,244.6,239.9,236.82,235.4,233.64,232.44,232.52,233.3,235.06
2843,249.62,244.6,239.9,236.82,235.4,233.64,232.44,232.52,233.3,235.06
2844,249.62,244.6,239.9,236.82,235.4,233.64,232.44,232.5,233.3,235.06
2845,249.62,244.6,239.9,236.82,235.4,233.62,232.44,232.5,233.3,235.06
2846,249.62,244.6,239.9,236.82,235.4,233.62,232.44,232.5,233.3,235.06
2847,249.62,244.6,239.9,236.82,235.4,233.62,232.44,232.5,233.3,235.06
2848,249.62,244.6,239.9,236.82,235.4,233.62,232.44,232.5,233.3,235.06
2849,249.62,244.6,239.9,236.82,235.4,233.62,232.44,232.5,233.3,235.06
2850,249.62,244.6,239.9,236.8,235.4,233.62,232.44,232.5,233.3,235.06
2851,249.62,244.6,239.9,236.8,235.4,233.62,232.44,232.5,233.3,235.06
2852,249.62,244.6,239.9,236.8,235.4,233.62,232.44,232.5,233.3,235.06
2853,249.62,244.6,239.9,236.8,235.4,233.62,232.44,232.5,233.3,235.06
2854,249.62,244.6,239.9,236.8,235.4,233.62,232.44,232.5,233.3,235.06
2855,249.62,244.6,239.9,236.8,235.4,233.62,232.44,232.5,233.3,235.06
2856,249.62,244.6,239.9,236.8,235.4,233.62,232.44,232.5,233.3,235.06
2857,249.62,244.6,239.9,236.8,235.38,233.62,232.44,232.5,233.3,235.06
2858,249.62,244.6,239.9,236.8,235.38,233.62,232.44,232.5,233.3,235.06
2859,249.62,244.6,239.86,236.8,235.38,233.62,232.44,232.5,233.3,235.06
2860,249.56,244.6,239.86,236.8,235.38,233.62,232.44,232.5,233.3,235.06
2861,249.56,244.6,239.86,236.8,235.38,233.62,232.44,232.5,233.3,235.06
2862,249.52,244.6,239.86,236.8,235.38,233.62,232.44,232.5,233.3,235.06
2863,249.52,244.6,239.86,236.8,235.38,233.62,232.44,232.48,233.3,235.06
2864,249.52,244.6,239.86,236.8,235.38,233.62,232.44,232.46,233.3,235.06
2865,249.52,244.6,239.86,236.8,235.38,233.62,232.44,232.46,233.3,235.06
2866,249.52,244.6,239.86,236.8,235.38,233.62,232.44,232.46,233.3,235.06
2867,249.52,244.6,239.86,236.8,235.38,233.62,232.44,232.46,233.3,235.06
2868,249.52,244.6,239.86,236.8,235.38,233.62,232.44,232.46,233.3,235.06
2869,249.52,244.6,239.86,236.8,235.38,233.62,232.4,232.46,233.3,235.06
2870,249.52,244.6,239.86,236.8,235.38,233.62,232.4,232.46,233.28,235.06
2871,249.52,244.6,239.86,236.8,235.38,233.62,232.4,232.46,233.28,235.06
2872,249.52,244.58,239.86,236.8,235.38,233.62,232.4,232.46,233.28,235.06
2873,249.52,244.58,239.86,236.8,235.38,233.6,232.4,232.46,233.28,235.06
2874,249.52,244.58,239.86,236.8,235.38,233.6,232.4,232.46,233.22,235.06
2875,249.52,244.58,239.86,236.8,235.38,233.6,232.4,232.46,233.22,235.06
2876,249.52,244.58,239.86,236.8,235.36,233.6,232.4,232.46,233.2,235.06
2877,249.52,244.58,239.86,236.8,235.36,233.6,232.4,232.46,233.2,235.06
2878,249.52,244.58,239.86,236.8,235.36,233.6,232.4,232.46,233.2,235.06
2879,249.52,244.58,239.86,236.8,235.36,233.6,232.4,232.46,233.2,235.06
2880,249.52,244.58,239.86,236.8,235.36,233.6,232.4,232.46,233.2,235.06
2881,249.52,244.58,239.86,236.8,235.36,233.6,232.4,232.46,233.2,235.06
2882,249.52,244.58,239.86,236.8,235.36,233.6,232.38,232.46,233.2,235.06
2883,249.52,244.58,239.86,236.8,235.36,233.58,232.38,232.46,233.2,235.06
2884,249.52,244.58,239.86,236.8,235.36,233.58,232.38,232.46,233.2,235.06
2885,249.52,244.58,239.86,236.8,235.36,233.58,232.36,232.46,233.2,235.06
2886,249.52,244.58,239.86,236.8,235.36,233.58,232.36,232.46,233.2,235.04
2887,249.52,244.58,239.86,236.8,235.36,233.58,232.36,232.46,233.2,235.04
2888,249.52,244.58,239.86,236.8,235.36,233.58,232.36,232.46,233.2,235.04
2889,249.52,244.58,239.86,236.8,235.36,233.58,232.36,232.46,233.2,235.04
2890,249.52,244.58,239.86,236.8,235.36,233.58,232.36,232.46,233.2,235.04
2891,249.52,244.58,239.86,236.8,235.36,233.58,232.36,232.46,233.2,235.04
2892,249.52,244.58,239.86,236.8,235.36,233.58,232.36,232.46,233.2,235.04
2893,249.52,244.58,239.86,236.8,235.36,233.58,232.36,232.46,233.2,235.04
2894,249.52,244.58,239.86,236.8,235.36,233.58,232.36,232.46,233.2,235.04
2895,249.52,244.58,239.86,236.8,235.36,233.58,232.36,232.44,233.2,235.04
2896,249.52,244.58,239.86,236.8,235.36,233.58,232.36,232.44,233.2,235.04
2897,249.52,244.58,239.86,236.8,235.36,233.58,232.36,232.44,233.2,235.04
2898,249.52,244.58,239.86,236.8,235.36,233.58,232.36,232.44,233.2,235.04
2899,249.52,244.58,239.86,236.8,235.36,233.58,232.36,232.4,233.2,235.04
2900,249.52,244.58,239.86,236.8,235.36,233.58,232.36,232.4,233.2,235.04
2901,249.52,244.58,239.86,236.8,235.36,233.58,232.36,232.4,233.2,235.04
2902,249.52,244.58,239.86,236.8,235.36,233.58,232.36,232.4,233.2,235.04
2903,249.52,244.58,239.86,236.8,235.36,233.58,232.36,232.4,233.2,235.04
2904,249.52,244.58,239.86,236.76,235.36,233.58,232.36,232.38,233.2,235.04
2905,249.52,244.58,239.86,236.76,235.36,233.58,232.36,232.36,233.2,235.04
2906,249.52,244.58,239.86,236.76,235.36,233.58,232.36,232.36,233.2,235.04
2907,249.52,244.58,239.86,236.74,235.36,233.58,232.36,232.36,233.2,235.04
2908,249.52,244.58,239.86,236.74,235.36,233.58,232.36,232.36,233.2,235.04
2909,249.5,244.58,239.86,236.74,235.36,233.58,232.36,232.36,233.2,235.04
2910,249.5,244.58,239.86,236.74,235.36,233.56,232.36,232.36,233.2,235.04
2911,249.5,244.58,239.86,236.74,235.36,233.56,232.36,232.36,233.2,235.04
2912,249.5,244.58,239.86,236.74,235.36,233.56,232.36,232.36,233.2,235.04
2913,249.5,244.58,239.86,236.74,235.36,233.56,232.36,232.36,233.2,235.04
2914,249.5,244.58,239.86,236.74,235.36,233.56,232.36,232.36,233.2,235.04
2915,249.5,244.58,239.86,236.74,235.36,233.56,232.36,232.36,233.2,235.02
2916,249.5,244.58,239.86,236.74,235.36,233.56,232.36,232.36,233.2,235.02
2917,249.5,244.58,239.86,236.74,235.36,233.56,232.36,232.36,233.2,235.02
2918,249.5,244.58,239.86,236.7,235.36,233.56,232.36,232.36,233.2,235.02
2919,249.5,244.58,239.86,236.7,235.36,233.56,232.36,232.36,233.2,235.02
2920,249.5,244.58,239.86,236.7,235.36,233.56,232.36,232.36,233.2,235.0
2921,249.5,244.58,239.86,236.7,235.36,233.56,232.36,232.36,233.2,235.0
2922,249.5,244.58,239.86,236.7,235.36,233.56,232.36,232.36,233.2,235.0
2923,249.5,244.58,239.86,236.7,235.34,233.56,232.36,232.36,233.2,235.0
2924,249.5,244.58,239.86,236.7,235.34,233.56,232.36,232.36,233.2,235.0
2925,249.5,244.58,239.86,236.7,235.34,233.56,232.36,232.36,233.2,235.0
2926,249.5,244.58,239.86,236.7,235.34,233.56,232.36,232.36,233.2,235.0
2927,249.5,244.58,239.86,236.7,235.34,233.56,232.36,232.36,233.2,234.98
2928,249.5,244.58,239.86,236.7,235.34,233.56,232.36,232.36,233.2,234.98
2929,249.5,244.58,239.86,236.7,235.34,233.56,232.36,232.36,233.2,234.98
2930,249.5,244.58,239.86,236.7,235.34,233.56,232.36,232.36,233.2,234.98
2931,249.5,244.58,239.86,236.7,235.34,233.56,232.36,232.36,233.2,234.98
2932,249.5,244.58,239.86,236.7,235.34,233.56,232.36,232.36,233.2,234.98
2933,249.5,244.58,239.86,236.7,235.34,233.56,232.36,232.36,233.2,234.98
2934,249.5,244.58,239.86,236.7,235.34,233.56,232.36,232.36,233.2,234.98
2935,249.5,244.58,239.86,236.7,235.32,233.56,232.36,232.36,233.2,234.98
2936,249.5,244.58,239.86,236.7,235.32,233.56,232.34,232.36,233.2,234.98
2937,249.5,244.58,239.86,236.7,235.32,233.56,232.32,232.36,233.18,234.98
2938,249.5,244.58,239.86,236.7,235.32,233.56,232.3,232.36,233.18,234.98
2939,249.5,244.58,239.86,236.7,235.32,233.56,232.3,232.36,233.18,234.98
2940,249.5,244.58,239.86,236.7,235.32,233.56,232.3,232.34,233.18,234.98
2941,249.5,244.58,239.86,236.66,235.32,233.56,232.3,232.34,233.16,234.98
2942,249.5,244.58,239.86,236.66,235.32,233.56,232.3,232.34,233.16,234.98
2943,249.5,244.58,239.86,236.66,235.32,233.56,232.3,232.34,233.16,234.98
2944,249.5,244.58,239.86,236.66,235.32,233.56,232.3,232.34,233.14,234.98
2945,249.5,244.58,239.86,236.66,235.32,233.56,232.3,232.34,233.14,234.96
2946,249.5,244.58,239.86,236.66,235.32,233.56,232.3,232.34,233.14,234.96
2947,249.5,244.58,239.86,236.66,235.32,233.56,232.3,232.34,233.14,234.96
2948,249.5,244.58,239.86,236.66,235.32,233.56,232.3,232.34,233.14,234.94
2949,249.5,244.58,239.86,236.66,235.32,233.56,232.3,232.34,233.14,234.94
2950,249.5,244.58,239.86,236.66,235.32,233.56,232.3,232.34,233.14,234.94
2951,249.5,244.58,239.82,236.66,235.32,233.54,232.3,232.34,233.14,234.94
2952,249.5,244.58,239.82,236.66,235.32,233.54,232.3,232.34,233.14,234.94
2953,249.5,244.58,239.82,236.66,235.32,233.54,232.3,232.32,233.14,234.94
2954,249.5,244.52,239.82,236.66,235.32,233.54,232.3,232.32,233.14,234.94
2955,249.5,244.52,239.82,236.66,235.32,233.54,232.3,232.32,233.14,234.94
2956,249.5,244.52,239.82,236.66,235.32,233.54,232.3,232.32,233.14,234.94
2957,249.5,244.52,239.82,236.66,235.32,233.54,232.3,232.32,233.14,234.94
2958,249.5,244.52,239.82,236.66,235.32,233.54,232.3,232.32,233.14,234.94
2959,249.5,244.52,239.82,236.66,235.32,233.54,232.3,232.32,233.14,234.94
2960,249.5,244.52,239.82,236.66,235.32,233.54,232.3,232.32,233.12,234.94
2961,249.5,244.52,239.82,236.66,235.32,233.54,232.3,232.32,233.12,234.94
2962,249.5,244.52,239.82,236.66,235.32,233.54,232.3,232.32,233.12,234.94
2963,249.5,244.52,239.82,236.66,235.32,233.54,232.3,232.32,233.12,234.94
2964,249.5,244.52,239.82,236.66,235.32,233.54,232.3,232.32,233.12,234.94
2965,249.5,244.52,239.82,236.66,235.32,233.54,232.3,232.32,233.12,234.94
2966,249.5,244.52,239.82,236.66,235.32,233.54,232.3,232.32,233.12,234.9
2967,249.5,244.52,239.82,236.66,235.32,233.54,232.3,232.32,233.12,234.9
2968,249.5,244.52,239.82,236.66,235.32,233.54,232.3,232.32,233.12,234.9
2969,249.5,244.52,239.82,236.66,235.32,233.54,232.3,232.32,233.12,234.9
2970,249.5,244.52,239.82,236.66,235.32,233.54,232.28,232.32,233.12,234.88
2971,249.5,244.52,239.82,236.66,235.32,233.54,232.28,232.32,233.12,234.88
2972,249.5,244.52,239.82,236.66,235.32,233.52,232.28,232.32,233.12,234.88
2973,249.5,244.52,239.82,236.66,235.32,233.52,232.28,232.32,233.12,234.88
2974,249.5,244.52,239.82,236.66,235.32,233.52,232.28,232.32,233.12,234.88
2975,249.5,244.52,239.82,236.66,235.32,233.5,232.28,232.32,233.12,234.88
2976,249.5,244.52,239.82,236.66,235.32,233.5,232.28,232.32,233.12,234.88
2977,249.5,244.52,239.82,236.66,235.32,233.5,232.28,232.32,233.12,234.88
2978,249.5,244.52,239.82,236.66,235.32,233.5,232.24,232.32,233.12,234.88
2979,249.5,244.52,239.82,236.66,235.32,233.5,232.24,232.32,233.12,234.88
2980,249.5,244.52,239.82,236.66,235.32,233.5,232.24,232.32,233.12,234.88
2981,249.5,244.52,239.82,236.66,235.32,233.5,232.24,232.32,233.12,234.88
2982,249.46,244.52,239.82,236.66,235.32,233.48,232.24,232.3,233.12,234.88
2983,249.46,244.52,239.8,236.66,235.32,233.48,232.24,232.3,233.12,234.88
2984,249.46,244.52,239.8,236.66,235.32,233.48,232.24,232.3,233.12,234.88
2985,249.46,244.52,239.8,236.66,235.32,233.48,232.24,232.3,233.12,234.88
2986,249.46,244.52,239.8,236.66,235.32,233.48,232.24,232.3,233.12,234.88
2987,249.46,244.52,239.8,236.66,235.32,233.48,232.24,232.3,233.12,234.88
2988,249.46,244.52,239.8,236.66,235.32,233.48,232.24,232.3,233.12,234.88
2989,249.46,244.52,239.8,236.66,235.32,233.48,232.24,232.3,233.12,234.88
2990,249.46,244.52,239.8,236.66,235.32,233.46,232.24,232.3,233.12,234.88
2991,249.46,244.52,239.8,236.66,235.32,233.46,232.22,232.3,233.12,234.88
2992,249.46,244.52,239.8,236.66,235.32,233.46,232.2,232.3,233.12,234.88
2993,249.46,244.52,239.8,236.66,235.32,233.46,232.2,232.3,233.12,234.88
2994,249.46,244.52,239.8,236.66,235.32,233.46,232.2,232.3,233.12,234.88
2995,249.46,244.52,239.8,236.66,235.32,233.46,232.2,232.3,233.12,234.88
2996,249.46,244.52,239.8,236.66,235.32,233.46,232.2,232.3,233.12,234.86
2997,249.46,244.52,239.8,236.66,235.28,233.46,232.2,232.3,233.12,234.86
2998,249.46,244.52,239.8,236.66,235.28,233.46,232.2,232.3,233.12,234.86
2999,249.46,244.52,239.8,236.66,235.28,233.46,232.2,232.3,233.12,234.86
3000,249.46,244.52,239.8,236.66,235.28,233.46,232.18,232.3,233.12,234.86
