Generation,0.05_N10,0.10_N10,0.15_N10,0.20_N10,0.25_N10,0.30_N10,0.35_N10,0.40_N10,0.45_N10,0.50_N10
1,270.26,269.2,269.06,269.12,268.22,268.9,268.0,268.36,268.4,268.3
2,269.52,268.14,267.54,267.14,266.68,266.84,266.48,266.56,266.16,266.22
3,268.9,266.84,266.3,265.7,265.12,265.12,264.7,265.22,264.62,264.28
4,268.26,266.0,265.38,264.74,263.54,264.02,263.38,263.92,263.08,262.98
5,267.8,265.1,264.6,263.8,262.46,262.96,261.94,262.84,261.58,261.9
6,267.28,264.68,263.72,262.92,261.14,261.98,261.12,261.82,260.56,260.78
7,266.74,264.1,263.14,262.18,260.48,260.92,260.12,260.84,259.54,259.44
8,266.46,263.6,262.52,261.32,259.68,260.18,259.4,259.72,258.62,258.6
9,266.12,263.08,261.86,260.36,258.92,259.34,258.64,258.84,257.72,257.76
10,265.62,262.38,261.24,259.68,258.32,258.46,257.62,257.84,256.66,257.0
11,265.32,261.98,260.64,259.16,257.62,257.7,256.98,257.32,256.1,256.36
12,265.04,261.4,260.0,258.48,257.06,257.02,256.32,256.78,255.36,255.76
13,264.84,261.06,259.34,257.78,256.4,256.42,255.9,256.22,254.88,255.18
14,264.54,260.58,258.82,257.28,255.88,255.88,255.28,255.54,254.38,254.72
15,264.12,260.14,258.4,256.7,255.4,255.36,254.76,254.96,253.66,253.88
16,263.68,259.84,258.02,256.3,254.86,254.68,254.28,254.5,252.98,253.5
17,263.26,259.48,257.52,255.66,254.46,254.26,253.68,254.06,252.56,253.24
18,262.96,259.08,257.06,255.3,254.02,253.86,253.4,253.58,252.22,252.86
19,262.8,258.68,256.62,254.84,253.58,253.4,253.06,253.2,251.58,252.26
20,262.44,258.3,256.36,254.42,253.22,253.08,252.58,252.86,251.26,251.86
21,262.08,257.94,255.86,254.06,252.7,252.8,252.12,252.36,250.8,251.44
22,261.76,257.66,255.56,253.5,252.4,252.4,251.68,252.04,250.4,250.78
23,261.3,257.22,254.96,253.22,252.16,252.22,251.3,251.52,249.98,250.46
24,261.12,256.92,254.66,252.86,251.76,251.94,250.94,251.36,249.64,250.06
25,260.86,256.58,254.28,252.6,251.44,251.58,250.56,251.14,249.08,249.66
26,260.54,256.32,253.88,252.42,251.18,251.14,250.14,250.8,248.72,249.3
27,260.36,256.12,253.48,251.98,250.84,250.84,249.92,250.34,248.34,249.0
28,260.08,255.82,253.26,251.7,250.62,250.52,249.58,250.06,247.96,248.82
29,259.98,255.52,253.04,251.34,250.22,250.26,249.3,249.72,247.54,248.5
30,259.74,255.14,252.78,251.1,249.86,250.04,248.88,249.38,247.28,248.14
31,259.58,254.9,252.42,250.86,249.62,249.82,248.56,249.0,247.0,247.8
32,259.32,254.58,252.1,250.66,249.3,249.56,248.34,248.56,246.68,247.68
33,259.1,254.24,251.88,250.4,248.84,249.3,248.12,248.26,246.4,247.46
34,258.94,254.02,251.56,250.18,248.58,249.12,247.84,248.2,246.16,247.2
35,258.84,253.74,251.42,249.92,248.26,248.94,247.58,247.94,245.86,247.04
36,258.7,253.46,251.32,249.62,247.92,248.76,247.48,247.64,245.76,246.94
37,258.48,253.28,251.18,249.4,247.7,248.62,247.22,247.32,245.52,246.72
38,258.34,253.18,250.94,249.18,247.42,248.2,246.9,247.1,245.28,246.4
39,258.12,253.04,250.72,248.94,247.26,247.82,246.72,246.76,245.06,246.2
40,258.02,252.86,250.56,248.68,247.06,247.6,246.46,246.64,244.9,245.98
41,257.78,252.7,250.44,248.58,246.92,247.42,246.28,246.32,244.68,245.82
42,257.68,252.54,250.24,248.4,246.8,247.24,246.22,246.12,244.58,245.68
43,257.56,252.32,250.06,248.24,246.56,247.08,246.0,246.02,244.34,245.42
44,257.36,252.12,249.9,247.9,246.34,246.88,245.8,245.86,244.24,245.32
45,257.16,251.88,249.78,247.54,246.04,246.6,245.58,245.78,244.0,245.22
46,256.86,251.7,249.52,247.32,245.96,246.3,245.42,245.52,243.84,245.0
47,256.78,251.54,249.2,246.98,245.84,246.26,245.26,245.32,243.7,244.8
48,256.54,251.22,249.0,246.78,245.58,246.12,245.0,245.1,243.48,244.66
49,256.28,251.0,248.76,246.62,245.32,246.0,244.8,244.98,243.3,244.52
50,256.08,250.86,248.58,246.52,245.18,245.86,244.72,244.84,243.18,244.32
51,255.98,250.74,248.5,246.3,245.0,245.66,244.54,244.7,243.04,244.2
52,255.86,250.6,248.38,246.12,244.94,245.54,244.38,244.56,242.76,244.14
53,255.72,250.52,248.28,245.96,244.76,245.44,244.28,244.46,242.58,244.0
54,255.5,250.36,248.1,245.76,244.56,245.3,244.12,244.28,242.34,243.88
55,255.4,250.16,247.96,245.62,244.38,245.12,243.9,244.08,242.22,243.7
56,255.12,250.06,247.82,245.42,244.18,245.04,243.72,244.0,242.14,243.48
57,254.98,249.9,247.66,245.2,244.08,244.84,243.58,243.94,242.1,243.44
58,254.82,249.8,247.52,245.12,243.9,244.7,243.5,243.82,242.0,243.28
59,254.76,249.6,247.38,245.02,243.76,244.56,243.32,243.68,241.94,243.1
60,254.42,249.48,247.18,244.9,243.56,244.38,243.16,243.56,241.82,242.94
61,254.14,249.36,246.94,244.6,243.5,244.28,243.04,243.4,241.7,242.86
62,254.06,249.22,246.68,244.52,243.38,244.08,242.9,243.26,241.58,242.72
63,253.94,249.12,246.36,244.42,243.22,243.88,242.82,243.12,241.44,242.6
64,253.74,249.02,246.28,244.3,243.1,243.76,242.76,242.86,241.24,242.46
65,253.56,248.9,246.14,244.26,243.06,243.68,242.6,242.76,241.14,242.36
66,253.38,248.8,246.02,244.16,242.96,243.52,242.48,242.6,241.02,242.18
67,253.26,248.62,245.86,244.04,242.8,243.22,242.48,242.4,240.84,242.0
68,253.18,248.5,245.7,244.0,242.74,242.98,242.34,242.3,240.68,241.9
69,253.08,248.42,245.56,243.86,242.66,242.86,242.2,242.22,240.56,241.82
70,252.94,248.42,245.44,243.7,242.44,242.78,242.06,242.18,240.48,241.7
71,252.84,248.28,245.3,243.62,242.4,242.72,241.88,242.0,240.4,241.48
72,252.8,248.18,245.08,243.4,242.24,242.66,241.76,241.86,240.12,241.44
73,252.76,248.12,245.02,243.28,242.16,242.48,241.66,241.78,239.94,241.4
74,252.58,248.04,244.9,243.2,242.06,242.44,241.58,241.72,239.8,241.24
75,252.46,248.0,244.84,243.04,241.94,242.34,241.46,241.66,239.76,241.12
76,252.32,247.86,244.74,242.98,241.86,242.18,241.2,241.54,239.6,241.0
77,252.24,247.64,244.7,242.86,241.82,242.06,241.06,241.48,239.5,240.88
78,252.16,247.56,244.64,242.68,241.7,242.0,240.92,241.4,239.34,240.76
79,252.14,247.48,244.58,242.6,241.58,241.94,240.84,241.32,239.2,240.66
80,252.08,247.38,244.46,242.5,241.5,241.82,240.8,241.26,239.1,240.54
81,251.92,247.28,244.38,242.38,241.42,241.78,240.76,241.1,239.02,240.48
82,251.88,247.26,244.16,242.26,241.3,241.7,240.66,240.98,238.88,240.38
83,251.88,247.12,244.12,242.1,241.26,241.68,240.64,240.84,238.78,240.36
84,251.82,247.04,244.08,242.0,241.1,241.62,240.46,240.78,238.66,240.24
85,251.68,246.98,244.06,241.92,240.98,241.5,240.38,240.74,238.56,240.18
86,251.6,246.9,244.0,241.78,240.94,241.38,240.34,240.68,238.46,240.1
87,251.54,246.78,243.96,241.64,240.88,241.24,240.24,240.52,238.4,240.08
88,251.46,246.72,243.92,241.58,240.82,241.18,240.1,240.38,238.28,239.92
89,251.4,246.56,243.88,241.48,240.74,241.08,240.06,240.18,238.2,239.82
90,251.28,246.54,243.78,241.42,240.64,240.98,239.9,240.16,238.1,239.68
91,251.22,246.52,243.7,241.32,240.58,240.94,239.82,240.04,238.0,239.6
92,251.06,246.5,243.66,241.26,240.54,240.74,239.74,240.0,237.92,239.52
93,250.88,246.4,243.6,241.14,240.46,240.66,239.62,239.9,237.88,239.44
94,250.84,246.32,243.58,241.1,240.36,240.56,239.54,239.76,237.76,239.42
95,250.74,246.26,243.54,241.0,240.22,240.52,239.46,239.7,237.62,239.38
96,250.68,246.16,243.52,240.88,240.12,240.5,239.38,239.66,237.58,239.28
97,250.62,246.12,243.5,240.76,240.06,240.38,239.3,239.64,237.52,239.26
98,250.52,246.04,243.46,240.62,239.98,240.28,239.24,239.54,237.44,239.16
99,250.48,245.96,243.44,240.58,239.86,240.22,239.2,239.5,237.24,239.12
100,250.4,245.88,243.34,240.48,239.8,240.14,239.14,239.42,237.18,239.02
101,250.28,245.84,243.22,240.4,239.76,240.04,239.08,239.36,237.14,238.82
102,250.24,245.78,243.14,240.36,239.74,240.02,239.08,239.28,237.12,238.66
103,250.12,245.72,243.08,240.28,239.56,240.0,238.96,239.16,237.04,238.54
104,249.98,245.68,242.98,240.26,239.48,239.92,238.94,239.06,237.02,238.46
105,249.94,245.64,242.92,240.22,239.42,239.9,238.86,239.02,236.98,238.34
106,249.82,245.58,242.82,240.14,239.36,239.88,238.82,239.0,236.88,238.32
107,249.72,245.5,242.76,240.04,239.18,239.8,238.74,238.98,236.82,238.18
108,249.58,245.42,242.64,240.0,239.14,239.64,238.7,238.88,236.78,238.06
109,249.46,245.38,242.56,239.88,239.12,239.58,238.66,238.82,236.66,238.0
110,249.42,245.3,242.5,239.82,239.06,239.54,238.66,238.8,236.56,237.9
111,249.38,245.24,242.48,239.78,238.98,239.52,238.62,238.72,236.56,237.88
112,249.34,245.2,242.44,239.7,238.9,239.48,238.6,238.6,236.46,237.7
113,249.32,245.08,242.36,239.54,238.82,239.38,238.56,238.54,236.34,237.62
114,249.3,245.06,242.36,239.5,238.78,239.36,238.4,238.48,236.34,237.6
115,249.22,245.0,242.36,239.4,238.74,239.3,238.36,238.4,236.3,237.56
116,249.18,244.92,242.34,239.32,238.72,239.24,238.34,238.36,236.22,237.44
117,249.12,244.84,242.3,239.28,238.66,239.18,238.18,238.32,236.2,237.34
118,248.98,244.7,242.28,239.22,238.54,239.14,238.12,238.24,236.16,237.2
119,248.88,244.68,242.18,239.16,238.42,239.06,238.1,238.24,236.14,237.12
120,248.84,244.62,242.12,239.14,238.4,239.02,238.02,238.18,236.02,237.04
121,248.82,244.6,242.1,239.08,238.38,238.96,237.96,238.1,235.94,237.02
122,248.78,244.48,242.1,239.08,238.34,238.96,237.96,238.06,235.88,236.96
123,248.72,244.44,242.08,239.06,238.3,238.88,237.92,238.04,235.76,236.92
124,248.68,244.32,242.0,238.98,238.24,238.84,237.76,237.98,235.72,236.88
125,248.6,244.28,241.94,238.96,238.22,238.78,237.7,237.92,235.68,236.78
126,248.5,244.28,241.92,238.94,238.18,238.7,237.62,237.9,235.64,236.72
127,248.38,244.18,241.88,238.9,238.1,238.68,237.54,237.86,235.58,236.68
128,248.34,244.14,241.8,238.86,238.06,238.64,237.46,237.82,235.5,236.68
129,248.32,244.12,241.74,238.84,238.04,238.56,237.42,237.76,235.46,236.66
130,248.26,244.1,241.7,238.82,238.02,238.48,237.4,237.66,235.4,236.6
131,248.2,244.08,241.66,238.82,238.0,238.42,237.38,237.66,235.32,236.54
132,248.16,244.06,241.64,238.78,237.86,238.34,237.26,237.62,235.28,236.52
133,248.1,243.94,241.62,238.76,237.76,238.28,237.22,237.56,235.22,236.46
134,248.02,243.92,241.56,238.72,237.72,238.26,237.2,237.46,235.16,236.34
135,248.0,243.82,241.5,238.66,237.6,238.2,237.14,237.34,235.04,236.28
136,247.92,243.78,241.5,238.58,237.52,238.18,237.12,237.26,234.98,236.2
137,247.84,243.72,241.46,238.46,237.48,238.14,237.04,237.22,234.9,236.08
138,247.78,243.7,241.44,238.46,237.46,238.1,236.98,237.22,234.9,236.0
139,247.76,243.62,241.36,238.38,237.44,238.06,236.96,237.16,234.88,235.94
140,247.68,243.6,241.3,238.32,237.44,238.06,236.94,237.16,234.86,235.88
141,247.54,243.52,241.24,238.32,237.36,238.0,236.92,237.14,234.76,235.84
142,247.48,243.48,241.22,238.3,237.32,237.98,236.9,237.08,234.72,235.82
143,247.46,243.48,241.2,238.24,237.28,237.96,236.86,237.06,234.68,235.7
144,247.44,243.46,241.18,238.18,237.24,237.9,236.82,237.0,234.62,235.7
145,247.4,243.46,241.16,238.16,237.2,237.8,236.74,236.96,234.6,235.64
146,247.32,243.44,241.12,238.06,237.2,237.76,236.66,236.92,234.6,235.62
147,247.3,243.36,241.1,238.04,237.12,237.7,236.6,236.9,234.56,235.6
148,247.28,243.36,241.06,238.0,237.0,237.64,236.52,236.86,234.5,235.6
149,247.22,243.36,241.06,237.92,236.96,237.56,236.44,236.84,234.48,235.54
150,247.18,243.36,241.0,237.92,236.94,237.52,236.42,236.78,234.44,235.52
151,247.18,243.3,241.0,237.92,236.86,237.5,236.4,236.78,234.42,235.4
152,247.12,243.3,240.96,237.86,236.78,237.48,236.36,236.76,234.4,235.38
153,246.98,243.24,240.92,237.86,236.68,237.42,236.28,236.7,234.4,235.36
154,246.94,243.22,240.9,237.84,236.64,237.32,236.2,236.6,234.36,235.3
155,246.92,243.18,240.86,237.82,236.58,237.26,236.16,236.52,234.32,235.28
156,246.86,243.14,240.86,237.8,236.52,237.22,236.16,236.36,234.28,235.24
157,246.8,243.1,240.82,237.8,236.5,237.22,236.08,236.26,234.22,235.2
158,246.76,243.1,240.78,237.78,236.46,237.2,236.06,236.22,234.2,235.18
159,246.7,243.04,240.74,237.76,236.42,237.18,236.02,236.2,234.18,235.16
160,246.7,243.02,240.68,237.74,236.36,237.16,235.98,236.14,234.14,235.14
161,246.6,242.96,240.66,237.64,236.34,237.14,235.88,236.04,234.14,235.04
162,246.56,242.92,240.6,237.64,236.28,237.12,235.8,236.02,234.12,235.0
163,246.5,242.9,240.56,237.62,236.18,237.04,235.76,236.0,234.1,234.96
164,246.48,242.9,240.46,237.54,236.16,237.02,235.74,235.94,234.0,234.9
165,246.46,242.86,240.42,237.5,236.12,236.96,235.7,235.92,233.92,234.9
166,246.46,242.86,240.4,237.44,236.1,236.94,235.68,235.86,233.88,234.82
167,246.46,242.82,240.36,237.38,236.1,236.94,235.64,235.74,233.86,234.74
168,246.46,242.82,240.32,237.38,236.1,236.9,235.6,235.7,233.78,234.66
169,246.46,242.78,240.3,237.3,236.08,236.88,235.6,235.62,233.78,234.6
170,246.38,242.74,240.28,237.26,236.04,236.8,235.58,235.56,233.72,234.54
171,246.36,242.7,240.26,237.26,236.04,236.8,235.54,235.5,233.72,234.44
172,246.32,242.68,240.22,237.22,235.96,236.78,235.54,235.5,233.7,234.4
173,246.24,242.66,240.2,237.22,235.92,236.7,235.54,235.46,233.68,234.36
174,246.24,242.64,240.16,237.18,235.9,236.68,235.42,235.44,233.58,234.34
175,246.24,242.6,240.14,237.18,235.88,236.62,235.36,235.44,233.58,234.32
176,246.22,242.58,240.12,237.14,235.82,236.5,235.32,235.4,233.54,234.26
177,246.16,242.54,240.1,237.12,235.78,236.46,235.28,235.4,233.54,234.24
178,246.14,242.52,240.06,237.1,235.7,236.44,235.24,235.38,233.5,234.22
179,246.1,242.48,240.06,237.06,235.68,236.4,235.16,235.32,233.36,234.18
180,246.08,242.46,240.04,237.0,235.68,236.32,235.1,235.28,233.3,234.16
181,246.0,242.46,240.04,237.0,235.6,236.28,235.04,235.28,233.28,234.12
182,245.9,242.46,240.02,236.96,235.54,236.24,235.04,235.2,233.2,234.12
183,245.86,242.46,239.98,236.94,235.5,236.2,235.04,235.14,233.16,234.08
184,245.86,242.46,239.96,236.94,235.42,236.2,235.02,235.12,233.1,233.98
185,245.78,242.4,239.92,236.92,235.4,236.2,234.86,234.98,233.08,233.92
186,245.68,242.36,239.86,236.88,235.38,236.2,234.84,234.96,233.08,233.82
187,245.68,242.36,239.86,236.86,235.34,236.16,234.78,234.94,233.08,233.82
188,245.68,242.36,239.82,236.86,235.3,236.12,234.78,234.94,233.04,233.74
189,245.66,242.34,239.8,236.82,235.28,236.04,234.74,234.9,233.02,233.72
190,245.64,242.34,239.78,236.8,235.2,236.0,234.68,234.9,233.02,233.7
191,245.64,242.34,239.78,236.76,235.18,235.98,234.68,234.84,233.02,233.68
192,245.6,242.32,239.76,236.7,235.14,235.96,234.68,234.8,233.0,233.64
193,245.6,242.28,239.76,236.68,235.06,235.9,234.68,234.76,232.94,233.58
194,245.48,242.24,239.74,236.64,235.02,235.84,234.68,234.68,232.92,233.58
195,245.46,242.22,239.74,236.62,235.0,235.82,234.66,234.68,232.9,233.58
196,245.4,242.14,239.7,236.62,234.96,235.78,234.62,234.66,232.86,233.56
197,245.4,242.14,239.68,236.6,234.88,235.78,234.56,234.6,232.82,233.52
198,245.34,242.12,239.64,236.56,234.88,235.78,234.54,234.6,232.78,233.52
199,245.34,242.12,239.62,236.56,234.84,235.76,234.5,234.52,232.76,233.48
200,245.3,242.1,239.58,236.48,234.84,235.74,234.44,234.48,232.74,233.4
201,245.26,242.08,239.56,236.48,234.82,235.72,234.4,234.4,232.72,233.36
202,245.14,242.08,239.54,236.48,234.8,235.66,234.4,234.38,232.7,233.34
203,245.14,242.04,239.54,236.48,234.72,235.62,234.36,234.36,232.68,233.34
204,245.14,242.04,239.52,236.48,234.62,235.58,234.34,234.26,232.64,233.28
205,245.14,242.04,239.5,236.46,234.58,235.56,234.3,234.18,232.62,233.2
206,245.12,241.98,239.48,236.44,234.52,235.5,234.28,234.14,232.6,233.16
207,245.1,241.98,239.46,236.42,234.5,235.42,234.24,234.14,232.58,233.1
208,245.06,241.94,239.46,236.38,234.5,235.38,234.2,234.12,232.5,233.1
209,245.04,241.94,239.4,236.38,234.46,235.32,234.1,234.06,232.48,233.1
210,245.0,241.92,239.38,236.36,234.44,235.3,234.08,234.02,232.48,233.06
211,244.96,241.9,239.38,236.34,234.36,235.28,234.06,234.0,232.46,233.02
212,244.96,241.88,239.36,236.34,234.36,235.26,234.04,233.94,232.42,233.02
213,244.92,241.86,239.34,236.32,234.34,235.24,234.0,233.9,232.38,232.98
214,244.92,241.86,239.34,236.28,234.32,235.2,234.0,233.86,232.34,232.98
215,244.9,241.82,239.3,236.22,234.28,235.16,233.98,233.82,232.22,232.9
216,244.84,241.8,239.24,236.2,234.26,235.14,233.94,233.8,232.18,232.84
217,244.82,241.8,239.24,236.18,234.24,235.1,233.88,233.78,232.16,232.8
218,244.8,241.78,239.24,236.16,234.24,235.04,233.88,233.72,232.16,232.78
219,244.76,241.76,239.24,236.16,234.18,235.02,233.86,233.62,232.14,232.76
220,244.72,241.74,239.24,236.1,234.18,234.98,233.84,233.6,232.1,232.74
221,244.72,241.7,239.2,236.08,234.16,234.96,233.84,233.58,232.08,232.68
222,244.7,241.66,239.18,236.06,234.16,234.96,233.82,233.56,232.08,232.62
223,244.66,241.66,239.12,236.06,234.08,234.9,233.82,233.52,232.06,232.54
224,244.64,241.6,239.12,236.06,234.08,234.8,233.8,233.52,232.02,232.52
225,244.62,241.6,239.12,236.04,234.08,234.8,233.8,233.48,232.02,232.5
226,244.56,241.56,239.12,235.98,234.06,234.8,233.76,233.44,232.0,232.42
227,244.46,241.48,239.1,235.96,234.04,234.76,233.76,233.4,231.94,232.4
228,244.4,241.46,239.1,235.96,234.02,234.74,233.74,233.34,231.94,232.38
229,244.4,241.44,239.06,235.94,234.0,234.7,233.74,233.34,231.88,232.34
230,244.36,241.42,239.06,235.94,234.0,234.68,233.68,233.28,231.84,232.3
231,244.34,241.4,239.06,235.9,234.0,234.64,233.68,233.24,231.82,232.24
232,244.32,241.4,239.06,235.9,234.0,234.62,233.68,233.22,231.78,232.22
233,244.32,241.36,239.06,235.9,233.96,234.62,233.66,233.16,231.74,232.2
234,244.3,241.34,239.06,235.84,233.94,234.62,233.64,233.16,231.72,232.14
235,244.26,241.34,239.02,235.82,233.92,234.62,233.6,233.14,231.7,232.12
236,244.24,241.34,239.0,235.78,233.88,234.6,233.6,233.14,231.7,232.1
237,244.22,241.32,238.98,235.78,233.86,234.58,233.58,233.12,231.7,232.0
238,244.22,241.32,238.98,235.72,233.84,234.56,233.58,233.04,231.7,231.98
239,244.18,241.3,238.98,235.7,233.82,234.56,233.5,233.02,231.64,231.92
240,244.16,241.28,238.98,235.7,233.82,234.52,233.46,233.0,231.62,231.92
241,244.14,241.28,238.98,235.7,233.74,234.46,233.4,232.98,231.54,231.92
242,244.14,241.26,238.96,235.68,233.72,234.34,233.4,232.94,231.48,231.76
243,244.12,241.24,238.94,235.66,233.72,234.32,233.38,232.9,231.46,231.72
244,244.08,241.24,238.92,235.66,233.72,234.3,233.36,232.86,231.44,231.7
245,244.06,241.22,238.9,235.62,233.7,234.28,233.34,232.84,231.42,231.66
246,244.0,241.22,238.9,235.62,233.7,234.26,233.3,232.84,231.38,231.62
247,243.96,241.2,238.86,235.62,233.7,234.24,233.26,232.82,231.34,231.58
248,243.94,241.2,238.84,235.58,233.7,234.22,233.24,232.76,231.34,231.54
249,243.9,241.2,238.78,235.56,233.68,234.2,233.24,232.74,231.34,231.5
250,243.9,241.18,238.78,235.56,233.68,234.14,233.24,232.74,231.34,231.42
251,243.88,241.14,238.7,235.52,233.68,234.14,233.22,232.74,231.32,231.4
252,243.84,241.14,238.66,235.52,233.64,234.14,233.22,232.74,231.32,231.38
253,243.82,241.12,238.64,235.52,233.6,234.12,233.2,232.72,231.32,231.36
254,243.78,241.12,238.58,235.52,233.6,234.12,233.16,232.7,231.28,231.34
255,243.76,241.1,238.54,235.5,233.6,234.12,233.14,232.68,231.24,231.3
256,243.72,241.1,238.52,235.48,233.6,234.1,233.14,232.66,231.24,231.22
257,243.68,241.1,238.52,235.48,233.58,234.08,233.12,232.64,231.14,231.2
258,243.66,241.1,238.52,235.42,233.56,234.08,233.12,232.64,231.12,231.16
259,243.64,241.08,238.52,235.42,233.56,234.0,233.06,232.64,231.1,231.12
260,243.62,241.04,238.46,235.42,233.52,233.98,233.06,232.64,231.06,231.04
261,243.62,241.04,238.46,235.4,233.46,233.96,233.0,232.62,231.02,231.02
262,243.62,241.02,238.42,235.4,233.38,233.94,233.0,232.62,231.0,231.02
263,243.62,240.98,238.42,235.4,233.36,233.86,232.98,232.62,230.96,231.02
264,243.62,240.94,238.4,235.38,233.32,233.76,232.98,232.62,230.94,231.0
265,243.6,240.94,238.4,235.36,233.26,233.76,232.96,232.6,230.94,231.0
266,243.56,240.86,238.4,235.34,233.26,233.66,232.96,232.58,230.94,231.0
267,243.5,240.84,238.4,235.34,233.22,233.64,232.94,232.52,230.94,231.0
268,243.48,240.84,238.36,235.34,233.22,233.62,232.94,232.5,230.9,230.98
269,243.48,240.84,238.34,235.32,233.22,233.62,232.94,232.48,230.86,230.98
270,243.42,240.8,238.3,235.3,233.22,233.6,232.94,232.42,230.84,230.98
271,243.42,240.76,238.26,235.3,233.18,233.6,232.92,232.36,230.84,230.92
272,243.42,240.76,238.24,235.28,233.18,233.56,232.92,232.32,230.84,230.92
273,243.42,240.76,238.2,235.22,233.14,233.56,232.88,232.32,230.84,230.92
274,243.38,240.74,238.16,235.22,233.14,233.56,232.88,232.26,230.82,230.9
275,243.36,240.7,238.16,235.22,233.06,233.54,232.86,232.22,230.82,230.88
276,243.36,240.7,238.16,235.22,233.06,233.54,232.86,232.2,230.8,230.88
277,243.32,240.68,238.12,235.18,233.0,233.52,232.86,232.2,230.78,230.88
278,243.32,240.62,238.1,235.18,232.94,233.52,232.82,232.2,230.78,230.86
279,243.28,240.62,238.08,235.18,232.94,233.52,232.8,232.2,230.78,230.86
280,243.2,240.62,238.08,235.18,232.92,233.5,232.74,232.2,230.74,230.86
281,243.18,240.6,238.08,235.16,232.92,233.5,232.74,232.18,230.72,230.8
282,243.18,240.6,238.08,235.16,232.92,233.5,232.72,232.18,230.7,230.8
283,243.18,240.58,238.06,235.14,232.92,233.48,232.72,232.16,230.66,230.76
284,243.16,240.58,238.06,235.14,232.92,233.46,232.68,232.16,230.64,230.7
285,243.16,240.58,238.04,235.12,232.92,233.46,232.66,232.14,230.6,230.66
286,243.16,240.58,238.02,235.1,232.88,233.44,232.64,232.14,230.58,230.66
287,243.16,240.56,238.0,235.1,232.88,233.44,232.6,232.12,230.58,230.64
288,243.14,240.54,237.98,235.06,232.82,233.42,232.58,232.12,230.58,230.64
289,243.12,240.52,237.98,235.04,232.82,233.4,232.56,232.1,230.58,230.64
290,243.12,240.48,237.94,235.04,232.78,233.38,232.54,232.1,230.54,230.62
291,243.08,240.46,237.94,235.0,232.76,233.36,232.5,232.08,230.52,230.6
292,243.08,240.42,237.9,234.98,232.76,233.36,232.5,232.06,230.48,230.58
293,243.08,240.4,237.9,234.96,232.7,233.34,232.5,232.06,230.46,230.58
294,243.04,240.4,237.9,234.96,232.68,233.28,232.46,232.02,230.44,230.52
295,243.04,240.38,237.9,234.96,232.68,233.22,232.42,231.98,230.42,230.5
296,243.04,240.38,237.9,234.94,232.64,233.2,232.4,231.98,230.36,230.5
297,243.04,240.38,237.88,234.9,232.62,233.16,232.38,231.96,230.32,230.5
298,243.04,240.38,237.86,234.84,232.6,233.12,232.38,231.92,230.32,230.48
299,243.04,240.38,237.86,234.84,232.56,233.12,232.36,231.92,230.28,230.48
300,243.02,240.38,237.86,234.82,232.54,233.1,232.3,231.92,230.28,230.46
301,243.02,240.38,237.84,234.76,232.52,233.1,232.3,231.9,230.26,230.4
302,243.0,240.38,237.82,234.76,232.52,233.06,232.26,231.9,230.2,230.38
303,242.98,240.38,237.78,234.76,232.52,233.04,232.24,231.88,230.16,230.38
304,242.98,240.38,237.78,234.76,232.52,233.02,232.22,231.82,230.14,230.38
305,242.96,240.38,237.72,234.74,232.48,233.02,232.22,231.8,230.12,230.36
306,242.96,240.38,237.7,234.72,232.46,233.0,232.2,231.74,230.12,230.34
307,242.96,240.34,237.7,234.66,232.46,232.98,232.18,231.74,230.08,230.32
308,242.96,240.32,237.66,234.66,232.46,232.98,232.18,231.7,230.02,230.3
309,242.92,240.28,237.66,234.66,232.46,232.98,232.18,231.7,230.0,230.28
310,242.92,240.26,237.66,234.66,232.46,232.96,232.16,231.68,229.98,230.28
311,242.92,240.26,237.64,234.64,232.46,232.96,232.16,231.68,229.96,230.28
312,242.92,240.26,237.64,234.62,232.46,232.96,232.14,231.68,229.94,230.28
313,242.9,240.26,237.62,234.62,232.44,232.96,232.14,231.66,229.84,230.24
314,242.9,240.26,237.62,234.6,232.42,232.94,232.1,231.64,229.8,230.24
315,242.86,240.26,237.6,234.6,232.42,232.94,232.08,231.62,229.78,230.24
316,242.84,240.22,237.58,234.6,232.36,232.92,232.04,231.6,229.72,230.22
317,242.82,240.2,237.54,234.58,232.32,232.86,232.0,231.6,229.72,230.2
318,242.82,240.2,237.54,234.56,232.32,232.86,232.0,231.6,229.66,230.2
319,242.76,240.2,237.54,234.54,232.3,232.86,231.96,231.6,229.66,230.18
320,242.76,240.2,237.54,234.54,232.28,232.84,231.94,231.6,229.64,230.14
321,242.76,240.18,237.5,234.54,232.28,232.82,231.94,231.56,229.62,230.14
322,242.74,240.18,237.5,234.5,232.26,232.8,231.94,231.54,229.62,230.12
323,242.72,240.16,237.46,234.5,232.24,232.78,231.9,231.54,229.62,230.12
324,242.72,240.16,237.42,234.5,232.22,232.78,231.9,231.54,229.6,230.12
325,242.72,240.14,237.4,234.5,232.2,232.72,231.9,231.54,229.6,230.1
326,242.72,240.14,237.4,234.5,232.2,232.7,231.9,231.54,229.6,230.08
327,242.72,240.12,237.38,234.48,232.2,232.68,231.88,231.5,229.6,230.06
328,242.7,240.1,237.36,234.46,232.16,232.64,231.84,231.44,229.56,230.06
329,242.64,240.1,237.34,234.44,232.14,232.62,231.84,231.44,229.56,230.0
330,242.64,240.08,237.34,234.42,232.12,232.62,231.84,231.42,229.54,229.98
331,242.64,240.06,237.32,234.42,232.1,232.58,231.84,231.42,229.54,229.96
332,242.64,240.06,237.32,234.38,232.08,232.58,231.78,231.42,229.52,229.96
333,242.64,240.04,237.32,234.38,232.06,232.58,231.76,231.4,229.48,229.94
334,242.62,240.02,237.32,234.36,232.06,232.58,231.76,231.4,229.46,229.88
335,242.62,240.02,237.3,234.34,232.04,232.54,231.74,231.4,229.4,229.88
336,242.62,240.0,237.28,234.34,232.04,232.54,231.72,231.38,229.36,229.88
337,242.62,240.0,237.26,234.34,232.0,232.5,231.72,231.36,229.32,229.86
338,242.6,240.0,237.24,234.34,232.0,232.48,231.72,231.34,229.3,229.84
339,242.6,240.0,237.24,234.34,231.98,232.48,231.72,231.32,229.28,229.82
340,242.58,240.0,237.22,234.32,231.96,232.46,231.72,231.3,229.26,229.82
341,242.56,240.0,237.22,234.32,231.92,232.4,231.68,231.3,229.24,229.76
342,242.52,239.96,237.22,234.32,231.9,232.38,231.68,231.28,229.24,229.72
343,242.5,239.96,237.22,234.28,231.9,232.36,231.68,231.2,229.22,229.7
344,242.5,239.94,237.18,234.28,231.9,232.36,231.66,231.2,229.18,229.7
345,242.48,239.94,237.18,234.26,231.88,232.34,231.64,231.2,229.14,229.7
346,242.48,239.94,237.18,234.26,231.84,232.34,231.62,231.16,229.12,229.7
347,242.48,239.94,237.18,234.26,231.84,232.32,231.54,231.12,229.1,229.64
348,242.48,239.94,237.16,234.24,231.82,232.3,231.52,231.1,229.1,229.6
349,242.48,239.94,237.14,234.24,231.82,232.28,231.46,231.08,229.06,229.6
350,242.46,239.94,237.14,234.2,231.82,232.28,231.44,231.08,229.04,229.6
351,242.46,239.9,237.12,234.2,231.82,232.28,231.42,231.06,229.04,229.58
352,242.46,239.86,237.12,234.16,231.82,232.28,231.42,231.04,229.04,229.54
353,242.44,239.86,237.12,234.12,231.82,232.22,231.4,231.02,229.04,229.54
354,242.42,239.82,237.12,234.12,231.82,232.2,231.38,231.0,229.04,229.5
355,242.4,239.78,237.1,234.1,231.8,232.2,231.34,231.0,229.02,229.5
356,242.38,239.76,237.08,234.08,231.78,232.2,231.34,230.98,229.0,229.5
357,242.36,239.76,237.08,234.08,231.78,232.18,231.34,230.96,228.94,229.5
358,242.34,239.76,237.08,234.06,231.78,232.18,231.34,230.94,228.94,229.5
359,242.34,239.76,237.08,234.04,231.78,232.18,231.34,230.94,228.94,229.48
360,242.32,239.76,237.08,234.04,231.76,232.16,231.32,230.9,228.94,229.48
361,242.32,239.76,237.06,234.04,231.74,232.16,231.3,230.88,228.94,229.44
362,242.32,239.72,237.06,233.98,231.74,232.16,231.28,230.82,228.94,229.44
363,242.32,239.72,237.04,233.98,231.74,232.16,231.26,230.8,228.92,229.44
364,242.32,239.72,237.04,233.98,231.72,232.16,231.24,230.74,228.92,229.44
365,242.3,239.72,237.02,233.96,231.72,232.14,231.22,230.68,228.86,229.38
366,242.28,239.72,236.98,233.94,231.68,232.12,231.22,230.68,228.84,229.38
367,242.28,239.72,236.98,233.94,231.68,232.12,231.2,230.66,228.84,229.38
368,242.28,239.72,236.98,233.92,231.68,232.12,231.2,230.64,228.76,229.38
369,242.26,239.72,236.96,233.92,231.66,232.1,231.16,230.64,228.74,229.38
370,242.26,239.72,236.94,233.92,231.66,232.08,231.1,230.6,228.7,229.38
371,242.26,239.72,236.94,233.92,231.66,232.06,231.1,230.6,228.7,229.36
372,242.26,239.72,236.92,233.9,231.66,232.06,231.1,230.58,228.68,229.34
373,242.24,239.72,236.88,233.9,231.66,232.06,231.08,230.58,228.68,229.32
374,242.24,239.72,236.88,233.9,231.66,232.04,231.08,230.58,228.68,229.26
375,242.22,239.7,236.88,233.9,231.62,232.04,231.08,230.58,228.68,229.24
376,242.22,239.7,236.86,233.9,231.56,232.04,231.08,230.58,228.64,229.24
377,242.22,239.7,236.86,233.9,231.56,232.04,231.04,230.56,228.58,229.24
378,242.22,239.7,236.86,233.9,231.54,232.04,231.02,230.56,228.56,229.24
379,242.22,239.68,236.82,233.9,231.54,232.04,231.0,230.56,228.54,229.24
380,242.22,239.68,236.82,233.9,231.5,232.02,230.96,230.56,228.5,229.22
381,242.2,239.68,236.8,233.88,231.48,232.02,230.92,230.52,228.5,229.2
382,242.2,239.64,236.78,233.84,231.46,232.02,230.92,230.5,228.48,229.2
383,242.18,239.64,236.74,233.84,231.44,232.02,230.92,230.48,228.46,229.18
384,242.18,239.62,236.74,233.82,231.44,232.0,230.92,230.46,228.44,229.16
385,242.16,239.6,236.74,233.82,231.44,232.0,230.92,230.38,228.4,229.16
386,242.16,239.58,236.66,233.82,231.44,232.0,230.9,230.38,228.4,229.16
387,242.16,239.58,236.66,233.78,231.4,231.98,230.88,230.38,228.36,229.14
388,242.14,239.56,236.66,233.78,231.4,231.98,230.84,230.36,228.36,229.12
389,242.14,239.54,236.66,233.78,231.36,231.98,230.84,230.34,228.34,229.08
390,242.14,239.54,236.62,233.78,231.32,231.98,230.84,230.3,228.32,229.04
391,242.14,239.54,236.6,233.78,231.3,231.98,230.84,230.3,228.32,229.04
392,242.14,239.54,236.58,233.76,231.28,231.96,230.84,230.3,228.32,229.0
393,242.12,239.52,236.54,233.74,231.26,231.96,230.84,230.28,228.32,228.98
394,242.1,239.52,236.52,233.74,231.26,231.88,230.82,230.28,228.32,228.94
395,242.1,239.52,236.52,233.74,231.2,231.88,230.82,230.28,228.28,228.92
396,242.1,239.52,236.5,233.74,231.16,231.8,230.8,230.28,228.24,228.92
397,242.1,239.52,236.5,233.74,231.16,231.78,230.8,230.26,228.2,228.92
398,242.1,239.46,236.5,233.74,231.14,231.78,230.78,230.24,228.18,228.92
399,242.08,239.46,236.5,233.72,231.1,231.78,230.78,230.2,228.16,228.92
400,242.08,239.46,236.5,233.72,231.08,231.78,230.76,230.16,228.16,228.9
401,242.08,239.46,236.42,233.68,231.08,231.78,230.7,230.14,228.16,228.86
402,242.08,239.44,236.4,233.68,231.08,231.76,230.7,230.14,228.12,228.86
403,242.08,239.44,236.4,233.64,231.02,231.72,230.68,230.14,228.12,228.86
404,242.06,239.42,236.38,233.62,231.0,231.72,230.66,230.1,228.12,228.86
405,242.06,239.42,236.38,233.6,230.98,231.7,230.64,230.1,228.06,228.86
406,242.06,239.42,236.36,233.52,230.98,231.68,230.64,230.1,228.06,228.84
407,242.06,239.42,236.34,233.48,230.96,231.68,230.64,230.1,228.04,228.82
408,242.04,239.42,236.32,233.46,230.96,231.68,230.62,230.08,228.04,228.82
409,242.04,239.42,236.3,233.46,230.94,231.68,230.6,230.04,228.02,228.78
410,242.04,239.42,236.28,233.46,230.94,231.68,230.6,230.02,228.02,228.76
411,242.02,239.4,236.26,233.46,230.94,231.68,230.6,230.02,227.98,228.66
412,242.02,239.4,236.26,233.44,230.92,231.68,230.6,230.0,227.94,228.66
413,242.02,239.38,236.24,233.44,230.88,231.68,230.6,230.0,227.92,228.66
414,242.02,239.34,236.24,233.4,230.88,231.68,230.6,230.0,227.92,228.66
415,242.02,239.34,236.22,233.4,230.86,231.66,230.54,230.0,227.92,228.64
416,241.98,239.34,236.22,233.4,230.86,231.66,230.52,229.98,227.84,228.6
417,241.98,239.34,236.22,233.4,230.84,231.66,230.52,229.98,227.8,228.6
418,241.98,239.34,236.2,233.4,230.84,231.66,230.5,229.96,227.78,228.56
419,241.98,239.34,236.2,233.38,230.84,231.64,230.5,229.88,227.78,228.54
420,241.98,239.34,236.2,233.38,230.78,231.64,230.42,229.86,227.78,228.54
421,241.98,239.34,236.18,233.38,230.76,231.64,230.42,229.86,227.74,228.54
422,241.98,239.34,236.18,233.38,230.64,231.62,230.42,229.82,227.72,228.52
423,241.96,239.34,236.12,233.36,230.64,231.62,230.42,229.8,227.72,228.5
424,241.96,239.34,236.12,233.36,230.64,231.62,230.38,229.8,227.72,228.48
425,241.96,239.34,236.12,233.34,230.64,231.58,230.36,229.78,227.7,228.46
426,241.96,239.32,236.12,233.32,230.64,231.54,230.34,229.76,227.7,228.44
427,241.96,239.3,236.12,233.32,230.64,231.54,230.3,229.76,227.7,228.44
428,241.94,239.3,236.08,233.32,230.6,231.54,230.3,229.76,227.68,228.4
429,241.94,239.3,236.08,233.32,230.58,231.52,230.3,229.74,227.68,228.38
430,241.94,239.3,236.08,233.32,230.58,231.5,230.28,229.74,227.66,228.38
431,241.92,239.26,236.08,233.32,230.54,231.46,230.28,229.7,227.58,228.36
432,241.88,239.24,236.08,233.3,230.54,231.44,230.28,229.68,227.52,228.32
433,241.88,239.24,236.06,233.3,230.52,231.4,230.26,229.68,227.5,228.32
434,241.88,239.22,236.06,233.3,230.52,231.38,230.26,229.66,227.5,228.32
435,241.86,239.22,236.04,233.3,230.52,231.38,230.22,229.6,227.5,228.32
436,241.86,239.22,236.02,233.3,230.52,231.38,230.18,229.58,227.5,228.3
437,241.86,239.22,236.0,233.3,230.52,231.38,230.18,229.58,227.48,228.28
438,241.84,239.22,236.0,233.3,230.52,231.38,230.16,229.58,227.48,228.26
439,241.84,239.22,236.0,233.3,230.52,231.36,230.16,229.58,227.48,228.26
440,241.84,239.2,236.0,233.28,230.52,231.34,230.16,229.58,227.48,228.24
441,241.84,239.2,236.0,233.28,230.5,231.32,230.14,229.56,227.46,228.24
442,241.84,239.2,236.0,233.24,230.5,231.32,230.12,229.54,227.46,228.22
443,241.84,239.2,236.0,233.22,230.5,231.32,230.1,229.54,227.46,228.2
444,241.84,239.2,235.98,233.22,230.5,231.32,230.1,229.52,227.46,228.2
445,241.84,239.2,235.98,233.22,230.46,231.32,230.06,229.48,227.44,228.2
446,241.84,239.18,235.98,233.22,230.46,231.32,230.06,229.44,227.44,228.18
447,241.82,239.18,235.98,233.22,230.42,231.3,230.06,229.4,227.42,228.18
448,241.8,239.16,235.98,233.22,230.42,231.28,230.04,229.4,227.42,228.18
449,241.8,239.16,235.98,233.18,230.4,231.28,230.04,229.4,227.42,228.18
450,241.8,239.14,235.96,233.18,230.4,231.28,230.04,229.38,227.4,228.16
451,241.8,239.14,235.94,233.18,230.4,231.26,230.04,229.38,227.4,228.16
452,241.8,239.14,235.94,233.18,230.4,231.26,230.0,229.36,227.4,228.16
453,241.78,239.14,235.94,233.18,230.36,231.22,230.0,229.32,227.4,228.12
454,241.78,239.12,235.92,233.18,230.36,231.22,229.96,229.3,227.38,228.08
455,241.78,239.12,235.92,233.18,230.34,231.18,229.94,229.3,227.38,228.08
456,241.76,239.12,235.92,233.14,230.32,231.16,229.94,229.3,227.36,228.04
457,241.74,239.08,235.92,233.14,230.3,231.16,229.94,229.3,227.34,228.02
458,241.74,239.08,235.92,233.14,230.28,231.1,229.94,229.28,227.34,228.02
459,241.74,239.08,235.92,233.14,230.28,231.08,229.92,229.28,227.34,228.02
460,241.74,239.06,235.92,233.14,230.26,231.08,229.9,229.2,227.3,228.0
461,241.74,239.06,235.92,233.14,230.26,231.06,229.86,229.2,227.3,228.0
462,241.72,239.06,235.92,233.14,230.26,231.06,229.86,229.18,227.3,228.0
463,241.7,239.06,235.92,233.14,230.26,231.04,229.86,229.16,227.3,228.0
464,241.7,239.06,235.92,233.14,230.26,231.02,229.86,229.16,227.3,227.98
465,241.68,239.06,235.9,233.14,230.24,231.02,229.86,229.12,227.28,227.98
466,241.66,239.06,235.9,233.14,230.24,231.02,229.86,229.12,227.28,227.98
467,241.66,239.06,235.9,233.14,230.24,231.02,229.84,229.1,227.28,227.98
468,241.66,239.06,235.88,233.12,230.24,231.0,229.82,229.08,227.24,227.98
469,241.66,239.04,235.88,233.12,230.22,231.0,229.82,229.08,227.18,227.96
470,241.66,238.98,235.88,233.1,230.18,230.98,229.82,229.06,227.14,227.96
471,241.66,238.98,235.88,233.08,230.18,230.98,229.8,229.04,227.14,227.92
472,241.66,238.96,235.88,233.08,230.16,230.94,229.78,229.02,227.12,227.88
473,241.66,238.94,235.86,233.06,230.12,230.94,229.74,229.0,227.08,227.86
474,241.66,238.94,235.86,233.04,230.1,230.94,229.72,228.98,227.06,227.86
475,241.64,238.94,235.84,233.02,230.08,230.94,229.72,228.98,227.06,227.78
476,241.64,238.92,235.82,233.02,230.08,230.94,229.7,228.94,227.06,227.78
477,241.64,238.92,235.8,233.02,230.08,230.94,229.7,228.92,227.06,227.78
478,241.64,238.9,235.8,233.02,230.04,230.92,229.7,228.92,227.06,227.76
479,241.62,238.9,235.8,232.98,230.02,230.92,229.7,228.92,227.06,227.76
480,241.6,238.9,235.8,232.96,230.02,230.92,229.7,228.92,227.06,227.76
481,241.6,238.9,235.8,232.96,229.98,230.88,229.7,228.92,227.06,227.76
482,241.6,238.9,235.8,232.94,229.98,230.88,229.68,228.92,227.06,227.74
483,241.6,238.9,235.8,232.92,229.96,230.84,229.68,228.92,227.06,227.74
484,241.58,238.9,235.8,232.92,229.96,230.84,229.68,228.92,227.04,227.72
485,241.58,238.9,235.8,232.92,229.92,230.82,229.68,228.92,227.04,227.72
486,241.58,238.88,235.8,232.88,229.92,230.8,229.68,228.92,227.02,227.72
487,241.56,238.88,235.8,232.88,229.92,230.78,229.68,228.9,227.02,227.72
488,241.54,238.88,235.8,232.86,229.88,230.74,229.68,228.88,227.0,227.72
489,241.54,238.86,235.8,232.86,229.88,230.72,229.66,228.88,227.0,227.72
490,241.54,238.86,235.8,232.86,229.88,230.72,229.64,228.88,226.96,227.72
491,241.54,238.86,235.8,232.86,229.88,230.7,229.64,228.88,226.92,227.7
492,241.54,238.84,235.8,232.86,229.86,230.7,229.64,228.88,226.9,227.7
493,241.54,238.84,235.78,232.86,229.82,230.7,229.64,228.86,226.88,227.7
494,241.54,238.84,235.78,232.84,229.8,230.7,229.62,228.84,226.88,227.7
495,241.54,238.84,235.78,232.84,229.78,230.7,229.6,228.84,226.88,227.68
496,241.54,238.84,235.78,232.84,229.74,230.7,229.6,228.82,226.88,227.68
497,241.54,238.84,235.78,232.84,229.74,230.68,229.6,228.8,226.88,227.68
498,241.54,238.84,235.74,232.84,229.72,230.68,229.6,228.72,226.88,227.64
499,241.54,238.84,235.74,232.84,229.72,230.64,229.56,228.72,226.88,227.64
500,241.52,238.84,235.74,232.8,229.72,230.62,229.54,228.72,226.88,227.64
501,241.52,238.8,235.72,232.8,229.7,230.62,229.5,228.72,226.88,227.64
502,241.52,238.8,235.72,232.8,229.68,230.6,229.48,228.7,226.82,227.64
503,241.5,238.78,235.72,232.8,229.62,230.58,229.48,228.7,226.82,227.64
504,241.5,238.74,235.7,232.8,229.62,230.58,229.46,228.7,226.8,227.64
505,241.5,238.74,235.68,232.8,229.62,230.54,229.46,228.7,226.76,227.62
506,241.5,238.72,235.68,232.8,229.62,230.54,229.46,228.7,226.76,227.6
507,241.5,238.72,235.66,232.8,229.6,230.5,229.44,228.7,226.76,227.6
508,241.5,238.7,235.66,232.8,229.6,230.46,229.44,228.7,226.76,227.58
509,241.5,238.68,235.62,232.76,229.6,230.46,229.4,228.7,226.76,227.58
510,241.5,238.66,235.6,232.74,229.58,230.44,229.4,228.68,226.76,227.56
511,241.5,238.64,235.6,232.74,229.58,230.44,229.4,228.68,226.76,227.52
512,241.5,238.6,235.6,232.74,229.58,230.38,229.4,228.66,226.74,227.48
513,241.5,238.6,235.6,232.74,229.54,230.38,229.4,228.64,226.72,227.44
514,241.5,238.58,235.56,232.74,229.54,230.38,229.4,228.64,226.7,227.44
515,241.5,238.58,235.56,232.72,229.54,230.36,229.38,228.64,226.7,227.42
516,241.5,238.58,235.56,232.7,229.54,230.34,229.38,228.64,226.68,227.42
517,241.5,238.58,235.56,232.68,229.54,230.32,229.38,228.64,226.68,227.42
518,241.5,238.58,235.54,232.66,229.5,230.3,229.38,228.64,226.68,227.4
519,241.5,238.54,235.54,232.66,229.48,230.3,229.36,228.64,226.66,227.38
520,241.5,238.54,235.54,232.66,229.48,230.3,229.34,228.62,226.66,227.38
521,241.5,238.54,235.52,232.66,229.48,230.26,229.34,228.62,226.64,227.38
522,241.48,238.54,235.5,232.66,229.4,230.26,229.34,228.62,226.62,227.38
523,241.48,238.52,235.5,232.66,229.4,230.26,229.34,228.6,226.6,227.38
524,241.44,238.52,235.5,232.66,229.38,230.26,229.34,228.58,226.6,227.36
525,241.44,238.52,235.48,232.66,229.38,230.24,229.34,228.56,226.6,227.36
526,241.44,238.52,235.48,232.64,229.38,230.24,229.32,228.56,226.6,227.34
527,241.44,238.52,235.46,232.64,229.38,230.24,229.32,228.54,226.58,227.34
528,241.44,238.52,235.46,232.64,229.38,230.24,229.28,228.54,226.58,227.32
529,241.42,238.52,235.44,232.64,229.36,230.24,229.28,228.54,226.58,227.3
530,241.42,238.52,235.44,232.64,229.36,230.24,229.28,228.54,226.56,227.26
531,241.42,238.52,235.42,232.64,229.36,230.2,229.28,228.54,226.56,227.26
532,241.42,238.5,235.4,232.64,229.36,230.18,229.28,228.54,226.54,227.26
533,241.42,238.5,235.4,232.64,229.36,230.18,229.28,228.54,226.54,227.24
534,241.42,238.44,235.4,232.62,229.34,230.18,229.28,228.54,226.54,227.24
535,241.42,238.42,235.38,232.62,229.32,230.16,229.22,228.52,226.54,227.24
536,241.42,238.42,235.38,232.62,229.32,230.12,229.2,228.52,226.54,227.2
537,241.42,238.42,235.38,232.62,229.32,230.1,229.18,228.52,226.54,227.18
538,241.42,238.4,235.38,232.6,229.32,230.1,229.18,228.52,226.54,227.16
539,241.42,238.4,235.38,232.58,229.32,230.1,229.18,228.5,226.5,227.16
540,241.4,238.38,235.38,232.58,229.3,230.1,229.12,228.48,226.5,227.16
541,241.4,238.38,235.38,232.58,229.3,230.06,229.12,228.48,226.5,227.14
542,241.4,238.38,235.38,232.58,229.3,230.06,229.12,228.46,226.5,227.1
543,241.4,238.36,235.38,232.58,229.3,230.06,229.12,228.46,226.5,227.08
544,241.4,238.34,235.38,232.58,229.3,230.06,229.08,228.46,226.5,227.06
545,241.4,238.34,235.38,232.58,229.28,230.06,229.08,228.44,226.5,227.06
546,241.4,238.34,235.36,232.58,229.28,230.04,229.06,228.42,226.5,227.06
547,241.4,238.34,235.36,232.58,229.26,230.0,229.06,228.42,226.5,227.04
548,241.4,238.34,235.36,232.58,229.26,230.0,229.06,228.42,226.5,227.04
549,241.4,238.34,235.36,232.58,229.26,230.0,229.06,228.36,226.48,227.04
550,241.4,238.34,235.36,232.56,229.24,230.0,229.06,228.36,226.48,227.04
551,241.4,238.34,235.34,232.54,229.24,230.0,229.06,228.36,226.48,227.0
552,241.38,238.34,235.34,232.54,229.22,229.98,229.04,228.34,226.48,226.94
553,241.38,238.34,235.34,232.54,229.2,229.98,229.04,228.32,226.46,226.94
554,241.38,238.34,235.32,232.54,229.2,229.96,229.04,228.32,226.46,226.92
555,241.36,238.32,235.32,232.54,229.14,229.96,229.04,228.32,226.44,226.92
556,241.36,238.32,235.3,232.52,229.12,229.92,229.04,228.32,226.44,226.92
557,241.32,238.32,235.28,232.52,229.1,229.92,229.04,228.32,226.44,226.92
558,241.32,238.32,235.28,232.48,229.1,229.9,229.04,228.32,226.42,226.9
559,241.32,238.32,235.26,232.48,229.1,229.9,229.02,228.32,226.38,226.88
560,241.32,238.32,235.26,232.48,229.08,229.86,229.02,228.3,226.38,226.86
561,241.32,238.32,235.24,232.48,229.06,229.84,229.0,228.28,226.38,226.86
562,241.32,238.32,235.22,232.48,229.06,229.84,229.0,228.28,226.36,226.86
563,241.28,238.32,235.22,232.46,229.06,229.82,229.0,228.28,226.36,226.84
564,241.28,238.28,235.2,232.44,229.06,229.82,229.0,228.28,226.36,226.82
565,241.28,238.28,235.2,232.42,229.06,229.78,228.94,228.26,226.34,226.8
566,241.28,238.28,235.2,232.42,229.02,229.74,228.92,228.26,226.32,226.8
567,241.28,238.26,235.2,232.42,229.02,229.72,228.92,228.24,226.3,226.78
568,241.28,238.26,235.18,232.42,229.02,229.72,228.9,228.22,226.28,226.76
569,241.28,238.26,235.18,232.4,229.02,229.66,228.9,228.22,226.28,226.76
570,241.28,238.26,235.18,232.4,229.02,229.66,228.9,228.22,226.28,226.76
571,241.28,238.26,235.18,232.36,229.02,229.6,228.9,228.22,226.28,226.72
572,241.26,238.26,235.18,232.34,229.02,229.58,228.88,228.2,226.28,226.7
573,241.26,238.26,235.18,232.32,229.02,229.58,228.88,228.18,226.26,226.68
574,241.26,238.26,235.18,232.32,229.02,229.56,228.88,228.16,226.24,226.68
575,241.26,238.26,235.16,232.32,229.02,229.54,228.88,228.12,226.22,226.66
576,241.24,238.26,235.14,232.32,229.02,229.54,228.88,228.12,226.22,226.64
577,241.24,238.26,235.12,232.32,229.0,229.48,228.88,228.1,226.2,226.62
578,241.24,238.26,235.1,232.32,228.98,229.46,228.88,228.1,226.2,226.58
579,241.24,238.26,235.06,232.3,228.98,229.46,228.86,228.1,226.14,226.58
580,241.24,238.24,235.04,232.28,228.98,229.44,228.84,228.1,226.12,226.56
581,241.24,238.24,235.02,232.28,228.98,229.44,228.84,228.08,226.1,226.54
582,241.24,238.24,235.02,232.26,228.98,229.42,228.82,228.08,226.1,226.54
583,241.24,238.24,235.02,232.24,228.98,229.42,228.8,228.08,226.06,226.54
584,241.24,238.24,235.02,232.24,228.96,229.42,228.8,228.08,226.04,226.52
585,241.24,238.24,235.02,232.24,228.96,229.42,228.8,228.08,226.02,226.5
586,241.24,238.24,235.0,232.24,228.96,229.42,228.8,228.06,225.94,226.5
587,241.22,238.24,235.0,232.24,228.94,229.4,228.68,228.02,225.94,226.5
588,241.22,238.24,235.0,232.24,228.94,229.4,228.64,228.02,225.9,226.48
589,241.22,238.24,235.0,232.24,228.94,229.4,228.62,228.02,225.9,226.48
590,241.2,238.24,235.0,232.24,228.94,229.4,228.62,228.02,225.9,226.48
591,241.2,238.24,235.0,232.24,228.94,229.4,228.62,227.98,225.88,226.48
592,241.2,238.24,234.96,232.24,228.9,229.4,228.62,227.98,225.86,226.48
593,241.2,238.22,234.94,232.22,228.9,229.38,228.62,227.94,225.86,226.48
594,241.2,238.22,234.92,232.22,228.9,229.38,228.62,227.92,225.86,226.46
595,241.2,238.22,234.9,232.22,228.88,229.36,228.56,227.9,225.86,226.44
596,241.2,238.22,234.9,232.2,228.86,229.34,228.56,227.9,225.84,226.44
597,241.2,238.2,234.9,232.18,228.86,229.34,228.54,227.9,225.84,226.44
598,241.2,238.2,234.9,232.18,228.86,229.34,228.54,227.9,225.82,226.44
599,241.2,238.2,234.9,232.16,228.82,229.34,228.48,227.9,225.82,226.42
600,241.2,238.18,234.88,232.16,228.82,229.34,228.46,227.9,225.82,226.42
601,241.2,238.18,234.88,232.16,228.8,229.34,228.44,227.88,225.82,226.38
602,241.2,238.18,234.88,232.16,228.8,229.34,228.44,227.88,225.82,226.38
603,241.18,238.18,234.84,232.16,228.8,229.34,228.44,227.88,225.82,226.38
604,241.18,238.18,234.84,232.16,228.78,229.34,228.44,227.88,225.82,226.36
605,241.18,238.18,234.84,232.16,228.78,229.34,228.42,227.88,225.8,226.36
606,241.18,238.16,234.84,232.14,228.74,229.34,228.38,227.84,225.8,226.36
607,241.16,238.16,234.84,232.12,228.74,229.34,228.38,227.84,225.8,226.34
608,241.16,238.14,234.84,232.1,228.74,229.32,228.38,227.84,225.76,226.32
609,241.16,238.14,234.84,232.1,228.72,229.32,228.38,227.84,225.74,226.26
610,241.16,238.12,234.82,232.1,228.68,229.26,228.38,227.84,225.72,226.26
611,241.16,238.12,234.8,232.08,228.64,229.22,228.38,227.84,225.7,226.26
612,241.16,238.1,234.8,232.08,228.64,229.2,228.34,227.84,225.7,226.22
613,241.16,238.1,234.78,232.08,228.64,229.2,228.34,227.8,225.7,226.22
614,241.16,238.1,234.78,232.04,228.62,229.18,228.34,227.8,225.68,226.22
615,241.16,238.1,234.76,232.04,228.62,229.18,228.34,227.76,225.68,226.22
616,241.16,238.1,234.74,232.02,228.62,229.18,228.34,227.76,225.66,226.22
617,241.16,238.1,234.74,232.0,228.62,229.18,228.3,227.76,225.66,226.22
618,241.16,238.1,234.72,231.98,228.6,229.18,228.28,227.74,225.66,226.2
619,241.16,238.08,234.72,231.98,228.58,229.18,228.26,227.72,225.66,226.2
620,241.16,238.08,234.72,231.98,228.56,229.16,228.26,227.72,225.62,226.18
621,241.16,238.06,234.72,231.98,228.56,229.16,228.26,227.72,225.62,226.18
622,241.16,238.04,234.7,231.94,228.54,229.14,228.26,227.72,225.62,226.18
623,241.16,238.02,234.7,231.94,228.54,229.14,228.26,227.72,225.62,226.18
624,241.16,238.02,234.7,231.92,228.54,229.14,228.24,227.72,225.62,226.14
625,241.16,238.02,234.7,231.88,228.52,229.14,228.24,227.7,225.62,226.14
626,241.16,238.02,234.7,231.88,228.52,229.12,228.2,227.7,225.62,226.14
627,241.16,238.02,234.7,231.84,228.52,229.1,228.2,227.7,225.6,226.14
628,241.16,238.02,234.7,231.84,228.52,229.08,228.2,227.7,225.6,226.12
629,241.16,238.0,234.68,231.84,228.5,229.08,228.2,227.7,225.6,226.12
630,241.16,238.0,234.68,231.84,228.5,229.08,228.2,227.68,225.54,226.12
631,241.16,237.96,234.68,231.82,228.5,229.08,228.2,227.68,225.5,226.1
632,241.16,237.96,234.68,231.8,228.46,229.08,228.2,227.68,225.46,226.08
633,241.16,237.96,234.68,231.8,228.44,229.04,228.14,227.62,225.46,226.06
634,241.16,237.96,234.68,231.78,228.44,229.02,228.14,227.62,225.46,226.06
635,241.16,237.96,234.68,231.72,228.42,229.0,228.14,227.58,225.46,226.06
636,241.16,237.94,234.68,231.72,228.42,229.0,228.12,227.54,225.46,226.06
637,241.16,237.92,234.68,231.72,228.42,228.98,228.1,227.52,225.46,226.04
638,241.16,237.9,234.68,231.72,228.4,228.96,228.08,227.52,225.44,226.04
639,241.16,237.9,234.68,231.7,228.38,228.94,228.08,227.5,225.44,226.04
640,241.16,237.86,234.66,231.66,228.38,228.94,228.08,227.5,225.42,226.02
641,241.16,237.86,234.66,231.62,228.32,228.92,228.08,227.5,225.4,226.02
642,241.14,237.86,234.64,231.6,228.32,228.92,228.08,227.5,225.4,225.98
643,241.14,237.86,234.6,231.58,228.32,228.9,228.06,227.5,225.4,225.96
644,241.14,237.84,234.6,231.56,228.32,228.9,228.06,227.5,225.4,225.96
645,241.14,237.84,234.58,231.56,228.32,228.88,228.04,227.48,225.4,225.96
646,241.14,237.84,234.56,231.56,228.32,228.84,228.04,227.48,225.4,225.96
647,241.14,237.84,234.54,231.56,228.32,228.82,228.04,227.48,225.4,225.94
648,241.14,237.84,234.54,231.56,228.3,228.82,228.04,227.48,225.4,225.94
649,241.14,237.84,234.54,231.54,228.3,228.82,228.02,227.48,225.36,225.92
650,241.14,237.84,234.5,231.54,228.3,228.82,228.02,227.46,225.34,225.92
651,241.14,237.82,234.5,231.54,228.28,228.82,228.0,227.46,225.34,225.9
652,241.14,237.8,234.5,231.52,228.26,228.82,228.0,227.46,225.32,225.88
653,241.14,237.8,234.5,231.5,228.26,228.82,228.0,227.44,225.32,225.88
654,241.14,237.78,234.5,231.5,228.26,228.82,228.0,227.44,225.28,225.84
655,241.14,237.78,234.5,231.48,228.26,228.82,227.98,227.44,225.28,225.82
656,241.14,237.78,234.5,231.48,228.26,228.76,227.98,227.44,225.22,225.8
657,241.14,237.78,234.5,231.48,228.26,228.74,227.98,227.44,225.22,225.8
658,241.12,237.78,234.5,231.48,228.26,228.74,227.98,227.42,225.16,225.8
659,241.12,237.78,234.5,231.48,228.24,228.74,227.96,227.42,225.16,225.8
660,241.12,237.78,234.5,231.48,228.24,228.74,227.96,227.42,225.14,225.8
661,241.12,237.78,234.5,231.48,228.24,228.72,227.94,227.42,225.12,225.76
662,241.12,237.78,234.5,231.48,228.22,228.72,227.94,227.42,225.12,225.76
663,241.12,237.76,234.5,231.48,228.22,228.72,227.94,227.42,225.08,225.74
664,241.12,237.76,234.5,231.48,228.2,228.72,227.9,227.42,225.08,225.74
665,241.12,237.76,234.5,231.46,228.2,228.72,227.9,227.42,225.08,225.72
666,241.1,237.76,234.5,231.46,228.2,228.72,227.9,227.42,225.08,225.72
667,241.08,237.74,234.5,231.46,228.2,228.72,227.9,227.42,225.08,225.72
668,241.08,237.74,234.5,231.46,228.2,228.72,227.88,227.42,225.08,225.72
669,241.08,237.74,234.48,231.44,228.2,228.72,227.88,227.42,225.08,225.7
670,241.06,237.74,234.44,231.44,228.18,228.72,227.84,227.42,225.06,225.68
671,241.06,237.74,234.44,231.42,228.18,228.72,227.84,227.42,225.04,225.66
672,241.06,237.74,234.42,231.42,228.18,228.66,227.84,227.4,225.04,225.66
673,241.06,237.74,234.36,231.42,228.18,228.66,227.82,227.4,225.04,225.64
674,241.06,237.74,234.34,231.42,228.18,228.66,227.82,227.38,225.02,225.64
675,241.06,237.74,234.34,231.42,228.18,228.6,227.82,227.38,225.02,225.64
676,241.06,237.74,234.34,231.42,228.16,228.58,227.8,227.38,225.02,225.62
677,241.06,237.72,234.34,231.42,228.16,228.58,227.8,227.36,225.02,225.58
678,241.06,237.7,234.34,231.42,228.14,228.58,227.8,227.34,225.02,225.56
679,241.06,237.7,234.34,231.42,228.12,228.52,227.8,227.34,225.02,225.56
680,241.06,237.68,234.34,231.42,228.12,228.5,227.8,227.34,225.02,225.54
681,241.06,237.68,234.34,231.42,228.1,228.46,227.8,227.34,225.02,225.5
682,241.04,237.68,234.34,231.38,228.1,228.42,227.8,227.34,225.0,225.5
683,241.04,237.68,234.32,231.34,228.1,228.4,227.78,227.34,225.0,225.48
684,241.04,237.68,234.32,231.34,228.1,228.4,227.78,227.32,225.0,225.48
685,241.04,237.68,234.32,231.34,228.1,228.4,227.74,227.3,225.0,225.48
686,241.04,237.68,234.32,231.32,228.1,228.36,227.74,227.3,225.0,225.46
687,241.04,237.68,234.32,231.32,228.1,228.36,227.74,227.3,225.0,225.44
688,241.04,237.68,234.28,231.32,228.08,228.36,227.72,227.3,224.94,225.44
689,241.04,237.68,234.28,231.3,228.08,228.36,227.72,227.3,224.94,225.44
690,241.04,237.68,234.28,231.3,228.08,228.36,227.72,227.28,224.9,225.42
691,241.04,237.68,234.28,231.3,228.08,228.36,227.72,227.28,224.9,225.42
692,241.04,237.68,234.28,231.28,228.08,228.32,227.72,227.28,224.9,225.42
693,241.04,237.68,234.26,231.28,228.08,228.32,227.7,227.28,224.88,225.42
694,241.04,237.66,234.24,231.28,228.08,228.32,227.66,227.28,224.88,225.42
695,241.02,237.66,234.24,231.28,228.04,228.32,227.66,227.26,224.86,225.4
696,241.02,237.66,234.24,231.26,228.0,228.3,227.66,227.26,224.86,225.38
697,241.02,237.66,234.24,231.26,228.0,228.3,227.66,227.2,224.84,225.38
698,241.02,237.62,234.24,231.26,228.0,228.3,227.66,227.2,224.82,225.34
699,241.02,237.62,234.24,231.26,228.0,228.28,227.66,227.2,224.8,225.34
700,241.02,237.62,234.24,231.26,228.0,228.26,227.62,227.2,224.8,225.34
701,241.02,237.62,234.24,231.26,227.96,228.26,227.62,227.18,224.76,225.3
702,241.02,237.62,234.24,231.26,227.96,228.26,227.62,227.18,224.7,225.28
703,241.02,237.62,234.22,231.24,227.96,228.26,227.62,227.18,224.7,225.28
704,241.02,237.62,234.22,231.2,227.96,228.26,227.62,227.18,224.68,225.26
705,241.02,237.62,234.22,231.2,227.96,228.22,227.58,227.16,224.68,225.24
706,241.02,237.62,234.22,231.2,227.96,228.22,227.58,227.16,224.68,225.24
707,241.02,237.62,234.22,231.18,227.96,228.2,227.58,227.14,224.64,225.22
708,241.02,237.62,234.22,231.18,227.96,228.2,227.58,227.14,224.64,225.22
709,241.02,237.62,234.2,231.18,227.96,228.2,227.58,227.14,224.62,225.22
710,241.0,237.6,234.2,231.14,227.96,228.2,227.54,227.14,224.62,225.22
711,240.98,237.6,234.2,231.14,227.94,228.18,227.52,227.12,224.62,225.22
712,240.98,237.6,234.2,231.12,227.9,228.18,227.48,227.12,224.6,225.22
713,240.98,237.6,234.18,231.1,227.9,228.18,227.46,227.12,224.58,225.22
714,240.98,237.6,234.18,231.1,227.9,228.14,227.46,227.12,224.56,225.2
715,240.98,237.6,234.18,231.1,227.9,228.1,227.44,227.1,224.56,225.2
716,240.98,237.6,234.14,231.08,227.9,228.08,227.44,227.1,224.56,225.18
717,240.98,237.6,234.14,231.08,227.9,228.08,227.44,227.1,224.56,225.18
718,240.98,237.6,234.14,231.08,227.9,228.08,227.42,227.06,224.56,225.18
719,240.98,237.58,234.12,231.08,227.9,228.08,227.42,227.06,224.54,225.16
720,240.98,237.58,234.12,231.08,227.9,228.08,227.42,227.06,224.54,225.16
721,240.98,237.58,234.1,231.08,227.88,228.06,227.4,227.06,224.52,225.16
722,240.98,237.58,234.08,231.06,227.88,228.06,227.4,227.06,224.5,225.16
723,240.98,237.58,234.08,231.06,227.88,228.06,227.4,227.06,224.5,225.16
724,240.98,237.58,234.08,231.06,227.86,228.02,227.38,227.04,224.5,225.14
725,240.98,237.58,234.04,231.06,227.86,228.02,227.38,227.04,224.48,225.14
726,240.98,237.56,234.04,231.06,227.86,227.98,227.38,227.04,224.48,225.14
727,240.98,237.56,234.04,231.06,227.86,227.98,227.36,227.04,224.48,225.14
728,240.98,237.56,234.04,231.06,227.84,227.98,227.36,227.02,224.48,225.14
729,240.94,237.56,234.02,231.06,227.82,227.98,227.36,227.0,224.46,225.14
730,240.92,237.56,234.0,231.06,227.82,227.98,227.36,227.0,224.46,225.14
731,240.92,237.56,234.0,231.06,227.82,227.96,227.36,227.0,224.46,225.14
732,240.92,237.56,233.98,231.04,227.82,227.94,227.32,227.0,224.46,225.12
733,240.92,237.56,233.98,231.04,227.82,227.88,227.32,227.0,224.42,225.1
734,240.92,237.56,233.98,231.04,227.82,227.88,227.28,226.98,224.42,225.1
735,240.92,237.56,233.94,231.04,227.82,227.84,227.26,226.98,224.4,225.1
736,240.9,237.56,233.92,231.04,227.8,227.84,227.26,226.9,224.38,225.1
737,240.9,237.56,233.92,231.04,227.78,227.84,227.26,226.9,224.36,225.1
738,240.9,237.56,233.92,231.02,227.76,227.84,227.26,226.9,224.34,225.1
739,240.9,237.56,233.92,231.02,227.74,227.82,227.26,226.9,224.32,225.1
740,240.9,237.56,233.92,231.02,227.74,227.82,227.26,226.9,224.28,225.1
741,240.9,237.56,233.9,231.02,227.72,227.8,227.26,226.88,224.28,225.1
742,240.9,237.56,233.9,231.02,227.72,227.78,227.26,226.88,224.26,225.08
743,240.9,237.56,233.9,231.02,227.7,227.78,227.26,226.88,224.26,225.08
744,240.9,237.56,233.88,230.98,227.7,227.78,227.24,226.88,224.26,225.06
745,240.86,237.56,233.88,230.96,227.7,227.78,227.24,226.86,224.26,225.06
746,240.86,237.54,233.86,230.96,227.68,227.76,227.22,226.86,224.24,225.02
747,240.86,237.54,233.86,230.92,227.68,227.76,227.22,226.86,224.24,225.0
748,240.86,237.54,233.86,230.92,227.66,227.74,227.22,226.86,224.22,225.0
749,240.86,237.52,233.84,230.9,227.62,227.72,227.2,226.84,224.22,225.0
750,240.86,237.52,233.82,230.9,227.6,227.72,227.2,226.84,224.22,225.0
751,240.86,237.52,233.78,230.9,227.6,227.72,227.2,226.84,224.22,225.0
752,240.86,237.52,233.78,230.9,227.6,227.68,227.16,226.84,224.22,225.0
753,240.84,237.52,233.78,230.9,227.56,227.68,227.14,226.84,224.2,224.96
754,240.84,237.52,233.76,230.9,227.56,227.66,227.14,226.84,224.2,224.96
755,240.84,237.5,233.76,230.9,227.56,227.66,227.12,226.84,224.2,224.96
756,240.84,237.5,233.76,230.9,227.52,227.66,227.1,226.82,224.2,224.94
757,240.84,237.5,233.74,230.9,227.52,227.66,227.08,226.8,224.2,224.92
758,240.8,237.5,233.74,230.9,227.5,227.64,227.08,226.78,224.2,224.9
759,240.8,237.5,233.72,230.9,227.5,227.64,227.04,226.78,224.2,224.9
760,240.8,237.5,233.7,230.9,227.46,227.64,227.04,226.78,224.2,224.9
761,240.8,237.48,233.7,230.88,227.46,227.64,227.02,226.78,224.18,224.88
762,240.8,237.48,233.68,230.88,227.46,227.64,227.02,226.78,224.16,224.88
763,240.8,237.48,233.68,230.88,227.46,227.62,227.0,226.78,224.16,224.88
764,240.8,237.48,233.68,230.88,227.46,227.62,226.96,226.78,224.16,224.86
765,240.8,237.48,233.64,230.88,227.46,227.62,226.94,226.78,224.16,224.84
766,240.8,237.48,233.64,230.86,227.46,227.62,226.94,226.78,224.16,224.82
767,240.8,237.48,233.64,230.86,227.46,227.54,226.92,226.74,224.16,224.82
768,240.8,237.48,233.64,230.86,227.42,227.5,226.9,226.74,224.14,224.82
769,240.8,237.48,233.64,230.84,227.42,227.46,226.88,226.74,224.14,224.82
770,240.8,237.48,233.62,230.82,227.42,227.4,226.84,226.74,224.14,224.8
771,240.8,237.48,233.6,230.82,227.4,227.4,226.84,226.74,224.14,224.8
772,240.8,237.48,233.6,230.82,227.4,227.4,226.84,226.72,224.14,224.8
773,240.8,237.48,233.6,230.82,227.4,227.38,226.82,226.72,224.14,224.8
774,240.8,237.48,233.6,230.82,227.38,227.36,226.82,226.72,224.14,224.8
775,240.8,237.46,233.58,230.8,227.38,227.36,226.8,226.72,224.14,224.8
776,240.8,237.42,233.56,230.8,227.38,227.34,226.8,226.72,224.14,224.8
777,240.8,237.42,233.56,230.78,227.38,227.34,226.78,226.72,224.14,224.78
778,240.78,237.42,233.52,230.78,227.38,227.34,226.76,226.72,224.14,224.78
779,240.78,237.42,233.52,230.78,227.38,227.34,226.76,226.72,224.14,224.78
780,240.78,237.42,233.52,230.78,227.38,227.34,226.76,226.72,224.14,224.78
781,240.78,237.42,233.52,230.72,227.34,227.34,226.74,226.7,224.12,224.78
782,240.78,237.42,233.52,230.7,227.34,227.34,226.74,226.7,224.1,224.78
783,240.78,237.42,233.52,230.7,227.34,227.34,226.74,226.7,224.08,224.78
784,240.78,237.42,233.5,230.68,227.34,227.34,226.74,226.7,224.08,224.78
785,240.78,237.42,233.5,230.68,227.34,227.34,226.74,226.7,224.08,224.74
786,240.78,237.4,233.5,230.64,227.34,227.34,226.74,226.7,224.06,224.74
787,240.78,237.38,233.5,230.64,227.34,227.32,226.72,226.7,224.06,224.72
788,240.78,237.38,233.5,230.64,227.34,227.3,226.7,226.68,224.06,224.72
789,240.78,237.38,233.48,230.62,227.32,227.3,226.7,226.6,224.06,224.72
790,240.78,237.38,233.48,230.62,227.32,227.3,226.7,226.6,224.06,224.72
791,240.76,237.38,233.48,230.62,227.32,227.3,226.7,226.56,224.06,224.72
792,240.76,237.38,233.48,230.62,227.3,227.28,226.7,226.56,224.04,224.72
793,240.76,237.38,233.48,230.62,227.3,227.28,226.7,226.56,224.04,224.72
794,240.76,237.38,233.48,230.58,227.26,227.26,226.7,226.5,224.04,224.72
795,240.76,237.38,233.48,230.58,227.24,227.26,226.7,226.48,224.02,224.72
796,240.74,237.38,233.48,230.58,227.2,227.26,226.7,226.46,224.02,224.72
797,240.74,237.38,233.48,230.56,227.2,227.26,226.7,226.46,224.02,224.72
798,240.72,237.38,233.48,230.56,227.2,227.24,226.7,226.46,224.02,224.72
799,240.72,237.38,233.48,230.54,227.18,227.24,226.7,226.42,224.02,224.68
800,240.7,237.36,233.48,230.54,227.18,227.24,226.68,226.4,224.02,224.68
801,240.7,237.36,233.48,230.54,227.16,227.24,226.68,226.4,224.02,224.66
802,240.7,237.36,233.48,230.54,227.16,227.22,226.68,226.4,224.02,224.64
803,240.7,237.36,233.48,230.54,227.16,227.22,226.66,226.38,224.0,224.64
804,240.68,237.36,233.48,230.54,227.14,227.2,226.66,226.36,224.0,224.62
805,240.68,237.36,233.46,230.54,227.12,227.2,226.66,226.36,224.0,224.6
806,240.68,237.36,233.46,230.54,227.12,227.2,226.66,226.36,224.0,224.58
807,240.66,237.36,233.46,230.54,227.12,227.18,226.66,226.36,223.96,224.56
808,240.66,237.32,233.46,230.54,227.12,227.16,226.66,226.36,223.96,224.56
809,240.66,237.32,233.46,230.54,227.12,227.14,226.66,226.36,223.96,224.56
810,240.66,237.32,233.46,230.52,227.12,227.14,226.64,226.32,223.96,224.56
811,240.66,237.32,233.46,230.52,227.12,227.14,226.64,226.32,223.96,224.56
812,240.66,237.32,233.46,230.5,227.08,227.12,226.64,226.32,223.96,224.56
813,240.66,237.32,233.46,230.5,227.08,227.1,226.64,226.32,223.96,224.5
814,240.64,237.32,233.44,230.5,227.08,227.1,226.64,226.32,223.96,224.5
815,240.64,237.32,233.42,230.48,227.08,227.02,226.64,226.32,223.96,224.48
816,240.64,237.32,233.4,230.44,227.08,227.0,226.64,226.3,223.94,224.48
817,240.64,237.32,233.4,230.42,227.06,227.0,226.64,226.28,223.94,224.46
818,240.64,237.32,233.4,230.42,227.06,227.0,226.6,226.28,223.9,224.44
819,240.64,237.32,233.4,230.42,227.06,226.98,226.6,226.28,223.86,224.44
820,240.62,237.32,233.38,230.42,227.06,226.96,226.6,226.28,223.86,224.44
821,240.6,237.32,233.36,230.4,227.06,226.96,226.6,226.28,223.86,224.44
822,240.6,237.32,233.36,230.36,227.06,226.94,226.6,226.26,223.86,224.44
823,240.6,237.32,233.34,230.34,227.06,226.94,226.6,226.24,223.84,224.44
824,240.58,237.32,233.3,230.34,227.06,226.92,226.6,226.24,223.84,224.44
825,240.56,237.32,233.3,230.34,227.06,226.92,226.6,226.24,223.84,224.42
826,240.56,237.32,233.3,230.34,227.06,226.9,226.6,226.22,223.84,224.42
827,240.56,237.32,233.3,230.3,227.06,226.9,226.58,226.2,223.82,224.42
828,240.56,237.32,233.28,230.28,227.06,226.9,226.58,226.2,223.82,224.4
829,240.56,237.32,233.26,230.26,227.06,226.88,226.58,226.2,223.82,224.4
830,240.56,237.32,233.26,230.22,227.06,226.88,226.56,226.2,223.82,224.4
831,240.54,237.3,233.26,230.22,227.06,226.84,226.54,226.16,223.82,224.4
832,240.52,237.3,233.26,230.22,227.06,226.82,226.52,226.16,223.82,224.38
833,240.52,237.3,233.24,230.22,227.06,226.8,226.52,226.16,223.82,224.38
834,240.52,237.3,233.24,230.2,227.06,226.8,226.48,226.14,223.82,224.38
835,240.52,237.26,233.22,230.2,227.04,226.78,226.48,226.12,223.82,224.38
836,240.52,237.26,233.22,230.2,227.04,226.78,226.48,226.12,223.82,224.36
837,240.52,237.26,233.22,230.16,227.02,226.78,226.48,226.1,223.82,224.32
838,240.52,237.26,233.2,230.16,227.0,226.78,226.48,226.1,223.82,224.32
839,240.5,237.26,233.2,230.16,227.0,226.76,226.44,226.1,223.82,224.3
840,240.5,237.24,233.2,230.14,227.0,226.76,226.42,226.1,223.82,224.28
841,240.5,237.24,233.2,230.12,227.0,226.76,226.42,226.1,223.82,224.28
842,240.5,237.24,233.2,230.12,227.0,226.74,226.42,226.1,223.82,224.28
843,240.48,237.22,233.16,230.12,227.0,226.74,226.42,226.1,223.78,224.26
844,240.48,237.22,233.16,230.12,227.0,226.74,226.42,226.1,223.76,224.24
845,240.48,237.2,233.16,230.1,226.98,226.74,226.4,226.1,223.76,224.22
846,240.48,237.18,233.16,230.1,226.96,226.74,226.38,226.1,223.74,224.22
847,240.48,237.16,233.16,230.06,226.96,226.72,226.38,226.08,223.74,224.22
848,240.48,237.16,233.16,230.06,226.96,226.7,226.38,226.08,223.74,224.2
849,240.48,237.16,233.16,230.06,226.96,226.68,226.38,226.08,223.74,224.2
850,240.48,237.16,233.16,230.04,226.96,226.68,226.36,226.08,223.74,224.2
851,240.48,237.16,233.16,230.0,226.96,226.66,226.34,226.02,223.72,224.2
852,240.48,237.16,233.16,229.98,226.96,226.66,226.3,226.02,223.72,224.2
853,240.48,237.16,233.16,229.98,226.96,226.66,226.3,226.02,223.72,224.2
854,240.48,237.14,233.16,229.96,226.96,226.66,226.3,225.98,223.72,224.18
855,240.48,237.14,233.16,229.96,226.96,226.66,226.3,225.98,223.72,224.18
856,240.48,237.14,233.14,229.96,226.96,226.66,226.28,225.98,223.68,224.18
857,240.48,237.14,233.14,229.96,226.96,226.66,226.28,225.98,223.68,224.18
858,240.48,237.14,233.14,229.94,226.96,226.66,226.28,225.96,223.66,224.18
859,240.48,237.14,233.14,229.94,226.92,226.66,226.26,225.96,223.66,224.16
860,240.48,237.12,233.14,229.94,226.9,226.64,226.26,225.96,223.66,224.1
861,240.48,237.12,233.12,229.88,226.9,226.64,226.26,225.96,223.66,224.1
862,240.48,237.12,233.12,229.86,226.86,226.64,226.26,225.96,223.64,224.1
863,240.48,237.1,233.12,229.84,226.86,226.64,226.26,225.96,223.62,224.1
864,240.48,237.08,233.1,229.82,226.86,226.62,226.24,225.92,223.62,224.1
865,240.46,237.08,233.1,229.8,226.86,226.6,226.24,225.92,223.6,224.1
866,240.46,237.06,233.1,229.78,226.86,226.6,226.24,225.92,223.6,224.1
867,240.46,237.06,233.1,229.74,226.86,226.6,226.24,225.92,223.6,224.08
868,240.46,237.06,233.1,229.74,226.86,226.6,226.24,225.92,223.58,224.06
869,240.46,237.06,233.1,229.68,226.86,226.6,226.22,225.92,223.54,224.04
870,240.46,237.06,233.08,229.68,226.84,226.54,226.22,225.92,223.52,224.0
871,240.46,237.04,233.08,229.66,226.84,226.52,226.22,225.9,223.52,224.0
872,240.46,237.04,233.06,229.62,226.84,226.52,226.22,225.9,223.52,223.98
873,240.46,237.04,233.06,229.62,226.82,226.52,226.22,225.9,223.48,223.98
874,240.46,237.04,233.06,229.58,226.82,226.52,226.22,225.9,223.46,223.98
875,240.46,237.04,233.06,229.58,226.82,226.52,226.22,225.9,223.46,223.98
876,240.44,237.04,233.06,229.56,226.82,226.52,226.22,225.9,223.46,223.98
877,240.44,237.04,233.06,229.54,226.82,226.5,226.22,225.9,223.44,223.96
878,240.44,237.02,233.06,229.52,226.82,226.5,226.22,225.88,223.44,223.96
879,240.44,237.02,233.06,229.52,226.82,226.5,226.22,225.88,223.44,223.96
880,240.44,237.02,233.02,229.52,226.82,226.48,226.22,225.88,223.44,223.94
881,240.44,237.02,233.02,229.52,226.82,226.48,226.18,225.86,223.44,223.94
882,240.44,237.02,233.02,229.5,226.8,226.48,226.18,225.82,223.42,223.92
883,240.44,237.02,233.02,229.5,226.8,226.48,226.16,225.82,223.42,223.92
884,240.44,237.02,233.0,229.5,226.8,226.48,226.16,225.8,223.4,223.92
885,240.44,237.02,233.0,229.48,226.76,226.46,226.16,225.8,223.4,223.9
886,240.44,237.0,233.0,229.48,226.76,226.46,226.16,225.8,223.4,223.9
887,240.44,237.0,233.0,229.46,226.76,226.42,226.16,225.78,223.4,223.9
888,240.42,237.0,232.96,229.46,226.74,226.4,226.16,225.78,223.4,223.88
889,240.42,237.0,232.96,229.46,226.74,226.4,226.16,225.78,223.38,223.88
890,240.42,237.0,232.96,229.44,226.72,226.4,226.16,225.76,223.38,223.88
891,240.42,237.0,232.96,229.44,226.72,226.4,226.16,225.76,223.38,223.88
892,240.42,237.0,232.96,229.44,226.7,226.4,226.14,225.74,223.38,223.88
893,240.42,236.98,232.96,229.42,226.7,226.4,226.14,225.74,223.38,223.88
894,240.42,236.98,232.96,229.42,226.7,226.38,226.14,225.74,223.38,223.86
895,240.42,236.98,232.96,229.42,226.7,226.38,226.14,225.74,223.38,223.84
896,240.42,236.98,232.96,229.38,226.7,226.38,226.14,225.74,223.38,223.84
897,240.42,236.98,232.94,229.38,226.7,226.38,226.14,225.74,223.38,223.82
898,240.42,236.96,232.92,229.36,226.7,226.38,226.14,225.74,223.38,223.82
899,240.42,236.96,232.92,229.36,226.7,226.38,226.14,225.74,223.38,223.82
900,240.42,236.96,232.9,229.36,226.7,226.36,226.14,225.72,223.38,223.8
901,240.42,236.96,232.9,229.34,226.7,226.36,226.14,225.72,223.38,223.8
902,240.42,236.96,232.9,229.34,226.7,226.34,226.14,225.7,223.38,223.8
903,240.42,236.96,232.88,229.32,226.7,226.3,226.12,225.7,223.38,223.8
904,240.42,236.94,232.86,229.3,226.7,226.3,226.12,225.7,223.36,223.8
905,240.42,236.94,232.86,229.3,226.7,226.3,226.12,225.7,223.34,223.8
906,240.42,236.94,232.86,229.3,226.7,226.3,226.12,225.7,223.34,223.8
907,240.4,236.94,232.86,229.3,226.7,226.3,226.12,225.7,223.32,223.8
908,240.4,236.94,232.86,229.28,226.7,226.3,226.12,225.7,223.32,223.78
909,240.4,236.94,232.84,229.28,226.7,226.28,226.12,225.7,223.32,223.78
910,240.4,236.94,232.84,229.28,226.7,226.28,226.12,225.66,223.32,223.78
911,240.4,236.92,232.84,229.28,226.7,226.28,226.12,225.66,223.32,223.78
912,240.4,236.92,232.82,229.26,226.7,226.24,226.1,225.66,223.32,223.78
913,240.4,236.92,232.78,229.24,226.68,226.22,226.1,225.66,223.32,223.78
914,240.4,236.92,232.78,229.24,226.68,226.22,226.1,225.66,223.32,223.78
915,240.4,236.92,232.78,229.24,226.68,226.22,226.1,225.66,223.32,223.78
916,240.4,236.92,232.76,229.24,226.66,226.22,226.1,225.66,223.28,223.76
917,240.4,236.92,232.74,229.24,226.64,226.18,226.1,225.66,223.24,223.76
918,240.4,236.92,232.74,229.22,226.64,226.18,226.1,225.62,223.24,223.76
919,240.4,236.92,232.74,229.22,226.64,226.16,226.1,225.62,223.24,223.76
920,240.4,236.92,232.74,229.22,226.64,226.14,226.1,225.62,223.24,223.76
921,240.4,236.92,232.74,229.2,226.64,226.14,226.08,225.62,223.24,223.76
922,240.4,236.92,232.74,229.2,226.62,226.12,226.08,225.62,223.24,223.76
923,240.38,236.92,232.72,229.2,226.62,226.1,226.08,225.62,223.22,223.74
924,240.38,236.88,232.72,229.2,226.6,226.1,226.08,225.62,223.22,223.74
925,240.38,236.88,232.72,229.2,226.6,226.1,226.08,225.62,223.2,223.74
926,240.38,236.86,232.72,229.2,226.6,226.1,226.08,225.62,223.2,223.74
927,240.38,236.86,232.72,229.2,226.58,226.1,226.08,225.6,223.2,223.74
928,240.38,236.86,232.72,229.18,226.58,226.08,226.08,225.6,223.2,223.74
929,240.38,236.86,232.72,229.18,226.58,226.08,226.08,225.58,223.2,223.74
930,240.38,236.86,232.7,229.18,226.58,226.06,226.08,225.56,223.2,223.74
931,240.38,236.86,232.7,229.16,226.58,226.06,226.08,225.56,223.2,223.74
932,240.38,236.84,232.68,229.16,226.56,226.06,226.08,225.56,223.2,223.74
933,240.38,236.84,232.68,229.16,226.54,226.06,226.04,225.56,223.2,223.72
934,240.38,236.84,232.66,229.16,226.54,226.06,226.02,225.56,223.2,223.72
935,240.38,236.84,232.66,229.14,226.54,226.06,226.02,225.56,223.2,223.72
936,240.38,236.84,232.62,229.14,226.54,226.06,226.02,225.52,223.2,223.72
937,240.38,236.84,232.62,229.14,226.54,226.04,226.02,225.5,223.2,223.72
938,240.38,236.84,232.6,229.14,226.54,226.02,226.02,225.5,223.2,223.72
939,240.38,236.84,232.6,229.12,226.54,226.02,226.02,225.44,223.2,223.72
940,240.38,236.84,232.58,229.12,226.52,226.02,225.98,225.44,223.2,223.7
941,240.38,236.84,232.58,229.12,226.52,226.02,225.98,225.44,223.2,223.7
942,240.38,236.84,232.58,229.1,226.52,226.02,225.96,225.44,223.2,223.7
943,240.38,236.84,232.58,229.1,226.52,226.02,225.94,225.44,223.2,223.7
944,240.38,236.84,232.58,229.1,226.52,226.0,225.94,225.44,223.16,223.68
945,240.38,236.84,232.56,229.1,226.52,226.0,225.92,225.44,223.16,223.68
946,240.38,236.84,232.54,229.1,226.5,226.0,225.9,225.44,223.16,223.68
947,240.38,236.84,232.54,229.1,226.5,225.98,225.9,225.42,223.14,223.68
948,240.38,236.84,232.5,229.1,226.44,225.96,225.9,225.42,223.14,223.68
949,240.38,236.82,232.5,229.1,226.44,225.94,225.9,225.42,223.14,223.68
950,240.38,236.82,232.5,229.08,226.44,225.94,225.9,225.42,223.14,223.68
951,240.38,236.8,232.5,229.08,226.44,225.94,225.9,225.4,223.14,223.68
952,240.38,236.8,232.48,229.08,226.4,225.94,225.9,225.4,223.14,223.68
953,240.38,236.8,232.48,229.08,226.4,225.94,225.9,225.4,223.14,223.68
954,240.38,236.8,232.48,229.06,226.38,225.94,225.88,225.4,223.14,223.68
955,240.38,236.8,232.48,229.06,226.38,225.92,225.88,225.4,223.14,223.68
956,240.38,236.8,232.48,229.04,226.34,225.92,225.88,225.4,223.14,223.66
957,240.38,236.8,232.48,228.98,226.34,225.92,225.88,225.4,223.14,223.66
958,240.38,236.8,232.48,228.98,226.34,225.92,225.88,225.4,223.12,223.66
959,240.38,236.8,232.48,228.96,226.34,225.9,225.88,225.38,223.12,223.66
960,240.38,236.8,232.48,228.96,226.32,225.9,225.88,225.38,223.12,223.66
961,240.38,236.8,232.48,228.96,226.3,225.88,225.88,225.38,223.12,223.66
962,240.38,236.8,232.48,228.96,226.3,225.88,225.88,225.38,223.1,223.66
963,240.38,236.78,232.48,228.94,226.22,225.88,225.88,225.36,223.1,223.62
964,240.38,236.78,232.48,228.9,226.22,225.88,225.88,225.36,223.06,223.6
965,240.38,236.78,232.46,228.9,226.2,225.86,225.88,225.36,223.06,223.6
966,240.38,236.78,232.46,228.9,226.2,225.86,225.88,225.34,223.04,223.58
967,240.38,236.78,232.46,228.86,226.2,225.84,225.88,225.34,223.04,223.58
968,240.38,236.78,232.46,228.86,226.2,225.82,225.88,225.34,223.02,223.58
969,240.38,236.78,232.42,228.86,226.14,225.8,225.88,225.32,223.02,223.56
970,240.38,236.78,232.4,228.86,226.12,225.78,225.88,225.28,223.02,223.56
971,240.38,236.76,232.4,228.86,226.08,225.74,225.88,225.24,223.02,223.56
972,240.38,236.76,232.38,228.86,226.06,225.74,225.84,225.24,223.02,223.54
973,240.38,236.76,232.38,228.86,226.06,225.74,225.84,225.24,223.02,223.54
974,240.38,236.76,232.38,228.86,226.06,225.72,225.84,225.22,223.0,223.54
975,240.38,236.76,232.36,228.86,226.04,225.72,225.84,225.2,223.0,223.54
976,240.38,236.76,232.34,228.86,226.04,225.72,225.84,225.18,223.0,223.54
977,240.38,236.74,232.34,228.86,226.04,225.72,225.82,225.18,223.0,223.54
978,240.38,236.74,232.32,228.86,226.04,225.68,225.82,225.18,223.0,223.54
979,240.38,236.74,232.32,228.86,226.02,225.68,225.82,225.16,223.0,223.54
980,240.38,236.74,232.3,228.84,226.02,225.68,225.78,225.16,223.0,223.52
981,240.38,236.74,232.3,228.8,226.0,225.68,225.72,225.14,223.0,223.52
982,240.38,236.74,232.3,228.8,226.0,225.66,225.72,225.14,222.98,223.5
983,240.38,236.74,232.3,228.8,226.0,225.66,225.72,225.12,222.94,223.5
984,240.38,236.74,232.28,228.8,226.0,225.66,225.72,225.12,222.92,223.5
985,240.36,236.74,232.28,228.8,226.0,225.64,225.72,225.12,222.9,223.5
986,240.36,236.72,232.28,228.8,226.0,225.62,225.72,225.12,222.9,223.5
987,240.36,236.72,232.28,228.78,226.0,225.62,225.7,225.1,222.86,223.5
988,240.36,236.72,232.28,228.78,226.0,225.62,225.7,225.1,222.86,223.5
989,240.36,236.72,232.28,228.78,225.96,225.62,225.7,225.1,222.84,223.5
990,240.36,236.72,232.22,228.78,225.96,225.6,225.66,225.08,222.84,223.5
991,240.36,236.72,232.22,228.78,225.96,225.6,225.64,225.06,222.84,223.5
992,240.34,236.72,232.22,228.78,225.96,225.6,225.64,225.04,222.84,223.5
993,240.34,236.72,232.22,228.78,225.96,225.58,225.64,225.02,222.84,223.5
994,240.34,236.72,232.2,228.78,225.96,225.56,225.6,225.02,222.84,223.5
995,240.34,236.72,232.2,228.78,225.96,225.56,225.6,225.02,222.84,223.48
996,240.34,236.7,232.18,228.76,225.94,225.56,225.6,225.02,222.84,223.48
997,240.34,236.7,232.14,228.74,225.92,225.56,225.6,225.0,222.82,223.48
998,240.32,236.7,232.14,228.72,225.92,225.56,225.6,225.0,222.82,223.46
999,240.32,236.7,232.12,228.72,225.92,225.54,225.58,225.0,222.82,223.46
1000,240.32,236.7,232.12,228.72,225.92,225.54,225.58,225.0,222.82,223.46
1001,240.32,236.7,232.1,228.72,225.92,225.54,225.56,224.98,222.82,223.46
1002,240.32,236.7,232.08,228.72,225.92,225.5,225.56,224.98,222.82,223.46
1003,240.32,236.7,232.08,228.72,225.9,225.5,225.56,224.96,222.82,223.46
1004,240.3,236.7,232.06,228.72,225.88,225.48,225.56,224.96,222.82,223.46
1005,240.3,236.7,232.06,228.7,225.88,225.46,225.56,224.96,222.82,223.46
1006,240.3,236.7,232.06,228.7,225.88,225.46,225.56,224.96,222.82,223.44
1007,240.3,236.7,232.06,228.7,225.88,225.46,225.56,224.96,222.82,223.44
1008,240.3,236.7,232.06,228.68,225.88,225.46,225.56,224.94,222.82,223.44
1009,240.3,236.7,232.06,228.66,225.88,225.44,225.56,224.92,222.82,223.44
1010,240.3,236.7,232.06,228.66,225.88,225.44,225.56,224.92,222.82,223.44
1011,240.3,236.7,232.06,228.66,225.88,225.44,225.56,224.92,222.8,223.44
1012,240.3,236.7,232.04,228.66,225.86,225.44,225.56,224.92,222.8,223.44
1013,240.3,236.7,232.04,228.66,225.86,225.44,225.56,224.92,222.8,223.44
1014,240.3,236.7,232.04,228.66,225.86,225.44,225.54,224.92,222.78,223.42
1015,240.28,236.7,232.04,228.66,225.84,225.44,225.54,224.92,222.78,223.4
1016,240.28,236.7,232.04,228.66,225.82,225.44,225.54,224.92,222.78,223.4
1017,240.28,236.7,232.04,228.66,225.82,225.44,225.54,224.92,222.78,223.4
1018,240.28,236.68,232.04,228.66,225.82,225.42,225.54,224.92,222.78,223.4
1019,240.26,236.68,232.0,228.66,225.82,225.42,225.54,224.92,222.76,223.38
1020,240.26,236.66,232.0,228.66,225.78,225.4,225.54,224.92,222.76,223.36
1021,240.26,236.66,232.0,228.66,225.78,225.38,225.54,224.92,222.76,223.36
1022,240.26,236.66,232.0,228.66,225.76,225.38,225.52,224.92,222.76,223.36
1023,240.26,236.66,231.98,228.66,225.74,225.36,225.52,224.92,222.76,223.36
1024,240.26,236.64,231.98,228.66,225.72,225.34,225.52,224.92,222.76,223.36
1025,240.24,236.64,231.98,228.66,225.72,225.34,225.5,224.9,222.76,223.34
1026,240.24,236.64,231.96,228.66,225.7,225.34,225.5,224.9,222.76,223.32
1027,240.24,236.64,231.96,228.66,225.7,225.34,225.5,224.9,222.76,223.32
1028,240.24,236.64,231.96,228.66,225.7,225.34,225.5,224.88,222.76,223.32
1029,240.24,236.62,231.92,228.66,225.7,225.34,225.48,224.88,222.76,223.32
1030,240.24,236.62,231.92,228.58,225.7,225.34,225.46,224.88,222.76,223.32
1031,240.24,236.62,231.92,228.58,225.68,225.34,225.46,224.88,222.76,223.3
1032,240.24,236.62,231.92,228.56,225.68,225.3,225.44,224.88,222.76,223.3
1033,240.24,236.62,231.92,228.54,225.68,225.3,225.4,224.88,222.74,223.3
1034,240.24,236.62,231.88,228.54,225.68,225.28,225.4,224.88,222.74,223.3
1035,240.24,236.62,231.86,228.5,225.68,225.28,225.4,224.86,222.72,223.3
1036,240.24,236.62,231.86,228.48,225.68,225.28,225.4,224.84,222.72,223.3
1037,240.24,236.62,231.86,228.48,225.68,225.28,225.4,224.82,222.72,223.28
1038,240.24,236.62,231.86,228.46,225.66,225.28,225.4,224.82,222.72,223.26
1039,240.24,236.58,231.86,228.46,225.66,225.28,225.4,224.82,222.72,223.26
1040,240.22,236.58,231.86,228.46,225.66,225.26,225.4,224.8,222.72,223.26
1041,240.22,236.58,231.82,228.44,225.62,225.26,225.4,224.8,222.72,223.26
1042,240.22,236.58,231.82,228.44,225.62,225.26,225.4,224.8,222.72,223.26
1043,240.22,236.58,231.8,228.44,225.6,225.26,225.4,224.8,222.72,223.26
1044,240.22,236.58,231.8,228.44,225.6,225.26,225.38,224.8,222.72,223.26
1045,240.2,236.58,231.76,228.44,225.58,225.26,225.38,224.8,222.72,223.26
1046,240.2,236.58,231.76,228.44,225.58,225.26,225.36,224.8,222.7,223.22
1047,240.18,236.58,231.76,228.44,225.56,225.24,225.36,224.8,222.7,223.22
1048,240.18,236.58,231.76,228.44,225.56,225.24,225.34,224.8,222.7,223.22
1049,240.18,236.58,231.74,228.44,225.56,225.24,225.32,224.8,222.7,223.22
1050,240.18,236.58,231.72,228.44,225.54,225.22,225.3,224.8,222.7,223.22
1051,240.16,236.58,231.72,228.44,225.54,225.22,225.28,224.8,222.7,223.22
1052,240.16,236.58,231.7,228.44,225.54,225.2,225.28,224.8,222.7,223.22
1053,240.16,236.58,231.68,228.44,225.54,225.16,225.28,224.8,222.68,223.22
1054,240.16,236.56,231.68,228.4,225.54,225.16,225.28,224.8,222.68,223.22
1055,240.16,236.56,231.68,228.4,225.54,225.16,225.26,224.8,222.66,223.22
1056,240.16,236.56,231.68,228.38,225.5,225.16,225.26,224.8,222.66,223.22
1057,240.16,236.54,231.66,228.38,225.5,225.16,225.26,224.8,222.66,223.22
1058,240.16,236.54,231.66,228.38,225.5,225.16,225.26,224.8,222.66,223.22
1059,240.16,236.54,231.66,228.38,225.5,225.16,225.26,224.8,222.66,223.22
1060,240.16,236.52,231.64,228.38,225.46,225.16,225.24,224.8,222.66,223.22
1061,240.16,236.52,231.62,228.38,225.46,225.16,225.24,224.8,222.64,223.22
1062,240.16,236.52,231.6,228.38,225.46,225.16,225.24,224.78,222.64,223.22
1063,240.16,236.52,231.6,228.34,225.46,225.16,225.22,224.78,222.64,223.22
1064,240.16,236.52,231.6,228.34,225.46,225.16,225.22,224.76,222.64,223.2
1065,240.14,236.52,231.6,228.34,225.46,225.16,225.22,224.72,222.64,223.2
1066,240.12,236.52,231.58,228.34,225.46,225.14,225.22,224.7,222.64,223.2
1067,240.1,236.52,231.58,228.34,225.46,225.14,225.22,224.7,222.62,223.2
1068,240.1,236.52,231.58,228.34,225.46,225.12,225.22,224.68,222.6,223.2
1069,240.1,236.52,231.56,228.34,225.44,225.12,225.22,224.68,222.6,223.2
1070,240.1,236.52,231.56,228.34,225.44,225.12,225.22,224.68,222.6,223.18
1071,240.1,236.48,231.56,228.34,225.44,225.12,225.2,224.68,222.58,223.18
1072,240.1,236.48,231.56,228.34,225.44,225.12,225.2,224.68,222.58,223.18
1073,240.1,236.48,231.56,228.34,225.44,225.12,225.2,224.68,222.58,223.16
1074,240.1,236.48,231.54,228.34,225.44,225.12,225.18,224.66,222.58,223.16
1075,240.1,236.48,231.54,228.34,225.44,225.12,225.18,224.64,222.58,223.16
1076,240.1,236.48,231.54,228.32,225.42,225.12,225.16,224.62,222.56,223.14
1077,240.1,236.48,231.54,228.32,225.4,225.12,225.16,224.62,222.54,223.14
1078,240.08,236.48,231.52,228.32,225.4,225.12,225.16,224.6,222.54,223.14
1079,240.08,236.48,231.52,228.32,225.38,225.1,225.12,224.6,222.54,223.12
1080,240.08,236.48,231.5,228.32,225.36,225.1,225.12,224.6,222.54,223.12
1081,240.08,236.46,231.5,228.32,225.36,225.1,225.12,224.58,222.52,223.12
1082,240.08,236.46,231.5,228.32,225.36,225.1,225.1,224.58,222.52,223.12
1083,240.08,236.46,231.5,228.32,225.36,225.1,225.1,224.56,222.5,223.12
1084,240.08,236.46,231.5,228.32,225.36,225.1,225.08,224.56,222.5,223.1
1085,240.08,236.46,231.48,228.3,225.36,225.1,225.08,224.56,222.5,223.1
1086,240.08,236.46,231.48,228.3,225.36,225.08,225.06,224.56,222.5,223.1
1087,240.08,236.46,231.46,228.3,225.36,225.08,225.06,224.56,222.5,223.1
1088,240.08,236.46,231.46,228.28,225.36,225.08,225.06,224.56,222.5,223.1
1089,240.08,236.46,231.46,228.28,225.34,225.08,225.04,224.56,222.5,223.1
1090,240.08,236.46,231.46,228.26,225.34,225.08,225.02,224.54,222.5,223.1
1091,240.08,236.44,231.46,228.26,225.34,225.08,225.02,224.54,222.5,223.1
1092,240.06,236.44,231.42,228.24,225.34,225.08,225.0,224.52,222.48,223.1
1093,240.06,236.44,231.4,228.24,225.34,225.08,225.0,224.46,222.48,223.1
1094,240.06,236.44,231.38,228.24,225.34,225.08,225.0,224.46,222.48,223.1
1095,240.06,236.44,231.38,228.24,225.34,225.06,225.0,224.42,222.48,223.1
1096,240.06,236.44,231.38,228.24,225.34,225.06,225.0,224.42,222.48,223.1
1097,240.06,236.44,231.38,228.24,225.34,225.06,225.0,224.42,222.48,223.1
1098,240.06,236.44,231.38,228.24,225.34,225.04,225.0,224.42,222.48,223.1
1099,240.06,236.44,231.36,228.22,225.34,225.04,224.96,224.42,222.48,223.1
1100,240.06,236.44,231.36,228.2,225.34,225.02,224.96,224.38,222.48,223.08
1101,240.06,236.44,231.36,228.16,225.34,225.02,224.96,224.38,222.48,223.08
1102,240.06,236.44,231.36,228.16,225.34,225.02,224.96,224.38,222.48,223.08
1103,240.06,236.44,231.36,228.14,225.34,225.02,224.96,224.38,222.48,223.08
1104,240.06,236.44,231.36,228.12,225.34,225.02,224.96,224.38,222.48,223.08
1105,240.06,236.44,231.36,228.12,225.34,225.02,224.94,224.38,222.48,223.06
1106,240.06,236.44,231.36,228.12,225.32,225.02,224.94,224.34,222.46,223.06
1107,240.06,236.44,231.36,228.12,225.32,225.02,224.94,224.34,222.46,223.06
1108,240.06,236.44,231.34,228.12,225.28,225.02,224.94,224.34,222.46,223.06
1109,240.06,236.44,231.34,228.1,225.28,225.02,224.94,224.34,222.46,223.04
1110,240.06,236.44,231.34,228.1,225.28,225.02,224.94,224.34,222.44,223.04
1111,240.06,236.44,231.32,228.1,225.28,225.02,224.92,224.34,222.44,223.04
1112,240.06,236.42,231.3,228.1,225.28,225.02,224.9,224.34,222.44,223.04
1113,240.06,236.42,231.28,228.1,225.28,225.02,224.9,224.34,222.44,223.04
1114,240.06,236.42,231.28,228.1,225.28,225.02,224.9,224.32,222.44,223.04
1115,240.06,236.42,231.26,228.1,225.28,225.02,224.88,224.32,222.44,223.04
1116,240.06,236.42,231.26,228.1,225.26,225.02,224.86,224.32,222.44,223.04
1117,240.06,236.42,231.24,228.1,225.26,225.0,224.84,224.32,222.44,223.04
1118,240.06,236.42,231.24,228.08,225.26,225.0,224.84,224.32,222.44,223.04
1119,240.06,236.42,231.22,228.08,225.26,224.98,224.84,224.32,222.42,223.04
1120,240.06,236.4,231.22,228.06,225.26,224.98,224.84,224.28,222.42,223.02
1121,240.06,236.4,231.2,228.06,225.26,224.98,224.82,224.28,222.42,223.0
1122,240.06,236.4,231.2,228.04,225.26,224.96,224.8,224.28,222.42,223.0
1123,240.06,236.4,231.18,228.02,225.26,224.96,224.8,224.28,222.42,223.0
1124,240.06,236.4,231.18,228.02,225.24,224.96,224.78,224.26,222.42,223.0
1125,240.06,236.4,231.18,228.02,225.24,224.96,224.78,224.26,222.42,223.0
1126,240.06,236.38,231.18,228.02,225.24,224.96,224.78,224.26,222.42,223.0
1127,240.06,236.38,231.18,228.02,225.22,224.96,224.78,224.26,222.42,223.0
1128,240.06,236.38,231.16,228.0,225.22,224.96,224.78,224.24,222.42,223.0
1129,240.06,236.38,231.16,228.0,225.2,224.96,224.78,224.24,222.42,223.0
1130,240.06,236.38,231.16,228.0,225.2,224.96,224.78,224.22,222.42,222.98
1131,240.04,236.38,231.16,228.0,225.2,224.96,224.78,224.22,222.42,222.98
1132,240.04,236.38,231.14,228.0,225.2,224.96,224.78,224.22,222.42,222.98
1133,240.04,236.38,231.14,228.0,225.2,224.92,224.78,224.22,222.42,222.98
1134,240.04,236.38,231.14,228.0,225.2,224.92,224.78,224.2,222.42,222.98
1135,240.04,236.38,231.14,228.0,225.18,224.92,224.78,224.2,222.42,222.98
1136,240.04,236.38,231.14,228.0,225.18,224.92,224.78,224.2,222.42,222.98
1137,240.04,236.38,231.14,228.0,225.16,224.88,224.78,224.2,222.42,222.94
1138,240.04,236.36,231.14,227.98,225.16,224.88,224.74,224.2,222.42,222.94
1139,240.04,236.36,231.14,227.96,225.16,224.88,224.74,224.2,222.42,222.94
1140,240.04,236.36,231.14,227.96,225.16,224.88,224.74,224.2,222.42,222.94
1141,240.04,236.34,231.14,227.96,225.16,224.88,224.7,224.2,222.42,222.9
1142,240.04,236.34,231.12,227.96,225.16,224.88,224.7,224.18,222.42,222.9
1143,240.04,236.34,231.1,227.96,225.16,224.88,224.7,224.16,222.42,222.9
1144,240.04,236.34,231.1,227.96,225.16,224.88,224.68,224.16,222.42,222.9
1145,240.04,236.34,231.1,227.96,225.16,224.86,224.68,224.16,222.42,222.9
1146,240.04,236.34,231.1,227.96,225.14,224.86,224.66,224.16,222.42,222.9
1147,240.04,236.34,231.1,227.96,225.14,224.84,224.64,224.16,222.42,222.9
1148,240.04,236.34,231.1,227.96,225.14,224.84,224.64,224.16,222.42,222.9
1149,240.04,236.34,231.1,227.94,225.14,224.84,224.64,224.16,222.42,222.9
1150,240.04,236.34,231.1,227.92,225.14,224.82,224.64,224.14,222.42,222.9
1151,240.04,236.32,231.1,227.9,225.14,224.82,224.64,224.14,222.42,222.9
1152,240.04,236.32,231.1,227.88,225.14,224.82,224.64,224.12,222.42,222.9
1153,240.04,236.32,231.08,227.88,225.14,224.82,224.64,224.12,222.42,222.9
1154,240.04,236.32,231.08,227.88,225.14,224.8,224.64,224.12,222.42,222.9
1155,240.04,236.32,231.08,227.88,225.14,224.8,224.64,224.12,222.42,222.9
1156,240.04,236.32,231.08,227.88,225.14,224.8,224.64,224.08,222.42,222.9
1157,240.04,236.32,231.08,227.88,225.14,224.8,224.62,224.08,222.42,222.9
1158,240.04,236.28,231.08,227.88,225.14,224.8,224.62,224.06,222.42,222.9
1159,240.04,236.28,231.08,227.88,225.14,224.8,224.62,224.06,222.42,222.9
1160,240.04,236.28,231.06,227.88,225.14,224.8,224.62,224.02,222.42,222.88
1161,240.04,236.26,231.04,227.86,225.14,224.8,224.6,224.02,222.42,222.86
1162,240.04,236.26,231.04,227.84,225.14,224.8,224.6,224.02,222.4,222.86
1163,240.04,236.26,231.04,227.82,225.14,224.8,224.6,224.02,222.4,222.84
1164,240.04,236.24,231.04,227.82,225.12,224.8,224.6,224.02,222.4,222.84
1165,240.04,236.24,231.04,227.82,225.1,224.8,224.6,224.02,222.4,222.84
1166,240.04,236.24,231.04,227.82,225.1,224.8,224.56,224.02,222.4,222.82
1167,240.04,236.2,231.04,227.82,225.1,224.78,224.56,224.02,222.4,222.82
1168,240.04,236.2,231.04,227.82,225.1,224.78,224.52,224.02,222.4,222.82
1169,240.04,236.2,231.04,227.82,225.1,224.78,224.5,224.02,222.4,222.82
1170,240.04,236.2,231.04,227.8,225.1,224.78,224.5,224.0,222.4,222.82
1171,240.04,236.2,231.04,227.8,225.1,224.78,224.5,224.0,222.4,222.82
1172,240.04,236.18,231.04,227.8,225.1,224.78,224.48,224.0,222.4,222.82
1173,240.02,236.18,231.04,227.8,225.1,224.74,224.46,224.0,222.4,222.82
1174,240.02,236.18,231.04,227.8,225.1,224.74,224.44,224.0,222.4,222.82
1175,240.02,236.18,231.02,227.78,225.1,224.72,224.42,224.0,222.4,222.82
1176,240.02,236.18,231.02,227.78,225.1,224.72,224.42,223.98,222.4,222.82
1177,240.02,236.18,231.02,227.78,225.1,224.72,224.42,223.98,222.38,222.82
1178,240.02,236.18,231.02,227.78,225.1,224.72,224.42,223.96,222.36,222.82
1179,240.02,236.16,231.0,227.76,225.1,224.72,224.42,223.96,222.34,222.82
1180,240.02,236.16,231.0,227.76,225.1,224.72,224.42,223.96,222.34,222.82
1181,240.02,236.12,231.0,227.74,225.08,224.72,224.4,223.96,222.32,222.82
1182,240.02,236.12,231.0,227.74,225.08,224.72,224.4,223.96,222.32,222.82
1183,240.02,236.08,231.0,227.74,225.06,224.72,224.36,223.94,222.32,222.82
1184,240.02,236.08,231.0,227.74,225.06,224.72,224.36,223.94,222.32,222.82
1185,240.02,236.08,231.0,227.72,225.06,224.72,224.36,223.94,222.32,222.82
1186,240.02,236.08,231.0,227.72,225.04,224.72,224.36,223.92,222.32,222.8
1187,240.02,236.08,231.0,227.7,225.02,224.72,224.34,223.9,222.32,222.8
1188,240.02,236.08,231.0,227.7,225.02,224.72,224.34,223.9,222.32,222.8
1189,240.02,236.08,231.0,227.7,225.02,224.72,224.32,223.9,222.28,222.8
1190,240.02,236.08,231.0,227.7,225.02,224.72,224.32,223.9,222.26,222.78
1191,240.02,236.06,231.0,227.7,225.02,224.72,224.32,223.9,222.26,222.76
1192,240.02,236.06,231.0,227.68,225.02,224.72,224.32,223.9,222.26,222.76
1193,240.02,236.06,231.0,227.68,225.02,224.72,224.32,223.9,222.26,222.76
1194,240.02,236.06,231.0,227.68,225.02,224.72,224.32,223.9,222.26,222.76
1195,240.02,236.06,231.0,227.68,225.02,224.72,224.32,223.88,222.26,222.76
1196,240.02,236.06,231.0,227.68,225.0,224.72,224.32,223.86,222.26,222.76
1197,240.02,236.06,231.0,227.68,225.0,224.66,224.32,223.86,222.26,222.76
1198,240.02,236.06,231.0,227.68,225.0,224.66,224.32,223.86,222.26,222.76
1199,240.02,236.04,231.0,227.68,225.0,224.66,224.32,223.82,222.24,222.76
1200,240.02,236.04,230.98,227.68,224.96,224.66,224.32,223.82,222.24,222.76
1201,240.02,236.02,230.98,227.68,224.94,224.64,224.3,223.8,222.24,222.76
1202,240.02,236.0,230.98,227.68,224.94,224.64,224.3,223.8,222.24,222.76
1203,240.02,236.0,230.98,227.68,224.94,224.62,224.28,223.8,222.24,222.76
1204,240.02,236.0,230.98,227.68,224.94,224.62,224.28,223.76,222.22,222.76
1205,240.02,236.0,230.98,227.68,224.92,224.6,224.28,223.72,222.22,222.76
1206,240.02,236.0,230.98,227.66,224.92,224.6,224.26,223.72,222.22,222.76
1207,240.02,236.0,230.98,227.66,224.92,224.58,224.26,223.72,222.22,222.76
1208,240.02,236.0,230.98,227.66,224.92,224.58,224.26,223.72,222.22,222.76
1209,240.02,236.0,230.98,227.66,224.92,224.58,224.26,223.72,222.2,222.74
1210,240.02,235.98,230.98,227.66,224.92,224.58,224.26,223.72,222.2,222.74
1211,240.02,235.98,230.98,227.66,224.92,224.58,224.26,223.72,222.2,222.74
1212,240.02,235.98,230.96,227.66,224.92,224.56,224.26,223.72,222.2,222.74
1213,240.02,235.98,230.96,227.66,224.9,224.56,224.24,223.72,222.2,222.74
1214,240.02,235.98,230.96,227.64,224.9,224.56,224.24,223.7,222.2,222.74
1215,240.02,235.98,230.96,227.64,224.9,224.56,224.22,223.7,222.2,222.74
1216,240.02,235.98,230.94,227.64,224.88,224.56,224.22,223.7,222.2,222.72
1217,240.02,235.96,230.92,227.64,224.88,224.56,224.2,223.7,222.2,222.72
1218,240.02,235.96,230.92,227.64,224.88,224.56,224.18,223.7,222.2,222.72
1219,240.02,235.96,230.92,227.62,224.88,224.56,224.18,223.68,222.2,222.72
1220,240.02,235.96,230.92,227.62,224.88,224.56,224.18,223.68,222.2,222.72
1221,240.02,235.96,230.92,227.62,224.88,224.56,224.18,223.68,222.2,222.72
1222,240.02,235.96,230.92,227.62,224.88,224.56,224.18,223.68,222.18,222.72
1223,240.02,235.96,230.92,227.6,224.84,224.54,224.18,223.68,222.18,222.72
1224,240.02,235.96,230.92,227.58,224.82,224.54,224.18,223.68,222.18,222.72
1225,240.02,235.94,230.92,227.56,224.8,224.54,224.16,223.68,222.18,222.72
1226,240.02,235.92,230.92,227.56,224.8,224.54,224.16,223.68,222.16,222.7
1227,240.02,235.92,230.92,227.56,224.8,224.54,224.16,223.66,222.14,222.7
1228,240.02,235.92,230.92,227.54,224.8,224.52,224.14,223.64,222.14,222.7
1229,240.02,235.92,230.9,227.54,224.8,224.48,224.12,223.64,222.14,222.7
1230,240.02,235.92,230.88,227.54,224.8,224.48,224.12,223.64,222.14,222.7
1231,240.0,235.92,230.86,227.54,224.8,224.48,224.12,223.64,222.14,222.7
1232,240.0,235.92,230.86,227.54,224.8,224.48,224.12,223.64,222.14,222.7
1233,240.0,235.92,230.86,227.52,224.8,224.48,224.12,223.64,222.14,222.7
1234,240.0,235.92,230.86,227.52,224.8,224.48,224.12,223.64,222.1,222.68
1235,240.0,235.92,230.86,227.5,224.8,224.48,224.1,223.64,222.1,222.68
1236,240.0,235.92,230.86,227.5,224.8,224.48,224.1,223.64,222.08,222.66
1237,240.0,235.92,230.86,227.5,224.8,224.48,224.06,223.64,222.06,222.66
1238,240.0,235.92,230.86,227.48,224.8,224.48,224.06,223.62,222.06,222.66
1239,240.0,235.92,230.86,227.48,224.8,224.48,224.06,223.62,222.06,222.66
1240,240.0,235.92,230.86,227.48,224.8,224.48,224.04,223.62,222.06,222.66
1241,240.0,235.92,230.86,227.48,224.8,224.48,224.02,223.62,222.06,222.66
1242,240.0,235.92,230.84,227.46,224.8,224.48,224.02,223.6,222.06,222.66
1243,240.0,235.92,230.84,227.46,224.8,224.48,224.0,223.58,222.04,222.66
1244,240.0,235.92,230.84,227.46,224.78,224.44,224.0,223.58,222.04,222.66
1245,240.0,235.92,230.84,227.46,224.78,224.44,223.98,223.58,222.04,222.66
1246,240.0,235.9,230.82,227.46,224.76,224.44,223.98,223.58,222.04,222.66
1247,240.0,235.9,230.8,227.46,224.76,224.44,223.98,223.56,222.02,222.64
1248,240.0,235.9,230.8,227.46,224.76,224.42,223.98,223.56,222.02,222.64
1249,240.0,235.9,230.8,227.44,224.76,224.42,223.98,223.54,222.02,222.62
1250,240.0,235.9,230.8,227.44,224.74,224.4,223.98,223.54,222.0,222.62
1251,240.0,235.9,230.8,227.44,224.74,224.38,223.98,223.54,221.98,222.62
1252,240.0,235.9,230.8,227.44,224.74,224.38,223.98,223.52,221.98,222.62
1253,239.98,235.9,230.8,227.42,224.74,224.36,223.98,223.52,221.98,222.62
1254,239.98,235.9,230.8,227.4,224.74,224.36,223.96,223.52,221.98,222.62
1255,239.98,235.9,230.78,227.4,224.72,224.36,223.96,223.52,221.96,222.62
1256,239.98,235.88,230.78,227.4,224.72,224.36,223.96,223.52,221.96,222.62
1257,239.98,235.86,230.78,227.4,224.72,224.36,223.94,223.52,221.96,222.62
1258,239.98,235.86,230.78,227.4,224.7,224.34,223.94,223.5,221.96,222.62
1259,239.98,235.86,230.78,227.4,224.7,224.34,223.94,223.5,221.96,222.62
1260,239.98,235.86,230.76,227.4,224.7,224.32,223.92,223.5,221.96,222.62
1261,239.98,235.84,230.76,227.4,224.7,224.32,223.92,223.5,221.96,222.62
1262,239.96,235.84,230.76,227.4,224.68,224.32,223.92,223.5,221.96,222.6
1263,239.96,235.84,230.76,227.4,224.68,224.3,223.92,223.5,221.96,222.58
1264,239.96,235.8,230.76,227.4,224.64,224.3,223.92,223.5,221.96,222.58
1265,239.96,235.8,230.76,227.4,224.64,224.3,223.92,223.5,221.96,222.58
1266,239.96,235.8,230.76,227.4,224.62,224.3,223.92,223.5,221.96,222.58
1267,239.96,235.8,230.74,227.4,224.62,224.3,223.92,223.5,221.96,222.58
1268,239.96,235.8,230.74,227.4,224.6,224.28,223.9,223.5,221.96,222.58
1269,239.96,235.8,230.74,227.4,224.58,224.28,223.9,223.5,221.94,222.56
1270,239.96,235.78,230.74,227.4,224.58,224.28,223.9,223.5,221.94,222.56
1271,239.96,235.76,230.74,227.4,224.58,224.28,223.88,223.5,221.94,222.56
1272,239.96,235.76,230.74,227.4,224.58,224.28,223.86,223.5,221.94,222.56
1273,239.96,235.76,230.74,227.38,224.58,224.28,223.86,223.5,221.94,222.56
1274,239.96,235.76,230.74,227.38,224.54,224.28,223.86,223.5,221.94,222.56
1275,239.96,235.76,230.74,227.36,224.54,224.28,223.84,223.5,221.94,222.56
1276,239.96,235.76,230.74,227.36,224.54,224.28,223.84,223.5,221.94,222.56
1277,239.96,235.76,230.74,227.34,224.54,224.28,223.84,223.5,221.94,222.56
1278,239.96,235.74,230.74,227.32,224.54,224.26,223.84,223.48,221.94,222.56
1279,239.96,235.74,230.74,227.32,224.54,224.26,223.82,223.48,221.94,222.56
1280,239.96,235.74,230.74,227.3,224.54,224.24,223.82,223.46,221.94,222.54
1281,239.96,235.74,230.74,227.3,224.54,224.24,223.82,223.46,221.94,222.54
1282,239.92,235.72,230.74,227.3,224.54,224.2,223.82,223.46,221.94,222.54
1283,239.92,235.72,230.74,227.28,224.54,224.2,223.8,223.46,221.94,222.54
1284,239.92,235.72,230.74,227.28,224.54,224.2,223.8,223.46,221.94,222.54
1285,239.92,235.72,230.74,227.28,224.54,224.2,223.8,223.46,221.92,222.52
1286,239.92,235.7,230.74,227.28,224.54,224.2,223.8,223.46,221.92,222.52
1287,239.92,235.68,230.72,227.26,224.54,224.2,223.8,223.46,221.88,222.52
1288,239.92,235.68,230.72,227.26,224.54,224.2,223.8,223.46,221.88,222.52
1289,239.92,235.68,230.72,227.26,224.52,224.18,223.8,223.46,221.88,222.5
1290,239.9,235.68,230.72,227.26,224.52,224.18,223.8,223.46,221.86,222.5
1291,239.9,235.68,230.72,227.26,224.52,224.18,223.8,223.46,221.86,222.5
1292,239.9,235.68,230.72,227.26,224.52,224.18,223.78,223.46,221.86,222.5
1293,239.9,235.68,230.72,227.26,224.52,224.16,223.76,223.46,221.86,222.5
1294,239.9,235.68,230.72,227.26,224.52,224.16,223.76,223.46,221.86,222.5
1295,239.9,235.68,230.7,227.22,224.52,224.16,223.76,223.46,221.86,222.5
1296,239.9,235.68,230.7,227.2,224.52,224.16,223.76,223.46,221.86,222.5
1297,239.9,235.66,230.7,227.2,224.52,224.16,223.74,223.46,221.86,222.5
1298,239.9,235.66,230.7,227.16,224.52,224.16,223.7,223.46,221.86,222.5
1299,239.9,235.66,230.7,227.16,224.52,224.16,223.7,223.46,221.86,222.5
1300,239.9,235.66,230.7,227.14,224.52,224.16,223.68,223.46,221.86,222.5
1301,239.9,235.66,230.7,227.14,224.52,224.16,223.68,223.46,221.86,222.5
1302,239.9,235.66,230.7,227.12,224.52,224.16,223.66,223.44,221.86,222.48
1303,239.9,235.66,230.7,227.08,224.5,224.16,223.66,223.44,221.86,222.48
1304,239.9,235.66,230.68,227.06,224.48,224.16,223.66,223.44,221.86,222.48
1305,239.9,235.66,230.68,227.04,224.48,224.16,223.66,223.44,221.86,222.46
1306,239.9,235.66,230.68,227.04,224.48,224.16,223.66,223.44,221.86,222.46
1307,239.9,235.66,230.68,227.04,224.48,224.16,223.66,223.44,221.86,222.46
1308,239.9,235.66,230.68,227.04,224.48,224.16,223.66,223.44,221.86,222.46
1309,239.9,235.64,230.68,227.04,224.48,224.16,223.66,223.44,221.84,222.46
1310,239.9,235.64,230.66,227.04,224.48,224.16,223.64,223.44,221.84,222.46
1311,239.9,235.64,230.66,227.02,224.48,224.16,223.64,223.44,221.84,222.46
1312,239.9,235.62,230.66,227.02,224.46,224.16,223.64,223.44,221.84,222.46
1313,239.9,235.62,230.66,227.0,224.46,224.14,223.6,223.44,221.84,222.46
1314,239.9,235.62,230.66,227.0,224.46,224.14,223.6,223.44,221.84,222.46
1315,239.9,235.62,230.66,226.98,224.46,224.14,223.6,223.44,221.84,222.46
1316,239.9,235.6,230.66,226.98,224.46,224.12,223.6,223.44,221.84,222.46
1317,239.9,235.6,230.66,226.98,224.44,224.12,223.56,223.44,221.84,222.46
1318,239.9,235.6,230.62,226.96,224.44,224.12,223.56,223.44,221.84,222.44
1319,239.9,235.6,230.62,226.94,224.44,224.12,223.54,223.44,221.84,222.44
1320,239.9,235.6,230.6,226.94,224.44,224.12,223.5,223.42,221.84,222.44
1321,239.9,235.6,230.6,226.92,224.44,224.12,223.5,223.42,221.82,222.4
1322,239.9,235.6,230.6,226.92,224.44,224.12,223.5,223.42,221.82,222.4
1323,239.9,235.6,230.6,226.9,224.44,224.12,223.5,223.42,221.82,222.36
1324,239.9,235.6,230.6,226.9,224.36,224.1,223.5,223.42,221.82,222.36
1325,239.86,235.6,230.6,226.9,224.36,224.1,223.5,223.42,221.8,222.36
1326,239.82,235.6,230.6,226.9,224.36,224.1,223.5,223.42,221.8,222.36
1327,239.82,235.58,230.6,226.9,224.36,224.1,223.5,223.42,221.8,222.36
1328,239.82,235.58,230.6,226.9,224.36,224.1,223.48,223.42,221.8,222.36
1329,239.82,235.56,230.58,226.9,224.36,224.1,223.48,223.42,221.8,222.36
1330,239.82,235.56,230.58,226.9,224.36,224.1,223.48,223.42,221.8,222.36
1331,239.82,235.56,230.58,226.9,224.34,224.1,223.48,223.42,221.78,222.36
1332,239.82,235.56,230.58,226.9,224.34,224.1,223.48,223.42,221.78,222.36
1333,239.82,235.54,230.58,226.86,224.34,224.1,223.48,223.42,221.78,222.36
1334,239.82,235.54,230.56,226.86,224.34,224.1,223.48,223.42,221.78,222.36
1335,239.82,235.54,230.56,226.86,224.34,224.1,223.48,223.42,221.78,222.34
1336,239.82,235.54,230.56,226.84,224.34,224.1,223.48,223.4,221.76,222.34
1337,239.82,235.52,230.56,226.84,224.34,224.1,223.48,223.4,221.76,222.34
1338,239.82,235.52,230.56,226.84,224.34,224.1,223.48,223.38,221.76,222.34
1339,239.8,235.52,230.56,226.84,224.34,224.1,223.48,223.36,221.76,222.34
1340,239.8,235.52,230.54,226.84,224.34,224.08,223.48,223.36,221.76,222.34
1341,239.8,235.52,230.54,226.84,224.34,224.08,223.46,223.36,221.76,222.32
1342,239.8,235.52,230.54,226.84,224.32,224.08,223.44,223.34,221.76,222.32
1343,239.8,235.52,230.54,226.82,224.32,224.08,223.44,223.34,221.76,222.3
1344,239.8,235.52,230.54,226.82,224.32,224.08,223.44,223.34,221.76,222.3
1345,239.8,235.5,230.54,226.82,224.32,224.08,223.44,223.34,221.74,222.3
1346,239.8,235.5,230.54,226.82,224.32,224.08,223.44,223.34,221.72,222.3
1347,239.8,235.5,230.54,226.82,224.32,224.08,223.44,223.34,221.72,222.28
1348,239.8,235.5,230.54,226.82,224.32,224.08,223.42,223.34,221.72,222.28
1349,239.8,235.5,230.52,226.82,224.32,224.08,223.42,223.34,221.7,222.28
1350,239.8,235.5,230.52,226.82,224.32,224.06,223.42,223.34,221.7,222.28
1351,239.8,235.44,230.52,226.8,224.32,224.06,223.42,223.34,221.7,222.28
1352,239.8,235.44,230.52,226.8,224.32,224.06,223.42,223.34,221.7,222.28
1353,239.8,235.44,230.52,226.8,224.32,224.04,223.42,223.34,221.68,222.28
1354,239.8,235.44,230.52,226.8,224.32,224.04,223.42,223.34,221.68,222.28
1355,239.8,235.44,230.52,226.8,224.32,224.04,223.42,223.32,221.68,222.28
1356,239.8,235.44,230.52,226.8,224.32,224.04,223.42,223.3,221.68,222.28
1357,239.8,235.42,230.52,226.8,224.32,224.04,223.42,223.3,221.66,222.26
1358,239.8,235.4,230.52,226.8,224.32,224.04,223.42,223.3,221.64,222.22
1359,239.8,235.4,230.52,226.8,224.3,224.04,223.42,223.3,221.64,222.22
1360,239.8,235.4,230.5,226.8,224.3,224.04,223.4,223.3,221.64,222.22
1361,239.8,235.4,230.5,226.8,224.3,224.04,223.4,223.28,221.64,222.18
1362,239.78,235.4,230.5,226.78,224.3,224.04,223.38,223.28,221.64,222.18
1363,239.78,235.4,230.48,226.78,224.26,224.02,223.38,223.28,221.64,222.16
1364,239.78,235.4,230.48,226.78,224.22,224.02,223.38,223.28,221.64,222.16
1365,239.78,235.4,230.46,226.78,224.22,223.96,223.38,223.28,221.64,222.16
1366,239.78,235.4,230.46,226.78,224.22,223.96,223.36,223.28,221.64,222.16
1367,239.78,235.4,230.46,226.78,224.22,223.94,223.36,223.26,221.62,222.14
1368,239.78,235.4,230.46,226.78,224.22,223.94,223.36,223.26,221.6,222.14
1369,239.78,235.4,230.44,226.78,224.22,223.92,223.36,223.26,221.6,222.14
1370,239.78,235.36,230.44,226.78,224.22,223.92,223.36,223.26,221.6,222.14
1371,239.78,235.36,230.44,226.78,224.22,223.92,223.36,223.26,221.58,222.12
1372,239.78,235.36,230.44,226.78,224.22,223.92,223.34,223.26,221.58,222.12
1373,239.78,235.34,230.44,226.76,224.22,223.9,223.34,223.26,221.56,222.12
1374,239.78,235.32,230.44,226.76,224.22,223.9,223.34,223.26,221.56,222.12
1375,239.78,235.32,230.44,226.76,224.22,223.9,223.34,223.24,221.56,222.1
1376,239.78,235.32,230.44,226.76,224.22,223.9,223.34,223.24,221.56,222.08
1377,239.78,235.3,230.42,226.76,224.2,223.9,223.34,223.24,221.56,222.08
1378,239.78,235.3,230.4,226.76,224.2,223.9,223.32,223.24,221.56,222.02
1379,239.78,235.3,230.4,226.76,224.2,223.9,223.32,223.22,221.56,222.02
1380,239.78,235.3,230.38,226.76,224.2,223.9,223.28,223.22,221.56,222.02
1381,239.78,235.3,230.36,226.76,224.18,223.9,223.28,223.22,221.56,221.98
1382,239.78,235.3,230.36,226.76,224.16,223.9,223.28,223.22,221.56,221.98
1383,239.78,235.3,230.36,226.76,224.14,223.9,223.28,223.2,221.56,221.98
1384,239.78,235.3,230.36,226.76,224.14,223.9,223.28,223.2,221.54,221.98
1385,239.78,235.3,230.34,226.76,224.14,223.9,223.28,223.2,221.54,221.98
1386,239.78,235.3,230.34,226.76,224.14,223.9,223.28,223.2,221.54,221.98
1387,239.78,235.3,230.32,226.76,224.12,223.9,223.28,223.2,221.54,221.96
1388,239.78,235.3,230.3,226.76,224.12,223.9,223.28,223.2,221.54,221.96
1389,239.78,235.3,230.3,226.76,224.12,223.9,223.28,223.2,221.54,221.96
1390,239.76,235.3,230.28,226.76,224.12,223.88,223.26,223.2,221.54,221.96
1391,239.76,235.28,230.28,226.76,224.12,223.88,223.26,223.2,221.54,221.96
1392,239.76,235.28,230.28,226.76,224.12,223.88,223.26,223.2,221.54,221.96
1393,239.76,235.28,230.28,226.76,224.12,223.88,223.26,223.2,221.54,221.92
1394,239.76,235.28,230.24,226.72,224.12,223.88,223.26,223.2,221.54,221.92
1395,239.74,235.28,230.24,226.72,224.1,223.88,223.24,223.18,221.54,221.9
1396,239.74,235.28,230.24,226.72,224.1,223.88,223.22,223.16,221.54,221.9
1397,239.74,235.28,230.22,226.72,224.1,223.88,223.2,223.16,221.54,221.9
1398,239.74,235.28,230.22,226.64,224.1,223.88,223.2,223.16,221.5,221.9
1399,239.74,235.28,230.22,226.62,224.1,223.86,223.2,223.16,221.5,221.9
1400,239.74,235.24,230.22,226.62,224.1,223.86,223.2,223.16,221.5,221.9
1401,239.74,235.24,230.22,226.62,224.1,223.86,223.2,223.16,221.5,221.9
1402,239.72,235.24,230.22,226.62,224.08,223.86,223.18,223.16,221.5,221.9
1403,239.72,235.24,230.22,226.62,224.08,223.84,223.18,223.16,221.5,221.9
1404,239.72,235.24,230.22,226.6,224.08,223.84,223.18,223.16,221.5,221.9
1405,239.72,235.22,230.22,226.6,224.08,223.84,223.18,223.16,221.48,221.88
1406,239.72,235.22,230.22,226.6,224.08,223.84,223.16,223.16,221.48,221.88
1407,239.72,235.22,230.2,226.58,224.08,223.84,223.16,223.16,221.48,221.88
1408,239.72,235.22,230.18,226.58,224.08,223.84,223.16,223.16,221.46,221.88
1409,239.72,235.22,230.18,226.58,224.06,223.8,223.16,223.16,221.46,221.88
1410,239.72,235.22,230.18,226.56,224.06,223.8,223.16,223.12,221.46,221.88
1411,239.72,235.22,230.18,226.54,224.06,223.8,223.16,223.12,221.44,221.88
1412,239.72,235.2,230.18,226.54,224.06,223.8,223.16,223.12,221.44,221.88
1413,239.72,235.2,230.18,226.54,224.06,223.8,223.14,223.12,221.4,221.86
1414,239.72,235.2,230.18,226.5,224.04,223.78,223.14,223.12,221.4,221.86
1415,239.72,235.2,230.16,226.48,224.02,223.78,223.14,223.12,221.4,221.86
1416,239.72,235.2,230.16,226.44,224.0,223.78,223.14,223.12,221.4,221.84
1417,239.72,235.18,230.16,226.42,224.0,223.78,223.14,223.1,221.4,221.84
1418,239.72,235.18,230.16,226.42,224.0,223.78,223.14,223.1,221.4,221.84
1419,239.72,235.16,230.16,226.42,223.98,223.78,223.1,223.1,221.4,221.84
1420,239.72,235.16,230.16,226.42,223.98,223.78,223.08,223.1,221.4,221.84
1421,239.72,235.16,230.16,226.42,223.98,223.78,223.04,223.08,221.4,221.84
1422,239.72,235.14,230.16,226.42,223.98,223.78,223.04,223.06,221.4,221.84
1423,239.72,235.14,230.14,226.4,223.98,223.78,223.02,223.06,221.4,221.84
1424,239.72,235.14,230.14,226.38,223.98,223.78,223.02,223.06,221.4,221.84
1425,239.72,235.1,230.12,226.38,223.98,223.76,223.02,223.06,221.4,221.84
1426,239.72,235.1,230.12,226.38,223.98,223.76,223.0,223.0,221.4,221.84
1427,239.72,235.1,230.12,226.38,223.96,223.76,223.0,223.0,221.4,221.84
1428,239.72,235.1,230.12,226.36,223.96,223.76,223.0,223.0,221.4,221.84
1429,239.72,235.08,230.12,226.36,223.96,223.76,223.0,222.98,221.4,221.84
1430,239.72,235.04,230.12,226.36,223.96,223.76,223.0,222.98,221.4,221.84
1431,239.72,235.04,230.12,226.36,223.96,223.74,223.0,222.96,221.4,221.84
1432,239.72,235.04,230.12,226.36,223.96,223.74,223.0,222.96,221.4,221.84
1433,239.72,235.04,230.12,226.34,223.96,223.74,223.0,222.96,221.4,221.82
1434,239.7,235.02,230.12,226.34,223.96,223.72,223.0,222.96,221.4,221.82
1435,239.7,235.02,230.12,226.34,223.96,223.72,223.0,222.96,221.38,221.82
1436,239.7,235.02,230.12,226.34,223.96,223.72,223.0,222.96,221.38,221.78
1437,239.7,235.02,230.12,226.34,223.96,223.72,222.98,222.94,221.38,221.76
1438,239.7,235.02,230.12,226.34,223.96,223.7,222.98,222.94,221.34,221.74
1439,239.7,235.02,230.1,226.32,223.96,223.7,222.98,222.92,221.34,221.74
1440,239.7,235.02,230.1,226.3,223.92,223.68,222.98,222.92,221.34,221.74
1441,239.7,235.02,230.1,226.3,223.92,223.68,222.98,222.92,221.34,221.74
1442,239.7,235.02,230.08,226.28,223.92,223.68,222.98,222.92,221.34,221.74
1443,239.7,235.02,230.08,226.28,223.88,223.68,222.98,222.9,221.34,221.74
1444,239.7,235.02,230.08,226.28,223.86,223.68,222.98,222.9,221.34,221.74
1445,239.7,235.0,230.06,226.28,223.86,223.68,222.98,222.9,221.34,221.72
1446,239.7,235.0,230.06,226.28,223.86,223.68,222.98,222.88,221.34,221.7
1447,239.7,235.0,230.06,226.28,223.86,223.68,222.98,222.88,221.34,221.7
1448,239.7,234.98,230.06,226.28,223.86,223.68,222.96,222.88,221.32,221.7
1449,239.7,234.98,230.06,226.28,223.86,223.68,222.94,222.88,221.3,221.7
1450,239.7,234.98,230.06,226.26,223.86,223.66,222.92,222.88,221.3,221.7
1451,239.7,234.98,230.06,226.26,223.84,223.66,222.92,222.88,221.28,221.7
1452,239.7,234.98,230.06,226.26,223.84,223.66,222.92,222.88,221.28,221.7
1453,239.7,234.98,230.06,226.26,223.84,223.66,222.92,222.88,221.28,221.7
1454,239.7,234.98,230.06,226.26,223.84,223.66,222.92,222.86,221.28,221.7
1455,239.7,234.98,230.06,226.26,223.82,223.66,222.9,222.84,221.28,221.7
1456,239.7,234.98,230.06,226.26,223.82,223.64,222.9,222.82,221.28,221.7
1457,239.7,234.98,230.06,226.26,223.82,223.64,222.9,222.82,221.28,221.7
1458,239.7,234.98,230.06,226.2,223.82,223.64,222.9,222.82,221.28,221.68
1459,239.7,234.98,230.06,226.2,223.82,223.64,222.9,222.82,221.28,221.68
1460,239.7,234.98,230.06,226.2,223.82,223.64,222.9,222.82,221.28,221.68
1461,239.7,234.98,230.06,226.2,223.82,223.62,222.9,222.82,221.28,221.68
1462,239.7,234.98,230.06,226.2,223.82,223.62,222.9,222.82,221.28,221.64
1463,239.7,234.98,230.06,226.2,223.82,223.62,222.9,222.82,221.28,221.64
1464,239.7,234.98,230.06,226.2,223.82,223.62,222.9,222.82,221.26,221.64
1465,239.7,234.98,230.06,226.2,223.82,223.6,222.84,222.82,221.26,221.64
1466,239.7,234.98,230.02,226.2,223.82,223.6,222.82,222.8,221.24,221.64
1467,239.7,234.98,230.02,226.2,223.82,223.6,222.82,222.8,221.24,221.64
1468,239.7,234.98,230.02,226.2,223.82,223.6,222.82,222.8,221.24,221.64
1469,239.7,234.98,230.02,226.2,223.82,223.6,222.82,222.8,221.24,221.64
1470,239.68,234.98,230.02,226.2,223.82,223.6,222.82,222.8,221.24,221.64
1471,239.66,234.98,230.02,226.2,223.82,223.58,222.82,222.8,221.22,221.64
1472,239.66,234.98,230.02,226.2,223.8,223.58,222.82,222.8,221.22,221.64
1473,239.66,234.98,230.02,226.18,223.8,223.58,222.82,222.8,221.22,221.64
1474,239.66,234.98,230.02,226.18,223.78,223.58,222.82,222.78,221.22,221.64
1475,239.66,234.98,230.0,226.16,223.78,223.58,222.82,222.78,221.22,221.64
1476,239.66,234.98,230.0,226.16,223.78,223.58,222.82,222.78,221.22,221.62
1477,239.66,234.96,229.98,226.16,223.78,223.58,222.82,222.78,221.22,221.62
1478,239.66,234.96,229.98,226.16,223.78,223.58,222.8,222.78,221.22,221.6
1479,239.66,234.96,229.98,226.14,223.78,223.58,222.8,222.76,221.22,221.58
1480,239.66,234.94,229.98,226.14,223.78,223.58,222.8,222.76,221.22,221.56
1481,239.66,234.92,229.96,226.14,223.78,223.58,222.8,222.76,221.22,221.56
1482,239.66,234.9,229.96,226.14,223.78,223.58,222.78,222.76,221.22,221.56
1483,239.66,234.9,229.96,226.14,223.78,223.58,222.78,222.76,221.22,221.56
1484,239.66,234.86,229.96,226.14,223.76,223.58,222.78,222.74,221.22,221.56
1485,239.66,234.86,229.96,226.14,223.74,223.56,222.78,222.74,221.22,221.56
1486,239.66,234.86,229.96,226.14,223.74,223.56,222.78,222.74,221.22,221.56
1487,239.66,234.86,229.96,226.14,223.74,223.56,222.78,222.74,221.22,221.56
1488,239.66,234.86,229.96,226.14,223.74,223.56,222.78,222.74,221.22,221.56
1489,239.66,234.86,229.96,226.14,223.74,223.54,222.78,222.74,221.22,221.56
1490,239.66,234.86,229.94,226.12,223.72,223.54,222.78,222.74,221.22,221.56
1491,239.66,234.86,229.94,226.12,223.72,223.54,222.76,222.74,221.22,221.56
1492,239.66,234.86,229.94,226.1,223.72,223.54,222.76,222.74,221.22,221.56
1493,239.66,234.86,229.94,226.1,223.72,223.54,222.76,222.74,221.22,221.56
1494,239.64,234.84,229.94,226.08,223.72,223.54,222.74,222.72,221.22,221.56
1495,239.64,234.84,229.94,226.08,223.72,223.54,222.74,222.7,221.22,221.56
1496,239.64,234.84,229.92,226.08,223.72,223.52,222.74,222.7,221.22,221.56
1497,239.64,234.84,229.92,226.08,223.72,223.52,222.74,222.68,221.2,221.56
1498,239.64,234.84,229.9,226.08,223.72,223.52,222.74,222.68,221.2,221.56
1499,239.64,234.84,229.9,226.08,223.72,223.5,222.74,222.66,221.2,221.56
1500,239.64,234.84,229.9,226.08,223.72,223.48,222.74,222.66,221.2,221.56
1501,239.64,234.84,229.9,226.08,223.72,223.46,222.74,222.64,221.2,221.56
1502,239.64,234.84,229.9,226.08,223.72,223.46,222.74,222.62,221.18,221.54
1503,239.64,234.84,229.9,226.06,223.72,223.46,222.74,222.62,221.16,221.54
1504,239.64,234.84,229.9,226.06,223.66,223.46,222.74,222.62,221.16,221.54
1505,239.64,234.84,229.9,226.06,223.64,223.46,222.72,222.62,221.16,221.54
1506,239.64,234.84,229.88,226.06,223.64,223.46,222.7,222.62,221.16,221.54
1507,239.64,234.84,229.84,226.06,223.64,223.46,222.7,222.62,221.16,221.54
1508,239.64,234.84,229.82,226.06,223.64,223.46,222.7,222.62,221.16,221.54
1509,239.64,234.84,229.82,226.06,223.6,223.44,222.7,222.62,221.16,221.52
1510,239.64,234.82,229.82,226.06,223.6,223.44,222.7,222.62,221.16,221.52
1511,239.64,234.82,229.82,226.06,223.58,223.44,222.7,222.6,221.16,221.52
1512,239.64,234.82,229.82,226.04,223.58,223.44,222.7,222.6,221.16,221.52
1513,239.64,234.82,229.8,226.02,223.56,223.44,222.7,222.6,221.14,221.52
1514,239.64,234.82,229.8,226.02,223.56,223.44,222.7,222.58,221.14,221.52
1515,239.64,234.82,229.8,226.02,223.56,223.42,222.68,222.58,221.1,221.5
1516,239.64,234.82,229.78,226.02,223.56,223.42,222.66,222.58,221.1,221.5
1517,239.64,234.82,229.78,226.02,223.56,223.42,222.66,222.58,221.1,221.5
1518,239.64,234.82,229.78,226.02,223.56,223.42,222.66,222.58,221.1,221.48
1519,239.64,234.82,229.78,226.02,223.56,223.42,222.64,222.58,221.1,221.48
1520,239.64,234.82,229.76,226.02,223.56,223.42,222.64,222.58,221.1,221.48
1521,239.64,234.82,229.76,226.02,223.56,223.42,222.64,222.58,221.1,221.46
1522,239.62,234.82,229.74,226.02,223.56,223.38,222.64,222.56,221.1,221.46
1523,239.62,234.82,229.72,226.02,223.56,223.38,222.64,222.54,221.08,221.46
1524,239.62,234.82,229.72,226.02,223.54,223.38,222.64,222.5,221.08,221.46
1525,239.62,234.82,229.72,226.02,223.52,223.38,222.64,222.5,221.08,221.46
1526,239.62,234.8,229.72,226.02,223.5,223.38,222.64,222.5,221.08,221.46
1527,239.62,234.78,229.72,226.02,223.5,223.38,222.64,222.5,221.08,221.44
1528,239.6,234.78,229.72,226.02,223.48,223.38,222.64,222.5,221.06,221.44
1529,239.6,234.78,229.7,226.02,223.46,223.38,222.64,222.48,221.06,221.44
1530,239.56,234.78,229.7,226.02,223.46,223.36,222.64,222.48,221.06,221.44
1531,239.54,234.78,229.7,226.02,223.46,223.36,222.64,222.48,221.06,221.44
1532,239.54,234.78,229.7,226.0,223.46,223.34,222.62,222.48,221.06,221.44
1533,239.54,234.78,229.7,225.98,223.46,223.34,222.62,222.48,221.06,221.44
1534,239.54,234.78,229.68,225.98,223.46,223.32,222.62,222.48,221.04,221.44
1535,239.52,234.78,229.68,225.98,223.46,223.3,222.62,222.48,221.04,221.44
1536,239.52,234.76,229.68,225.98,223.46,223.3,222.62,222.46,221.04,221.44
1537,239.52,234.76,229.68,225.98,223.42,223.3,222.62,222.46,221.04,221.44
1538,239.52,234.76,229.66,225.98,223.4,223.3,222.62,222.46,221.04,221.44
1539,239.52,234.76,229.66,225.98,223.4,223.3,222.62,222.46,221.04,221.44
1540,239.52,234.76,229.66,225.98,223.38,223.3,222.62,222.44,221.04,221.44
1541,239.52,234.76,229.66,225.98,223.36,223.3,222.62,222.44,221.04,221.44
1542,239.52,234.76,229.66,225.98,223.36,223.3,222.62,222.44,221.04,221.44
1543,239.52,234.76,229.66,225.98,223.36,223.3,222.6,222.44,221.04,221.44
1544,239.52,234.74,229.66,225.96,223.36,223.3,222.6,222.44,221.04,221.44
1545,239.52,234.74,229.66,225.96,223.32,223.3,222.6,222.44,221.04,221.44
1546,239.52,234.74,229.66,225.96,223.32,223.3,222.6,222.44,221.04,221.44
1547,239.52,234.74,229.66,225.94,223.32,223.28,222.6,222.42,221.02,221.44
1548,239.52,234.74,229.66,225.94,223.32,223.28,222.6,222.42,221.02,221.44
1549,239.52,234.74,229.66,225.94,223.32,223.28,222.6,222.42,221.0,221.44
1550,239.52,234.74,229.66,225.94,223.32,223.28,222.6,222.42,221.0,221.44
1551,239.52,234.74,229.66,225.94,223.32,223.28,222.6,222.42,221.0,221.44
1552,239.52,234.74,229.66,225.94,223.32,223.28,222.6,222.42,220.98,221.44
1553,239.52,234.74,229.66,225.94,223.32,223.26,222.6,222.42,220.96,221.44
1554,239.52,234.72,229.66,225.94,223.32,223.26,222.6,222.4,220.96,221.44
1555,239.52,234.72,229.66,225.94,223.32,223.26,222.56,222.4,220.96,221.44
1556,239.52,234.72,229.66,225.94,223.32,223.26,222.54,222.4,220.96,221.44
1557,239.52,234.72,229.64,225.92,223.3,223.26,222.54,222.4,220.96,221.44
1558,239.52,234.72,229.64,225.92,223.3,223.26,222.54,222.4,220.96,221.44
1559,239.52,234.68,229.64,225.92,223.28,223.26,222.54,222.38,220.96,221.44
1560,239.52,234.68,229.62,225.92,223.26,223.26,222.54,222.38,220.96,221.44
1561,239.52,234.68,229.6,225.9,223.24,223.26,222.54,222.38,220.96,221.44
1562,239.5,234.68,229.6,225.9,223.22,223.26,222.54,222.36,220.96,221.44
1563,239.48,234.68,229.6,225.9,223.22,223.26,222.54,222.36,220.96,221.44
1564,239.48,234.68,229.6,225.9,223.22,223.26,222.54,222.36,220.96,221.44
1565,239.48,234.68,229.6,225.9,223.22,223.26,222.52,222.36,220.94,221.44
1566,239.48,234.68,229.6,225.9,223.22,223.26,222.48,222.36,220.94,221.44
1567,239.48,234.68,229.58,225.88,223.2,223.26,222.46,222.36,220.94,221.42
1568,239.46,234.66,229.58,225.84,223.18,223.26,222.46,222.34,220.94,221.42
1569,239.46,234.66,229.58,225.84,223.16,223.26,222.46,222.34,220.94,221.42
1570,239.46,234.64,229.58,225.84,223.16,223.24,222.46,222.34,220.94,221.42
1571,239.44,234.64,229.58,225.82,223.14,223.24,222.46,222.34,220.94,221.42
1572,239.44,234.64,229.58,225.82,223.12,223.24,222.46,222.34,220.92,221.42
1573,239.44,234.64,229.58,225.82,223.12,223.24,222.46,222.34,220.9,221.42
1574,239.44,234.64,229.58,225.82,223.1,223.24,222.46,222.32,220.9,221.42
1575,239.44,234.62,229.54,225.8,223.08,223.24,222.46,222.32,220.9,221.42
1576,239.44,234.62,229.54,225.8,223.08,223.24,222.44,222.32,220.9,221.42
1577,239.44,234.62,229.54,225.8,223.06,223.24,222.44,222.32,220.9,221.42
1578,239.44,234.62,229.54,225.8,223.06,223.24,222.42,222.32,220.9,221.42
1579,239.44,234.62,229.54,225.8,223.06,223.24,222.42,222.32,220.9,221.42
1580,239.44,234.62,229.54,225.8,223.06,223.24,222.42,222.32,220.9,221.4
1581,239.44,234.62,229.54,225.8,223.04,223.24,222.42,222.32,220.9,221.4
1582,239.42,234.62,229.54,225.8,223.04,223.24,222.42,222.3,220.9,221.4
1583,239.42,234.62,229.54,225.8,223.04,223.24,222.42,222.3,220.9,221.38
1584,239.42,234.62,229.54,225.8,223.04,223.22,222.4,222.3,220.9,221.38
1585,239.42,234.62,229.54,225.8,223.04,223.22,222.4,222.3,220.9,221.38
1586,239.42,234.62,229.54,225.8,223.04,223.18,222.4,222.3,220.9,221.38
1587,239.42,234.62,229.54,225.8,223.04,223.18,222.4,222.3,220.9,221.38
1588,239.4,234.62,229.54,225.8,223.04,223.16,222.38,222.3,220.88,221.38
1589,239.4,234.6,229.54,225.8,223.04,223.16,222.38,222.28,220.88,221.38
1590,239.4,234.6,229.54,225.8,223.04,223.16,222.36,222.26,220.86,221.38
1591,239.4,234.58,229.54,225.8,223.04,223.16,222.36,222.26,220.86,221.38
1592,239.4,234.58,229.54,225.8,223.02,223.16,222.36,222.26,220.86,221.36
1593,239.4,234.58,229.54,225.8,223.02,223.16,222.36,222.26,220.84,221.36
1594,239.4,234.58,229.52,225.8,223.02,223.16,222.36,222.24,220.82,221.34
1595,239.4,234.58,229.52,225.8,223.02,223.16,222.34,222.24,220.82,221.32
1596,239.4,234.58,229.52,225.8,223.02,223.16,222.32,222.2,220.8,221.32
1597,239.4,234.56,229.52,225.8,223.02,223.16,222.32,222.2,220.8,221.32
1598,239.4,234.56,229.52,225.8,223.0,223.16,222.32,222.2,220.8,221.32
1599,239.4,234.56,229.52,225.78,223.0,223.16,222.32,222.2,220.8,221.32
1600,239.4,234.56,229.52,225.78,222.98,223.14,222.32,222.2,220.8,221.32
1601,239.4,234.54,229.52,225.78,222.98,223.14,222.32,222.2,220.8,221.32
1602,239.4,234.54,229.52,225.78,222.98,223.14,222.3,222.2,220.8,221.32
1603,239.4,234.52,229.52,225.78,222.94,223.14,222.3,222.2,220.8,221.32
1604,239.4,234.52,229.46,225.78,222.94,223.14,222.3,222.2,220.8,221.3
1605,239.38,234.52,229.44,225.78,222.94,223.14,222.3,222.2,220.8,221.3
1606,239.38,234.52,229.42,225.78,222.94,223.14,222.3,222.18,220.8,221.3
1607,239.38,234.52,229.42,225.78,222.94,223.14,222.3,222.16,220.8,221.3
1608,239.38,234.52,229.4,225.76,222.92,223.1,222.3,222.16,220.8,221.3
1609,239.38,234.52,229.4,225.74,222.92,223.1,222.3,222.16,220.8,221.26
1610,239.38,234.52,229.4,225.74,222.92,223.1,222.3,222.16,220.8,221.26
1611,239.38,234.52,229.4,225.72,222.92,223.1,222.3,222.14,220.8,221.26
1612,239.38,234.52,229.4,225.72,222.92,223.1,222.26,222.14,220.8,221.26
1613,239.38,234.52,229.4,225.72,222.92,223.1,222.26,222.14,220.8,221.26
1614,239.38,234.52,229.4,225.72,222.9,223.1,222.26,222.14,220.8,221.22
1615,239.38,234.52,229.4,225.72,222.88,223.1,222.26,222.12,220.8,221.22
1616,239.38,234.52,229.4,225.72,222.88,223.08,222.24,222.12,220.8,221.22
1617,239.38,234.52,229.4,225.72,222.88,223.06,222.24,222.12,220.8,221.22
1618,239.38,234.52,229.38,225.72,222.88,223.06,222.24,222.12,220.8,221.2
1619,239.38,234.52,229.38,225.7,222.88,223.06,222.24,222.12,220.8,221.2
1620,239.38,234.5,229.38,225.7,222.86,223.06,222.24,222.12,220.8,221.2
1621,239.38,234.5,229.38,225.7,222.86,223.06,222.24,222.12,220.8,221.2
1622,239.38,234.5,229.38,225.7,222.86,223.06,222.22,222.12,220.8,221.2
1623,239.38,234.5,229.38,225.7,222.86,223.06,222.22,222.12,220.8,221.2
1624,239.38,234.5,229.38,225.7,222.86,223.06,222.22,222.12,220.8,221.2
1625,239.38,234.5,229.38,225.68,222.86,223.06,222.22,222.12,220.8,221.2
1626,239.38,234.5,229.38,225.68,222.86,223.06,222.22,222.1,220.8,221.2
1627,239.38,234.5,229.36,225.68,222.86,223.04,222.22,222.1,220.8,221.2
1628,239.38,234.5,229.36,225.68,222.86,223.04,222.22,222.1,220.8,221.2
1629,239.38,234.5,229.34,225.66,222.86,223.04,222.22,222.1,220.8,221.2
1630,239.38,234.5,229.32,225.66,222.86,223.04,222.22,222.1,220.78,221.2
1631,239.38,234.5,229.32,225.64,222.86,223.04,222.22,222.1,220.78,221.2
1632,239.38,234.5,229.32,225.64,222.86,223.04,222.22,222.1,220.78,221.2
1633,239.38,234.5,229.3,225.64,222.86,223.04,222.22,222.1,220.78,221.2
1634,239.38,234.5,229.3,225.64,222.86,223.04,222.22,222.1,220.78,221.2
1635,239.38,234.5,229.3,225.64,222.86,223.02,222.22,222.1,220.78,221.2
1636,239.36,234.5,229.3,225.62,222.86,223.02,222.22,222.1,220.78,221.2
1637,239.36,234.48,229.26,225.62,222.86,223.02,222.2,222.1,220.78,221.2
1638,239.36,234.48,229.26,225.62,222.86,223.0,222.2,222.1,220.78,221.2
1639,239.36,234.48,229.26,225.62,222.86,223.0,222.16,222.1,220.76,221.18
1640,239.36,234.48,229.26,225.62,222.86,223.0,222.16,222.1,220.76,221.18
1641,239.36,234.48,229.26,225.58,222.86,223.0,222.16,222.06,220.74,221.18
1642,239.36,234.48,229.24,225.56,222.86,223.0,222.16,222.04,220.74,221.18
1643,239.36,234.48,229.22,225.56,222.84,223.0,222.16,222.04,220.74,221.16
1644,239.36,234.46,229.22,225.54,222.84,223.0,222.16,222.04,220.74,221.16
1645,239.36,234.46,229.22,225.54,222.84,223.0,222.16,222.04,220.74,221.16
1646,239.36,234.46,229.22,225.54,222.8,223.0,222.16,222.04,220.74,221.16
1647,239.34,234.46,229.22,225.5,222.8,223.0,222.16,222.04,220.74,221.14
1648,239.34,234.44,229.22,225.5,222.8,223.0,222.16,222.04,220.74,221.14
1649,239.34,234.44,229.22,225.5,222.78,223.0,222.16,222.04,220.74,221.12
1650,239.34,234.44,229.2,225.5,222.78,223.0,222.16,222.04,220.74,221.12
1651,239.34,234.44,229.2,225.5,222.78,223.0,222.16,222.02,220.72,221.12
1652,239.32,234.44,229.2,225.5,222.76,223.0,222.16,222.02,220.72,221.12
1653,239.32,234.44,229.18,225.5,222.74,222.98,222.16,222.02,220.72,221.12
1654,239.32,234.42,229.18,225.5,222.74,222.98,222.16,222.02,220.72,221.12
1655,239.32,234.4,229.18,225.48,222.74,222.98,222.16,222.02,220.72,221.12
1656,239.32,234.4,229.18,225.48,222.74,222.96,222.14,222.0,220.7,221.12
1657,239.32,234.4,229.18,225.48,222.74,222.96,222.12,222.0,220.7,221.12
1658,239.32,234.4,229.18,225.48,222.74,222.94,222.12,222.0,220.7,221.12
1659,239.32,234.4,229.18,225.48,222.72,222.94,222.12,222.0,220.7,221.1
1660,239.32,234.4,229.18,225.46,222.72,222.94,222.12,222.0,220.7,221.1
1661,239.32,234.4,229.18,225.46,222.72,222.94,222.12,222.0,220.7,221.1
1662,239.32,234.4,229.18,225.46,222.72,222.94,222.12,222.0,220.7,221.1
1663,239.32,234.4,229.18,225.46,222.72,222.94,222.12,222.0,220.68,221.1
1664,239.32,234.4,229.16,225.46,222.72,222.94,222.1,222.0,220.64,221.1
1665,239.32,234.4,229.14,225.46,222.72,222.94,222.1,222.0,220.64,221.1
1666,239.32,234.4,229.14,225.46,222.72,222.94,222.08,221.98,220.62,221.1
1667,239.32,234.38,229.14,225.44,222.72,222.94,222.08,221.98,220.58,221.1
1668,239.32,234.38,229.14,225.44,222.72,222.94,222.08,221.98,220.58,221.1
1669,239.32,234.38,229.14,225.42,222.7,222.94,222.08,221.98,220.58,221.1
1670,239.32,234.38,229.14,225.42,222.7,222.94,222.08,221.98,220.58,221.1
1671,239.32,234.38,229.12,225.42,222.68,222.94,222.08,221.98,220.58,221.1
1672,239.32,234.38,229.12,225.42,222.68,222.92,222.06,221.98,220.54,221.1
1673,239.32,234.38,229.12,225.42,222.68,222.9,222.06,221.98,220.54,221.08
1674,239.32,234.38,229.12,225.4,222.68,222.9,222.02,221.98,220.54,221.08
1675,239.32,234.38,229.12,225.4,222.68,222.9,222.02,221.98,220.54,221.08
1676,239.32,234.38,229.12,225.4,222.64,222.9,222.02,221.98,220.54,221.08
1677,239.32,234.34,229.12,225.4,222.64,222.9,222.02,221.98,220.54,221.08
1678,239.32,234.34,229.12,225.38,222.64,222.88,222.02,221.98,220.54,221.08
1679,239.32,234.34,229.12,225.38,222.64,222.88,222.0,221.98,220.54,221.08
1680,239.32,234.34,229.12,225.34,222.64,222.88,222.0,221.98,220.54,221.08
1681,239.32,234.34,229.12,225.34,222.64,222.88,222.0,221.98,220.54,221.08
1682,239.32,234.34,229.12,225.34,222.64,222.88,221.98,221.98,220.54,221.08
1683,239.32,234.34,229.12,225.32,222.64,222.88,221.98,221.96,220.54,221.08
1684,239.32,234.32,229.12,225.32,222.6,222.88,221.98,221.94,220.54,221.08
1685,239.3,234.3,229.1,225.3,222.6,222.88,221.98,221.94,220.5,221.08
1686,239.3,234.28,229.1,225.3,222.6,222.88,221.94,221.94,220.48,221.08
1687,239.3,234.28,229.1,225.3,222.6,222.88,221.94,221.94,220.48,221.06
1688,239.3,234.28,229.1,225.3,222.6,222.88,221.94,221.94,220.46,221.06
1689,239.3,234.28,229.1,225.28,222.6,222.88,221.94,221.94,220.46,221.06
1690,239.3,234.28,229.1,225.28,222.6,222.88,221.94,221.94,220.46,221.06
1691,239.3,234.28,229.08,225.28,222.6,222.88,221.94,221.94,220.46,221.06
1692,239.28,234.28,229.08,225.28,222.6,222.86,221.94,221.94,220.46,221.06
1693,239.28,234.26,229.08,225.28,222.6,222.84,221.94,221.94,220.46,221.06
1694,239.28,234.26,229.08,225.28,222.6,222.84,221.94,221.9,220.46,221.06
1695,239.28,234.26,229.08,225.28,222.58,222.82,221.94,221.9,220.46,221.06
1696,239.28,234.26,229.08,225.28,222.58,222.82,221.94,221.9,220.46,221.06
1697,239.28,234.26,229.08,225.28,222.56,222.82,221.94,221.9,220.46,221.06
1698,239.28,234.26,229.08,225.28,222.56,222.82,221.94,221.9,220.46,221.06
1699,239.28,234.26,229.08,225.28,222.56,222.8,221.94,221.9,220.46,221.06
1700,239.28,234.26,229.08,225.28,222.56,222.8,221.94,221.9,220.46,221.06
1701,239.28,234.26,229.08,225.28,222.56,222.8,221.94,221.9,220.46,221.06
1702,239.28,234.24,229.08,225.28,222.56,222.8,221.94,221.88,220.46,221.06
1703,239.28,234.24,229.08,225.28,222.56,222.8,221.94,221.88,220.46,221.06
1704,239.28,234.24,229.08,225.26,222.56,222.8,221.94,221.88,220.46,221.02
1705,239.28,234.24,229.06,225.26,222.56,222.8,221.94,221.88,220.46,221.02
1706,239.28,234.24,229.06,225.26,222.56,222.78,221.94,221.86,220.46,220.98
1707,239.28,234.22,229.06,225.26,222.54,222.78,221.94,221.84,220.44,220.98
1708,239.28,234.22,229.06,225.26,222.52,222.76,221.94,221.84,220.42,220.98
1709,239.28,234.22,229.06,225.26,222.5,222.76,221.94,221.82,220.42,220.98
1710,239.28,234.2,229.06,225.26,222.5,222.76,221.94,221.8,220.42,220.98
1711,239.28,234.2,229.06,225.26,222.46,222.76,221.94,221.8,220.42,220.98
1712,239.28,234.2,229.06,225.26,222.46,222.76,221.94,221.8,220.42,220.98
1713,239.28,234.2,229.06,225.24,222.46,222.76,221.94,221.8,220.42,220.98
1714,239.28,234.2,229.04,225.24,222.42,222.76,221.94,221.8,220.42,220.98
1715,239.28,234.2,229.04,225.24,222.4,222.76,221.94,221.8,220.42,220.98
1716,239.28,234.2,229.04,225.24,222.4,222.76,221.94,221.8,220.42,220.98
1717,239.28,234.2,229.04,225.24,222.4,222.76,221.94,221.8,220.42,220.98
1718,239.24,234.2,229.04,225.24,222.4,222.76,221.94,221.8,220.42,220.98
1719,239.22,234.2,229.04,225.24,222.4,222.76,221.94,221.8,220.42,220.98
1720,239.22,234.2,229.04,225.24,222.4,222.74,221.94,221.78,220.42,220.98
1721,239.22,234.18,229.04,225.24,222.4,222.74,221.94,221.78,220.42,220.98
1722,239.22,234.18,229.04,225.24,222.4,222.74,221.94,221.78,220.42,220.98
1723,239.22,234.18,229.04,225.24,222.4,222.74,221.94,221.76,220.42,220.98
1724,239.22,234.18,229.04,225.24,222.4,222.72,221.92,221.76,220.4,220.98
1725,239.22,234.18,229.04,225.24,222.4,222.72,221.92,221.76,220.4,220.98
1726,239.22,234.16,229.04,225.24,222.4,222.72,221.92,221.76,220.4,220.98
1727,239.22,234.16,229.04,225.24,222.4,222.72,221.92,221.74,220.38,220.98
1728,239.22,234.16,229.04,225.24,222.36,222.72,221.92,221.72,220.38,220.98
1729,239.22,234.14,229.04,225.22,222.36,222.72,221.92,221.72,220.34,220.98
1730,239.22,234.14,229.04,225.22,222.36,222.7,221.92,221.72,220.32,220.98
1731,239.22,234.08,229.04,225.22,222.36,222.7,221.92,221.72,220.32,220.98
1732,239.22,234.08,229.02,225.22,222.36,222.7,221.9,221.7,220.32,220.98
1733,239.22,234.06,229.02,225.22,222.36,222.7,221.9,221.7,220.32,220.98
1734,239.22,234.06,229.02,225.22,222.34,222.7,221.88,221.68,220.3,220.98
1735,239.22,234.04,229.02,225.22,222.34,222.7,221.84,221.68,220.3,220.96
1736,239.22,234.04,229.02,225.22,222.34,222.7,221.82,221.68,220.3,220.96
1737,239.22,234.04,229.02,225.22,222.34,222.7,221.8,221.68,220.3,220.96
1738,239.22,234.04,229.02,225.22,222.34,222.7,221.8,221.68,220.3,220.96
1739,239.22,234.04,229.02,225.2,222.34,222.7,221.78,221.68,220.3,220.96
1740,239.22,234.04,229.02,225.2,222.34,222.7,221.78,221.68,220.3,220.96
1741,239.22,234.04,229.02,225.2,222.34,222.7,221.78,221.68,220.3,220.96
1742,239.22,234.04,229.02,225.2,222.34,222.7,221.78,221.68,220.3,220.96
1743,239.22,234.04,229.0,225.2,222.34,222.7,221.78,221.68,220.3,220.96
1744,239.22,234.04,229.0,225.2,222.34,222.7,221.78,221.68,220.3,220.96
1745,239.22,234.04,229.0,225.2,222.34,222.7,221.78,221.68,220.3,220.96
1746,239.22,234.04,229.0,225.2,222.34,222.7,221.78,221.68,220.3,220.94
1747,239.22,234.04,229.0,225.2,222.34,222.7,221.78,221.68,220.3,220.94
1748,239.22,234.02,229.0,225.2,222.34,222.7,221.78,221.68,220.3,220.94
1749,239.22,234.02,229.0,225.2,222.32,222.7,221.78,221.68,220.3,220.94
1750,239.2,234.0,229.0,225.18,222.32,222.7,221.76,221.68,220.3,220.94
1751,239.16,233.96,229.0,225.18,222.32,222.7,221.76,221.68,220.3,220.94
1752,239.16,233.96,228.98,225.18,222.32,222.7,221.76,221.66,220.3,220.92
1753,239.16,233.96,228.98,225.18,222.32,222.7,221.76,221.66,220.3,220.92
1754,239.16,233.94,228.98,225.18,222.32,222.7,221.76,221.66,220.3,220.92
1755,239.16,233.92,228.98,225.18,222.3,222.7,221.76,221.66,220.3,220.92
1756,239.16,233.92,228.98,225.18,222.28,222.68,221.76,221.66,220.28,220.92
1757,239.16,233.92,228.98,225.16,222.28,222.68,221.76,221.66,220.28,220.92
1758,239.16,233.92,228.98,225.16,222.28,222.68,221.76,221.66,220.26,220.92
1759,239.16,233.92,228.96,225.16,222.28,222.68,221.76,221.64,220.26,220.92
1760,239.16,233.92,228.96,225.16,222.28,222.68,221.74,221.64,220.24,220.92
1761,239.16,233.92,228.96,225.16,222.28,222.68,221.74,221.64,220.24,220.92
1762,239.16,233.92,228.96,225.16,222.28,222.68,221.74,221.64,220.24,220.92
1763,239.16,233.92,228.94,225.16,222.28,222.66,221.74,221.64,220.24,220.92
1764,239.16,233.92,228.94,225.14,222.28,222.66,221.74,221.64,220.24,220.92
1765,239.14,233.92,228.92,225.12,222.28,222.66,221.74,221.64,220.2,220.92
1766,239.14,233.92,228.92,225.12,222.28,222.66,221.74,221.64,220.2,220.92
1767,239.14,233.92,228.92,225.12,222.28,222.66,221.74,221.64,220.2,220.92
1768,239.14,233.9,228.92,225.12,222.28,222.66,221.74,221.64,220.2,220.92
1769,239.14,233.9,228.9,225.12,222.28,222.66,221.74,221.64,220.2,220.92
1770,239.14,233.88,228.9,225.1,222.28,222.66,221.74,221.64,220.2,220.92
1771,239.14,233.86,228.9,225.1,222.28,222.64,221.74,221.64,220.2,220.92
1772,239.14,233.86,228.9,225.1,222.28,222.64,221.74,221.64,220.18,220.92
1773,239.12,233.86,228.9,225.1,222.28,222.64,221.74,221.64,220.16,220.92
1774,239.12,233.86,228.9,225.1,222.28,222.62,221.74,221.62,220.16,220.92
1775,239.12,233.86,228.9,225.08,222.28,222.62,221.74,221.62,220.16,220.92
1776,239.12,233.86,228.9,225.08,222.28,222.62,221.74,221.62,220.16,220.9
1777,239.12,233.86,228.9,225.08,222.28,222.62,221.74,221.62,220.16,220.9
1778,239.12,233.82,228.9,225.08,222.28,222.62,221.74,221.62,220.16,220.9
1779,239.12,233.82,228.9,225.08,222.28,222.62,221.74,221.6,220.16,220.9
1780,239.12,233.82,228.9,225.08,222.28,222.62,221.74,221.6,220.16,220.9
1781,239.12,233.82,228.9,225.08,222.26,222.62,221.74,221.6,220.16,220.9
1782,239.12,233.8,228.9,225.08,222.26,222.62,221.74,221.6,220.16,220.9
1783,239.12,233.8,228.88,225.08,222.26,222.62,221.74,221.6,220.16,220.9
1784,239.12,233.8,228.88,225.08,222.26,222.6,221.74,221.6,220.16,220.88
1785,239.12,233.8,228.88,225.06,222.26,222.6,221.74,221.6,220.16,220.88
1786,239.1,233.8,228.88,225.06,222.26,222.6,221.74,221.6,220.14,220.88
1787,239.1,233.8,228.88,225.06,222.26,222.6,221.74,221.6,220.14,220.88
1788,239.1,233.8,228.88,225.04,222.26,222.58,221.74,221.6,220.14,220.88
1789,239.1,233.8,228.88,225.04,222.26,222.58,221.74,221.6,220.14,220.88
1790,239.1,233.8,228.88,225.04,222.26,222.58,221.74,221.6,220.14,220.88
1791,239.1,233.8,228.88,225.04,222.26,222.58,221.74,221.6,220.14,220.88
1792,239.1,233.78,228.88,225.04,222.26,222.58,221.74,221.6,220.14,220.88
1793,239.1,233.78,228.86,225.04,222.24,222.58,221.74,221.6,220.14,220.88
1794,239.08,233.78,228.86,225.02,222.24,222.56,221.74,221.6,220.14,220.88
1795,239.08,233.78,228.86,225.02,222.24,222.56,221.74,221.6,220.14,220.88
1796,239.08,233.78,228.86,225.02,222.24,222.56,221.74,221.6,220.14,220.88
1797,239.08,233.78,228.86,225.02,222.22,222.56,221.74,221.6,220.14,220.88
1798,239.08,233.78,228.86,225.02,222.2,222.56,221.74,221.6,220.14,220.88
1799,239.08,233.78,228.86,225.02,222.18,222.56,221.74,221.6,220.14,220.88
1800,239.08,233.78,228.86,225.02,222.18,222.56,221.74,221.6,220.14,220.88
1801,239.08,233.78,228.8,225.02,222.18,222.56,221.74,221.6,220.14,220.88
1802,239.08,233.78,228.8,225.02,222.18,222.56,221.74,221.6,220.14,220.88
1803,239.08,233.78,228.78,225.02,222.18,222.56,221.7,221.6,220.14,220.88
1804,239.08,233.78,228.78,225.02,222.18,222.56,221.7,221.6,220.14,220.88
1805,239.08,233.78,228.78,225.02,222.18,222.56,221.68,221.58,220.14,220.86
1806,239.08,233.78,228.78,225.02,222.18,222.56,221.68,221.58,220.14,220.86
1807,239.08,233.78,228.78,225.02,222.18,222.56,221.68,221.58,220.14,220.86
1808,239.08,233.78,228.78,225.02,222.16,222.56,221.68,221.58,220.14,220.86
1809,239.08,233.78,228.78,225.02,222.16,222.56,221.68,221.56,220.14,220.86
1810,239.08,233.78,228.78,225.02,222.14,222.56,221.68,221.54,220.14,220.86
1811,239.04,233.78,228.78,225.02,222.1,222.56,221.68,221.54,220.14,220.86
1812,239.04,233.78,228.78,225.02,222.1,222.56,221.66,221.54,220.14,220.86
1813,239.04,233.78,228.78,225.02,222.1,222.56,221.64,221.54,220.14,220.86
1814,239.04,233.78,228.78,225.02,222.1,222.56,221.62,221.54,220.14,220.86
1815,239.04,233.78,228.76,225.02,222.1,222.56,221.62,221.54,220.1,220.86
1816,239.04,233.76,228.72,225.02,222.1,222.52,221.62,221.54,220.1,220.86
1817,239.04,233.76,228.72,225.02,222.08,222.52,221.62,221.54,220.1,220.86
1818,239.04,233.76,228.72,225.02,222.06,222.52,221.62,221.52,220.1,220.86
1819,239.04,233.76,228.72,225.0,222.04,222.52,221.62,221.52,220.08,220.84
1820,239.04,233.76,228.72,225.0,222.02,222.52,221.62,221.5,220.08,220.84
1821,239.04,233.76,228.72,225.0,222.02,222.52,221.62,221.5,220.06,220.82
1822,239.04,233.76,228.72,225.0,222.02,222.52,221.62,221.5,220.06,220.82
1823,239.04,233.76,228.72,225.0,222.02,222.52,221.62,221.5,220.06,220.82
1824,239.04,233.76,228.72,225.0,222.02,222.52,221.6,221.5,220.06,220.82
1825,239.04,233.76,228.72,224.98,222.02,222.52,221.6,221.5,220.06,220.82
1826,239.04,233.76,228.72,224.98,222.02,222.52,221.6,221.48,220.06,220.82
1827,239.04,233.76,228.72,224.98,222.02,222.52,221.6,221.48,220.06,220.82
1828,239.04,233.76,228.72,224.98,222.02,222.52,221.6,221.48,220.06,220.82
1829,239.04,233.76,228.72,224.98,222.02,222.52,221.6,221.48,220.06,220.82
1830,239.04,233.76,228.72,224.98,222.02,222.5,221.6,221.48,220.06,220.82
1831,239.04,233.76,228.68,224.96,222.02,222.48,221.6,221.48,220.04,220.82
1832,239.02,233.76,228.68,224.96,222.02,222.48,221.6,221.48,220.04,220.82
1833,239.02,233.76,228.68,224.96,222.0,222.48,221.58,221.46,220.04,220.82
1834,239.02,233.76,228.68,224.96,221.98,222.46,221.58,221.46,220.04,220.82
1835,239.02,233.76,228.68,224.96,221.98,222.46,221.58,221.46,220.04,220.82
1836,239.02,233.76,228.68,224.96,221.98,222.46,221.58,221.46,220.04,220.82
1837,239.02,233.76,228.68,224.94,221.98,222.46,221.58,221.46,220.04,220.8
1838,239.02,233.76,228.68,224.94,221.98,222.46,221.58,221.44,220.04,220.8
1839,239.02,233.76,228.68,224.94,221.98,222.46,221.58,221.42,220.04,220.8
1840,239.02,233.74,228.68,224.94,221.98,222.44,221.58,221.38,220.02,220.8
1841,239.02,233.72,228.66,224.94,221.98,222.44,221.58,221.36,220.02,220.8
1842,239.02,233.72,228.66,224.94,221.98,222.44,221.56,221.36,220.02,220.8
1843,239.02,233.72,228.66,224.94,221.98,222.44,221.56,221.36,220.02,220.8
1844,239.02,233.72,228.66,224.94,221.96,222.44,221.54,221.36,220.02,220.8
1845,239.02,233.72,228.66,224.92,221.96,222.44,221.52,221.36,220.02,220.8
1846,239.02,233.7,228.64,224.92,221.94,222.44,221.5,221.36,220.02,220.8
1847,239.02,233.7,228.64,224.92,221.92,222.44,221.48,221.36,220.02,220.8
1848,239.02,233.7,228.64,224.92,221.92,222.44,221.48,221.36,220.02,220.8
1849,239.02,233.7,228.64,224.92,221.92,222.44,221.48,221.36,220.02,220.8
1850,239.02,233.7,228.62,224.92,221.92,222.44,221.48,221.36,220.02,220.8
1851,239.02,233.7,228.62,224.92,221.92,222.44,221.46,221.36,220.02,220.8
1852,239.02,233.7,228.62,224.92,221.9,222.44,221.46,221.36,220.02,220.8
1853,239.02,233.7,228.62,224.92,221.9,222.44,221.46,221.36,220.02,220.76
1854,239.02,233.7,228.6,224.92,221.86,222.44,221.46,221.34,220.02,220.76
1855,239.02,233.68,228.6,224.92,221.84,222.42,221.46,221.34,220.02,220.74
1856,239.02,233.68,228.58,224.92,221.84,222.42,221.46,221.34,220.02,220.74
1857,239.0,233.68,228.58,224.92,221.84,222.4,221.46,221.34,220.02,220.74
1858,239.0,233.68,228.56,224.9,221.84,222.38,221.46,221.34,220.02,220.72
1859,238.98,233.68,228.56,224.9,221.84,222.36,221.44,221.34,220.02,220.72
1860,238.98,233.66,228.56,224.9,221.84,222.36,221.44,221.34,220.02,220.72
1861,238.98,233.64,228.56,224.9,221.84,222.36,221.44,221.32,220.02,220.72
1862,238.98,233.64,228.56,224.9,221.84,222.34,221.44,221.32,220.02,220.72
1863,238.98,233.64,228.52,224.9,221.84,222.34,221.44,221.28,220.02,220.7
1864,238.98,233.64,228.52,224.88,221.84,222.34,221.44,221.26,220.02,220.68
1865,238.98,233.64,228.52,224.88,221.84,222.32,221.44,221.26,220.02,220.66
1866,238.98,233.64,228.52,224.88,221.84,222.32,221.44,221.26,220.02,220.66
1867,238.98,233.62,228.52,224.88,221.84,222.32,221.44,221.26,220.02,220.66
1868,238.98,233.6,228.5,224.88,221.84,222.32,221.44,221.26,220.02,220.66
1869,238.98,233.58,228.5,224.88,221.84,222.32,221.44,221.26,220.02,220.66
1870,238.98,233.58,228.5,224.88,221.8,222.32,221.44,221.26,220.02,220.66
1871,238.98,233.58,228.5,224.88,221.8,222.32,221.44,221.26,220.02,220.66
1872,238.98,233.58,228.48,224.88,221.8,222.3,221.44,221.26,220.02,220.66
1873,238.98,233.58,228.48,224.88,221.78,222.3,221.44,221.26,220.02,220.66
1874,238.98,233.58,228.48,224.88,221.78,222.3,221.44,221.26,220.02,220.66
1875,238.98,233.56,228.48,224.86,221.78,222.3,221.44,221.26,220.02,220.66
1876,238.98,233.56,228.46,224.84,221.76,222.28,221.44,221.26,220.02,220.66
1877,238.98,233.56,228.46,224.84,221.76,222.28,221.44,221.26,220.02,220.66
1878,238.98,233.56,228.46,224.84,221.76,222.26,221.44,221.26,220.02,220.64
1879,238.98,233.56,228.46,224.84,221.76,222.26,221.44,221.24,220.0,220.64
1880,238.98,233.56,228.46,224.84,221.76,222.26,221.44,221.24,220.0,220.64
1881,238.98,233.56,228.46,224.84,221.76,222.26,221.44,221.24,220.0,220.64
1882,238.98,233.56,228.46,224.82,221.76,222.26,221.44,221.24,220.0,220.64
1883,238.98,233.56,228.46,224.82,221.72,222.26,221.44,221.24,220.0,220.62
1884,238.98,233.56,228.46,224.82,221.72,222.26,221.44,221.22,220.0,220.62
1885,238.98,233.56,228.46,224.82,221.72,222.26,221.44,221.2,220.0,220.62
1886,238.98,233.56,228.44,224.82,221.72,222.26,221.44,221.2,220.0,220.62
1887,238.98,233.56,228.42,224.82,221.72,222.26,221.44,221.2,220.0,220.62
1888,238.98,233.56,228.4,224.82,221.72,222.26,221.44,221.2,220.0,220.62
1889,238.98,233.56,228.4,224.82,221.72,222.26,221.44,221.2,220.0,220.6
1890,238.98,233.56,228.4,224.82,221.72,222.26,221.44,221.18,220.0,220.6
1891,238.98,233.54,228.4,224.82,221.72,222.26,221.44,221.18,220.0,220.6
1892,238.98,233.54,228.4,224.82,221.72,222.26,221.44,221.18,220.0,220.6
1893,238.98,233.54,228.4,224.82,221.72,222.26,221.44,221.18,220.0,220.6
1894,238.98,233.54,228.4,224.82,221.72,222.26,221.44,221.18,220.0,220.6
1895,238.98,233.52,228.4,224.82,221.72,222.26,221.44,221.18,220.0,220.58
1896,238.98,233.52,228.4,224.82,221.7,222.26,221.42,221.18,220.0,220.58
1897,238.98,233.52,228.4,224.82,221.68,222.26,221.42,221.18,220.0,220.58
1898,238.98,233.52,228.38,224.82,221.68,222.26,221.42,221.16,220.0,220.58
1899,238.98,233.52,228.38,224.82,221.68,222.26,221.42,221.14,220.0,220.58
1900,238.98,233.52,228.38,224.82,221.66,222.24,221.42,221.1,220.0,220.56
1901,238.96,233.52,228.36,224.82,221.66,222.24,221.42,221.08,220.0,220.56
1902,238.96,233.52,228.36,224.8,221.66,222.24,221.42,221.08,219.98,220.56
1903,238.96,233.52,228.36,224.8,221.64,222.22,221.42,221.08,219.98,220.56
1904,238.96,233.5,228.36,224.78,221.64,222.22,221.42,221.08,219.98,220.56
1905,238.96,233.48,228.36,224.78,221.64,222.2,221.42,221.08,219.98,220.54
1906,238.96,233.48,228.36,224.78,221.64,222.2,221.42,221.08,219.98,220.54
1907,238.96,233.46,228.36,224.78,221.62,222.2,221.42,221.06,219.98,220.54
1908,238.96,233.46,228.36,224.78,221.62,222.2,221.42,221.06,219.98,220.54
1909,238.96,233.46,228.36,224.78,221.62,222.2,221.42,221.06,219.98,220.54
1910,238.96,233.46,228.36,224.78,221.62,222.2,221.38,221.06,219.98,220.54
1911,238.96,233.46,228.36,224.76,221.62,222.2,221.38,221.06,219.98,220.54
1912,238.96,233.46,228.36,224.76,221.62,222.18,221.38,221.06,219.98,220.54
1913,238.96,233.46,228.36,224.76,221.6,222.18,221.38,221.06,219.98,220.54
1914,238.96,233.46,228.36,224.76,221.58,222.18,221.38,221.06,219.98,220.54
1915,238.96,233.46,228.36,224.76,221.58,222.18,221.38,221.06,219.98,220.54
1916,238.94,233.46,228.36,224.76,221.58,222.18,221.38,221.06,219.98,220.54
1917,238.94,233.46,228.36,224.76,221.58,222.18,221.38,221.06,219.98,220.54
1918,238.94,233.46,228.36,224.74,221.58,222.18,221.38,221.06,219.96,220.54
1919,238.92,233.46,228.34,224.74,221.58,222.18,221.38,221.06,219.96,220.54
1920,238.92,233.46,228.34,224.74,221.58,222.18,221.36,221.06,219.96,220.54
1921,238.92,233.46,228.34,224.74,221.58,222.18,221.36,221.06,219.96,220.54
1922,238.92,233.46,228.34,224.74,221.58,222.18,221.36,221.04,219.96,220.54
1923,238.92,233.46,228.32,224.74,221.58,222.18,221.36,221.02,219.96,220.54
1924,238.92,233.46,228.3,224.74,221.56,222.18,221.34,221.02,219.96,220.52
1925,238.92,233.46,228.28,224.72,221.56,222.18,221.32,221.02,219.96,220.52
1926,238.92,233.46,228.26,224.72,221.56,222.18,221.32,221.02,219.96,220.52
1927,238.92,233.46,228.26,224.72,221.56,222.18,221.32,221.02,219.96,220.52
1928,238.92,233.46,228.26,224.72,221.56,222.18,221.32,221.02,219.96,220.52
1929,238.92,233.46,228.26,224.72,221.56,222.18,221.32,221.0,219.96,220.52
1930,238.92,233.46,228.26,224.72,221.56,222.18,221.32,220.98,219.96,220.52
1931,238.92,233.46,228.26,224.72,221.56,222.18,221.3,220.98,219.96,220.5
1932,238.92,233.46,228.26,224.72,221.56,222.18,221.3,220.98,219.96,220.5
1933,238.92,233.46,228.26,224.7,221.56,222.18,221.3,220.98,219.96,220.5
1934,238.92,233.46,228.24,224.7,221.56,222.18,221.3,220.98,219.96,220.5
1935,238.92,233.46,228.24,224.7,221.56,222.18,221.3,220.98,219.96,220.5
1936,238.92,233.46,228.24,224.7,221.56,222.18,221.3,220.96,219.96,220.5
1937,238.92,233.46,228.24,224.7,221.56,222.18,221.3,220.96,219.96,220.48
1938,238.92,233.44,228.24,224.7,221.56,222.18,221.3,220.96,219.96,220.48
1939,238.92,233.44,228.22,224.7,221.56,222.18,221.3,220.94,219.96,220.48
1940,238.9,233.42,228.22,224.7,221.56,222.18,221.28,220.94,219.96,220.48
1941,238.9,233.42,228.22,224.7,221.56,222.18,221.28,220.94,219.94,220.48
1942,238.9,233.42,228.22,224.7,221.56,222.18,221.28,220.92,219.94,220.46
1943,238.9,233.42,228.2,224.7,221.56,222.18,221.28,220.9,219.94,220.46
1944,238.9,233.42,228.2,224.7,221.56,222.18,221.28,220.9,219.94,220.46
1945,238.9,233.42,228.2,224.7,221.56,222.18,221.28,220.9,219.92,220.46
1946,238.9,233.42,228.2,224.7,221.56,222.18,221.28,220.9,219.92,220.46
1947,238.9,233.42,228.2,224.7,221.56,222.18,221.26,220.9,219.92,220.46
1948,238.9,233.42,228.2,224.7,221.56,222.18,221.26,220.9,219.92,220.46
1949,238.9,233.42,228.2,224.7,221.56,222.18,221.26,220.9,219.92,220.46
1950,238.9,233.4,228.2,224.68,221.56,222.16,221.26,220.9,219.92,220.46
1951,238.9,233.4,228.18,224.66,221.56,222.16,221.26,220.9,219.92,220.44
1952,238.9,233.4,228.18,224.66,221.56,222.16,221.26,220.88,219.92,220.44
1953,238.9,233.4,228.16,224.66,221.56,222.16,221.26,220.88,219.9,220.44
1954,238.9,233.4,228.16,224.66,221.56,222.16,221.26,220.88,219.9,220.44
1955,238.9,233.4,228.16,224.64,221.56,222.16,221.26,220.88,219.9,220.44
1956,238.9,233.38,228.16,224.64,221.56,222.16,221.26,220.88,219.9,220.44
1957,238.9,233.38,228.16,224.62,221.56,222.16,221.26,220.88,219.9,220.42
1958,238.9,233.38,228.16,224.62,221.56,222.16,221.26,220.88,219.88,220.42
1959,238.9,233.38,228.16,224.6,221.56,222.16,221.26,220.88,219.88,220.42
1960,238.9,233.38,228.16,224.6,221.56,222.12,221.26,220.88,219.88,220.42
1961,238.9,233.38,228.16,224.6,221.56,222.12,221.24,220.88,219.88,220.42
1962,238.9,233.38,228.16,224.58,221.56,222.12,221.24,220.88,219.88,220.42
1963,238.9,233.38,228.16,224.58,221.54,222.12,221.24,220.88,219.88,220.42
1964,238.9,233.38,228.14,224.58,221.54,222.12,221.24,220.88,219.88,220.42
1965,238.9,233.38,228.14,224.58,221.54,222.1,221.24,220.88,219.88,220.42
1966,238.9,233.38,228.14,224.58,221.54,222.1,221.24,220.88,219.88,220.42
1967,238.9,233.38,228.08,224.56,221.54,222.1,221.24,220.88,219.88,220.42
1968,238.9,233.38,228.08,224.56,221.54,222.1,221.24,220.88,219.88,220.42
1969,238.9,233.38,228.06,224.54,221.54,222.1,221.24,220.88,219.88,220.42
1970,238.9,233.38,228.04,224.54,221.5,222.1,221.24,220.88,219.86,220.42
1971,238.9,233.36,228.04,224.54,221.5,222.1,221.24,220.88,219.84,220.42
1972,238.9,233.36,228.04,224.54,221.48,222.1,221.22,220.88,219.84,220.42
1973,238.9,233.36,228.04,224.54,221.48,222.1,221.22,220.88,219.84,220.42
1974,238.9,233.36,228.0,224.52,221.48,222.08,221.2,220.88,219.84,220.42
1975,238.9,233.36,228.0,224.5,221.46,222.08,221.2,220.88,219.84,220.42
1976,238.9,233.36,228.0,224.5,221.46,222.08,221.2,220.88,219.82,220.42
1977,238.9,233.36,228.0,224.48,221.46,222.06,221.2,220.88,219.82,220.42
1978,238.9,233.36,228.0,224.48,221.46,222.06,221.2,220.88,219.82,220.42
1979,238.9,233.36,228.0,224.48,221.44,222.06,221.2,220.88,219.82,220.42
1980,238.9,233.36,228.0,224.48,221.44,222.06,221.18,220.86,219.82,220.42
1981,238.9,233.36,227.98,224.48,221.44,222.06,221.18,220.86,219.76,220.42
1982,238.9,233.36,227.98,224.48,221.44,222.06,221.18,220.84,219.76,220.42
1983,238.9,233.36,227.98,224.48,221.44,222.06,221.18,220.84,219.76,220.42
1984,238.9,233.36,227.98,224.48,221.44,222.06,221.18,220.84,219.76,220.42
1985,238.9,233.36,227.98,224.44,221.44,222.06,221.16,220.84,219.76,220.42
1986,238.9,233.34,227.98,224.44,221.44,222.06,221.16,220.84,219.74,220.42
1987,238.9,233.34,227.98,224.44,221.44,222.06,221.16,220.82,219.74,220.42
1988,238.9,233.34,227.98,224.44,221.38,222.06,221.16,220.82,219.74,220.42
1989,238.9,233.34,227.98,224.44,221.38,222.06,221.16,220.82,219.74,220.42
1990,238.9,233.34,227.98,224.44,221.38,222.06,221.16,220.82,219.72,220.42
1991,238.9,233.34,227.98,224.42,221.38,222.06,221.16,220.82,219.72,220.42
1992,238.9,233.34,227.98,224.42,221.38,222.06,221.16,220.82,219.72,220.42
1993,238.9,233.34,227.96,224.4,221.38,222.06,221.16,220.82,219.72,220.42
1994,238.9,233.34,227.96,224.4,221.38,222.06,221.16,220.82,219.72,220.4
1995,238.9,233.34,227.96,224.4,221.38,222.06,221.16,220.82,219.72,220.4
1996,238.9,233.34,227.96,224.36,221.38,222.06,221.14,220.82,219.72,220.4
1997,238.9,233.34,227.96,224.36,221.38,222.06,221.14,220.82,219.72,220.4
1998,238.9,233.34,227.96,224.34,221.38,222.06,221.14,220.8,219.7,220.4
1999,238.9,233.34,227.94,224.32,221.38,222.06,221.14,220.8,219.68,220.4
2000,238.9,233.34,227.94,224.32,221.38,222.06,221.14,220.8,219.68,220.4
2001,238.9,233.34,227.92,224.32,221.38,222.06,221.14,220.8,219.68,220.4
2002,238.9,233.32,227.92,224.28,221.38,222.04,221.14,220.8,219.68,220.4
2003,238.9,233.32,227.92,224.28,221.38,222.04,221.14,220.8,219.68,220.4
2004,238.9,233.32,227.9,224.26,221.38,222.04,221.1,220.8,219.68,220.4
2005,238.9,233.3,227.88,224.26,221.38,222.04,221.1,220.8,219.68,220.4
2006,238.9,233.28,227.88,224.26,221.38,222.04,221.1,220.8,219.68,220.4
2007,238.9,233.26,227.88,224.26,221.38,222.04,221.1,220.8,219.68,220.4
2008,238.9,233.26,227.86,224.26,221.38,222.04,221.08,220.8,219.68,220.4
2009,238.9,233.26,227.86,224.24,221.38,222.02,221.06,220.8,219.68,220.4
2010,238.9,233.24,227.86,224.24,221.38,222.02,221.06,220.8,219.68,220.4
2011,238.9,233.24,227.86,224.24,221.38,222.02,221.06,220.8,219.64,220.4
2012,238.9,233.24,227.86,224.24,221.38,222.02,221.04,220.8,219.64,220.38
2013,238.9,233.22,227.86,224.22,221.38,222.02,221.04,220.8,219.64,220.38
2014,238.9,233.22,227.86,224.22,221.38,222.02,221.04,220.8,219.64,220.38
2015,238.9,233.2,227.86,224.22,221.38,222.02,221.02,220.8,219.62,220.38
2016,238.9,233.2,227.86,224.22,221.38,222.02,221.02,220.8,219.6,220.38
2017,238.9,233.2,227.86,224.2,221.38,222.02,221.02,220.78,219.58,220.34
2018,238.88,233.2,227.86,224.2,221.38,222.02,221.02,220.78,219.58,220.3
2019,238.88,233.2,227.86,224.2,221.38,222.02,221.0,220.78,219.58,220.28
2020,238.88,233.2,227.86,224.2,221.38,222.02,221.0,220.78,219.58,220.28
2021,238.88,233.18,227.86,224.2,221.38,222.02,221.0,220.78,219.58,220.28
2022,238.86,233.18,227.86,224.16,221.38,222.02,221.0,220.76,219.58,220.28
2023,238.84,233.18,227.86,224.16,221.38,222.02,221.0,220.74,219.58,220.28
2024,238.84,233.18,227.86,224.16,221.36,222.02,221.0,220.74,219.58,220.26
2025,238.84,233.18,227.86,224.16,221.36,222.02,221.0,220.74,219.58,220.26
2026,238.84,233.18,227.84,224.16,221.36,222.0,221.0,220.74,219.58,220.26
2027,238.84,233.18,227.84,224.16,221.36,222.0,221.0,220.74,219.58,220.26
2028,238.84,233.18,227.84,224.16,221.36,222.0,221.0,220.74,219.58,220.24
2029,238.84,233.18,227.84,224.16,221.36,222.0,221.0,220.72,219.58,220.24
2030,238.84,233.18,227.84,224.16,221.36,222.0,221.0,220.72,219.56,220.24
2031,238.84,233.18,227.84,224.16,221.36,222.0,221.0,220.72,219.56,220.24
2032,238.84,233.18,227.84,224.16,221.34,222.0,221.0,220.72,219.56,220.24
2033,238.84,233.18,227.84,224.14,221.34,222.0,220.98,220.72,219.56,220.24
2034,238.84,233.18,227.84,224.14,221.34,222.0,220.96,220.72,219.56,220.2
2035,238.84,233.18,227.84,224.14,221.34,222.0,220.96,220.72,219.56,220.2
2036,238.84,233.18,227.82,224.14,221.34,222.0,220.94,220.72,219.56,220.2
2037,238.84,233.18,227.82,224.14,221.34,222.0,220.92,220.72,219.56,220.2
2038,238.84,233.18,227.82,224.14,221.34,222.0,220.92,220.72,219.56,220.2
2039,238.84,233.18,227.82,224.14,221.34,222.0,220.9,220.72,219.56,220.2
2040,238.84,233.18,227.82,224.1,221.34,222.0,220.9,220.7,219.56,220.2
2041,238.84,233.18,227.82,224.1,221.32,222.0,220.9,220.7,219.56,220.2
2042,238.84,233.18,227.82,224.1,221.32,222.0,220.9,220.68,219.56,220.2
2043,238.84,233.16,227.8,224.1,221.32,222.0,220.9,220.68,219.56,220.2
2044,238.84,233.16,227.8,224.1,221.32,222.0,220.9,220.68,219.56,220.2
2045,238.84,233.16,227.8,224.1,221.3,222.0,220.9,220.68,219.56,220.2
2046,238.84,233.14,227.8,224.08,221.3,222.0,220.9,220.68,219.56,220.2
2047,238.84,233.14,227.8,224.08,221.3,221.98,220.9,220.68,219.56,220.2
2048,238.84,233.14,227.8,224.08,221.3,221.98,220.9,220.68,219.56,220.2
2049,238.84,233.12,227.8,224.08,221.3,221.98,220.9,220.68,219.54,220.2
2050,238.84,233.12,227.8,224.08,221.3,221.96,220.9,220.68,219.54,220.2
2051,238.84,233.1,227.8,224.08,221.3,221.96,220.9,220.68,219.52,220.2
2052,238.84,233.1,227.8,224.08,221.3,221.96,220.9,220.68,219.52,220.2
2053,238.82,233.1,227.8,224.08,221.3,221.96,220.88,220.68,219.52,220.2
2054,238.82,233.08,227.8,224.08,221.3,221.96,220.88,220.68,219.52,220.2
2055,238.82,233.08,227.8,224.08,221.26,221.94,220.86,220.68,219.52,220.18
2056,238.82,233.08,227.8,224.08,221.26,221.94,220.86,220.66,219.5,220.18
2057,238.82,233.06,227.8,224.06,221.26,221.94,220.86,220.66,219.5,220.18
2058,238.82,233.06,227.8,224.04,221.26,221.94,220.86,220.66,219.5,220.18
2059,238.8,233.06,227.8,224.04,221.24,221.94,220.86,220.66,219.5,220.18
2060,238.8,233.06,227.8,224.04,221.2,221.94,220.86,220.64,219.5,220.18
2061,238.8,233.06,227.8,224.04,221.2,221.94,220.86,220.62,219.5,220.18
2062,238.78,233.04,227.8,224.04,221.18,221.94,220.86,220.62,219.5,220.16
2063,238.78,233.04,227.8,224.02,221.18,221.94,220.86,220.62,219.5,220.16
2064,238.76,233.02,227.78,224.02,221.18,221.94,220.86,220.62,219.5,220.16
2065,238.76,233.02,227.78,224.02,221.16,221.94,220.86,220.62,219.5,220.16
2066,238.76,233.02,227.78,224.02,221.16,221.94,220.86,220.62,219.5,220.14
2067,238.76,233.02,227.78,224.02,221.14,221.94,220.86,220.6,219.5,220.14
2068,238.76,233.02,227.78,224.02,221.12,221.94,220.84,220.6,219.5,220.14
2069,238.76,233.0,227.78,224.02,221.12,221.94,220.84,220.6,219.5,220.14
2070,238.76,233.0,227.78,224.02,221.12,221.94,220.84,220.6,219.5,220.14
2071,238.76,233.0,227.78,224.02,221.12,221.94,220.84,220.6,219.5,220.14
2072,238.76,233.0,227.78,224.0,221.12,221.94,220.84,220.6,219.5,220.14
2073,238.76,233.0,227.78,224.0,221.12,221.94,220.84,220.6,219.5,220.14
2074,238.76,233.0,227.76,224.0,221.12,221.94,220.84,220.6,219.5,220.12
2075,238.76,233.0,227.76,224.0,221.12,221.92,220.84,220.6,219.48,220.12
2076,238.76,233.0,227.76,223.98,221.12,221.92,220.84,220.6,219.48,220.12
2077,238.76,233.0,227.76,223.98,221.12,221.92,220.84,220.6,219.48,220.12
2078,238.76,232.96,227.76,223.98,221.12,221.92,220.84,220.6,219.48,220.12
2079,238.76,232.96,227.76,223.96,221.12,221.86,220.82,220.6,219.48,220.12
2080,238.76,232.94,227.76,223.94,221.12,221.86,220.8,220.6,219.48,220.12
2081,238.76,232.94,227.76,223.94,221.12,221.84,220.8,220.6,219.48,220.12
2082,238.76,232.94,227.76,223.92,221.12,221.84,220.8,220.6,219.48,220.12
2083,238.76,232.94,227.76,223.92,221.12,221.84,220.78,220.6,219.48,220.1
2084,238.76,232.94,227.76,223.92,221.12,221.84,220.78,220.6,219.48,220.1
2085,238.76,232.94,227.76,223.9,221.12,221.84,220.78,220.6,219.48,220.08
2086,238.76,232.94,227.76,223.88,221.12,221.84,220.78,220.6,219.48,220.08
2087,238.76,232.94,227.74,223.88,221.1,221.84,220.78,220.58,219.48,220.08
2088,238.76,232.94,227.74,223.86,221.1,221.84,220.78,220.58,219.48,220.08
2089,238.76,232.94,227.74,223.86,221.1,221.84,220.76,220.58,219.48,220.08
2090,238.76,232.94,227.74,223.86,221.1,221.84,220.76,220.58,219.48,220.06
2091,238.76,232.94,227.74,223.86,221.1,221.84,220.76,220.58,219.48,220.06
2092,238.76,232.94,227.74,223.86,221.1,221.84,220.74,220.58,219.48,220.06
2093,238.76,232.94,227.72,223.86,221.1,221.82,220.74,220.58,219.48,220.04
2094,238.76,232.94,227.72,223.86,221.08,221.82,220.74,220.58,219.48,220.04
2095,238.76,232.94,227.72,223.86,221.08,221.82,220.74,220.58,219.48,220.04
2096,238.76,232.94,227.72,223.86,221.06,221.82,220.74,220.58,219.48,220.04
2097,238.76,232.94,227.72,223.86,221.06,221.82,220.74,220.58,219.48,220.04
2098,238.76,232.94,227.72,223.86,221.06,221.82,220.74,220.58,219.48,220.04
2099,238.74,232.94,227.72,223.86,221.06,221.82,220.72,220.58,219.48,220.04
2100,238.72,232.94,227.72,223.86,221.06,221.82,220.72,220.56,219.48,220.04
2101,238.72,232.94,227.72,223.86,221.04,221.82,220.7,220.56,219.48,220.04
2102,238.72,232.94,227.72,223.86,221.02,221.8,220.7,220.56,219.46,220.04
2103,238.72,232.94,227.72,223.86,221.02,221.8,220.7,220.56,219.44,220.02
2104,238.72,232.92,227.7,223.86,221.02,221.8,220.7,220.56,219.44,220.0
2105,238.72,232.92,227.7,223.86,221.02,221.8,220.7,220.56,219.44,219.96
2106,238.7,232.92,227.7,223.86,221.0,221.8,220.7,220.56,219.44,219.96
2107,238.7,232.92,227.7,223.84,220.98,221.8,220.7,220.56,219.44,219.96
2108,238.7,232.92,227.68,223.82,220.98,221.8,220.7,220.56,219.44,219.96
2109,238.7,232.92,227.68,223.82,220.98,221.78,220.7,220.56,219.44,219.96
2110,238.68,232.92,227.66,223.82,220.98,221.78,220.68,220.56,219.44,219.96
2111,238.68,232.92,227.66,223.82,220.98,221.78,220.68,220.56,219.44,219.96
2112,238.68,232.92,227.66,223.82,220.98,221.76,220.68,220.56,219.44,219.96
2113,238.68,232.92,227.66,223.82,220.96,221.76,220.66,220.54,219.44,219.96
2114,238.68,232.92,227.64,223.82,220.96,221.76,220.66,220.54,219.42,219.96
2115,238.68,232.92,227.64,223.82,220.96,221.76,220.66,220.54,219.42,219.96
2116,238.68,232.92,227.64,223.82,220.94,221.76,220.66,220.54,219.42,219.96
2117,238.68,232.92,227.6,223.82,220.94,221.74,220.66,220.52,219.42,219.96
2118,238.68,232.92,227.6,223.82,220.94,221.72,220.66,220.5,219.42,219.96
2119,238.68,232.92,227.6,223.82,220.94,221.72,220.66,220.5,219.42,219.96
2120,238.68,232.92,227.6,223.8,220.92,221.72,220.66,220.48,219.42,219.96
2121,238.68,232.92,227.6,223.78,220.92,221.72,220.66,220.46,219.42,219.96
2122,238.68,232.9,227.6,223.78,220.92,221.72,220.66,220.46,219.42,219.96
2123,238.68,232.9,227.58,223.78,220.92,221.7,220.66,220.46,219.42,219.96
2124,238.68,232.86,227.58,223.78,220.92,221.7,220.66,220.46,219.42,219.96
2125,238.68,232.86,227.58,223.78,220.92,221.7,220.66,220.46,219.42,219.96
2126,238.68,232.86,227.58,223.78,220.92,221.7,220.66,220.46,219.42,219.96
2127,238.66,232.86,227.56,223.78,220.92,221.7,220.66,220.46,219.42,219.94
2128,238.66,232.86,227.56,223.78,220.9,221.7,220.66,220.46,219.42,219.94
2129,238.66,232.86,227.56,223.76,220.9,221.7,220.66,220.46,219.42,219.9
2130,238.66,232.86,227.56,223.76,220.9,221.7,220.66,220.46,219.42,219.9
2131,238.66,232.84,227.56,223.76,220.9,221.7,220.66,220.46,219.42,219.9
2132,238.66,232.84,227.54,223.76,220.9,221.7,220.66,220.46,219.42,219.9
2133,238.66,232.84,227.54,223.76,220.88,221.7,220.66,220.46,219.42,219.9
2134,238.66,232.82,227.54,223.76,220.86,221.7,220.66,220.46,219.42,219.9
2135,238.66,232.8,227.54,223.76,220.86,221.7,220.64,220.46,219.42,219.9
2136,238.66,232.8,227.52,223.76,220.86,221.7,220.64,220.46,219.42,219.9
2137,238.66,232.8,227.5,223.76,220.86,221.68,220.62,220.46,219.42,219.9
2138,238.66,232.8,227.5,223.76,220.86,221.68,220.62,220.46,219.4,219.9
2139,238.66,232.8,227.5,223.74,220.82,221.68,220.62,220.46,219.4,219.9
2140,238.66,232.8,227.5,223.72,220.82,221.68,220.62,220.44,219.4,219.9
2141,238.66,232.8,227.5,223.72,220.82,221.68,220.62,220.44,219.4,219.9
2142,238.66,232.78,227.5,223.72,220.82,221.68,220.62,220.42,219.4,219.9
2143,238.66,232.78,227.5,223.72,220.82,221.68,220.62,220.42,219.4,219.9
2144,238.64,232.78,227.5,223.72,220.82,221.66,220.62,220.42,219.38,219.9
2145,238.64,232.78,227.5,223.72,220.82,221.64,220.6,220.42,219.38,219.9
2146,238.64,232.78,227.5,223.7,220.82,221.64,220.6,220.42,219.38,219.9
2147,238.64,232.78,227.5,223.7,220.82,221.64,220.6,220.42,219.38,219.9
2148,238.64,232.78,227.5,223.7,220.82,221.64,220.6,220.42,219.34,219.9
2149,238.64,232.78,227.5,223.7,220.82,221.64,220.6,220.38,219.34,219.9
2150,238.64,232.78,227.5,223.7,220.82,221.62,220.6,220.38,219.34,219.9
2151,238.64,232.76,227.5,223.7,220.82,221.62,220.6,220.38,219.34,219.9
2152,238.64,232.76,227.5,223.7,220.82,221.62,220.6,220.36,219.34,219.88
2153,238.64,232.76,227.5,223.7,220.82,221.62,220.6,220.36,219.34,219.88
2154,238.64,232.76,227.5,223.68,220.82,221.6,220.6,220.36,219.34,219.88
2155,238.64,232.7,227.5,223.68,220.8,221.6,220.6,220.36,219.34,219.88
2156,238.64,232.7,227.5,223.68,220.8,221.6,220.6,220.36,219.34,219.88
2157,238.64,232.7,227.5,223.68,220.76,221.6,220.6,220.36,219.34,219.88
2158,238.64,232.68,227.5,223.68,220.76,221.6,220.6,220.36,219.34,219.88
2159,238.64,232.68,227.5,223.66,220.76,221.6,220.6,220.36,219.34,219.88
2160,238.64,232.68,227.5,223.66,220.76,221.6,220.6,220.36,219.34,219.88
2161,238.64,232.68,227.5,223.66,220.76,221.54,220.6,220.34,219.34,219.86
2162,238.64,232.68,227.5,223.66,220.76,221.54,220.6,220.34,219.34,219.86
2163,238.64,232.68,227.5,223.66,220.76,221.54,220.58,220.34,219.32,219.84
2164,238.64,232.68,227.48,223.66,220.76,221.54,220.58,220.34,219.32,219.84
2165,238.64,232.68,227.48,223.66,220.74,221.54,220.58,220.34,219.32,219.84
2166,238.64,232.68,227.48,223.66,220.74,221.54,220.58,220.34,219.32,219.84
2167,238.64,232.68,227.48,223.66,220.74,221.52,220.58,220.34,219.32,219.84
2168,238.64,232.68,227.46,223.66,220.74,221.52,220.58,220.34,219.32,219.84
2169,238.64,232.68,227.46,223.66,220.74,221.52,220.58,220.34,219.32,219.84
2170,238.64,232.68,227.46,223.66,220.74,221.52,220.58,220.32,219.32,219.84
2171,238.64,232.68,227.46,223.66,220.74,221.52,220.56,220.32,219.32,219.84
2172,238.64,232.68,227.46,223.66,220.74,221.52,220.56,220.32,219.3,219.84
2173,238.64,232.64,227.46,223.66,220.74,221.52,220.56,220.32,219.3,219.84
2174,238.64,232.64,227.46,223.66,220.74,221.48,220.56,220.32,219.28,219.82
2175,238.62,232.64,227.46,223.66,220.74,221.46,220.56,220.32,219.28,219.82
2176,238.62,232.64,227.46,223.66,220.74,221.46,220.56,220.32,219.28,219.8
2177,238.62,232.64,227.44,223.66,220.74,221.46,220.54,220.32,219.28,219.8
2178,238.62,232.62,227.44,223.64,220.74,221.46,220.54,220.32,219.28,219.8
2179,238.6,232.62,227.44,223.64,220.68,221.46,220.54,220.32,219.28,219.8
2180,238.6,232.62,227.44,223.64,220.68,221.46,220.54,220.32,219.28,219.78
2181,238.6,232.62,227.44,223.64,220.68,221.46,220.54,220.3,219.28,219.78
2182,238.6,232.62,227.44,223.64,220.66,221.46,220.54,220.3,219.28,219.78
2183,238.6,232.6,227.44,223.62,220.66,221.46,220.54,220.3,219.24,219.78
2184,238.6,232.6,227.44,223.62,220.62,221.46,220.54,220.3,219.24,219.78
2185,238.6,232.58,227.44,223.62,220.62,221.46,220.54,220.3,219.22,219.78
2186,238.6,232.58,227.44,223.6,220.62,221.46,220.54,220.28,219.22,219.78
2187,238.6,232.58,227.4,223.58,220.62,221.46,220.54,220.28,219.22,219.78
2188,238.6,232.58,227.4,223.58,220.6,221.46,220.54,220.28,219.22,219.76
2189,238.6,232.58,227.38,223.58,220.58,221.46,220.52,220.28,219.22,219.74
2190,238.6,232.58,227.36,223.58,220.58,221.46,220.52,220.28,219.2,219.74
2191,238.6,232.56,227.36,223.58,220.58,221.46,220.52,220.28,219.2,219.74
2192,238.6,232.56,227.36,223.58,220.58,221.46,220.52,220.28,219.2,219.74
2193,238.6,232.56,227.36,223.58,220.54,221.46,220.48,220.28,219.2,219.72
2194,238.6,232.56,227.34,223.58,220.5,221.46,220.48,220.28,219.2,219.72
2195,238.6,232.56,227.34,223.58,220.5,221.46,220.44,220.28,219.2,219.72
2196,238.6,232.56,227.32,223.58,220.5,221.46,220.44,220.28,219.18,219.72
2197,238.6,232.56,227.32,223.58,220.5,221.46,220.42,220.28,219.18,219.72
2198,238.6,232.56,227.32,223.58,220.5,221.46,220.42,220.28,219.16,219.72
2199,238.6,232.56,227.32,223.58,220.5,221.46,220.42,220.28,219.16,219.72
2200,238.6,232.56,227.32,223.58,220.5,221.46,220.42,220.28,219.16,219.72
2201,238.6,232.56,227.32,223.58,220.5,221.46,220.42,220.26,219.16,219.7
2202,238.6,232.56,227.32,223.58,220.5,221.46,220.42,220.26,219.16,219.7
2203,238.6,232.56,227.32,223.58,220.5,221.46,220.42,220.24,219.16,219.7
2204,238.6,232.56,227.32,223.58,220.5,221.46,220.42,220.24,219.16,219.7
2205,238.6,232.56,227.32,223.58,220.5,221.46,220.42,220.24,219.16,219.7
2206,238.6,232.54,227.32,223.58,220.48,221.44,220.42,220.24,219.16,219.7
2207,238.6,232.54,227.3,223.58,220.48,221.44,220.42,220.24,219.16,219.7
2208,238.6,232.54,227.3,223.58,220.48,221.44,220.4,220.24,219.14,219.68
2209,238.58,232.54,227.3,223.58,220.46,221.44,220.4,220.24,219.14,219.68
2210,238.58,232.5,227.28,223.58,220.46,221.44,220.38,220.24,219.14,219.68
2211,238.56,232.5,227.28,223.58,220.46,221.44,220.38,220.24,219.14,219.68
2212,238.56,232.5,227.28,223.58,220.46,221.44,220.38,220.24,219.12,219.66
2213,238.56,232.5,227.26,223.58,220.46,221.42,220.38,220.24,219.12,219.66
2214,238.56,232.5,227.26,223.58,220.46,221.42,220.38,220.24,219.1,219.64
2215,238.56,232.5,227.26,223.58,220.46,221.42,220.36,220.24,219.1,219.64
2216,238.56,232.5,227.26,223.58,220.46,221.42,220.36,220.24,219.1,219.64
2217,238.54,232.5,227.26,223.58,220.46,221.42,220.36,220.22,219.08,219.64
2218,238.54,232.5,227.26,223.58,220.46,221.42,220.36,220.22,219.08,219.64
2219,238.54,232.5,227.24,223.56,220.44,221.42,220.36,220.22,219.06,219.64
2220,238.54,232.5,227.24,223.56,220.44,221.42,220.36,220.22,219.06,219.64
2221,238.52,232.5,227.24,223.56,220.44,221.42,220.36,220.22,219.06,219.64
2222,238.52,232.5,227.24,223.56,220.44,221.42,220.34,220.22,219.06,219.64
2223,238.52,232.48,227.22,223.56,220.44,221.42,220.34,220.22,219.06,219.64
2224,238.52,232.48,227.22,223.56,220.44,221.42,220.34,220.2,219.06,219.64
2225,238.52,232.48,227.22,223.54,220.44,221.42,220.34,220.2,219.06,219.62
2226,238.52,232.48,227.2,223.54,220.44,221.4,220.34,220.2,219.06,219.62
2227,238.52,232.46,227.2,223.54,220.42,221.4,220.34,220.2,219.06,219.62
2228,238.52,232.44,227.18,223.54,220.42,221.4,220.34,220.2,219.04,219.62
2229,238.52,232.44,227.18,223.54,220.42,221.4,220.34,220.2,219.0,219.6
2230,238.52,232.44,227.18,223.54,220.42,221.4,220.34,220.2,219.0,219.6
2231,238.52,232.44,227.18,223.54,220.42,221.4,220.34,220.2,219.0,219.6
2232,238.5,232.44,227.18,223.54,220.42,221.4,220.34,220.2,219.0,219.6
2233,238.5,232.44,227.18,223.54,220.42,221.4,220.34,220.2,219.0,219.6
2234,238.5,232.44,227.18,223.54,220.42,221.38,220.34,220.2,219.0,219.6
2235,238.5,232.44,227.18,223.54,220.42,221.36,220.34,220.16,219.0,219.6
2236,238.5,232.44,227.18,223.52,220.42,221.36,220.34,220.16,219.0,219.6
2237,238.5,232.44,227.18,223.52,220.4,221.36,220.34,220.16,219.0,219.6
2238,238.5,232.44,227.18,223.52,220.38,221.36,220.34,220.16,219.0,219.6
2239,238.5,232.44,227.18,223.52,220.34,221.36,220.34,220.16,219.0,219.6
2240,238.5,232.44,227.18,223.52,220.34,221.36,220.34,220.16,218.98,219.6
2241,238.5,232.44,227.18,223.5,220.34,221.36,220.34,220.16,218.98,219.6
2242,238.5,232.44,227.18,223.5,220.34,221.36,220.34,220.12,218.98,219.6
2243,238.5,232.44,227.16,223.5,220.34,221.34,220.34,220.12,218.98,219.6
2244,238.5,232.44,227.16,223.5,220.34,221.34,220.34,220.12,218.98,219.6
2245,238.5,232.44,227.16,223.5,220.34,221.34,220.34,220.12,218.96,219.6
2246,238.5,232.44,227.16,223.48,220.34,221.34,220.34,220.12,218.96,219.6
2247,238.5,232.44,227.14,223.48,220.34,221.34,220.34,220.12,218.96,219.6
2248,238.5,232.44,227.14,223.48,220.34,221.34,220.34,220.12,218.96,219.6
2249,238.5,232.44,227.14,223.48,220.32,221.34,220.34,220.12,218.96,219.6
2250,238.5,232.44,227.14,223.44,220.32,221.32,220.34,220.1,218.94,219.58
2251,238.5,232.44,227.14,223.4,220.32,221.32,220.34,220.1,218.94,219.58
2252,238.48,232.44,227.14,223.4,220.32,221.32,220.34,220.1,218.94,219.58
2253,238.48,232.44,227.14,223.4,220.32,221.32,220.34,220.08,218.92,219.58
2254,238.48,232.44,227.12,223.4,220.32,221.32,220.34,220.08,218.92,219.58
2255,238.48,232.44,227.12,223.4,220.32,221.32,220.34,220.08,218.92,219.58
2256,238.48,232.44,227.1,223.4,220.3,221.32,220.34,220.08,218.92,219.58
2257,238.48,232.44,227.1,223.4,220.3,221.32,220.34,220.08,218.92,219.58
2258,238.48,232.44,227.1,223.38,220.3,221.32,220.34,220.08,218.92,219.58
2259,238.48,232.44,227.1,223.38,220.3,221.32,220.34,220.08,218.92,219.56
2260,238.48,232.44,227.08,223.38,220.28,221.32,220.34,220.08,218.92,219.56
2261,238.48,232.44,227.08,223.38,220.28,221.32,220.34,220.08,218.9,219.54
2262,238.48,232.42,227.08,223.38,220.28,221.32,220.34,220.08,218.88,219.54
2263,238.48,232.42,227.06,223.38,220.24,221.32,220.34,220.08,218.86,219.54
2264,238.48,232.4,227.04,223.38,220.24,221.32,220.32,220.08,218.86,219.52
2265,238.48,232.4,227.04,223.38,220.22,221.3,220.32,220.08,218.86,219.52
2266,238.48,232.4,227.04,223.38,220.22,221.3,220.32,220.08,218.86,219.52
2267,238.48,232.4,227.02,223.38,220.22,221.3,220.32,220.08,218.86,219.52
2268,238.48,232.4,227.02,223.38,220.22,221.28,220.32,220.08,218.86,219.52
2269,238.48,232.4,227.02,223.38,220.22,221.26,220.32,220.08,218.86,219.52
2270,238.48,232.4,227.02,223.32,220.2,221.26,220.32,220.08,218.86,219.48
2271,238.48,232.4,227.02,223.3,220.2,221.26,220.32,220.08,218.86,219.48
2272,238.46,232.4,227.02,223.3,220.2,221.26,220.32,220.08,218.86,219.46
2273,238.46,232.4,227.02,223.28,220.2,221.24,220.32,220.08,218.82,219.42
2274,238.46,232.4,227.02,223.28,220.2,221.24,220.32,220.06,218.82,219.4
2275,238.46,232.4,227.02,223.28,220.2,221.24,220.32,220.06,218.82,219.4
2276,238.46,232.4,227.02,223.28,220.2,221.24,220.3,220.06,218.82,219.4
2277,238.46,232.4,227.02,223.28,220.2,221.24,220.3,220.06,218.82,219.4
2278,238.46,232.4,227.02,223.28,220.2,221.24,220.3,220.06,218.82,219.4
2279,238.46,232.4,226.98,223.28,220.18,221.24,220.3,220.06,218.82,219.4
2280,238.46,232.4,226.96,223.28,220.18,221.24,220.3,220.06,218.82,219.4
2281,238.46,232.4,226.96,223.28,220.18,221.24,220.3,220.06,218.82,219.4
2282,238.46,232.4,226.96,223.28,220.18,221.24,220.28,220.04,218.82,219.4
2283,238.44,232.4,226.96,223.28,220.18,221.24,220.28,220.04,218.82,219.38
2284,238.44,232.4,226.94,223.28,220.18,221.24,220.28,220.04,218.82,219.38
2285,238.44,232.4,226.94,223.28,220.18,221.24,220.28,220.04,218.82,219.38
2286,238.44,232.4,226.94,223.28,220.18,221.24,220.28,220.04,218.82,219.38
2287,238.44,232.4,226.94,223.24,220.18,221.24,220.28,220.04,218.82,219.38
2288,238.44,232.4,226.9,223.24,220.18,221.24,220.28,220.04,218.82,219.38
2289,238.44,232.4,226.9,223.24,220.18,221.24,220.28,220.04,218.82,219.38
2290,238.44,232.4,226.9,223.24,220.18,221.24,220.28,220.02,218.82,219.38
2291,238.44,232.4,226.9,223.24,220.16,221.22,220.28,220.02,218.82,219.38
2292,238.44,232.4,226.9,223.24,220.16,221.22,220.28,220.02,218.82,219.38
2293,238.44,232.4,226.9,223.24,220.16,221.22,220.28,220.02,218.8,219.38
2294,238.44,232.4,226.9,223.24,220.16,221.22,220.28,220.02,218.8,219.38
2295,238.44,232.4,226.9,223.24,220.16,221.2,220.28,220.02,218.8,219.38
2296,238.44,232.4,226.9,223.24,220.16,221.2,220.28,220.02,218.8,219.38
2297,238.44,232.4,226.9,223.24,220.16,221.2,220.28,220.0,218.8,219.36
2298,238.44,232.4,226.9,223.24,220.16,221.2,220.26,219.98,218.8,219.36
2299,238.44,232.4,226.9,223.24,220.16,221.18,220.26,219.98,218.8,219.36
2300,238.44,232.4,226.9,223.22,220.16,221.16,220.26,219.98,218.8,219.36
2301,238.44,232.4,226.88,223.2,220.16,221.16,220.24,219.98,218.8,219.34
2302,238.44,232.4,226.88,223.18,220.16,221.16,220.24,219.98,218.8,219.34
2303,238.44,232.4,226.88,223.18,220.16,221.14,220.24,219.98,218.8,219.34
2304,238.44,232.4,226.88,223.14,220.16,221.14,220.24,219.98,218.8,219.34
2305,238.44,232.4,226.84,223.14,220.16,221.12,220.24,219.98,218.8,219.34
2306,238.44,232.4,226.84,223.14,220.16,221.12,220.24,219.98,218.8,219.34
2307,238.44,232.4,226.82,223.14,220.16,221.12,220.24,219.98,218.8,219.34
2308,238.44,232.4,226.82,223.14,220.16,221.12,220.24,219.98,218.78,219.32
2309,238.44,232.4,226.82,223.14,220.14,221.12,220.24,219.98,218.76,219.32
2310,238.44,232.4,226.82,223.12,220.14,221.12,220.24,219.98,218.74,219.32
2311,238.44,232.4,226.8,223.12,220.14,221.12,220.24,219.98,218.74,219.32
2312,238.44,232.4,226.78,223.12,220.12,221.08,220.24,219.98,218.74,219.32
2313,238.44,232.4,226.78,223.1,220.12,221.06,220.24,219.98,218.74,219.32
2314,238.44,232.4,226.78,223.1,220.12,221.06,220.24,219.98,218.74,219.26
2315,238.44,232.4,226.76,223.1,220.12,221.06,220.24,219.98,218.74,219.26
2316,238.44,232.4,226.76,223.1,220.12,221.06,220.24,219.98,218.74,219.26
2317,238.44,232.38,226.76,223.1,220.12,221.06,220.24,219.98,218.74,219.26
2318,238.44,232.38,226.76,223.1,220.12,221.06,220.24,219.98,218.74,219.26
2319,238.44,232.38,226.76,223.1,220.12,221.06,220.24,219.98,218.74,219.26
2320,238.44,232.38,226.76,223.1,220.12,221.06,220.24,219.98,218.72,219.24
2321,238.44,232.38,226.76,223.1,220.12,221.06,220.24,219.98,218.72,219.24
2322,238.42,232.38,226.74,223.1,220.12,221.06,220.24,219.96,218.72,219.24
2323,238.42,232.38,226.74,223.1,220.12,221.06,220.24,219.94,218.72,219.24
2324,238.42,232.38,226.74,223.1,220.12,221.04,220.24,219.94,218.72,219.24
2325,238.4,232.36,226.74,223.1,220.12,221.04,220.24,219.94,218.72,219.24
2326,238.4,232.36,226.74,223.1,220.12,221.04,220.24,219.94,218.7,219.24
2327,238.4,232.36,226.72,223.1,220.12,221.04,220.24,219.94,218.7,219.24
2328,238.4,232.36,226.72,223.1,220.1,221.04,220.24,219.94,218.7,219.24
2329,238.4,232.34,226.72,223.08,220.1,221.04,220.24,219.94,218.7,219.24
2330,238.4,232.34,226.72,223.08,220.1,221.02,220.22,219.94,218.7,219.24
2331,238.4,232.34,226.72,223.08,220.1,221.02,220.22,219.94,218.68,219.24
2332,238.4,232.34,226.72,223.08,220.1,221.02,220.22,219.94,218.68,219.24
2333,238.38,232.34,226.72,223.06,220.1,221.0,220.22,219.92,218.68,219.24
2334,238.36,232.34,226.72,223.06,220.08,221.0,220.22,219.92,218.66,219.24
2335,238.36,232.34,226.72,223.06,220.06,221.0,220.22,219.92,218.66,219.24
2336,238.36,232.34,226.72,223.06,220.06,221.0,220.22,219.92,218.66,219.24
2337,238.36,232.34,226.72,223.06,220.04,221.0,220.22,219.92,218.66,219.24
2338,238.36,232.34,226.7,223.06,220.04,221.0,220.22,219.92,218.66,219.24
2339,238.36,232.32,226.68,223.06,220.04,221.0,220.2,219.92,218.66,219.24
2340,238.36,232.32,226.64,223.06,220.04,221.0,220.2,219.92,218.66,219.24
2341,238.32,232.32,226.62,223.06,220.04,221.0,220.2,219.92,218.62,219.22
2342,238.32,232.32,226.62,223.06,220.04,221.0,220.2,219.92,218.62,219.2
2343,238.32,232.3,226.62,223.06,220.04,221.0,220.2,219.92,218.62,219.2
2344,238.32,232.3,226.6,223.06,220.04,220.96,220.2,219.92,218.62,219.2
2345,238.32,232.3,226.6,223.06,220.04,220.96,220.2,219.92,218.62,219.2
2346,238.32,232.3,226.6,223.06,220.04,220.96,220.2,219.92,218.62,219.18
2347,238.32,232.3,226.58,223.06,220.04,220.96,220.2,219.92,218.62,219.18
2348,238.32,232.3,226.56,223.06,220.02,220.96,220.2,219.92,218.62,219.18
2349,238.32,232.3,226.54,223.06,220.02,220.96,220.2,219.92,218.62,219.18
2350,238.32,232.3,226.54,223.06,220.02,220.96,220.2,219.9,218.62,219.18
2351,238.32,232.3,226.54,223.06,220.02,220.96,220.2,219.9,218.62,219.18
2352,238.32,232.28,226.54,223.06,220.02,220.96,220.2,219.9,218.62,219.18
2353,238.32,232.28,226.54,223.06,220.02,220.96,220.2,219.9,218.62,219.18
2354,238.32,232.28,226.54,223.06,220.02,220.96,220.2,219.9,218.62,219.18
2355,238.32,232.28,226.54,223.06,220.02,220.96,220.2,219.9,218.6,219.18
2356,238.32,232.28,226.54,223.06,220.02,220.96,220.2,219.9,218.6,219.18
2357,238.32,232.24,226.54,223.04,220.02,220.96,220.2,219.88,218.6,219.18
2358,238.32,232.24,226.54,223.04,220.02,220.96,220.2,219.86,218.58,219.18
2359,238.32,232.24,226.54,223.02,220.02,220.96,220.2,219.86,218.58,219.18
2360,238.32,232.24,226.54,223.02,220.02,220.96,220.2,219.86,218.58,219.18
2361,238.32,232.24,226.54,223.02,220.02,220.96,220.2,219.86,218.58,219.14
2362,238.32,232.24,226.54,223.0,220.02,220.96,220.2,219.86,218.58,219.14
2363,238.32,232.24,226.54,223.0,220.02,220.96,220.2,219.86,218.56,219.14
2364,238.32,232.24,226.54,223.0,220.02,220.96,220.2,219.86,218.56,219.14
2365,238.32,232.24,226.54,223.0,220.02,220.96,220.2,219.86,218.56,219.14
2366,238.32,232.24,226.54,223.0,220.02,220.96,220.2,219.86,218.56,219.12
2367,238.32,232.24,226.54,223.0,220.02,220.96,220.2,219.84,218.56,219.12
2368,238.32,232.24,226.54,223.0,220.02,220.96,220.2,219.84,218.56,219.12
2369,238.32,232.24,226.54,223.0,220.02,220.96,220.2,219.84,218.56,219.12
2370,238.32,232.24,226.54,223.0,220.02,220.96,220.2,219.84,218.56,219.12
2371,238.3,232.24,226.54,222.98,220.02,220.94,220.2,219.84,218.56,219.12
2372,238.3,232.24,226.54,222.96,220.02,220.94,220.2,219.84,218.56,219.12
2373,238.3,232.24,226.54,222.96,220.02,220.92,220.2,219.84,218.56,219.12
2374,238.3,232.24,226.54,222.96,220.02,220.92,220.2,219.84,218.56,219.12
2375,238.3,232.24,226.52,222.96,220.02,220.9,220.2,219.84,218.56,219.12
2376,238.3,232.24,226.52,222.96,220.02,220.88,220.18,219.84,218.56,219.1
2377,238.3,232.24,226.52,222.96,220.02,220.88,220.18,219.84,218.56,219.1
2378,238.3,232.24,226.5,222.94,220.02,220.88,220.18,219.84,218.56,219.1
2379,238.3,232.24,226.5,222.94,220.02,220.88,220.18,219.84,218.56,219.1
2380,238.3,232.24,226.5,222.94,220.02,220.88,220.18,219.84,218.56,219.1
2381,238.3,232.24,226.5,222.92,220.02,220.88,220.18,219.84,218.56,219.1
2382,238.3,232.24,226.5,222.92,220.02,220.88,220.18,219.82,218.56,219.1
2383,238.3,232.24,226.5,222.92,220.02,220.88,220.18,219.82,218.56,219.1
2384,238.3,232.24,226.5,222.92,220.02,220.88,220.18,219.82,218.56,219.08
2385,238.3,232.24,226.5,222.92,220.02,220.88,220.18,219.82,218.56,219.08
2386,238.3,232.24,226.5,222.92,220.02,220.88,220.18,219.82,218.56,219.08
2387,238.3,232.24,226.48,222.92,220.02,220.88,220.18,219.82,218.56,219.08
2388,238.3,232.24,226.48,222.92,220.02,220.88,220.18,219.82,218.56,219.08
2389,238.3,232.24,226.48,222.92,220.0,220.88,220.18,219.82,218.56,219.08
2390,238.3,232.24,226.48,222.9,220.0,220.88,220.16,219.82,218.54,219.08
2391,238.28,232.24,226.48,222.9,220.0,220.88,220.14,219.82,218.54,219.08
2392,238.28,232.24,226.48,222.9,220.0,220.88,220.14,219.82,218.54,219.08
2393,238.28,232.22,226.48,222.9,220.0,220.88,220.14,219.82,218.54,219.08
2394,238.28,232.22,226.48,222.9,220.0,220.88,220.14,219.82,218.54,219.06
2395,238.28,232.22,226.48,222.9,220.0,220.88,220.14,219.82,218.54,219.06
2396,238.28,232.22,226.48,222.9,220.0,220.88,220.14,219.82,218.52,219.06
2397,238.28,232.2,226.48,222.9,220.0,220.88,220.12,219.82,218.52,219.06
2398,238.26,232.2,226.48,222.9,219.98,220.88,220.12,219.82,218.52,219.06
2399,238.26,232.2,226.48,222.9,219.98,220.88,220.12,219.82,218.5,219.06
2400,238.26,232.2,226.46,222.9,219.98,220.88,220.12,219.8,218.5,219.06
2401,238.26,232.2,226.46,222.9,219.98,220.88,220.12,219.8,218.5,219.06
2402,238.26,232.2,226.46,222.9,219.98,220.88,220.12,219.8,218.5,219.06
2403,238.26,232.2,226.46,222.9,219.98,220.88,220.12,219.8,218.5,219.06
2404,238.24,232.2,226.46,222.9,219.98,220.86,220.12,219.8,218.5,219.06
2405,238.24,232.2,226.46,222.9,219.98,220.86,220.12,219.8,218.5,219.06
2406,238.24,232.2,226.46,222.9,219.98,220.86,220.12,219.8,218.5,219.06
2407,238.24,232.18,226.46,222.9,219.96,220.84,220.12,219.8,218.5,219.04
2408,238.24,232.18,226.46,222.9,219.96,220.84,220.12,219.8,218.5,219.02
2409,238.24,232.16,226.46,222.9,219.96,220.84,220.12,219.8,218.5,219.02
2410,238.24,232.16,226.46,222.9,219.96,220.84,220.12,219.8,218.5,219.02
2411,238.24,232.16,226.46,222.9,219.96,220.84,220.1,219.8,218.5,219.02
2412,238.24,232.16,226.44,222.9,219.94,220.84,220.1,219.8,218.5,219.02
2413,238.24,232.16,226.44,222.9,219.92,220.84,220.1,219.8,218.5,219.02
2414,238.24,232.14,226.44,222.9,219.92,220.84,220.1,219.8,218.5,219.02
2415,238.24,232.14,226.42,222.88,219.92,220.84,220.1,219.8,218.5,219.02
2416,238.24,232.12,226.42,222.86,219.92,220.84,220.1,219.8,218.5,219.02
2417,238.24,232.12,226.4,222.84,219.92,220.84,220.1,219.8,218.5,219.02
2418,238.24,232.12,226.4,222.82,219.92,220.84,220.1,219.8,218.5,219.02
2419,238.24,232.12,226.4,222.82,219.92,220.84,220.1,219.8,218.5,219.02
2420,238.24,232.12,226.4,222.82,219.92,220.84,220.1,219.8,218.5,219.02
2421,238.24,232.08,226.4,222.82,219.92,220.84,220.1,219.8,218.5,219.02
2422,238.24,232.08,226.38,222.82,219.92,220.82,220.1,219.8,218.5,219.02
2423,238.24,232.08,226.38,222.82,219.92,220.82,220.1,219.8,218.5,219.02
2424,238.24,232.08,226.38,222.82,219.92,220.82,220.1,219.8,218.5,219.02
2425,238.24,232.08,226.38,222.82,219.92,220.82,220.1,219.8,218.5,219.0
2426,238.24,232.08,226.38,222.82,219.92,220.82,220.1,219.8,218.5,219.0
2427,238.24,232.06,226.38,222.82,219.92,220.82,220.1,219.8,218.5,219.0
2428,238.24,232.04,226.38,222.82,219.92,220.82,220.1,219.8,218.5,219.0
2429,238.22,232.02,226.36,222.82,219.92,220.82,220.1,219.8,218.5,219.0
2430,238.22,232.02,226.36,222.82,219.92,220.82,220.1,219.8,218.5,218.98
2431,238.22,232.02,226.36,222.82,219.92,220.82,220.1,219.8,218.5,218.98
2432,238.22,232.0,226.36,222.82,219.92,220.82,220.1,219.8,218.5,218.98
2433,238.22,232.0,226.36,222.82,219.92,220.82,220.1,219.8,218.5,218.98
2434,238.22,231.98,226.36,222.82,219.9,220.82,220.1,219.8,218.5,218.98
2435,238.22,231.96,226.36,222.82,219.9,220.82,220.1,219.8,218.5,218.98
2436,238.22,231.96,226.36,222.82,219.9,220.8,220.1,219.8,218.5,218.98
2437,238.22,231.96,226.36,222.82,219.9,220.8,220.1,219.8,218.5,218.98
2438,238.22,231.96,226.36,222.82,219.9,220.76,220.1,219.8,218.5,218.98
2439,238.22,231.94,226.36,222.82,219.9,220.74,220.1,219.8,218.5,218.96
2440,238.22,231.94,226.36,222.82,219.9,220.74,220.1,219.8,218.48,218.96
2441,238.22,231.94,226.36,222.82,219.9,220.72,220.1,219.8,218.48,218.96
2442,238.22,231.92,226.36,222.8,219.9,220.72,220.1,219.8,218.48,218.96
2443,238.22,231.92,226.36,222.8,219.9,220.72,220.08,219.8,218.46,218.96
2444,238.22,231.92,226.36,222.78,219.88,220.72,220.08,219.8,218.44,218.96
2445,238.22,231.92,226.36,222.78,219.88,220.72,220.08,219.8,218.44,218.96
2446,238.22,231.9,226.36,222.78,219.88,220.7,220.08,219.8,218.44,218.96
2447,238.22,231.9,226.36,222.78,219.86,220.7,220.08,219.8,218.44,218.96
2448,238.22,231.88,226.34,222.76,219.86,220.7,220.08,219.8,218.44,218.96
2449,238.22,231.88,226.32,222.76,219.86,220.7,220.08,219.78,218.44,218.94
2450,238.22,231.88,226.3,222.76,219.86,220.7,220.08,219.78,218.44,218.94
2451,238.22,231.88,226.3,222.76,219.86,220.7,220.06,219.78,218.44,218.94
2452,238.22,231.88,226.28,222.76,219.86,220.7,220.06,219.78,218.44,218.94
2453,238.22,231.88,226.28,222.76,219.86,220.7,220.06,219.78,218.44,218.94
2454,238.22,231.88,226.28,222.76,219.86,220.7,220.06,219.78,218.42,218.94
2455,238.22,231.86,226.28,222.76,219.86,220.7,220.06,219.78,218.42,218.94
2456,238.22,231.86,226.28,222.74,219.86,220.7,220.06,219.78,218.4,218.94
2457,238.22,231.86,226.28,222.74,219.86,220.7,220.06,219.78,218.4,218.94
2458,238.22,231.86,226.28,222.74,219.86,220.7,220.06,219.78,218.4,218.94
2459,238.22,231.86,226.28,222.74,219.86,220.7,220.04,219.78,218.38,218.94
2460,238.22,231.86,226.28,222.74,219.86,220.7,220.04,219.78,218.38,218.94
2461,238.22,231.86,226.28,222.74,219.86,220.7,220.04,219.78,218.38,218.94
2462,238.22,231.86,226.28,222.72,219.86,220.68,220.04,219.78,218.38,218.94
2463,238.22,231.84,226.28,222.72,219.86,220.68,220.04,219.78,218.38,218.92
2464,238.22,231.84,226.28,222.72,219.86,220.68,220.04,219.78,218.38,218.92
2465,238.22,231.84,226.28,222.7,219.86,220.68,220.04,219.78,218.38,218.92
2466,238.22,231.82,226.28,222.7,219.86,220.68,220.04,219.78,218.38,218.92
2467,238.2,231.8,226.28,222.7,219.84,220.66,220.04,219.78,218.38,218.92
2468,238.2,231.8,226.28,222.7,219.84,220.66,220.04,219.76,218.38,218.92
2469,238.2,231.8,226.28,222.7,219.84,220.66,220.04,219.76,218.38,218.88
2470,238.2,231.8,226.28,222.68,219.84,220.66,220.04,219.76,218.38,218.88
2471,238.2,231.8,226.26,222.68,219.84,220.66,220.04,219.74,218.38,218.88
2472,238.2,231.8,226.26,222.68,219.84,220.66,220.04,219.7,218.38,218.88
2473,238.2,231.8,226.26,222.68,219.84,220.66,220.04,219.68,218.38,218.84
2474,238.2,231.8,226.26,222.68,219.82,220.66,220.04,219.68,218.38,218.84
2475,238.2,231.8,226.24,222.68,219.82,220.66,220.04,219.68,218.38,218.84
2476,238.2,231.8,226.24,222.68,219.82,220.66,220.04,219.68,218.38,218.84
2477,238.2,231.8,226.24,222.68,219.82,220.64,220.04,219.68,218.38,218.84
2478,238.2,231.8,226.24,222.68,219.78,220.64,220.04,219.68,218.38,218.84
2479,238.2,231.78,226.24,222.66,219.76,220.64,220.04,219.68,218.38,218.84
2480,238.2,231.78,226.24,222.64,219.76,220.64,220.02,219.68,218.38,218.84
2481,238.2,231.78,226.24,222.62,219.76,220.64,220.02,219.68,218.38,218.84
2482,238.2,231.78,226.24,222.62,219.76,220.64,220.02,219.68,218.38,218.84
2483,238.2,231.78,226.24,222.62,219.74,220.64,220.02,219.68,218.38,218.84
2484,238.2,231.78,226.24,222.62,219.74,220.62,220.02,219.64,218.38,218.84
2485,238.2,231.76,226.24,222.62,219.74,220.62,220.02,219.64,218.38,218.84
2486,238.2,231.74,226.24,222.62,219.74,220.62,220.02,219.64,218.38,218.82
2487,238.2,231.74,226.24,222.6,219.74,220.6,220.02,219.64,218.38,218.82
2488,238.2,231.72,226.24,222.6,219.74,220.6,220.02,219.64,218.38,218.82
2489,238.2,231.72,226.24,222.58,219.74,220.6,220.02,219.64,218.36,218.82
2490,238.2,231.72,226.24,222.58,219.74,220.6,220.02,219.64,218.36,218.82
2491,238.2,231.7,226.24,222.58,219.74,220.6,220.02,219.64,218.36,218.82
2492,238.2,231.7,226.24,222.58,219.74,220.6,220.0,219.64,218.36,218.82
2493,238.2,231.7,226.24,222.58,219.72,220.6,220.0,219.64,218.36,218.82
2494,238.2,231.7,226.24,222.56,219.72,220.6,220.0,219.64,218.36,218.82
2495,238.2,231.68,226.24,222.56,219.72,220.6,220.0,219.64,218.36,218.82
2496,238.2,231.68,226.22,222.56,219.72,220.6,220.0,219.64,218.36,218.8
2497,238.2,231.68,226.22,222.56,219.72,220.6,220.0,219.64,218.36,218.8
2498,238.18,231.68,226.22,222.54,219.72,220.6,220.0,219.64,218.36,218.8
2499,238.16,231.68,226.22,222.54,219.72,220.6,220.0,219.64,218.36,218.8
2500,238.16,231.66,226.22,222.54,219.72,220.6,220.0,219.6,218.36,218.78
2501,238.16,231.64,226.2,222.54,219.72,220.6,220.0,219.6,218.36,218.78
2502,238.16,231.64,226.2,222.54,219.72,220.6,220.0,219.6,218.36,218.78
2503,238.16,231.64,226.2,222.54,219.72,220.58,220.0,219.6,218.36,218.78
2504,238.16,231.64,226.2,222.54,219.72,220.58,220.0,219.6,218.36,218.78
2505,238.16,231.64,226.2,222.52,219.72,220.58,220.0,219.6,218.36,218.76
2506,238.16,231.62,226.18,222.52,219.72,220.58,220.0,219.6,218.36,218.76
2507,238.16,231.62,226.18,222.52,219.72,220.58,219.98,219.6,218.36,218.76
2508,238.16,231.6,226.18,222.52,219.72,220.58,219.98,219.6,218.36,218.76
2509,238.14,231.6,226.18,222.5,219.7,220.56,219.98,219.6,218.36,218.76
2510,238.14,231.6,226.16,222.5,219.7,220.56,219.98,219.58,218.36,218.76
2511,238.14,231.6,226.16,222.5,219.7,220.56,219.98,219.56,218.36,218.76
2512,238.14,231.6,226.14,222.5,219.7,220.56,219.98,219.56,218.36,218.76
2513,238.12,231.6,226.14,222.5,219.7,220.54,219.98,219.56,218.36,218.76
2514,238.12,231.6,226.14,222.5,219.7,220.54,219.98,219.56,218.36,218.76
2515,238.12,231.58,226.14,222.48,219.7,220.54,219.98,219.56,218.36,218.76
2516,238.12,231.58,226.14,222.48,219.7,220.54,219.98,219.54,218.36,218.76
2517,238.12,231.58,226.14,222.46,219.7,220.54,219.98,219.54,218.34,218.76
2518,238.12,231.58,226.14,222.46,219.68,220.54,219.98,219.54,218.34,218.76
2519,238.12,231.58,226.14,222.44,219.68,220.54,219.98,219.52,218.34,218.76
2520,238.12,231.58,226.14,222.44,219.68,220.54,219.98,219.52,218.34,218.76
2521,238.12,231.58,226.12,222.42,219.66,220.54,219.98,219.52,218.34,218.76
2522,238.12,231.58,226.12,222.42,219.66,220.54,219.98,219.5,218.34,218.76
2523,238.12,231.58,226.12,222.42,219.66,220.54,219.98,219.48,218.34,218.76
2524,238.12,231.56,226.12,222.42,219.66,220.54,219.96,219.48,218.34,218.76
2525,238.12,231.56,226.12,222.42,219.66,220.54,219.96,219.48,218.34,218.74
2526,238.12,231.56,226.12,222.42,219.66,220.52,219.94,219.48,218.34,218.74
2527,238.08,231.56,226.12,222.42,219.66,220.52,219.92,219.48,218.32,218.74
2528,238.08,231.56,226.12,222.42,219.66,220.52,219.92,219.48,218.32,218.74
2529,238.08,231.56,226.12,222.42,219.66,220.52,219.92,219.48,218.32,218.74
2530,238.08,231.56,226.06,222.42,219.66,220.5,219.92,219.48,218.32,218.74
2531,238.08,231.54,226.06,222.42,219.66,220.5,219.92,219.48,218.32,218.74
2532,238.08,231.54,226.06,222.42,219.66,220.5,219.92,219.48,218.32,218.74
2533,238.08,231.52,226.06,222.42,219.66,220.5,219.92,219.48,218.32,218.74
2534,238.08,231.46,226.06,222.42,219.66,220.5,219.92,219.48,218.3,218.74
2535,238.08,231.44,226.06,222.4,219.66,220.5,219.92,219.48,218.3,218.74
2536,238.08,231.44,226.06,222.38,219.66,220.48,219.92,219.46,218.3,218.74
2537,238.08,231.44,226.04,222.38,219.66,220.48,219.9,219.46,218.3,218.74
2538,238.08,231.44,226.02,222.38,219.64,220.48,219.9,219.46,218.3,218.74
2539,238.08,231.44,226.0,222.38,219.64,220.48,219.9,219.46,218.3,218.74
2540,238.08,231.44,226.0,222.38,219.64,220.48,219.9,219.46,218.26,218.74
2541,238.08,231.44,225.98,222.38,219.64,220.48,219.9,219.46,218.26,218.74
2542,238.08,231.44,225.98,222.36,219.64,220.48,219.9,219.46,218.26,218.74
2543,238.08,231.44,225.98,222.36,219.64,220.48,219.9,219.46,218.26,218.74
2544,238.08,231.44,225.98,222.36,219.64,220.48,219.9,219.46,218.26,218.74
2545,238.08,231.44,225.98,222.34,219.62,220.48,219.9,219.46,218.26,218.74
2546,238.08,231.44,225.98,222.34,219.62,220.48,219.9,219.46,218.26,218.74
2547,238.08,231.44,225.98,222.34,219.62,220.48,219.9,219.46,218.26,218.74
2548,238.08,231.42,225.96,222.34,219.62,220.46,219.9,219.46,218.26,218.74
2549,238.08,231.4,225.96,222.32,219.62,220.46,219.9,219.46,218.26,218.74
2550,238.08,231.4,225.96,222.3,219.6,220.46,219.9,219.46,218.26,218.74
2551,238.08,231.38,225.96,222.3,219.6,220.46,219.9,219.46,218.26,218.74
2552,238.06,231.38,225.96,222.3,219.6,220.46,219.9,219.46,218.26,218.74
2553,238.06,231.36,225.96,222.3,219.6,220.46,219.9,219.46,218.26,218.74
2554,238.06,231.36,225.94,222.3,219.6,220.46,219.9,219.46,218.26,218.74
2555,238.06,231.36,225.94,222.3,219.6,220.46,219.9,219.46,218.26,218.74
2556,238.06,231.36,225.94,222.3,219.56,220.46,219.9,219.46,218.26,218.74
2557,238.06,231.36,225.92,222.3,219.56,220.46,219.9,219.46,218.26,218.74
2558,238.06,231.34,225.92,222.3,219.56,220.46,219.9,219.46,218.24,218.74
2559,238.06,231.34,225.92,222.3,219.56,220.46,219.9,219.46,218.24,218.72
2560,238.04,231.34,225.92,222.3,219.56,220.44,219.88,219.46,218.24,218.72
2561,238.04,231.34,225.92,222.3,219.56,220.44,219.88,219.46,218.24,218.72
2562,238.02,231.34,225.92,222.3,219.56,220.4,219.86,219.46,218.24,218.72
2563,238.02,231.32,225.92,222.3,219.54,220.4,219.86,219.44,218.24,218.72
2564,238.02,231.32,225.92,222.3,219.54,220.4,219.86,219.44,218.24,218.72
2565,238.02,231.32,225.92,222.28,219.54,220.4,219.86,219.44,218.24,218.72
2566,238.02,231.32,225.92,222.28,219.54,220.4,219.86,219.44,218.24,218.72
2567,238.02,231.32,225.92,222.28,219.54,220.4,219.86,219.44,218.22,218.72
2568,238.02,231.3,225.92,222.28,219.52,220.4,219.86,219.44,218.2,218.72
2569,238.02,231.3,225.92,222.28,219.52,220.4,219.86,219.44,218.2,218.72
2570,238.0,231.28,225.92,222.26,219.52,220.4,219.86,219.44,218.2,218.72
2571,238.0,231.28,225.9,222.26,219.52,220.4,219.86,219.44,218.2,218.72
2572,238.0,231.28,225.9,222.26,219.52,220.4,219.86,219.44,218.2,218.72
2573,237.98,231.28,225.9,222.26,219.52,220.4,219.86,219.44,218.2,218.72
2574,237.96,231.28,225.9,222.26,219.52,220.4,219.86,219.44,218.2,218.72
2575,237.92,231.28,225.9,222.26,219.52,220.4,219.86,219.44,218.2,218.72
2576,237.92,231.28,225.9,222.26,219.52,220.4,219.86,219.44,218.2,218.72
2577,237.92,231.28,225.88,222.24,219.52,220.4,219.86,219.44,218.2,218.72
2578,237.92,231.28,225.88,222.24,219.52,220.4,219.8,219.44,218.2,218.72
2579,237.92,231.24,225.88,222.24,219.52,220.4,219.8,219.44,218.2,218.72
2580,237.92,231.24,225.88,222.22,219.52,220.4,219.78,219.44,218.2,218.72
2581,237.92,231.24,225.88,222.2,219.52,220.38,219.78,219.44,218.2,218.72
2582,237.92,231.24,225.88,222.2,219.52,220.38,219.76,219.44,218.2,218.72
2583,237.92,231.22,225.86,222.2,219.52,220.38,219.76,219.44,218.2,218.72
2584,237.92,231.22,225.86,222.2,219.52,220.38,219.74,219.44,218.2,218.72
2585,237.92,231.22,225.84,222.2,219.52,220.38,219.74,219.44,218.2,218.7
2586,237.92,231.22,225.84,222.2,219.52,220.38,219.74,219.44,218.2,218.7
2587,237.92,231.22,225.84,222.2,219.52,220.38,219.74,219.44,218.2,218.7
2588,237.92,231.22,225.84,222.2,219.52,220.38,219.74,219.44,218.2,218.7
2589,237.92,231.22,225.82,222.2,219.52,220.36,219.74,219.44,218.2,218.7
2590,237.92,231.22,225.82,222.2,219.52,220.36,219.74,219.42,218.2,218.68
2591,237.92,231.22,225.82,222.2,219.52,220.36,219.74,219.42,218.2,218.68
2592,237.92,231.22,225.82,222.2,219.52,220.36,219.74,219.42,218.2,218.66
2593,237.92,231.22,225.82,222.2,219.52,220.36,219.74,219.42,218.2,218.64
2594,237.92,231.22,225.82,222.2,219.52,220.36,219.74,219.42,218.2,218.64
2595,237.92,231.22,225.82,222.2,219.5,220.36,219.74,219.42,218.2,218.64
2596,237.92,231.2,225.82,222.2,219.46,220.36,219.74,219.42,218.2,218.64
2597,237.92,231.2,225.82,222.2,219.46,220.36,219.74,219.42,218.2,218.64
2598,237.92,231.2,225.82,222.2,219.46,220.36,219.74,219.42,218.2,218.64
2599,237.92,231.2,225.8,222.2,219.46,220.36,219.72,219.42,218.2,218.64
2600,237.92,231.2,225.78,222.2,219.42,220.36,219.7,219.42,218.2,218.64
2601,237.92,231.2,225.78,222.2,219.42,220.36,219.7,219.42,218.2,218.64
2602,237.92,231.2,225.76,222.2,219.42,220.36,219.7,219.42,218.2,218.62
2603,237.88,231.2,225.76,222.18,219.42,220.36,219.7,219.42,218.2,218.6
2604,237.88,231.2,225.76,222.18,219.42,220.36,219.7,219.42,218.2,218.6
2605,237.88,231.2,225.76,222.18,219.42,220.36,219.7,219.42,218.2,218.6
2606,237.88,231.2,225.74,222.18,219.42,220.36,219.7,219.42,218.2,218.6
2607,237.88,231.2,225.74,222.18,219.42,220.36,219.7,219.42,218.2,218.6
2608,237.88,231.2,225.72,222.18,219.42,220.36,219.7,219.42,218.2,218.6
2609,237.88,231.2,225.72,222.18,219.42,220.34,219.7,219.42,218.2,218.6
2610,237.88,231.2,225.72,222.18,219.42,220.34,219.7,219.42,218.2,218.6
2611,237.88,231.2,225.72,222.18,219.42,220.34,219.7,219.42,218.2,218.6
2612,237.88,231.2,225.7,222.18,219.42,220.34,219.7,219.42,218.2,218.6
2613,237.88,231.2,225.7,222.18,219.42,220.34,219.7,219.42,218.2,218.6
2614,237.88,231.18,225.7,222.16,219.42,220.34,219.7,219.42,218.2,218.6
2615,237.88,231.18,225.68,222.14,219.4,220.34,219.68,219.42,218.2,218.6
2616,237.88,231.18,225.68,222.14,219.4,220.34,219.68,219.42,218.2,218.6
2617,237.88,231.18,225.68,222.14,219.4,220.3,219.68,219.42,218.18,218.6
2618,237.88,231.18,225.68,222.14,219.4,220.3,219.68,219.42,218.18,218.6
2619,237.88,231.18,225.68,222.14,219.4,220.3,219.68,219.42,218.18,218.6
2620,237.88,231.18,225.68,222.14,219.4,220.3,219.68,219.42,218.18,218.6
2621,237.88,231.18,225.68,222.14,219.4,220.3,219.68,219.42,218.18,218.6
2622,237.88,231.18,225.66,222.14,219.38,220.26,219.68,219.42,218.18,218.6
2623,237.88,231.18,225.66,222.14,219.36,220.26,219.68,219.42,218.18,218.6
2624,237.88,231.16,225.66,222.14,219.36,220.26,219.66,219.4,218.18,218.6
2625,237.88,231.16,225.66,222.14,219.34,220.26,219.66,219.4,218.18,218.6
2626,237.88,231.16,225.66,222.14,219.34,220.26,219.66,219.4,218.18,218.6
2627,237.86,231.16,225.66,222.14,219.34,220.26,219.66,219.4,218.18,218.6
2628,237.86,231.16,225.66,222.12,219.28,220.26,219.66,219.4,218.18,218.6
2629,237.86,231.16,225.66,222.12,219.28,220.26,219.66,219.4,218.18,218.6
2630,237.86,231.14,225.66,222.12,219.28,220.26,219.66,219.4,218.18,218.6
2631,237.84,231.12,225.66,222.12,219.28,220.26,219.66,219.4,218.18,218.6
2632,237.84,231.12,225.66,222.12,219.28,220.26,219.66,219.4,218.16,218.6
2633,237.84,231.12,225.66,222.12,219.28,220.26,219.66,219.4,218.16,218.6
2634,237.84,231.12,225.66,222.12,219.28,220.26,219.66,219.4,218.16,218.6
2635,237.84,231.12,225.66,222.12,219.28,220.26,219.66,219.4,218.16,218.6
2636,237.84,231.12,225.66,222.12,219.28,220.26,219.66,219.4,218.16,218.6
2637,237.84,231.12,225.66,222.12,219.28,220.24,219.66,219.38,218.16,218.6
2638,237.84,231.12,225.64,222.12,219.26,220.24,219.66,219.38,218.16,218.6
2639,237.84,231.12,225.62,222.12,219.26,220.24,219.66,219.38,218.16,218.6
2640,237.84,231.12,225.62,222.12,219.26,220.24,219.66,219.36,218.16,218.6
2641,237.84,231.12,225.62,222.12,219.26,220.24,219.66,219.36,218.16,218.6
2642,237.84,231.12,225.62,222.1,219.26,220.24,219.66,219.36,218.16,218.6
2643,237.84,231.1,225.62,222.1,219.26,220.24,219.66,219.36,218.16,218.58
2644,237.84,231.1,225.62,222.08,219.26,220.24,219.66,219.36,218.16,218.58
2645,237.84,231.1,225.6,222.08,219.26,220.24,219.64,219.32,218.16,218.58
2646,237.84,231.1,225.58,222.08,219.24,220.24,219.6,219.3,218.16,218.58
2647,237.84,231.1,225.58,222.08,219.24,220.24,219.6,219.3,218.16,218.58
2648,237.84,231.1,225.58,222.08,219.24,220.24,219.6,219.3,218.14,218.58
2649,237.84,231.1,225.58,222.08,219.24,220.24,219.6,219.28,218.14,218.58
2650,237.84,231.1,225.58,222.08,219.24,220.24,219.6,219.28,218.14,218.56
2651,237.84,231.1,225.58,222.08,219.24,220.24,219.6,219.28,218.14,218.56
2652,237.84,231.1,225.58,222.08,219.22,220.24,219.6,219.28,218.12,218.56
2653,237.8,231.1,225.58,222.06,219.18,220.24,219.6,219.28,218.12,218.56
2654,237.8,231.1,225.58,222.06,219.18,220.24,219.6,219.28,218.12,218.56
2655,237.8,231.1,225.58,222.06,219.16,220.24,219.58,219.28,218.12,218.56
2656,237.8,231.08,225.58,222.04,219.16,220.24,219.58,219.28,218.12,218.56
2657,237.8,231.08,225.58,222.04,219.16,220.24,219.56,219.28,218.12,218.56
2658,237.8,231.08,225.58,222.04,219.16,220.24,219.54,219.28,218.12,218.56
2659,237.8,231.08,225.58,222.04,219.16,220.22,219.54,219.28,218.12,218.54
2660,237.8,231.08,225.58,222.04,219.16,220.2,219.52,219.28,218.1,218.54
2661,237.8,231.08,225.58,222.04,219.16,220.18,219.5,219.28,218.1,218.54
2662,237.8,231.08,225.56,222.04,219.16,220.18,219.5,219.28,218.1,218.54
2663,237.8,231.08,225.56,222.04,219.16,220.18,219.5,219.28,218.1,218.54
2664,237.8,231.08,225.56,222.04,219.16,220.18,219.5,219.28,218.1,218.54
2665,237.8,231.08,225.54,222.04,219.16,220.18,219.5,219.28,218.1,218.54
2666,237.76,231.08,225.54,222.04,219.16,220.18,219.5,219.28,218.1,218.52
2667,237.76,231.06,225.54,222.04,219.16,220.18,219.5,219.28,218.1,218.52
2668,237.76,231.06,225.54,222.04,219.16,220.18,219.5,219.28,218.1,218.52
2669,237.76,231.02,225.54,222.04,219.14,220.18,219.46,219.28,218.1,218.5
2670,237.76,231.02,225.54,222.04,219.14,220.18,219.46,219.28,218.1,218.5
2671,237.76,231.02,225.54,222.02,219.14,220.16,219.46,219.28,218.1,218.5
2672,237.76,231.02,225.52,222.02,219.14,220.16,219.46,219.28,218.08,218.5
2673,237.76,231.02,225.52,222.02,219.14,220.16,219.46,219.28,218.08,218.5
2674,237.76,231.02,225.52,222.02,219.14,220.16,219.46,219.28,218.08,218.5
2675,237.76,231.0,225.52,222.02,219.14,220.16,219.46,219.28,218.08,218.5
2676,237.76,231.0,225.52,222.02,219.14,220.16,219.46,219.28,218.08,218.5
2677,237.76,230.98,225.52,222.02,219.14,220.14,219.46,219.28,218.08,218.5
2678,237.76,230.98,225.52,222.0,219.12,220.14,219.46,219.26,218.08,218.5
2679,237.76,230.98,225.52,221.98,219.12,220.14,219.46,219.26,218.06,218.5
2680,237.76,230.98,225.52,221.96,219.12,220.14,219.44,219.26,218.06,218.5
2681,237.76,230.96,225.52,221.96,219.12,220.14,219.44,219.26,218.06,218.5
2682,237.76,230.96,225.52,221.96,219.12,220.14,219.44,219.24,218.06,218.5
2683,237.76,230.96,225.52,221.96,219.12,220.14,219.44,219.24,218.06,218.5
2684,237.76,230.96,225.52,221.96,219.12,220.14,219.44,219.24,218.06,218.5
2685,237.76,230.96,225.5,221.96,219.12,220.14,219.44,219.24,218.06,218.5
2686,237.76,230.96,225.5,221.96,219.12,220.14,219.44,219.24,218.04,218.5
2687,237.76,230.96,225.5,221.96,219.12,220.14,219.44,219.24,218.04,218.5
2688,237.76,230.96,225.5,221.96,219.12,220.12,219.44,219.24,218.02,218.5
2689,237.76,230.94,225.5,221.96,219.12,220.12,219.44,219.24,218.02,218.5
2690,237.76,230.94,225.5,221.96,219.12,220.1,219.44,219.24,218.0,218.5
2691,237.76,230.94,225.5,221.96,219.12,220.1,219.42,219.24,218.0,218.5
2692,237.74,230.92,225.5,221.96,219.12,220.1,219.42,219.24,218.0,218.5
2693,237.74,230.92,225.5,221.96,219.12,220.1,219.42,219.24,218.0,218.5
2694,237.74,230.92,225.5,221.94,219.12,220.1,219.42,219.24,218.0,218.48
2695,237.72,230.88,225.5,221.94,219.1,220.1,219.42,219.24,218.0,218.48
2696,237.72,230.88,225.5,221.92,219.1,220.1,219.42,219.24,218.0,218.48
2697,237.72,230.86,225.5,221.92,219.1,220.1,219.42,219.24,218.0,218.46
2698,237.72,230.86,225.5,221.92,219.1,220.1,219.42,219.22,218.0,218.46
2699,237.72,230.86,225.5,221.92,219.1,220.08,219.4,219.2,218.0,218.46
2700,237.72,230.86,225.5,221.92,219.1,220.08,219.4,219.2,218.0,218.46
2701,237.72,230.84,225.5,221.92,219.08,220.08,219.4,219.2,218.0,218.46
2702,237.72,230.84,225.5,221.92,219.08,220.08,219.4,219.2,218.0,218.46
2703,237.72,230.82,225.5,221.92,219.08,220.08,219.4,219.2,218.0,218.46
2704,237.72,230.82,225.5,221.92,219.08,220.08,219.38,219.2,218.0,218.46
2705,237.72,230.82,225.5,221.92,219.08,220.08,219.36,219.2,218.0,218.46
2706,237.72,230.82,225.5,221.92,219.08,220.06,219.36,219.2,218.0,218.46
2707,237.72,230.82,225.5,221.92,219.08,220.06,219.36,219.2,218.0,218.46
2708,237.72,230.82,225.48,221.9,219.08,220.06,219.36,219.2,218.0,218.46
2709,237.72,230.8,225.48,221.9,219.08,220.06,219.36,219.2,217.98,218.46
2710,237.72,230.8,225.48,221.9,219.08,220.04,219.36,219.2,217.98,218.46
2711,237.7,230.8,225.48,221.9,219.08,220.04,219.36,219.2,217.98,218.46
2712,237.7,230.8,225.48,221.9,219.08,220.04,219.36,219.18,217.98,218.46
2713,237.7,230.78,225.48,221.9,219.06,220.02,219.36,219.18,217.98,218.46
2714,237.7,230.78,225.48,221.9,219.06,220.02,219.36,219.18,217.96,218.46
2715,237.7,230.78,225.48,221.9,219.06,219.98,219.36,219.18,217.96,218.46
2716,237.7,230.78,225.48,221.9,219.06,219.98,219.36,219.18,217.96,218.46
2717,237.7,230.78,225.48,221.9,219.06,219.98,219.34,219.18,217.96,218.46
2718,237.7,230.76,225.48,221.9,219.06,219.96,219.32,219.18,217.94,218.46
2719,237.7,230.76,225.48,221.9,219.06,219.96,219.32,219.18,217.94,218.46
2720,237.7,230.76,225.48,221.88,219.06,219.96,219.32,219.18,217.94,218.46
2721,237.7,230.76,225.48,221.88,219.04,219.96,219.32,219.18,217.94,218.46
2722,237.7,230.76,225.48,221.88,219.04,219.96,219.32,219.18,217.92,218.46
2723,237.7,230.76,225.48,221.88,219.04,219.96,219.32,219.18,217.92,218.44
2724,237.7,230.74,225.46,221.88,219.02,219.92,219.32,219.18,217.92,218.44
2725,237.7,230.72,225.46,221.88,219.02,219.9,219.3,219.18,217.92,218.44
2726,237.7,230.72,225.46,221.86,219.02,219.9,219.28,219.18,217.92,218.44
2727,237.7,230.7,225.44,221.86,219.02,219.9,219.28,219.18,217.92,218.44
2728,237.68,230.7,225.44,221.86,219.02,219.9,219.28,219.18,217.92,218.44
2729,237.68,230.7,225.44,221.86,219.02,219.9,219.28,219.18,217.92,218.44
2730,237.68,230.7,225.36,221.86,219.02,219.88,219.28,219.18,217.92,218.44
2731,237.68,230.7,225.36,221.86,219.02,219.88,219.28,219.18,217.92,218.44
2732,237.68,230.7,225.36,221.86,219.02,219.88,219.28,219.18,217.92,218.42
2733,237.68,230.68,225.34,221.86,219.0,219.88,219.28,219.18,217.92,218.4
2734,237.66,230.68,225.34,221.84,219.0,219.88,219.28,219.18,217.92,218.4
2735,237.66,230.66,225.34,221.84,219.0,219.88,219.28,219.18,217.92,218.4
2736,237.66,230.66,225.34,221.84,219.0,219.88,219.28,219.18,217.92,218.4
2737,237.66,230.64,225.34,221.84,219.0,219.88,219.28,219.18,217.9,218.4
2738,237.64,230.64,225.34,221.84,219.0,219.86,219.26,219.18,217.9,218.4
2739,237.64,230.64,225.34,221.84,219.0,219.84,219.26,219.16,217.9,218.4
2740,237.6,230.64,225.34,221.82,219.0,219.84,219.26,219.16,217.9,218.4
2741,237.6,230.64,225.34,221.82,219.0,219.84,219.24,219.16,217.9,218.4
2742,237.6,230.64,225.32,221.82,218.98,219.84,219.24,219.16,217.9,218.4
2743,237.6,230.64,225.32,221.82,218.98,219.84,219.24,219.16,217.9,218.4
2744,237.6,230.64,225.32,221.82,218.98,219.84,219.24,219.16,217.9,218.38
2745,237.6,230.64,225.32,221.82,218.98,219.84,219.24,219.16,217.9,218.38
2746,237.6,230.64,225.32,221.82,218.96,219.84,219.24,219.16,217.9,218.38
2747,237.58,230.64,225.32,221.82,218.96,219.84,219.22,219.16,217.9,218.38
2748,237.56,230.64,225.32,221.82,218.96,219.84,219.22,219.16,217.9,218.38
2749,237.56,230.64,225.32,221.82,218.96,219.82,219.22,219.16,217.9,218.38
2750,237.54,230.64,225.32,221.82,218.96,219.82,219.22,219.14,217.9,218.38
2751,237.54,230.64,225.32,221.82,218.96,219.82,219.22,219.14,217.9,218.38
2752,237.54,230.64,225.3,221.82,218.96,219.82,219.22,219.14,217.9,218.36
2753,237.54,230.64,225.3,221.82,218.96,219.82,219.22,219.1,217.9,218.36
2754,237.54,230.64,225.28,221.82,218.96,219.82,219.22,219.1,217.9,218.36
2755,237.54,230.64,225.28,221.82,218.96,219.82,219.22,219.08,217.9,218.36
2756,237.54,230.64,225.26,221.82,218.96,219.82,219.22,219.06,217.9,218.36
2757,237.52,230.62,225.26,221.82,218.94,219.82,219.22,219.06,217.9,218.36
2758,237.5,230.62,225.26,221.82,218.94,219.82,219.22,219.06,217.9,218.36
2759,237.5,230.58,225.26,221.82,218.94,219.82,219.2,219.06,217.9,218.36
2760,237.5,230.58,225.24,221.82,218.92,219.82,219.2,219.06,217.9,218.36
2761,237.5,230.58,225.24,221.8,218.92,219.82,219.2,219.06,217.9,218.36
2762,237.48,230.58,225.24,221.8,218.92,219.8,219.2,219.06,217.9,218.36
2763,237.48,230.58,225.24,221.78,218.92,219.8,219.2,219.06,217.9,218.36
2764,237.48,230.58,225.24,221.78,218.92,219.8,219.2,219.06,217.9,218.36
2765,237.48,230.58,225.24,221.78,218.88,219.8,219.18,219.06,217.9,218.36
2766,237.48,230.56,225.24,221.78,218.88,219.8,219.18,219.06,217.9,218.36
2767,237.48,230.56,225.24,221.78,218.88,219.8,219.18,219.06,217.9,218.36
2768,237.48,230.56,225.24,221.78,218.88,219.8,219.18,219.06,217.9,218.36
2769,237.48,230.56,225.24,221.78,218.88,219.78,219.18,219.06,217.9,218.36
2770,237.48,230.54,225.24,221.76,218.88,219.78,219.18,219.06,217.9,218.36
2771,237.48,230.54,225.24,221.76,218.88,219.78,219.18,219.06,217.9,218.36
2772,237.48,230.52,225.24,221.76,218.88,219.78,219.18,219.06,217.9,218.36
2773,237.48,230.52,225.24,221.76,218.88,219.76,219.18,219.06,217.9,218.36
2774,237.48,230.52,225.24,221.76,218.88,219.76,219.18,219.06,217.9,218.36
2775,237.48,230.52,225.24,221.76,218.86,219.76,219.18,219.06,217.86,218.34
2776,237.48,230.52,225.24,221.76,218.86,219.74,219.18,219.06,217.86,218.34
2777,237.48,230.52,225.24,221.76,218.86,219.74,219.18,219.02,217.86,218.34
2778,237.48,230.52,225.24,221.76,218.86,219.74,219.16,219.02,217.86,218.34
2779,237.48,230.52,225.24,221.76,218.86,219.74,219.16,219.02,217.86,218.32
2780,237.48,230.52,225.24,221.76,218.86,219.74,219.16,219.02,217.86,218.32
2781,237.48,230.52,225.24,221.76,218.86,219.74,219.16,219.02,217.86,218.32
2782,237.48,230.52,225.24,221.76,218.86,219.74,219.16,219.02,217.86,218.32
2783,237.48,230.52,225.24,221.76,218.86,219.74,219.16,219.02,217.84,218.32
2784,237.48,230.5,225.24,221.76,218.86,219.72,219.16,219.02,217.84,218.32
2785,237.48,230.5,225.24,221.76,218.86,219.7,219.16,219.02,217.84,218.3
2786,237.48,230.5,225.24,221.76,218.86,219.7,219.16,219.02,217.84,218.3
2787,237.48,230.5,225.24,221.76,218.86,219.7,219.16,219.02,217.84,218.3
2788,237.48,230.5,225.22,221.76,218.86,219.7,219.16,219.02,217.84,218.3
2789,237.48,230.5,225.22,221.76,218.86,219.7,219.14,219.02,217.84,218.3
2790,237.48,230.5,225.22,221.76,218.86,219.7,219.14,219.02,217.84,218.3
2791,237.48,230.5,225.22,221.76,218.84,219.7,219.14,219.02,217.84,218.3
2792,237.46,230.5,225.22,221.76,218.84,219.7,219.14,219.02,217.84,218.3
2793,237.46,230.5,225.22,221.76,218.84,219.7,219.14,219.02,217.84,218.28
2794,237.46,230.5,225.22,221.76,218.84,219.7,219.14,219.02,217.84,218.28
2795,237.46,230.5,225.2,221.76,218.84,219.68,219.14,219.02,217.84,218.28
2796,237.46,230.48,225.2,221.76,218.84,219.68,219.14,219.02,217.84,218.28
2797,237.46,230.48,225.2,221.76,218.84,219.68,219.14,219.02,217.84,218.28
2798,237.46,230.48,225.2,221.76,218.84,219.68,219.14,219.02,217.84,218.26
2799,237.46,230.46,225.2,221.76,218.84,219.68,219.14,219.02,217.84,218.26
2800,237.46,230.46,225.2,221.76,218.84,219.68,219.14,219.02,217.82,218.26
2801,237.46,230.46,225.18,221.76,218.84,219.68,219.14,219.02,217.82,218.26
2802,237.46,230.46,225.18,221.76,218.84,219.68,219.14,219.02,217.82,218.26
2803,237.46,230.46,225.16,221.76,218.84,219.68,219.14,219.02,217.82,218.26
2804,237.46,230.46,225.16,221.76,218.84,219.68,219.14,219.02,217.82,218.26
2805,237.46,230.46,225.16,221.76,218.82,219.68,219.14,219.02,217.82,218.26
2806,237.46,230.46,225.16,221.76,218.82,219.68,219.14,219.02,217.82,218.26
2807,237.46,230.46,225.14,221.76,218.82,219.68,219.14,219.02,217.8,218.26
2808,237.46,230.44,225.14,221.76,218.82,219.68,219.14,219.02,217.8,218.26
2809,237.46,230.42,225.12,221.76,218.8,219.66,219.12,219.02,217.8,218.26
2810,237.46,230.42,225.12,221.76,218.8,219.66,219.12,219.02,217.8,218.26
2811,237.46,230.42,225.12,221.74,218.8,219.66,219.12,219.0,217.8,218.26
2812,237.46,230.42,225.12,221.74,218.8,219.66,219.12,218.98,217.8,218.26
2813,237.46,230.42,225.12,221.74,218.8,219.66,219.12,218.98,217.8,218.26
2814,237.46,230.42,225.12,221.74,218.8,219.66,219.12,218.98,217.8,218.26
2815,237.46,230.42,225.12,221.74,218.8,219.66,219.12,218.98,217.8,218.26
2816,237.46,230.42,225.12,221.74,218.8,219.64,219.12,218.98,217.8,218.26
2817,237.46,230.42,225.12,221.74,218.78,219.64,219.12,218.98,217.8,218.26
2818,237.46,230.42,225.12,221.74,218.78,219.64,219.1,218.98,217.8,218.26
2819,237.46,230.42,225.12,221.74,218.78,219.64,219.1,218.98,217.8,218.26
2820,237.46,230.42,225.12,221.74,218.78,219.64,219.1,218.98,217.8,218.26
2821,237.46,230.42,225.12,221.74,218.78,219.64,219.1,218.98,217.8,218.26
2822,237.46,230.42,225.12,221.74,218.78,219.64,219.1,218.98,217.8,218.26
2823,237.46,230.42,225.12,221.74,218.76,219.62,219.1,218.96,217.8,218.26
2824,237.46,230.42,225.12,221.74,218.76,219.62,219.1,218.96,217.8,218.26
2825,237.46,230.4,225.1,221.74,218.76,219.62,219.1,218.96,217.78,218.26
2826,237.44,230.4,225.1,221.74,218.76,219.62,219.1,218.96,217.78,218.26
2827,237.44,230.4,225.1,221.74,218.76,219.6,219.1,218.96,217.78,218.26
2828,237.44,230.4,225.1,221.74,218.76,219.58,219.1,218.96,217.78,218.26
2829,237.44,230.38,225.08,221.74,218.76,219.58,219.1,218.96,217.78,218.26
2830,237.44,230.38,225.08,221.74,218.74,219.58,219.1,218.96,217.78,218.26
2831,237.44,230.36,225.08,221.74,218.74,219.56,219.1,218.96,217.78,218.26
2832,237.44,230.34,225.06,221.74,218.74,219.56,219.1,218.94,217.78,218.26
2833,237.44,230.34,225.06,221.74,218.74,219.56,219.1,218.94,217.78,218.26
2834,237.44,230.34,225.06,221.74,218.74,219.56,219.06,218.94,217.78,218.26
2835,237.44,230.34,225.06,221.74,218.72,219.56,219.06,218.92,217.78,218.26
2836,237.44,230.34,225.06,221.74,218.72,219.56,219.06,218.92,217.78,218.26
2837,237.44,230.34,225.06,221.72,218.72,219.56,219.06,218.92,217.78,218.26
2838,237.44,230.34,225.06,221.72,218.72,219.56,219.06,218.92,217.76,218.26
2839,237.44,230.34,225.06,221.72,218.72,219.56,219.06,218.92,217.76,218.26
2840,237.44,230.32,225.06,221.72,218.72,219.54,219.06,218.92,217.76,218.26
2841,237.44,230.32,225.06,221.72,218.72,219.54,219.06,218.92,217.76,218.26
2842,237.44,230.32,225.06,221.72,218.72,219.54,219.06,218.92,217.76,218.26
2843,237.44,230.32,225.06,221.72,218.68,219.54,219.06,218.92,217.76,218.26
2844,237.44,230.32,225.06,221.68,218.68,219.54,219.06,218.92,217.76,218.24
2845,237.44,230.32,225.06,221.68,218.68,219.54,219.06,218.92,217.76,218.24
2846,237.44,230.32,225.04,221.66,218.68,219.54,219.06,218.92,217.76,218.24
2847,237.44,230.32,225.04,221.66,218.68,219.54,219.06,218.92,217.76,218.24
2848,237.44,230.32,225.04,221.66,218.68,219.54,219.06,218.92,217.76,218.24
2849,237.44,230.32,225.04,221.66,218.68,219.54,219.06,218.92,217.76,218.22
2850,237.44,230.32,225.04,221.66,218.68,219.54,219.06,218.92,217.76,218.22
2851,237.44,230.32,225.04,221.66,218.66,219.54,219.06,218.92,217.76,218.22
2852,237.44,230.32,225.04,221.64,218.66,219.54,219.06,218.92,217.76,218.22
2853,237.44,230.32,225.04,221.64,218.66,219.54,219.04,218.92,217.76,218.22
2854,237.44,230.32,225.04,221.64,218.64,219.54,219.04,218.92,217.76,218.22
2855,237.44,230.32,225.04,221.64,218.64,219.54,219.04,218.92,217.76,218.22
2856,237.44,230.32,225.04,221.64,218.64,219.54,219.04,218.92,217.76,218.22
2857,237.44,230.32,225.02,221.64,218.64,219.54,219.04,218.92,217.76,218.22
2858,237.44,230.32,225.02,221.64,218.64,219.54,219.02,218.92,217.76,218.22
2859,237.44,230.32,225.02,221.64,218.64,219.54,219.02,218.92,217.74,218.22
2860,237.44,230.32,225.0,221.64,218.64,219.54,219.02,218.92,217.74,218.2
2861,237.44,230.32,225.0,221.64,218.64,219.54,219.02,218.92,217.74,218.18
2862,237.44,230.32,224.98,221.64,218.64,219.54,219.02,218.92,217.72,218.18
2863,237.44,230.32,224.98,221.64,218.64,219.54,219.02,218.92,217.72,218.18
2864,237.44,230.32,224.98,221.64,218.64,219.54,219.02,218.92,217.72,218.18
2865,237.44,230.32,224.98,221.64,218.64,219.54,219.0,218.92,217.7,218.18
2866,237.44,230.32,224.98,221.64,218.64,219.54,218.98,218.92,217.7,218.18
2867,237.44,230.32,224.96,221.64,218.64,219.54,218.98,218.92,217.7,218.18
2868,237.44,230.32,224.96,221.6,218.64,219.54,218.98,218.92,217.68,218.18
2869,237.44,230.32,224.94,221.6,218.64,219.54,218.98,218.92,217.68,218.18
2870,237.44,230.32,224.94,221.6,218.64,219.54,218.96,218.92,217.68,218.18
2871,237.42,230.32,224.94,221.58,218.64,219.52,218.96,218.92,217.68,218.18
2872,237.42,230.32,224.92,221.58,218.64,219.52,218.96,218.92,217.68,218.18
2873,237.42,230.32,224.92,221.58,218.64,219.48,218.96,218.92,217.68,218.18
2874,237.42,230.32,224.92,221.58,218.64,219.48,218.96,218.92,217.68,218.18
2875,237.42,230.32,224.92,221.58,218.64,219.48,218.96,218.92,217.68,218.18
2876,237.42,230.32,224.92,221.58,218.64,219.48,218.96,218.92,217.68,218.18
2877,237.42,230.3,224.9,221.58,218.62,219.48,218.96,218.92,217.68,218.18
2878,237.42,230.3,224.9,221.56,218.62,219.48,218.96,218.92,217.68,218.18
2879,237.42,230.3,224.9,221.56,218.62,219.48,218.96,218.92,217.68,218.18
2880,237.42,230.3,224.9,221.56,218.62,219.46,218.96,218.92,217.68,218.18
2881,237.42,230.3,224.88,221.56,218.6,219.46,218.96,218.92,217.68,218.18
2882,237.42,230.3,224.88,221.56,218.6,219.46,218.96,218.92,217.68,218.18
2883,237.42,230.3,224.88,221.56,218.6,219.44,218.96,218.92,217.68,218.18
2884,237.42,230.3,224.88,221.56,218.6,219.44,218.96,218.92,217.66,218.18
2885,237.4,230.3,224.88,221.56,218.6,219.44,218.94,218.92,217.66,218.18
2886,237.4,230.3,224.88,221.56,218.6,219.44,218.94,218.92,217.66,218.18
2887,237.4,230.3,224.88,221.56,218.6,219.44,218.94,218.9,217.66,218.18
2888,237.4,230.3,224.88,221.56,218.6,219.44,218.94,218.9,217.66,218.18
2889,237.4,230.3,224.86,221.56,218.6,219.44,218.94,218.9,217.66,218.18
2890,237.4,230.3,224.86,221.56,218.6,219.44,218.94,218.9,217.66,218.18
2891,237.4,230.3,224.84,221.56,218.58,219.44,218.94,218.9,217.66,218.18
2892,237.4,230.3,224.84,221.56,218.58,219.44,218.94,218.9,217.66,218.16
2893,237.4,230.3,224.84,221.56,218.58,219.44,218.94,218.9,217.66,218.16
2894,237.4,230.3,224.84,221.54,218.58,219.44,218.94,218.9,217.66,218.16
2895,237.4,230.3,224.84,221.52,218.58,219.44,218.94,218.9,217.66,218.16
2896,237.4,230.28,224.82,221.52,218.58,219.44,218.94,218.9,217.66,218.16
2897,237.4,230.28,224.82,221.5,218.58,219.44,218.94,218.9,217.66,218.16
2898,237.4,230.28,224.82,221.5,218.56,219.42,218.94,218.9,217.66,218.16
2899,237.4,230.28,224.82,221.5,218.56,219.42,218.94,218.9,217.66,218.16
2900,237.4,230.28,224.8,221.5,218.56,219.42,218.94,218.9,217.66,218.16
2901,237.4,230.28,224.8,221.5,218.56,219.42,218.92,218.9,217.66,218.16
2902,237.4,230.26,224.8,221.5,218.56,219.42,218.92,218.9,217.66,218.16
2903,237.4,230.26,224.8,221.5,218.56,219.42,218.92,218.9,217.66,218.16
2904,237.4,230.26,224.8,221.5,218.56,219.42,218.9,218.88,217.64,218.16
2905,237.36,230.26,224.8,221.5,218.56,219.42,218.9,218.88,217.64,218.14
2906,237.36,230.26,224.8,221.5,218.56,219.42,218.9,218.88,217.64,218.14
2907,237.36,230.26,224.8,221.5,218.54,219.42,218.9,218.88,217.64,218.14
2908,237.36,230.26,224.8,221.5,218.54,219.42,218.9,218.88,217.64,218.14
2909,237.36,230.26,224.8,221.48,218.54,219.42,218.9,218.88,217.64,218.12
2910,237.36,230.22,224.8,221.48,218.54,219.42,218.9,218.88,217.64,218.12
2911,237.36,230.22,224.78,221.48,218.54,219.42,218.9,218.88,217.64,218.12
2912,237.36,230.22,224.78,221.48,218.54,219.42,218.9,218.88,217.64,218.12
2913,237.36,230.22,224.78,221.48,218.54,219.42,218.9,218.88,217.64,218.12
2914,237.36,230.22,224.78,221.48,218.54,219.42,218.9,218.88,217.64,218.12
2915,237.36,230.22,224.78,221.48,218.54,219.4,218.9,218.88,217.64,218.12
2916,237.36,230.22,224.78,221.48,218.54,219.4,218.9,218.88,217.64,218.12
2917,237.36,230.22,224.78,221.48,218.54,219.4,218.9,218.88,217.64,218.12
2918,237.36,230.22,224.78,221.48,218.52,219.38,218.9,218.88,217.64,218.12
2919,237.36,230.22,224.76,221.48,218.52,219.36,218.9,218.88,217.64,218.12
2920,237.36,230.22,224.74,221.48,218.52,219.34,218.9,218.88,217.64,218.12
2921,237.36,230.22,224.74,221.48,218.52,219.34,218.9,218.88,217.64,218.12
2922,237.36,230.2,224.74,221.48,218.52,219.34,218.9,218.88,217.64,218.12
2923,237.36,230.2,224.74,221.48,218.52,219.3,218.9,218.88,217.64,218.12
2924,237.36,230.2,224.74,221.48,218.52,219.3,218.88,218.88,217.64,218.1
2925,237.36,230.2,224.74,221.48,218.52,219.3,218.88,218.88,217.64,218.1
2926,237.36,230.2,224.74,221.48,218.5,219.3,218.88,218.88,217.64,218.1
2927,237.36,230.2,224.74,221.46,218.5,219.3,218.88,218.88,217.64,218.1
2928,237.36,230.2,224.72,221.46,218.5,219.3,218.88,218.88,217.64,218.1
2929,237.34,230.2,224.72,221.46,218.5,219.3,218.88,218.86,217.64,218.1
2930,237.34,230.2,224.72,221.4,218.5,219.3,218.88,218.84,217.64,218.1
2931,237.34,230.2,224.72,221.4,218.5,219.3,218.88,218.84,217.64,218.1
2932,237.32,230.2,224.72,221.4,218.5,219.3,218.88,218.84,217.64,218.1
2933,237.32,230.2,224.72,221.4,218.5,219.3,218.86,218.84,217.64,218.1
2934,237.32,230.2,224.72,221.4,218.5,219.3,218.84,218.84,217.64,218.1
2935,237.32,230.2,224.72,221.4,218.5,219.3,218.84,218.84,217.64,218.1
2936,237.32,230.2,224.72,221.4,218.5,219.3,218.82,218.84,217.64,218.1
2937,237.32,230.2,224.72,221.4,218.5,219.3,218.82,218.84,217.64,218.1
2938,237.32,230.2,224.7,221.4,218.5,219.3,218.82,218.84,217.64,218.1
2939,237.32,230.2,224.7,221.38,218.5,219.3,218.8,218.82,217.64,218.1
2940,237.32,230.2,224.7,221.38,218.5,219.3,218.8,218.82,217.64,218.1
2941,237.32,230.2,224.7,221.38,218.48,219.3,218.8,218.82,217.62,218.1
2942,237.32,230.2,224.7,221.38,218.48,219.28,218.8,218.82,217.62,218.1
2943,237.32,230.2,224.7,221.36,218.48,219.28,218.8,218.82,217.62,218.1
2944,237.3,230.2,224.68,221.36,218.48,219.28,218.76,218.82,217.62,218.1
2945,237.3,230.2,224.68,221.36,218.48,219.28,218.76,218.82,217.62,218.1
2946,237.3,230.18,224.68,221.34,218.48,219.28,218.76,218.82,217.62,218.1
2947,237.3,230.18,224.68,221.34,218.48,219.28,218.76,218.82,217.62,218.1
2948,237.3,230.18,224.68,221.34,218.48,219.24,218.76,218.82,217.62,218.1
2949,237.3,230.18,224.68,221.34,218.48,219.24,218.76,218.82,217.62,218.1
2950,237.3,230.18,224.68,221.32,218.48,219.24,218.76,218.8,217.62,218.1
2951,237.3,230.16,224.68,221.32,218.48,219.22,218.76,218.8,217.62,218.1
2952,237.3,230.16,224.68,221.32,218.48,219.22,218.76,218.8,217.62,218.1
2953,237.3,230.14,224.68,221.32,218.48,219.22,218.76,218.8,217.62,218.1
2954,237.3,230.14,224.66,221.32,218.48,219.22,218.76,218.8,217.62,218.1
2955,237.28,230.14,224.66,221.32,218.48,219.22,218.74,218.78,217.62,218.1
2956,237.28,230.14,224.66,221.32,218.48,219.2,218.74,218.78,217.6,218.1
2957,237.28,230.14,224.66,221.32,218.48,219.2,218.72,218.78,217.6,218.1
2958,237.28,230.14,224.66,221.28,218.48,219.2,218.72,218.78,217.6,218.08
2959,237.28,230.14,224.66,221.28,218.48,219.2,218.72,218.76,217.6,218.08
2960,237.28,230.14,224.66,221.28,218.48,219.2,218.72,218.76,217.6,218.08
2961,237.28,230.14,224.66,221.28,218.48,219.18,218.72,218.76,217.6,218.08
2962,237.28,230.14,224.66,221.28,218.48,219.16,218.72,218.76,217.6,218.08
2963,237.28,230.14,224.62,221.28,218.48,219.16,218.72,218.74,217.6,218.08
2964,237.28,230.14,224.62,221.28,218.48,219.16,218.72,218.74,217.6,218.06
2965,237.28,230.14,224.62,221.28,218.48,219.16,218.72,218.74,217.6,218.06
2966,237.28,230.14,224.62,221.28,218.48,219.12,218.72,218.74,217.6,218.06
2967,237.26,230.14,224.62,221.28,218.48,219.12,218.72,218.72,217.6,218.06
2968,237.26,230.14,224.62,221.28,218.48,219.12,218.72,218.72,217.6,218.06
2969,237.26,230.14,224.62,221.28,218.48,219.12,218.72,218.72,217.6,218.06
2970,237.26,230.14,224.62,221.26,218.48,219.12,218.7,218.7,217.6,218.06
2971,237.26,230.14,224.62,221.26,218.48,219.12,218.7,218.7,217.6,218.06
2972,237.26,230.14,224.62,221.26,218.48,219.12,218.7,218.7,217.6,218.06
2973,237.26,230.14,224.6,221.26,218.48,219.12,218.7,218.7,217.6,218.06
2974,237.26,230.12,224.6,221.26,218.48,219.08,218.7,218.7,217.6,218.06
2975,237.26,230.12,224.6,221.26,218.48,219.08,218.7,218.7,217.6,218.06
2976,237.26,230.12,224.6,221.24,218.48,219.08,218.7,218.7,217.6,218.06
2977,237.26,230.12,224.6,221.24,218.48,219.06,218.7,218.68,217.6,218.06
2978,237.26,230.12,224.6,221.24,218.48,219.06,218.7,218.68,217.6,218.06
2979,237.26,230.12,224.58,221.24,218.48,219.04,218.7,218.68,217.6,218.06
2980,237.26,230.12,224.58,221.22,218.48,219.04,218.7,218.68,217.6,218.06
2981,237.26,230.12,224.58,221.22,218.48,219.04,218.7,218.66,217.6,218.06
2982,237.26,230.12,224.56,221.22,218.48,219.04,218.7,218.66,217.6,218.06
2983,237.26,230.12,224.56,221.22,218.48,219.04,218.7,218.66,217.6,218.06
2984,237.26,230.12,224.56,221.22,218.46,219.04,218.7,218.66,217.6,218.06
2985,237.26,230.12,224.56,221.22,218.46,219.04,218.68,218.66,217.6,218.06
2986,237.26,230.12,224.56,221.22,218.46,219.04,218.68,218.66,217.58,218.06
2987,237.26,230.12,224.56,221.22,218.46,219.04,218.68,218.66,217.58,218.06
2988,237.26,230.12,224.56,221.22,218.46,219.04,218.68,218.66,217.58,218.06
2989,237.26,230.1,224.56,221.22,218.46,219.02,218.68,218.66,217.58,218.06
2990,237.26,230.1,224.56,221.22,218.46,219.02,218.68,218.66,217.58,218.06
2991,237.26,230.1,224.56,221.22,218.44,219.02,218.68,218.66,217.58,218.06
2992,237.26,230.1,224.56,221.22,218.44,219.02,218.68,218.66,217.58,218.06
2993,237.26,230.1,224.56,221.22,218.44,219.02,218.68,218.66,217.58,218.06
2994,237.26,230.1,224.56,221.22,218.44,219.02,218.68,218.66,217.58,218.06
2995,237.26,230.1,224.56,221.22,218.44,219.02,218.68,218.66,217.58,218.06
2996,237.26,230.1,224.56,221.22,218.44,219.02,218.68,218.66,217.56,218.06
2997,237.26,230.08,224.56,221.2,218.44,219.02,218.68,218.66,217.56,218.04
2998,237.26,230.08,224.56,221.2,218.44,219.02,218.68,218.66,217.56,218.04
2999,237.26,230.08,224.56,221.2,218.44,219.02,218.66,218.66,217.56,218.04
3000,237.26,230.08,224.56,221.2,218.44,219.02,218.66,218.66,217.56,218.04
