Generation,b0.30_baseline,b0.30_fast,b0.30_narrow,b0.30_slow,b0.30_wide,b0.45_baseline,b0.45_fast,b0.45_narrow,b0.45_slow,b0.45_wide
1,268.9,268.72,269.06,267.98,268.78,268.4,268.06,267.6,267.34,268.04
2,266.84,266.7,267.26,265.14,266.88,266.16,266.06,265.08,265.34,266.16
3,265.12,265.14,265.52,263.26,265.36,264.62,264.3,263.48,263.74,264.22
4,264.02,264.2,264.32,262.14,264.22,263.08,263.32,262.12,262.46,262.84
5,262.96,263.0,263.26,260.82,262.62,261.58,261.66,261.08,261.2,261.74
6,261.98,262.02,262.1,259.72,261.94,260.56,260.66,260.3,260.52,260.76
7,260.92,261.04,261.34,259.02,261.16,259.54,260.0,259.32,259.7,259.9
8,260.18,260.04,260.5,258.22,259.92,258.62,258.98,258.52,258.76,258.88
9,259.34,259.12,259.76,257.5,259.38,257.72,258.16,257.6,258.1,258.14
10,258.46,258.36,258.98,256.74,258.5,256.66,257.4,256.72,257.24,257.5
11,257.7,257.46,258.4,256.1,257.76,256.1,256.88,256.12,256.58,256.68
12,257.02,256.74,257.6,255.54,257.16,255.36,256.06,255.44,255.96,255.7
13,256.42,256.1,256.98,255.16,256.42,254.88,255.28,255.04,255.36,255.08
14,255.88,255.54,256.34,254.54,255.72,254.38,254.78,254.46,255.06,254.48
15,255.36,255.0,255.92,254.02,255.18,253.66,254.16,253.96,254.54,253.66
16,254.68,254.58,255.28,253.42,254.66,252.98,253.82,253.46,253.96,253.16
17,254.26,254.04,254.46,252.96,254.12,252.56,253.2,253.1,253.46,252.74
18,253.86,253.7,254.06,252.66,253.58,252.22,252.86,252.62,253.02,252.26
19,253.4,253.18,253.74,252.28,252.98,251.58,252.4,252.06,252.74,251.82
20,253.08,252.84,253.2,251.86,252.46,251.26,252.0,251.4,252.34,251.52
21,252.8,252.34,252.9,251.46,252.12,250.8,251.54,251.02,251.92,251.22
22,252.4,251.82,252.4,251.1,251.58,250.4,251.18,250.6,251.62,250.76
23,252.22,251.48,251.86,250.66,251.28,249.98,250.84,250.34,251.24,250.34
24,251.94,251.06,251.48,250.26,250.9,249.64,250.42,250.06,250.9,250.02
25,251.58,250.58,251.22,249.7,250.44,249.08,250.16,249.6,250.34,249.72
26,251.14,250.12,251.04,249.52,250.1,248.72,249.72,249.2,249.96,249.32
27,250.84,249.66,250.76,249.2,249.88,248.34,249.46,248.94,249.68,249.0
28,250.52,249.36,250.42,248.74,249.66,247.96,249.24,248.74,249.4,248.82
29,250.26,249.12,250.06,248.54,249.5,247.54,248.84,248.46,248.96,248.42
30,250.04,248.88,249.84,248.32,249.24,247.28,248.68,248.26,248.72,248.1
31,249.82,248.68,249.46,247.9,248.98,247.0,248.42,248.1,248.46,247.66
32,249.56,248.32,249.08,247.6,248.7,246.68,248.08,247.9,248.26,247.4
33,249.3,248.1,248.86,247.38,248.34,246.4,247.88,247.56,248.04,247.06
34,249.12,247.78,248.72,247.06,248.06,246.16,247.74,247.26,247.76,246.8
35,248.94,247.62,248.5,246.84,247.8,245.86,247.44,247.02,247.58,246.54
36,248.76,247.44,248.16,246.72,247.36,245.76,247.28,246.84,247.34,246.24
37,248.62,247.22,247.98,246.46,247.24,245.52,247.06,246.68,247.06,246.02
38,248.2,247.1,247.84,246.3,247.08,245.28,246.92,246.52,246.72,245.64
39,247.82,246.82,247.58,246.08,246.9,245.06,246.66,246.28,246.56,245.38
40,247.6,246.54,247.36,245.94,246.62,244.9,246.32,246.04,246.46,245.3
41,247.42,246.28,247.18,245.72,246.28,244.68,246.22,245.82,246.2,245.12
42,247.24,246.04,247.02,245.56,246.14,244.58,245.98,245.76,246.02,244.96
43,247.08,245.82,246.82,245.4,245.98,244.34,245.78,245.56,245.78,244.78
44,246.88,245.56,246.66,245.28,245.8,244.24,245.68,245.3,245.6,244.58
45,246.6,245.46,246.38,245.18,245.6,244.0,245.38,245.1,245.4,244.36
46,246.3,245.38,246.24,245.04,245.32,243.84,245.2,244.92,245.2,244.16
47,246.26,245.18,246.14,244.86,245.1,243.7,244.96,244.76,244.96,244.06
48,246.12,245.06,245.9,244.66,244.92,243.48,244.78,244.62,244.84,243.94
49,246.0,244.86,245.64,244.56,244.78,243.3,244.62,244.48,244.5,243.78
50,245.86,244.62,245.38,244.42,244.68,243.18,244.36,244.32,244.3,243.66
51,245.66,244.34,245.2,244.22,244.46,243.04,244.26,244.26,244.22,243.46
52,245.54,244.08,245.08,244.12,244.38,242.76,244.16,244.18,244.06,243.32
53,245.44,243.94,244.88,243.88,244.24,242.58,244.06,244.04,243.88,243.08
54,245.3,243.86,244.82,243.7,244.02,242.34,244.0,244.0,243.74,242.98
55,245.12,243.7,244.66,243.64,243.84,242.22,243.88,243.96,243.46,242.86
56,245.04,243.56,244.6,243.54,243.78,242.14,243.6,243.9,243.32,242.74
57,244.84,243.38,244.48,243.4,243.64,242.1,243.5,243.78,243.2,242.7
58,244.7,243.26,244.32,243.3,243.52,242.0,243.4,243.52,243.06,242.64
59,244.56,243.16,244.24,243.18,243.52,241.94,243.32,243.24,243.02,242.36
60,244.38,243.08,244.06,243.06,243.42,241.82,243.2,243.12,242.84,242.26
61,244.28,242.86,244.0,242.86,243.34,241.7,243.16,243.06,242.7,242.18
62,244.08,242.72,243.92,242.8,243.24,241.58,242.98,242.94,242.58,242.06
63,243.88,242.62,243.66,242.72,243.06,241.44,242.92,242.88,242.5,241.82
64,243.76,242.4,243.6,242.58,242.92,241.24,242.78,242.74,242.42,241.7
65,243.68,242.2,243.48,242.48,242.88,241.14,242.74,242.68,242.26,241.56
66,243.52,242.06,243.36,242.4,242.78,241.02,242.68,242.54,242.12,241.36
67,243.22,241.94,243.3,242.16,242.66,240.84,242.56,242.4,242.06,241.2
68,242.98,241.82,243.1,242.08,242.52,240.68,242.42,242.26,241.86,241.02
69,242.86,241.7,242.98,241.94,242.42,240.56,242.4,242.16,241.74,240.88
70,242.78,241.54,242.88,241.84,242.3,240.48,242.1,242.06,241.52,240.68
71,242.72,241.44,242.8,241.74,242.22,240.4,241.94,242.0,241.38,240.6
72,242.66,241.32,242.72,241.66,242.12,240.12,241.84,241.88,241.28,240.52
73,242.48,241.2,242.62,241.62,242.06,239.94,241.64,241.74,241.14,240.44
74,242.44,241.1,242.58,241.42,241.88,239.8,241.52,241.7,241.06,240.4
75,242.34,241.08,242.5,241.32,241.8,239.76,241.42,241.54,241.04,240.36
76,242.18,241.06,242.44,241.2,241.68,239.6,241.32,241.42,240.9,240.22
77,242.06,240.98,242.42,240.98,241.6,239.5,241.18,241.36,240.78,240.04
78,242.0,240.92,242.34,240.82,241.52,239.34,241.04,241.24,240.72,239.74
79,241.94,240.78,242.26,240.66,241.46,239.2,240.94,241.16,240.66,239.66
80,241.82,240.68,242.12,240.54,241.36,239.1,240.84,241.06,240.48,239.54
81,241.78,240.6,242.08,240.54,241.26,239.02,240.66,241.0,240.44,239.36
82,241.7,240.46,241.96,240.52,241.06,238.88,240.62,240.82,240.28,239.28
83,241.68,240.38,241.86,240.36,240.92,238.78,240.56,240.76,240.2,239.22
84,241.62,240.26,241.76,240.2,240.78,238.66,240.48,240.62,240.14,239.14
85,241.5,240.12,241.56,240.14,240.76,238.56,240.46,240.56,240.08,239.04
86,241.38,240.0,241.52,240.1,240.7,238.46,240.34,240.52,240.0,239.02
87,241.24,239.94,241.46,240.0,240.6,238.4,240.26,240.46,239.88,238.86
88,241.18,239.88,241.32,239.88,240.54,238.28,240.18,240.34,239.84,238.76
89,241.08,239.78,241.26,239.8,240.44,238.2,240.16,240.3,239.74,238.74
90,240.98,239.72,241.22,239.78,240.36,238.1,240.12,240.22,239.68,238.6
91,240.94,239.68,241.04,239.6,240.26,238.0,240.06,240.2,239.66,238.44
92,240.74,239.62,240.94,239.5,240.24,237.92,239.92,240.14,239.62,238.38
93,240.66,239.58,240.9,239.46,240.12,237.88,239.82,239.96,239.54,238.18
94,240.56,239.54,240.84,239.38,240.06,237.76,239.8,239.9,239.5,238.12
95,240.52,239.46,240.8,239.32,239.9,237.62,239.74,239.86,239.44,238.06
96,240.5,239.38,240.76,239.22,239.84,237.58,239.58,239.76,239.38,237.94
97,240.38,239.28,240.7,239.2,239.8,237.52,239.5,239.7,239.3,237.9
98,240.28,239.22,240.62,239.06,239.7,237.44,239.44,239.66,239.2,237.84
99,240.22,239.14,240.52,239.0,239.68,237.24,239.36,239.54,239.12,237.84
100,240.14,238.92,240.38,238.96,239.56,237.18,239.2,239.42,239.02,237.76
101,240.04,238.82,240.34,238.8,239.4,237.14,239.14,239.34,238.98,237.68
102,240.02,238.82,240.32,238.72,239.38,237.12,239.08,239.32,238.9,237.62
103,240.0,238.76,240.26,238.66,239.24,237.04,239.06,239.24,238.84,237.52
104,239.92,238.7,240.2,238.62,239.16,237.02,238.94,239.24,238.78,237.46
105,239.9,238.62,240.06,238.54,239.1,236.98,238.92,239.18,238.7,237.4
106,239.88,238.56,240.04,238.48,239.02,236.88,238.88,239.16,238.64,237.34
107,239.8,238.48,239.84,238.36,238.88,236.82,238.84,239.02,238.54,237.3
108,239.64,238.44,239.82,238.2,238.8,236.78,238.76,238.96,238.48,237.26
109,239.58,238.36,239.76,238.12,238.76,236.66,238.66,238.92,238.42,237.22
110,239.54,238.26,239.68,238.06,238.7,236.56,238.58,238.9,238.36,237.16
111,239.52,238.12,239.64,237.98,238.62,236.56,238.36,238.82,238.32,237.12
112,239.48,238.02,239.6,237.92,238.58,236.46,238.3,238.74,238.14,237.08
113,239.38,237.9,239.56,237.86,238.5,236.34,238.16,238.66,238.08,237.02
114,239.36,237.84,239.52,237.72,238.46,236.34,238.14,238.58,237.94,236.98
115,239.3,237.8,239.4,237.7,238.42,236.3,238.1,238.5,237.88,236.92
116,239.24,237.76,239.38,237.6,238.34,236.22,238.02,238.46,237.82,236.88
117,239.18,237.68,239.34,237.56,238.3,236.2,237.92,238.38,237.78,236.78
118,239.14,237.62,239.32,237.56,238.26,236.16,237.9,238.36,237.7,236.74
119,239.06,237.52,239.28,237.46,238.24,236.14,237.84,238.24,237.66,236.62
120,239.02,237.46,239.26,237.44,238.22,236.02,237.78,238.14,237.62,236.58
121,238.96,237.4,239.2,237.42,238.2,235.94,237.72,238.02,237.58,236.5
122,238.96,237.38,239.2,237.32,238.2,235.88,237.7,237.94,237.48,236.46
123,238.88,237.38,239.14,237.26,238.14,235.76,237.62,237.9,237.44,236.38
124,238.84,237.36,239.02,237.22,238.1,235.72,237.6,237.9,237.42,236.36
125,238.78,237.28,239.0,237.16,238.06,235.68,237.6,237.86,237.4,236.34
126,238.7,237.24,238.98,237.1,237.98,235.64,237.6,237.82,237.36,236.26
127,238.68,237.18,238.92,237.08,237.86,235.58,237.58,237.68,237.34,236.26
128,238.64,237.1,238.86,237.06,237.84,235.5,237.44,237.68,237.3,236.14
129,238.56,237.06,238.82,237.04,237.72,235.46,237.38,237.64,237.24,236.04
130,238.48,237.02,238.76,237.04,237.7,235.4,237.34,237.62,237.24,235.98
131,238.42,236.96,238.7,236.98,237.64,235.32,237.3,237.58,237.18,235.94
132,238.34,236.88,238.64,236.94,237.6,235.28,237.28,237.48,237.16,235.82
133,238.28,236.82,238.6,236.9,237.54,235.22,237.18,237.46,237.12,235.78
134,238.26,236.7,238.56,236.84,237.48,235.16,237.1,237.44,237.1,235.72
135,238.2,236.58,238.54,236.82,237.46,235.04,237.02,237.34,237.08,235.68
136,238.18,236.48,238.52,236.74,237.4,234.98,236.96,237.32,237.06,235.6
137,238.14,236.38,238.48,236.7,237.36,234.9,236.86,237.28,237.02,235.6
138,238.1,236.18,238.42,236.62,237.28,234.9,236.78,237.28,236.98,235.5
139,238.06,236.16,238.36,236.6,237.26,234.88,236.72,237.2,236.9,235.44
140,238.06,236.14,238.36,236.58,237.26,234.86,236.68,237.16,236.8,235.38
141,238.0,236.12,238.32,236.54,237.2,234.76,236.64,237.1,236.78,235.38
142,237.98,236.08,238.28,236.52,237.14,234.72,236.54,237.04,236.7,235.36
143,237.96,236.06,238.24,236.46,237.12,234.68,236.48,237.02,236.66,235.28
144,237.9,235.96,238.22,236.42,237.04,234.62,236.36,236.98,236.66,235.28
145,237.8,235.96,238.18,236.4,236.9,234.6,236.32,236.94,236.56,235.22
146,237.76,235.9,238.12,236.36,236.84,234.6,236.26,236.94,236.46,235.22
147,237.7,235.86,238.1,236.36,236.8,234.56,236.24,236.84,236.4,235.22
148,237.64,235.84,238.08,236.32,236.76,234.5,236.2,236.82,236.4,235.2
149,237.56,235.78,238.04,236.28,236.74,234.48,236.16,236.76,236.36,235.14
150,237.52,235.76,237.96,236.2,236.62,234.44,236.12,236.74,236.3,235.1
151,237.5,235.76,237.84,236.18,236.58,234.42,236.02,236.7,236.2,235.1
152,237.48,235.72,237.82,236.12,236.54,234.4,236.0,236.66,236.12,235.02
153,237.42,235.7,237.76,236.1,236.48,234.4,235.96,236.56,236.04,234.98
154,237.32,235.64,237.72,236.06,236.46,234.36,235.94,236.54,236.0,234.96
155,237.26,235.62,237.72,236.0,236.44,234.32,235.92,236.48,235.94,234.94
156,237.22,235.6,237.66,235.94,236.4,234.28,235.86,236.46,235.88,234.92
157,237.22,235.54,237.66,235.9,236.38,234.22,235.8,236.44,235.8,234.88
158,237.2,235.48,237.64,235.84,236.36,234.2,235.78,236.4,235.7,234.86
159,237.18,235.48,237.62,235.82,236.34,234.18,235.64,236.36,235.7,234.82
160,237.16,235.34,237.54,235.8,236.32,234.14,235.62,236.34,235.7,234.8
161,237.14,235.34,237.48,235.68,236.28,234.14,235.58,236.32,235.64,234.76
162,237.12,235.28,237.42,235.62,236.26,234.12,235.48,236.2,235.58,234.74
163,237.04,235.2,237.42,235.62,236.18,234.1,235.44,236.16,235.52,234.68
164,237.02,235.18,237.4,235.58,236.16,234.0,235.42,236.08,235.42,234.66
165,236.96,235.14,237.38,235.54,236.12,233.92,235.34,236.06,235.42,234.6
166,236.94,235.1,237.34,235.52,236.04,233.88,235.3,236.06,235.32,234.58
167,236.94,235.04,237.3,235.48,236.04,233.86,235.24,236.04,235.32,234.44
168,236.9,235.02,237.26,235.46,235.98,233.78,235.22,236.02,235.3,234.38
169,236.88,234.9,237.24,235.44,235.98,233.78,235.18,235.98,235.3,234.3
170,236.8,234.9,237.2,235.38,235.92,233.72,235.16,235.98,235.26,234.28
171,236.8,234.9,237.18,235.34,235.82,233.72,235.14,235.96,235.24,234.22
172,236.78,234.86,237.14,235.34,235.76,233.7,235.1,235.96,235.24,234.18
173,236.7,234.82,237.14,235.32,235.72,233.68,235.06,235.86,235.22,234.16
174,236.68,234.72,237.08,235.22,235.68,233.58,235.02,235.84,235.2,234.1
175,236.62,234.7,237.04,235.18,235.62,233.58,235.02,235.78,235.2,234.04
176,236.5,234.68,236.98,235.1,235.5,233.54,234.98,235.72,235.14,233.98
177,236.46,234.58,236.94,235.0,235.46,233.54,234.92,235.72,235.12,233.96
178,236.44,234.56,236.88,234.98,235.4,233.5,234.9,235.7,235.1,233.94
179,236.4,234.54,236.88,234.96,235.32,233.36,234.88,235.64,235.08,233.92
180,236.32,234.46,236.8,234.96,235.28,233.3,234.86,235.62,235.02,233.88
181,236.28,234.36,236.78,234.92,235.2,233.28,234.82,235.62,234.98,233.88
182,236.24,234.34,236.76,234.86,235.14,233.2,234.8,235.62,234.9,233.88
183,236.2,234.26,236.76,234.8,235.06,233.16,234.72,235.6,234.84,233.84
184,236.2,234.2,236.76,234.76,235.02,233.1,234.7,235.58,234.84,233.8
185,236.2,234.16,236.74,234.76,234.96,233.08,234.64,235.56,234.82,233.74
186,236.2,234.16,236.74,234.72,234.96,233.08,234.62,235.5,234.8,233.72
187,236.16,234.16,236.74,234.7,234.9,233.08,234.6,235.48,234.78,233.64
188,236.12,234.1,236.7,234.6,234.86,233.04,234.58,235.46,234.78,233.62
189,236.04,234.06,236.7,234.6,234.8,233.02,234.58,235.46,234.78,233.58
190,236.0,234.02,236.68,234.56,234.78,233.02,234.56,235.44,234.74,233.58
191,235.98,234.0,236.68,234.56,234.78,233.02,234.56,235.42,234.7,233.54
192,235.96,233.94,236.66,234.52,234.76,233.0,234.56,235.4,234.7,233.5
193,235.9,233.92,236.5,234.44,234.76,232.94,234.52,235.38,234.68,233.46
194,235.84,233.9,236.48,234.4,234.72,232.92,234.5,235.36,234.68,233.44
195,235.82,233.84,236.46,234.38,234.7,232.9,234.46,235.32,234.66,233.4
196,235.78,233.72,236.44,234.38,234.62,232.86,234.4,235.3,234.62,233.4
197,235.78,233.6,236.4,234.38,234.6,232.82,234.38,235.28,234.62,233.4
198,235.78,233.58,236.38,234.36,234.56,232.78,234.34,235.26,234.6,233.36
199,235.76,233.56,236.36,234.32,234.54,232.76,234.3,235.26,234.6,233.32
200,235.74,233.54,236.32,234.28,234.54,232.74,234.26,235.24,234.58,233.28
201,235.72,233.5,236.3,234.26,234.5,232.72,234.22,235.24,234.54,233.26
202,235.66,233.48,236.3,234.2,234.44,232.7,234.2,235.2,234.5,233.2
203,235.62,233.4,236.3,234.14,234.42,232.68,234.14,235.14,234.44,233.18
204,235.58,233.34,236.26,234.14,234.36,232.64,234.14,235.12,234.38,233.18
205,235.56,233.34,236.24,234.12,234.34,232.62,234.1,235.04,234.38,233.16
206,235.5,233.32,236.2,234.1,234.28,232.6,233.98,234.98,234.36,233.14
207,235.42,233.3,236.14,234.08,234.26,232.58,233.98,234.98,234.36,233.14
208,235.38,233.26,236.12,234.02,234.22,232.5,233.92,234.92,234.34,233.1
209,235.32,233.24,236.08,234.0,234.22,232.48,233.9,234.9,234.3,233.08
210,235.3,233.24,235.98,233.92,234.2,232.48,233.9,234.9,234.22,233.06
211,235.28,233.22,235.98,233.88,234.18,232.46,233.88,234.84,234.2,233.04
212,235.26,233.14,235.98,233.84,234.12,232.42,233.86,234.82,234.2,233.0
213,235.24,233.12,235.96,233.84,234.1,232.38,233.84,234.78,234.14,232.96
214,235.2,233.12,235.92,233.78,234.08,232.34,233.84,234.74,234.1,232.96
215,235.16,233.12,235.88,233.7,234.04,232.22,233.78,234.74,234.1,232.96
216,235.14,233.1,235.86,233.66,234.02,232.18,233.74,234.72,234.08,232.92
217,235.1,233.06,235.82,233.64,234.02,232.16,233.72,234.68,234.06,232.9
218,235.04,233.04,235.8,233.6,234.02,232.16,233.66,234.68,234.04,232.84
219,235.02,233.02,235.76,233.56,234.0,232.14,233.64,234.64,234.02,232.82
220,234.98,232.98,235.72,233.54,233.98,232.1,233.62,234.62,233.96,232.82
221,234.96,232.98,235.68,233.5,233.94,232.08,233.58,234.62,233.94,232.76
222,234.96,232.94,235.68,233.5,233.88,232.08,233.56,234.6,233.94,232.74
223,234.9,232.9,235.66,233.5,233.84,232.06,233.54,234.54,233.94,232.72
224,234.8,232.86,235.64,233.46,233.82,232.02,233.52,234.52,233.86,232.7
225,234.8,232.86,235.64,233.42,233.82,232.02,233.48,234.52,233.8,232.66
226,234.8,232.84,235.62,233.42,233.78,232.0,233.48,234.5,233.78,232.64
227,234.76,232.76,235.6,233.4,233.78,231.94,233.48,234.5,233.78,232.58
228,234.74,232.74,235.56,233.36,233.78,231.94,233.44,234.46,233.78,232.58
229,234.7,232.72,235.56,233.34,233.78,231.88,233.44,234.4,233.78,232.56
230,234.68,232.72,235.54,233.3,233.74,231.84,233.44,234.36,233.76,232.52
231,234.64,232.7,235.48,233.28,233.68,231.82,233.4,234.3,233.74,232.48
232,234.62,232.68,235.48,233.22,233.68,231.78,233.38,234.26,233.7,232.42
233,234.62,232.66,235.42,233.2,233.64,231.74,233.34,234.26,233.64,232.4
234,234.62,232.58,235.42,233.18,233.62,231.72,233.34,234.2,233.64,232.38
235,234.62,232.56,235.4,233.16,233.62,231.7,233.34,234.18,233.64,232.36
236,234.6,232.54,235.4,233.12,233.6,231.7,233.3,234.16,233.62,232.36
237,234.58,232.54,235.36,233.06,233.58,231.7,233.3,234.16,233.6,232.3
238,234.56,232.52,235.32,233.04,233.58,231.7,233.26,234.14,233.6,232.28
239,234.56,232.52,235.26,233.0,233.58,231.64,233.24,234.14,233.56,232.22
240,234.52,232.46,235.24,233.0,233.58,231.62,233.22,234.14,233.56,232.22
241,234.46,232.44,235.2,232.98,233.56,231.54,233.14,234.1,233.52,232.16
242,234.34,232.42,235.2,232.98,233.54,231.48,233.12,234.1,233.52,232.12
243,234.32,232.4,235.18,232.96,233.54,231.46,233.1,234.06,233.48,232.08
244,234.3,232.38,235.12,232.94,233.5,231.44,233.1,234.06,233.46,232.08
245,234.28,232.36,235.12,232.9,233.48,231.42,233.1,234.04,233.4,232.06
246,234.26,232.36,235.08,232.88,233.46,231.38,233.08,234.0,233.38,232.06
247,234.24,232.34,235.08,232.84,233.44,231.34,233.04,233.98,233.38,232.02
248,234.22,232.26,235.08,232.82,233.42,231.34,233.04,233.94,233.32,231.98
249,234.2,232.24,235.04,232.82,233.36,231.34,233.0,233.94,233.32,231.98
250,234.14,232.24,235.02,232.82,233.34,231.34,232.96,233.9,233.26,231.96
251,234.14,232.2,235.0,232.78,233.32,231.32,232.94,233.82,233.22,231.94
252,234.14,232.16,235.0,232.74,233.32,231.32,232.94,233.82,233.16,231.9
253,234.12,232.16,234.98,232.7,233.3,231.32,232.94,233.78,233.16,231.9
254,234.12,232.14,234.98,232.64,233.28,231.28,232.86,233.78,233.12,231.88
255,234.12,232.08,234.98,232.6,233.26,231.24,232.78,233.78,233.08,231.88
256,234.1,232.02,234.98,232.54,233.24,231.24,232.78,233.78,233.04,231.86
257,234.08,231.94,234.96,232.54,233.2,231.14,232.74,233.76,232.98,231.84
258,234.08,231.9,234.94,232.54,233.18,231.12,232.74,233.72,232.96,231.8
259,234.0,231.86,234.9,232.54,233.18,231.1,232.72,233.72,232.96,231.72
260,233.98,231.8,234.86,232.54,233.16,231.06,232.7,233.7,232.94,231.7
261,233.96,231.78,234.86,232.5,233.16,231.02,232.6,233.68,232.92,231.64
262,233.94,231.78,234.84,232.5,233.12,231.0,232.58,233.62,232.9,231.56
263,233.86,231.78,234.82,232.46,233.12,230.96,232.58,233.58,232.88,231.56
264,233.76,231.68,234.8,232.42,233.1,230.94,232.58,233.58,232.82,231.54
265,233.76,231.68,234.78,232.42,233.08,230.94,232.58,233.56,232.78,231.54
266,233.66,231.64,234.78,232.42,233.08,230.94,232.54,233.54,232.78,231.52
267,233.64,231.62,234.78,232.42,233.04,230.94,232.5,233.52,232.72,231.52
268,233.62,231.6,234.78,232.4,232.98,230.9,232.5,233.52,232.72,231.5
269,233.62,231.58,234.76,232.38,232.9,230.86,232.5,233.52,232.72,231.48
270,233.6,231.56,234.74,232.36,232.88,230.84,232.5,233.52,232.7,231.46
271,233.6,231.54,234.68,232.36,232.86,230.84,232.46,233.52,232.66,231.44
272,233.56,231.52,234.68,232.32,232.86,230.84,232.44,233.48,232.66,231.42
273,233.56,231.48,234.64,232.28,232.86,230.84,232.4,233.46,232.66,231.38
274,233.56,231.46,234.64,232.28,232.86,230.82,232.38,233.42,232.64,231.36
275,233.54,231.42,234.62,232.28,232.84,230.82,232.36,233.36,232.6,231.34
276,233.54,231.42,234.6,232.28,232.82,230.8,232.34,233.32,232.58,231.34
277,233.52,231.38,234.58,232.28,232.76,230.78,232.3,233.26,232.56,231.32
278,233.52,231.36,234.58,232.26,232.74,230.78,232.3,233.24,232.52,231.3
279,233.52,231.34,234.54,232.26,232.74,230.78,232.26,233.24,232.48,231.28
280,233.5,231.32,234.54,232.24,232.72,230.74,232.22,233.22,232.42,231.24
281,233.5,231.32,234.5,232.2,232.68,230.72,232.22,233.22,232.4,231.2
282,233.5,231.28,234.5,232.18,232.68,230.7,232.22,233.22,232.38,231.14
283,233.48,231.22,234.48,232.16,232.68,230.66,232.14,233.2,232.38,231.1
284,233.46,231.18,234.48,232.16,232.66,230.64,232.08,233.2,232.34,231.06
285,233.46,231.18,234.48,232.16,232.64,230.6,232.06,233.2,232.28,231.06
286,233.44,231.12,234.46,232.14,232.58,230.58,232.02,233.2,232.28,231.06
287,233.44,231.1,234.46,232.1,232.56,230.58,231.96,233.18,232.22,231.04
288,233.42,231.1,234.46,232.08,232.56,230.58,231.92,233.14,232.2,231.04
289,233.4,231.08,234.46,232.06,232.54,230.58,231.9,233.12,232.2,231.02
290,233.38,231.08,234.46,232.04,232.54,230.54,231.86,233.08,232.14,231.02
291,233.36,231.04,234.44,232.04,232.54,230.52,231.84,233.06,232.12,231.02
292,233.36,231.04,234.44,232.04,232.52,230.48,231.84,233.06,232.12,231.02
293,233.34,231.0,234.4,232.04,232.5,230.46,231.84,233.04,232.12,231.02
294,233.28,230.98,234.36,232.0,232.46,230.44,231.84,233.04,232.12,230.96
295,233.22,230.98,234.36,232.0,232.46,230.42,231.82,232.98,232.12,230.94
296,233.2,230.98,234.34,232.0,232.44,230.36,231.8,232.98,232.12,230.92
297,233.16,230.96,234.32,231.94,232.4,230.32,231.76,232.92,232.1,230.92
298,233.12,230.9,234.3,231.92,232.38,230.32,231.74,232.92,232.08,230.92
299,233.12,230.84,234.3,231.88,232.36,230.28,231.72,232.92,232.06,230.88
300,233.1,230.78,234.3,231.86,232.36,230.28,231.7,232.9,232.0,230.88
301,233.1,230.76,234.3,231.8,232.34,230.26,231.7,232.88,231.96,230.88
302,233.06,230.74,234.28,231.78,232.34,230.2,231.66,232.88,231.96,230.84
303,233.04,230.7,234.28,231.76,232.3,230.16,231.66,232.86,231.94,230.82
304,233.02,230.7,234.26,231.74,232.3,230.14,231.66,232.82,231.92,230.8
305,233.02,230.66,234.2,231.72,232.3,230.12,231.64,232.82,231.92,230.78
306,233.0,230.64,234.18,231.72,232.3,230.12,231.62,232.8,231.9,230.78
307,232.98,230.62,234.18,231.7,232.3,230.08,231.6,232.78,231.88,230.74
308,232.98,230.62,234.18,231.7,232.24,230.02,231.6,232.76,231.86,230.7
309,232.98,230.62,234.14,231.7,232.2,230.0,231.58,232.72,231.8,230.68
310,232.96,230.62,234.12,231.7,232.2,229.98,231.58,232.7,231.8,230.66
311,232.96,230.6,234.12,231.7,232.18,229.96,231.56,232.64,231.78,230.62
312,232.96,230.58,234.12,231.64,232.18,229.94,231.54,232.6,231.78,230.58
313,232.96,230.56,234.1,231.58,232.18,229.84,231.52,232.6,231.74,230.56
314,232.94,230.52,234.08,231.58,232.16,229.8,231.52,232.6,231.66,230.56
315,232.94,230.52,234.06,231.58,232.14,229.78,231.5,232.6,231.64,230.54
316,232.92,230.48,234.04,231.56,232.12,229.72,231.46,232.58,231.64,230.52
317,232.86,230.46,234.0,231.54,232.1,229.72,231.46,232.56,231.62,230.52
318,232.86,230.38,234.0,231.5,232.1,229.66,231.4,232.56,231.62,230.48
319,232.86,230.36,233.96,231.5,232.08,229.66,231.38,232.56,231.6,230.46
320,232.84,230.36,233.94,231.48,232.06,229.64,231.38,232.56,231.6,230.42
321,232.82,230.34,233.9,231.48,232.04,229.62,231.34,232.52,231.58,230.4
322,232.8,230.32,233.88,231.46,232.04,229.62,231.3,232.5,231.56,230.4
323,232.78,230.32,233.86,231.42,232.0,229.62,231.3,232.48,231.56,230.38
324,232.78,230.24,233.84,231.42,232.0,229.6,231.26,232.46,231.56,230.36
325,232.72,230.18,233.84,231.4,231.92,229.6,231.24,232.44,231.54,230.36
326,232.7,230.16,233.78,231.38,231.9,229.6,231.22,232.44,231.54,230.32
327,232.68,230.1,233.76,231.34,231.88,229.6,231.16,232.44,231.48,230.3
328,232.64,230.08,233.72,231.32,231.84,229.56,231.08,232.42,231.48,230.3
329,232.62,230.06,233.72,231.32,231.82,229.56,231.08,232.42,231.48,230.3
330,232.62,230.06,233.68,231.3,231.82,229.54,231.08,232.4,231.44,230.28
331,232.58,229.98,233.66,231.3,231.78,229.54,231.06,232.38,231.42,230.28
332,232.58,229.98,233.64,231.3,231.78,229.52,231.06,232.36,231.42,230.26
333,232.58,229.96,233.64,231.3,231.74,229.48,231.02,232.32,231.4,230.24
334,232.58,229.96,233.64,231.28,231.72,229.46,231.02,232.3,231.4,230.22
335,232.54,229.92,233.6,231.24,231.72,229.4,231.02,232.3,231.4,230.18
336,232.54,229.92,233.6,231.22,231.7,229.36,231.02,232.3,231.4,230.18
337,232.5,229.86,233.58,231.22,231.64,229.32,231.02,232.3,231.4,230.16
338,232.48,229.82,233.56,231.2,231.6,229.3,231.02,232.26,231.4,230.1
339,232.48,229.82,233.52,231.2,231.58,229.28,231.0,232.22,231.4,230.06
340,232.46,229.82,233.5,231.2,231.52,229.26,230.98,232.22,231.38,230.02
341,232.4,229.82,233.5,231.2,231.46,229.24,230.96,232.2,231.34,229.98
342,232.38,229.8,233.48,231.18,231.42,229.24,230.92,232.16,231.34,229.92
343,232.36,229.78,233.48,231.18,231.42,229.22,230.9,232.12,231.32,229.88
344,232.36,229.74,233.48,231.14,231.42,229.18,230.9,232.08,231.32,229.88
345,232.34,229.72,233.44,231.14,231.4,229.14,230.9,232.06,231.3,229.86
346,232.34,229.72,233.44,231.1,231.4,229.12,230.9,232.02,231.3,229.82
347,232.32,229.72,233.4,231.1,231.4,229.1,230.82,232.0,231.24,229.82
348,232.3,229.7,233.4,231.1,231.4,229.1,230.82,231.96,231.22,229.8
349,232.28,229.7,233.38,231.1,231.4,229.06,230.82,231.96,231.16,229.76
350,232.28,229.68,233.36,231.08,231.4,229.04,230.8,231.92,231.14,229.74
351,232.28,229.64,233.34,231.04,231.36,229.04,230.76,231.9,231.14,229.74
352,232.28,229.64,233.3,231.0,231.36,229.04,230.7,231.9,231.12,229.7
353,232.22,229.64,233.28,230.98,231.32,229.04,230.68,231.88,231.1,229.7
354,232.2,229.56,233.28,230.98,231.3,229.04,230.64,231.88,231.1,229.58
355,232.2,229.56,233.26,230.98,231.28,229.02,230.62,231.88,231.08,229.58
356,232.2,229.52,233.2,230.98,231.26,229.0,230.62,231.88,231.02,229.58
357,232.18,229.5,233.16,230.96,231.26,228.94,230.62,231.82,231.0,229.56
358,232.18,229.48,233.12,230.92,231.26,228.94,230.62,231.8,231.0,229.56
359,232.18,229.48,233.12,230.92,231.26,228.94,230.6,231.8,231.0,229.56
360,232.16,229.48,233.12,230.92,231.26,228.94,230.6,231.74,231.0,229.56
361,232.16,229.42,233.08,230.9,231.24,228.94,230.6,231.72,231.0,229.5
362,232.16,229.42,233.04,230.88,231.24,228.94,230.6,231.72,231.0,229.5
363,232.16,229.42,233.02,230.86,231.22,228.92,230.6,231.7,230.96,229.48
364,232.16,229.36,233.0,230.84,231.22,228.92,230.6,231.7,230.96,229.48
365,232.14,229.36,233.0,230.76,231.2,228.86,230.6,231.7,230.96,229.48
366,232.12,229.36,233.0,230.76,231.2,228.84,230.58,231.68,230.94,229.48
367,232.12,229.34,232.98,230.74,231.2,228.84,230.56,231.66,230.94,229.48
368,232.12,229.32,232.94,230.68,231.14,228.76,230.56,231.64,230.92,229.48
369,232.1,229.3,232.88,230.68,231.14,228.74,230.56,231.64,230.88,229.46
370,232.08,229.28,232.86,230.68,231.12,228.7,230.54,231.62,230.88,229.42
371,232.06,229.26,232.86,230.66,231.1,228.7,230.52,231.6,230.84,229.42
372,232.06,229.24,232.84,230.66,231.1,228.68,230.52,231.58,230.84,229.42
373,232.06,229.22,232.82,230.58,231.04,228.68,230.52,231.58,230.8,229.42
374,232.04,229.2,232.82,230.56,231.02,228.68,230.48,231.58,230.8,229.42
375,232.04,229.16,232.74,230.56,231.0,228.68,230.46,231.58,230.8,229.42
376,232.04,229.14,232.72,230.56,230.98,228.64,230.46,231.56,230.76,229.4
377,232.04,229.12,232.72,230.56,230.96,228.58,230.46,231.52,230.76,229.36
378,232.04,229.08,232.68,230.56,230.96,228.56,230.44,231.52,230.74,229.34
379,232.04,229.04,232.68,230.56,230.94,228.54,230.44,231.52,230.7,229.34
380,232.02,229.02,232.68,230.54,230.94,228.5,230.42,231.52,230.66,229.32
381,232.02,229.0,232.68,230.52,230.92,228.5,230.42,231.48,230.66,229.32
382,232.02,228.98,232.68,230.5,230.92,228.48,230.42,231.44,230.62,229.3
383,232.02,228.92,232.66,230.5,230.92,228.46,230.4,231.44,230.62,229.28
384,232.0,228.88,232.66,230.5,230.92,228.44,230.38,231.4,230.62,229.28
385,232.0,228.84,232.66,230.44,230.92,228.4,230.36,231.4,230.62,229.26
386,232.0,228.82,232.66,230.4,230.9,228.4,230.34,231.36,230.58,229.22
387,231.98,228.82,232.64,230.34,230.9,228.36,230.32,231.36,230.58,229.2
388,231.98,228.82,232.64,230.32,230.88,228.36,230.28,231.32,230.56,229.2
389,231.98,228.82,232.58,230.32,230.88,228.34,230.24,231.28,230.56,229.2
390,231.98,228.82,232.58,230.28,230.88,228.32,230.22,231.26,230.5,229.18
391,231.98,228.82,232.56,230.26,230.88,228.32,230.2,231.24,230.46,229.18
392,231.96,228.8,232.5,230.26,230.82,228.32,230.18,231.2,230.44,229.18
393,231.96,228.8,232.48,230.26,230.8,228.32,230.12,231.2,230.44,229.16
394,231.88,228.8,232.46,230.24,230.8,228.32,230.12,231.18,230.42,229.12
395,231.88,228.76,232.46,230.22,230.76,228.28,230.1,231.14,230.42,229.1
396,231.8,228.72,232.46,230.22,230.74,228.24,230.04,231.12,230.4,229.06
397,231.78,228.68,232.46,230.2,230.74,228.2,230.04,231.06,230.4,229.0
398,231.78,228.66,232.44,230.16,230.68,228.18,230.04,231.04,230.4,229.0
399,231.78,228.64,232.44,230.16,230.6,228.16,230.04,231.04,230.38,228.98
400,231.78,228.62,232.44,230.14,230.58,228.16,230.04,231.04,230.36,228.98
401,231.78,228.6,232.44,230.12,230.56,228.16,230.02,231.0,230.36,228.96
402,231.76,228.56,232.44,230.12,230.56,228.12,230.02,230.96,230.32,228.92
403,231.72,228.54,232.44,230.1,230.56,228.12,229.98,230.96,230.3,228.92
404,231.72,228.54,232.42,230.04,230.5,228.12,229.98,230.96,230.3,228.86
405,231.7,228.52,232.4,230.0,230.5,228.06,229.94,230.9,230.26,228.86
406,231.68,228.52,232.4,229.98,230.5,228.06,229.94,230.9,230.2,228.82
407,231.68,228.52,232.4,229.98,230.48,228.04,229.92,230.86,230.2,228.8
408,231.68,228.52,232.4,229.94,230.42,228.04,229.92,230.84,230.18,228.78
409,231.68,228.52,232.38,229.94,230.4,228.02,229.88,230.82,230.18,228.78
410,231.68,228.5,232.34,229.9,230.4,228.02,229.88,230.78,230.18,228.78
411,231.68,228.48,232.34,229.88,230.4,227.98,229.84,230.78,230.18,228.76
412,231.68,228.46,232.34,229.86,230.4,227.94,229.84,230.78,230.18,228.76
413,231.68,228.46,232.34,229.84,230.38,227.92,229.8,230.76,230.14,228.76
414,231.68,228.46,232.32,229.84,230.38,227.92,229.8,230.74,230.1,228.74
415,231.66,228.42,232.3,229.84,230.38,227.92,229.8,230.72,230.1,228.7
416,231.66,228.4,232.28,229.84,230.36,227.84,229.78,230.7,230.1,228.68
417,231.66,228.36,232.28,229.84,230.36,227.8,229.74,230.66,230.1,228.68
418,231.66,228.36,232.28,229.82,230.34,227.78,229.74,230.62,230.08,228.68
419,231.64,228.34,232.26,229.8,230.34,227.78,229.74,230.62,230.04,228.68
420,231.64,228.34,232.26,229.78,230.34,227.78,229.66,230.62,230.02,228.68
421,231.64,228.32,232.22,229.78,230.32,227.74,229.66,230.62,230.02,228.68
422,231.62,228.32,232.2,229.76,230.32,227.72,229.64,230.62,230.0,228.68
423,231.62,228.32,232.18,229.72,230.28,227.72,229.64,230.62,230.0,228.68
424,231.62,228.32,232.14,229.72,230.24,227.72,229.58,230.6,229.98,228.68
425,231.58,228.32,232.14,229.72,230.22,227.7,229.58,230.6,229.98,228.64
426,231.54,228.32,232.14,229.7,230.2,227.7,229.52,230.6,229.96,228.62
427,231.54,228.32,232.14,229.68,230.2,227.7,229.5,230.58,229.96,228.6
428,231.54,228.32,232.14,229.68,230.18,227.68,229.48,230.56,229.94,228.56
429,231.52,228.32,232.06,229.68,230.16,227.68,229.46,230.56,229.94,228.54
430,231.5,228.32,232.06,229.68,230.14,227.66,229.42,230.48,229.94,228.52
431,231.46,228.3,232.06,229.68,230.14,227.58,229.42,230.46,229.94,228.5
432,231.44,228.3,232.06,229.68,230.14,227.52,229.42,230.44,229.88,228.5
433,231.4,228.28,232.04,229.68,230.08,227.5,229.4,230.38,229.88,228.46
434,231.38,228.26,232.04,229.66,230.08,227.5,229.4,230.34,229.86,228.44
435,231.38,228.24,232.04,229.62,230.08,227.5,229.4,230.34,229.82,228.42
436,231.38,228.24,232.04,229.62,230.04,227.5,229.4,230.32,229.78,228.42
437,231.38,228.22,232.02,229.62,230.04,227.48,229.38,230.32,229.78,228.38
438,231.38,228.2,232.02,229.62,230.04,227.48,229.38,230.32,229.76,228.36
439,231.36,228.16,232.0,229.62,230.04,227.48,229.38,230.3,229.72,228.34
440,231.34,228.14,232.0,229.62,230.04,227.48,229.36,230.3,229.7,228.34
441,231.32,228.12,232.0,229.62,230.04,227.46,229.36,230.3,229.7,228.34
442,231.32,228.06,232.0,229.58,230.04,227.46,229.36,230.28,229.7,228.32
443,231.32,228.04,232.0,229.58,230.04,227.46,229.34,230.22,229.7,228.32
444,231.32,228.04,232.0,229.58,230.02,227.46,229.34,230.18,229.7,228.3
445,231.32,228.04,232.0,229.58,230.0,227.44,229.3,230.18,229.7,228.28
446,231.32,228.0,231.98,229.52,229.98,227.44,229.26,230.18,229.68,228.28
447,231.3,227.98,231.98,229.5,229.98,227.42,229.26,230.18,229.68,228.28
448,231.28,227.98,231.94,229.48,229.98,227.42,229.26,230.18,229.68,228.24
449,231.28,227.98,231.94,229.42,229.98,227.42,229.26,230.16,229.68,228.22
450,231.28,227.94,231.92,229.42,229.98,227.4,229.26,230.16,229.66,228.22
451,231.26,227.94,231.9,229.4,229.92,227.4,229.26,230.1,229.64,228.22
452,231.26,227.92,231.9,229.38,229.92,227.4,229.26,230.08,229.64,228.2
453,231.22,227.9,231.9,229.36,229.92,227.4,229.22,230.0,229.62,228.18
454,231.22,227.9,231.9,229.36,229.9,227.38,229.22,229.98,229.62,228.18
455,231.18,227.86,231.9,229.34,229.9,227.38,229.22,229.96,229.62,228.18
456,231.16,227.86,231.9,229.34,229.9,227.36,229.2,229.94,229.62,228.18
457,231.16,227.86,231.88,229.32,229.86,227.34,229.2,229.94,229.62,228.18
458,231.1,227.86,231.84,229.32,229.84,227.34,229.18,229.94,229.62,228.18
459,231.08,227.86,231.84,229.3,229.84,227.34,229.18,229.94,229.62,228.16
460,231.08,227.82,231.82,229.3,229.84,227.3,229.12,229.92,229.6,228.16
461,231.06,227.82,231.82,229.3,229.82,227.3,229.08,229.92,229.58,228.16
462,231.06,227.82,231.82,229.3,229.82,227.3,229.08,229.9,229.58,228.06
463,231.04,227.82,231.82,229.28,229.82,227.3,229.02,229.86,229.58,228.06
464,231.02,227.82,231.82,229.24,229.82,227.3,229.02,229.86,229.58,228.04
465,231.02,227.8,231.82,229.24,229.82,227.28,229.0,229.86,229.58,228.04
466,231.02,227.8,231.78,229.24,229.82,227.28,228.98,229.84,229.58,228.02
467,231.02,227.74,231.78,229.24,229.82,227.28,228.98,229.8,229.54,228.0
468,231.0,227.74,231.78,229.18,229.82,227.24,228.98,229.78,229.52,228.0
469,231.0,227.74,231.76,229.16,229.82,227.18,228.9,229.76,229.52,228.0
470,230.98,227.74,231.72,229.16,229.8,227.14,228.88,229.74,229.46,227.98
471,230.98,227.72,231.7,229.16,229.8,227.14,228.88,229.74,229.44,227.96
472,230.94,227.72,231.7,229.16,229.76,227.12,228.88,229.74,229.4,227.96
473,230.94,227.72,231.7,229.14,229.72,227.08,228.86,229.72,229.4,227.94
474,230.94,227.72,231.66,229.1,229.7,227.06,228.86,229.72,229.38,227.94
475,230.94,227.7,231.64,229.1,229.7,227.06,228.84,229.72,229.36,227.9
476,230.94,227.7,231.6,229.1,229.7,227.06,228.82,229.72,229.32,227.9
477,230.94,227.7,231.6,229.1,229.7,227.06,228.82,229.7,229.3,227.86
478,230.92,227.7,231.58,229.08,229.7,227.06,228.82,229.68,229.3,227.86
479,230.92,227.66,231.58,229.08,229.7,227.06,228.8,229.62,229.3,227.86
480,230.92,227.64,231.52,229.08,229.66,227.06,228.76,229.62,229.28,227.86
481,230.88,227.62,231.52,229.04,229.66,227.06,228.74,229.58,229.28,227.86
482,230.88,227.6,231.48,229.04,229.64,227.06,228.74,229.56,229.26,227.76
483,230.84,227.52,231.48,229.04,229.64,227.06,228.74,229.56,229.22,227.74
484,230.84,227.52,231.46,229.02,229.64,227.04,228.74,229.56,229.16,227.7
485,230.82,227.5,231.46,229.0,229.64,227.04,228.7,229.54,229.14,227.7
486,230.8,227.48,231.44,228.98,229.64,227.02,228.66,229.54,229.14,227.66
487,230.78,227.46,231.44,228.98,229.62,227.02,228.66,229.54,229.14,227.66
488,230.74,227.46,231.42,228.94,229.62,227.0,228.62,229.54,229.12,227.62
489,230.72,227.46,231.4,228.94,229.62,227.0,228.62,229.5,229.08,227.58
490,230.72,227.46,231.36,228.94,229.6,226.96,228.6,229.5,229.08,227.56
491,230.7,227.46,231.36,228.92,229.58,226.92,228.54,229.5,229.06,227.54
492,230.7,227.46,231.36,228.92,229.58,226.9,228.54,229.46,229.06,227.5
493,230.7,227.46,231.36,228.92,229.58,226.88,228.5,229.46,229.04,227.46
494,230.7,227.44,231.34,228.88,229.56,226.88,228.5,229.46,229.02,227.46
495,230.7,227.44,231.32,228.86,229.56,226.88,228.5,229.42,229.02,227.42
496,230.7,227.42,231.3,228.84,229.54,226.88,228.5,229.42,229.0,227.4
497,230.68,227.42,231.3,228.8,229.52,226.88,228.48,229.38,229.0,227.38
498,230.68,227.38,231.28,228.72,229.5,226.88,228.48,229.38,229.0,227.36
499,230.64,227.36,231.24,228.72,229.5,226.88,228.46,229.36,228.98,227.36
500,230.62,227.36,231.24,228.7,229.5,226.88,228.46,229.36,228.98,227.36
501,230.62,227.36,231.22,228.68,229.5,226.88,228.46,229.36,228.94,227.36
502,230.6,227.34,231.16,228.68,229.5,226.82,228.42,229.36,228.9,227.34
503,230.58,227.34,231.14,228.66,229.5,226.82,228.4,229.34,228.9,227.34
504,230.58,227.34,231.14,228.64,229.5,226.8,228.4,229.3,228.88,227.34
505,230.54,227.3,231.14,228.64,229.5,226.76,228.38,229.26,228.88,227.32
506,230.54,227.3,231.14,228.62,229.46,226.76,228.38,229.26,228.88,227.32
507,230.5,227.3,231.14,228.62,229.42,226.76,228.38,229.26,228.86,227.32
508,230.46,227.3,231.14,228.6,229.42,226.76,228.34,229.24,228.84,227.3
509,230.46,227.28,231.1,228.6,229.42,226.76,228.32,229.24,228.84,227.3
510,230.44,227.28,231.1,228.6,229.4,226.76,228.28,229.24,228.84,227.28
511,230.44,227.26,231.08,228.56,229.38,226.76,228.28,229.22,228.82,227.26
512,230.38,227.24,231.08,228.56,229.36,226.74,228.28,229.2,228.82,227.26
513,230.38,227.24,231.02,228.56,229.32,226.72,228.28,229.18,228.82,227.24
514,230.38,227.24,231.0,228.56,229.32,226.7,228.28,229.12,228.76,227.24
515,230.36,227.24,231.0,228.54,229.28,226.7,228.28,229.1,228.74,227.22
516,230.34,227.22,231.0,228.54,229.28,226.68,228.24,229.1,228.74,227.22
517,230.32,227.22,231.0,228.52,229.28,226.68,228.2,229.1,228.74,227.22
518,230.3,227.18,230.96,228.5,229.28,226.68,228.18,229.1,228.72,227.2
519,230.3,227.16,230.96,228.46,229.28,226.66,228.16,229.08,228.72,227.18
520,230.3,227.16,230.96,228.46,229.26,226.66,228.12,229.08,228.7,227.18
521,230.26,227.14,230.94,228.4,229.22,226.64,228.12,229.06,228.68,227.18
522,230.26,227.14,230.94,228.38,229.22,226.62,228.12,229.06,228.66,227.18
523,230.26,227.14,230.92,228.38,229.22,226.6,228.12,229.06,228.64,227.18
524,230.26,227.14,230.9,228.38,229.2,226.6,228.1,229.04,228.62,227.18
525,230.24,227.14,230.86,228.38,229.18,226.6,228.1,229.02,228.62,227.18
526,230.24,227.14,230.86,228.36,229.18,226.6,228.04,229.02,228.62,227.18
527,230.24,227.12,230.86,228.36,229.16,226.58,228.02,229.0,228.6,227.18
528,230.24,227.08,230.86,228.36,229.14,226.58,228.02,228.94,228.6,227.18
529,230.24,227.04,230.82,228.36,229.14,226.58,228.02,228.94,228.6,227.12
530,230.24,227.02,230.8,228.34,229.12,226.56,228.0,228.94,228.6,227.12
531,230.2,226.98,230.8,228.34,229.12,226.56,228.0,228.9,228.6,227.1
532,230.18,226.98,230.8,228.34,229.12,226.54,227.98,228.84,228.6,227.1
533,230.18,226.98,230.76,228.34,229.12,226.54,227.98,228.82,228.6,227.08
534,230.18,226.98,230.76,228.32,229.12,226.54,227.96,228.82,228.6,227.08
535,230.16,226.96,230.74,228.24,229.12,226.54,227.96,228.82,228.6,227.08
536,230.12,226.94,230.74,228.22,229.12,226.54,227.94,228.8,228.6,227.06
537,230.1,226.92,230.7,228.22,229.12,226.54,227.94,228.8,228.6,227.06
538,230.1,226.92,230.7,228.2,229.1,226.54,227.9,228.76,228.6,227.06
539,230.1,226.92,230.68,228.16,229.1,226.5,227.9,228.76,228.6,227.06
540,230.1,226.86,230.66,228.14,229.06,226.5,227.88,228.74,228.58,227.04
541,230.06,226.86,230.64,228.14,229.06,226.5,227.86,228.68,228.58,227.04
542,230.06,226.84,230.62,228.14,229.06,226.5,227.84,228.66,228.56,227.02
543,230.06,226.84,230.62,228.12,229.06,226.5,227.8,228.64,228.56,227.0
544,230.06,226.84,230.62,228.12,229.04,226.5,227.8,228.64,228.54,227.0
545,230.06,226.8,230.62,228.12,229.04,226.5,227.78,228.6,228.54,227.0
546,230.04,226.8,230.6,228.1,229.0,226.5,227.78,228.6,228.5,226.98
547,230.0,226.8,230.58,228.08,229.0,226.5,227.76,228.6,228.5,226.98
548,230.0,226.78,230.56,228.08,229.0,226.5,227.74,228.6,228.5,226.98
549,230.0,226.76,230.56,228.08,229.0,226.48,227.74,228.56,228.46,226.94
550,230.0,226.74,230.56,228.06,228.96,226.48,227.72,228.56,228.46,226.94
551,230.0,226.72,230.56,228.06,228.96,226.48,227.72,228.56,228.44,226.94
552,229.98,226.7,230.54,228.04,228.96,226.48,227.7,228.56,228.44,226.94
553,229.98,226.7,230.54,228.04,228.96,226.46,227.7,228.56,228.44,226.94
554,229.96,226.7,230.54,228.04,228.94,226.46,227.68,228.56,228.44,226.94
555,229.96,226.7,230.5,228.04,228.92,226.44,227.64,228.56,228.44,226.94
556,229.92,226.7,230.5,228.04,228.88,226.44,227.64,228.56,228.44,226.94
557,229.92,226.7,230.5,228.04,228.88,226.44,227.62,228.54,228.42,226.94
558,229.9,226.7,230.5,228.0,228.88,226.42,227.62,228.52,228.42,226.92
559,229.9,226.7,230.5,228.0,228.86,226.38,227.6,228.48,228.42,226.92
560,229.86,226.7,230.48,228.0,228.86,226.38,227.58,228.46,228.42,226.92
561,229.84,226.7,230.46,228.0,228.86,226.38,227.52,228.46,228.4,226.9
562,229.84,226.68,230.44,228.0,228.86,226.36,227.52,228.46,228.4,226.9
563,229.82,226.68,230.44,227.94,228.86,226.36,227.48,228.44,228.4,226.9
564,229.82,226.66,230.44,227.94,228.84,226.36,227.48,228.4,228.4,226.88
565,229.78,226.66,230.4,227.94,228.84,226.34,227.46,228.4,228.4,226.88
566,229.74,226.66,230.38,227.92,228.78,226.32,227.38,228.4,228.4,226.88
567,229.72,226.66,230.38,227.92,228.76,226.3,227.36,228.4,228.4,226.86
568,229.72,226.66,230.38,227.9,228.76,226.28,227.34,228.4,228.4,226.86
569,229.66,226.66,230.38,227.9,228.76,226.28,227.32,228.38,228.4,226.86
570,229.66,226.66,230.36,227.88,228.74,226.28,227.32,228.38,228.4,226.86
571,229.6,226.66,230.36,227.86,228.74,226.28,227.32,228.36,228.4,226.84
572,229.58,226.66,230.36,227.86,228.74,226.28,227.3,228.36,228.4,226.82
573,229.58,226.66,230.36,227.82,228.74,226.26,227.3,228.36,228.4,226.8
574,229.56,226.66,230.36,227.82,228.74,226.24,227.28,228.36,228.4,226.8
575,229.54,226.66,230.36,227.78,228.74,226.22,227.24,228.36,228.4,226.8
576,229.54,226.62,230.36,227.78,228.74,226.22,227.22,228.36,228.4,226.8
577,229.48,226.6,230.36,227.78,228.74,226.2,227.22,228.34,228.38,226.8
578,229.46,226.58,230.34,227.76,228.7,226.2,227.2,228.34,228.38,226.8
579,229.46,226.56,230.34,227.72,228.7,226.14,227.2,228.32,228.38,226.8
580,229.44,226.56,230.34,227.72,228.68,226.12,227.2,228.3,228.38,226.8
581,229.44,226.54,230.3,227.72,228.66,226.1,227.18,228.28,228.36,226.8
582,229.42,226.5,230.3,227.7,228.64,226.1,227.18,228.28,228.36,226.8
583,229.42,226.5,230.3,227.68,228.62,226.06,227.18,228.28,228.36,226.8
584,229.42,226.5,230.3,227.66,228.6,226.04,227.16,228.28,228.3,226.78
585,229.42,226.5,230.28,227.64,228.56,226.02,227.14,228.22,228.3,226.76
586,229.42,226.48,230.26,227.64,228.56,225.94,227.12,228.22,228.28,226.74
587,229.4,226.48,230.26,227.64,228.56,225.94,227.08,228.22,228.28,226.72
588,229.4,226.46,230.22,227.64,228.56,225.9,227.06,228.2,228.28,226.72
589,229.4,226.46,230.18,227.64,228.56,225.9,227.06,228.18,228.28,226.72
590,229.4,226.46,230.18,227.64,228.54,225.9,227.06,228.18,228.28,226.7
591,229.4,226.46,230.18,227.64,228.52,225.88,227.06,228.18,228.28,226.68
592,229.4,226.44,230.12,227.64,228.52,225.86,227.04,228.18,228.28,226.68
593,229.38,226.44,230.08,227.64,228.52,225.86,227.02,228.16,228.28,226.68
594,229.38,226.42,230.02,227.64,228.5,225.86,227.02,228.16,228.28,226.66
595,229.36,226.42,230.0,227.64,228.5,225.86,227.02,228.16,228.28,226.62
596,229.34,226.4,229.98,227.64,228.48,225.84,226.98,228.12,228.28,226.62
597,229.34,226.4,229.96,227.64,228.44,225.84,226.98,228.1,228.28,226.62
598,229.34,226.4,229.96,227.64,228.44,225.82,226.98,228.1,228.28,226.6
599,229.34,226.38,229.96,227.64,228.44,225.82,226.96,228.08,228.26,226.6
600,229.34,226.38,229.96,227.62,228.44,225.82,226.96,228.08,228.26,226.56
601,229.34,226.36,229.96,227.62,228.4,225.82,226.94,228.06,228.24,226.56
602,229.34,226.36,229.96,227.62,228.38,225.82,226.88,228.06,228.24,226.54
603,229.34,226.32,229.94,227.62,228.36,225.82,226.84,228.04,228.24,226.52
604,229.34,226.3,229.94,227.62,228.36,225.82,226.84,228.0,228.22,226.5
605,229.34,226.28,229.9,227.6,228.36,225.8,226.84,227.98,228.22,226.46
606,229.34,226.24,229.9,227.6,228.36,225.8,226.84,227.98,228.2,226.44
607,229.34,226.22,229.9,227.58,228.32,225.8,226.84,227.96,228.2,226.44
608,229.32,226.18,229.9,227.58,228.32,225.76,226.84,227.96,228.18,226.44
609,229.32,226.18,229.9,227.56,228.32,225.74,226.8,227.96,228.18,226.44
610,229.26,226.18,229.9,227.52,228.32,225.72,226.78,227.94,228.16,226.44
611,229.22,226.18,229.88,227.52,228.32,225.7,226.78,227.92,228.14,226.44
612,229.2,226.18,229.88,227.5,228.32,225.7,226.78,227.9,228.14,226.42
613,229.2,226.18,229.88,227.5,228.32,225.7,226.78,227.9,228.1,226.42
614,229.18,226.16,229.88,227.48,228.32,225.68,226.78,227.88,228.1,226.42
615,229.18,226.14,229.88,227.48,228.32,225.68,226.78,227.88,228.1,226.38
616,229.18,226.14,229.88,227.44,228.32,225.66,226.78,227.88,228.1,226.38
617,229.18,226.14,229.88,227.44,228.32,225.66,226.78,227.88,228.1,226.36
618,229.18,226.14,229.88,227.44,228.3,225.66,226.78,227.82,228.1,226.34
619,229.18,226.14,229.88,227.44,228.28,225.66,226.78,227.82,228.1,226.34
620,229.16,226.14,229.86,227.42,228.28,225.62,226.78,227.76,228.1,226.34
621,229.16,226.12,229.86,227.42,228.28,225.62,226.76,227.76,228.1,226.32
622,229.14,226.12,229.84,227.38,228.28,225.62,226.74,227.74,228.06,226.32
623,229.14,226.12,229.82,227.36,228.26,225.62,226.72,227.74,228.06,226.32
624,229.14,226.1,229.8,227.34,228.24,225.62,226.72,227.7,228.06,226.32
625,229.14,226.1,229.8,227.32,228.24,225.62,226.7,227.7,228.06,226.28
626,229.12,226.1,229.78,227.32,228.22,225.62,226.7,227.7,228.04,226.26
627,229.1,226.1,229.78,227.32,228.22,225.6,226.68,227.7,228.0,226.26
628,229.08,226.1,229.78,227.3,228.22,225.6,226.68,227.7,228.0,226.26
629,229.08,226.1,229.78,227.26,228.2,225.6,226.68,227.68,228.0,226.24
630,229.08,226.1,229.78,227.26,228.18,225.54,226.68,227.66,227.94,226.22
631,229.08,226.1,229.76,227.26,228.18,225.5,226.68,227.62,227.94,226.18
632,229.08,226.1,229.72,227.26,228.18,225.46,226.68,227.62,227.9,226.18
633,229.04,226.08,229.72,227.26,228.18,225.46,226.66,227.62,227.9,226.14
634,229.02,226.08,229.68,227.26,228.16,225.46,226.66,227.62,227.9,226.14
635,229.0,226.06,229.66,227.26,228.16,225.46,226.64,227.62,227.88,226.14
636,229.0,226.04,229.66,227.26,228.16,225.46,226.62,227.6,227.88,226.14
637,228.98,226.02,229.66,227.26,228.14,225.46,226.58,227.58,227.88,226.14
638,228.96,226.02,229.66,227.22,228.14,225.44,226.54,227.56,227.88,226.14
639,228.94,226.0,229.66,227.22,228.14,225.44,226.54,227.56,227.88,226.14
640,228.94,226.0,229.66,227.22,228.14,225.42,226.54,227.56,227.88,226.12
641,228.92,226.0,229.64,227.22,228.14,225.4,226.5,227.56,227.86,226.08
642,228.92,225.96,229.64,227.2,228.14,225.4,226.5,227.56,227.84,226.08
643,228.9,225.96,229.64,227.18,228.14,225.4,226.5,227.56,227.84,226.08
644,228.9,225.9,229.64,227.18,228.1,225.4,226.5,227.56,227.82,226.06
645,228.88,225.9,229.64,227.18,228.1,225.4,226.5,227.56,227.82,226.06
646,228.84,225.9,229.64,227.16,228.08,225.4,226.48,227.54,227.8,226.02
647,228.82,225.9,229.62,227.16,228.06,225.4,226.46,227.54,227.8,226.02
648,228.82,225.88,229.62,227.14,228.06,225.4,226.46,227.54,227.8,226.02
649,228.82,225.88,229.62,227.14,228.04,225.36,226.42,227.52,227.78,226.02
650,228.82,225.88,229.62,227.1,228.04,225.34,226.42,227.5,227.78,226.0
651,228.82,225.88,229.62,227.1,228.04,225.34,226.42,227.48,227.78,225.98
652,228.82,225.86,229.6,227.1,228.04,225.32,226.42,227.48,227.76,225.98
653,228.82,225.86,229.6,227.1,228.02,225.32,226.38,227.48,227.76,225.96
654,228.82,225.84,229.6,227.08,228.0,225.28,226.38,227.48,227.74,225.96
655,228.82,225.84,229.58,227.08,228.0,225.28,226.38,227.44,227.74,225.96
656,228.76,225.82,229.56,227.08,228.0,225.22,226.36,227.38,227.74,225.96
657,228.74,225.8,229.54,227.08,227.96,225.22,226.36,227.38,227.7,225.96
658,228.74,225.78,229.52,227.08,227.92,225.16,226.34,227.38,227.7,225.96
659,228.74,225.78,229.52,227.08,227.92,225.16,226.34,227.38,227.68,225.96
660,228.74,225.76,229.52,227.04,227.92,225.14,226.34,227.38,227.68,225.96
661,228.72,225.74,229.52,227.04,227.88,225.12,226.34,227.38,227.66,225.96
662,228.72,225.72,229.52,227.02,227.88,225.12,226.32,227.38,227.66,225.96
663,228.72,225.72,229.52,227.02,227.88,225.08,226.32,227.32,227.66,225.94
664,228.72,225.72,229.5,227.02,227.88,225.08,226.32,227.32,227.66,225.94
665,228.72,225.72,229.5,226.98,227.86,225.08,226.32,227.3,227.66,225.94
666,228.72,225.7,229.5,226.98,227.86,225.08,226.32,227.28,227.66,225.94
667,228.72,225.7,229.5,226.98,227.86,225.08,226.32,227.28,227.66,225.94
668,228.72,225.68,229.44,226.98,227.86,225.08,226.32,227.28,227.66,225.94
669,228.72,225.66,229.42,226.98,227.86,225.08,226.32,227.26,227.66,225.94
670,228.72,225.66,229.4,226.98,227.86,225.06,226.32,227.26,227.66,225.94
671,228.72,225.62,229.4,226.98,227.86,225.04,226.3,227.26,227.64,225.92
672,228.66,225.62,229.4,226.98,227.84,225.04,226.26,227.26,227.64,225.92
673,228.66,225.62,229.4,226.94,227.82,225.04,226.22,227.26,227.62,225.92
674,228.66,225.6,229.4,226.92,227.8,225.02,226.2,227.26,227.62,225.92
675,228.6,225.6,229.4,226.92,227.8,225.02,226.16,227.26,227.62,225.88
676,228.58,225.6,229.4,226.9,227.76,225.02,226.16,227.24,227.62,225.86
677,228.58,225.6,229.4,226.9,227.74,225.02,226.14,227.24,227.62,225.86
678,228.58,225.6,229.4,226.9,227.74,225.02,226.12,227.22,227.6,225.86
679,228.52,225.6,229.38,226.9,227.72,225.02,226.06,227.22,227.6,225.86
680,228.5,225.58,229.38,226.9,227.7,225.02,226.04,227.2,227.6,225.84
681,228.46,225.58,229.38,226.9,227.68,225.02,226.04,227.18,227.6,225.84
682,228.42,225.56,229.36,226.9,227.64,225.0,226.02,227.16,227.6,225.84
683,228.4,225.56,229.36,226.82,227.64,225.0,226.0,227.14,227.6,225.8
684,228.4,225.54,229.36,226.82,227.64,225.0,226.0,227.12,227.6,225.8
685,228.4,225.54,229.32,226.82,227.62,225.0,226.0,227.12,227.6,225.78
686,228.36,225.54,229.32,226.82,227.62,225.0,226.0,227.1,227.58,225.78
687,228.36,225.54,229.32,226.82,227.62,225.0,226.0,227.06,227.56,225.78
688,228.36,225.54,229.3,226.8,227.6,224.94,226.0,227.06,227.56,225.78
689,228.36,225.54,229.28,226.8,227.6,224.94,226.0,227.06,227.56,225.78
690,228.36,225.52,229.26,226.8,227.6,224.9,226.0,227.06,227.54,225.76
691,228.36,225.5,229.24,226.8,227.58,224.9,226.0,227.02,227.54,225.76
692,228.32,225.5,229.24,226.8,227.58,224.9,226.0,227.02,227.54,225.74
693,228.32,225.5,229.24,226.78,227.58,224.88,226.0,227.0,227.54,225.74
694,228.32,225.46,229.22,226.78,227.58,224.88,226.0,227.0,227.54,225.74
695,228.32,225.44,229.22,226.78,227.54,224.86,226.0,227.0,227.54,225.72
696,228.3,225.44,229.22,226.78,227.52,224.86,225.98,227.0,227.54,225.72
697,228.3,225.42,229.22,226.78,227.52,224.84,225.98,227.0,227.52,225.7
698,228.3,225.4,229.22,226.78,227.52,224.82,225.98,226.98,227.52,225.7
699,228.28,225.38,229.22,226.78,227.52,224.8,225.98,226.96,227.44,225.7
700,228.26,225.34,229.22,226.76,227.52,224.8,225.98,226.96,227.4,225.7
701,228.26,225.34,229.2,226.74,227.52,224.76,225.96,226.96,227.4,225.7
702,228.26,225.34,229.18,226.74,227.52,224.7,225.94,226.96,227.4,225.68
703,228.26,225.32,229.18,226.72,227.52,224.7,225.94,226.94,227.4,225.68
704,228.26,225.3,229.18,226.72,227.5,224.68,225.94,226.92,227.4,225.64
705,228.22,225.3,229.14,226.72,227.48,224.68,225.94,226.92,227.4,225.62
706,228.22,225.28,229.1,226.72,227.48,224.68,225.94,226.9,227.38,225.58
707,228.2,225.28,229.1,226.72,227.46,224.64,225.94,226.9,227.32,225.58
708,228.2,225.28,229.08,226.72,227.44,224.64,225.94,226.9,227.3,225.58
709,228.2,225.26,229.02,226.72,227.42,224.62,225.92,226.88,227.3,225.58
710,228.2,225.24,229.02,226.72,227.42,224.62,225.9,226.88,227.28,225.58
711,228.18,225.24,229.02,226.72,227.4,224.62,225.9,226.88,227.28,225.58
712,228.18,225.24,229.02,226.72,227.38,224.6,225.9,226.86,227.28,225.58
713,228.18,225.24,229.02,226.72,227.36,224.58,225.88,226.84,227.26,225.58
714,228.14,225.24,229.02,226.72,227.36,224.56,225.86,226.84,227.26,225.56
715,228.1,225.24,229.02,226.72,227.36,224.56,225.86,226.82,227.22,225.56
716,228.08,225.22,229.02,226.7,227.34,224.56,225.84,226.82,227.22,225.56
717,228.08,225.2,229.02,226.7,227.34,224.56,225.8,226.82,227.22,225.56
718,228.08,225.2,229.02,226.7,227.34,224.56,225.8,226.82,227.22,225.54
719,228.08,225.2,229.02,226.7,227.32,224.54,225.78,226.82,227.2,225.54
720,228.08,225.18,228.98,226.7,227.32,224.54,225.78,226.8,227.2,225.52
721,228.06,225.18,228.96,226.7,227.32,224.52,225.76,226.8,227.2,225.52
722,228.06,225.18,228.96,226.7,227.32,224.5,225.76,226.8,227.2,225.52
723,228.06,225.18,228.94,226.68,227.3,224.5,225.76,226.8,227.18,225.5
724,228.02,225.16,228.94,226.66,227.24,224.5,225.74,226.8,227.16,225.48
725,228.02,225.16,228.94,226.66,227.24,224.48,225.74,226.8,227.16,225.48
726,227.98,225.16,228.94,226.66,227.22,224.48,225.74,226.78,227.16,225.44
727,227.98,225.14,228.94,226.66,227.2,224.48,225.74,226.78,227.16,225.44
728,227.98,225.14,228.92,226.66,227.2,224.48,225.74,226.78,227.14,225.44
729,227.98,225.14,228.9,226.64,227.2,224.46,225.74,226.78,227.12,225.44
730,227.98,225.08,228.9,226.6,227.2,224.46,225.72,226.74,227.08,225.42
731,227.96,225.08,228.9,226.6,227.2,224.46,225.72,226.74,227.08,225.42
732,227.94,225.08,228.9,226.6,227.2,224.46,225.72,226.7,227.08,225.4
733,227.88,225.04,228.9,226.6,227.18,224.42,225.72,226.7,227.08,225.4
734,227.88,225.02,228.9,226.58,227.18,224.42,225.72,226.7,227.08,225.4
735,227.84,225.02,228.9,226.58,227.16,224.4,225.72,226.68,227.08,225.4
736,227.84,225.0,228.88,226.56,227.16,224.38,225.72,226.68,227.08,225.4
737,227.84,225.0,228.88,226.56,227.14,224.36,225.72,226.68,227.08,225.38
738,227.84,225.0,228.88,226.52,227.14,224.34,225.68,226.66,227.08,225.38
739,227.82,225.0,228.88,226.5,227.12,224.32,225.68,226.66,227.06,225.38
740,227.82,224.98,228.88,226.5,227.12,224.28,225.68,226.66,227.04,225.38
741,227.8,224.96,228.84,226.5,227.1,224.28,225.68,226.64,227.04,225.36
742,227.78,224.94,228.8,226.5,227.1,224.26,225.68,226.6,227.04,225.34
743,227.78,224.94,228.78,226.48,227.1,224.26,225.68,226.6,227.04,225.32
744,227.78,224.94,228.74,226.48,227.1,224.26,225.68,226.6,226.98,225.32
745,227.78,224.94,228.7,226.46,227.08,224.26,225.64,226.6,226.98,225.32
746,227.76,224.92,228.7,226.46,227.06,224.24,225.64,226.56,226.98,225.3
747,227.76,224.88,228.7,226.44,227.06,224.24,225.62,226.56,226.98,225.3
748,227.74,224.88,228.7,226.44,227.06,224.22,225.62,226.56,226.96,225.3
749,227.72,224.86,228.7,226.42,227.06,224.22,225.62,226.54,226.94,225.28
750,227.72,224.86,228.7,226.42,227.06,224.22,225.62,226.54,226.94,225.28
751,227.72,224.86,228.68,226.4,227.04,224.22,225.6,226.54,226.94,225.28
752,227.68,224.84,228.68,226.4,227.04,224.22,225.6,226.52,226.92,225.28
753,227.68,224.84,228.64,226.4,227.04,224.2,225.58,226.52,226.92,225.26
754,227.66,224.84,228.62,226.4,227.04,224.2,225.58,226.52,226.92,225.24
755,227.66,224.84,228.6,226.4,227.04,224.2,225.56,226.5,226.9,225.22
756,227.66,224.84,228.6,226.4,227.04,224.2,225.54,226.44,226.9,225.22
757,227.66,224.84,228.6,226.38,227.04,224.2,225.54,226.42,226.8,225.22
758,227.64,224.84,228.6,226.38,227.0,224.2,225.54,226.4,226.8,225.22
759,227.64,224.84,228.58,226.38,226.98,224.2,225.54,226.4,226.8,225.22
760,227.64,224.84,228.56,226.36,226.94,224.2,225.54,226.4,226.8,225.22
761,227.64,224.84,228.56,226.36,226.94,224.18,225.54,226.38,226.78,225.22
762,227.64,224.82,228.56,226.36,226.94,224.16,225.54,226.38,226.78,225.2
763,227.62,224.82,228.56,226.34,226.94,224.16,225.54,226.36,226.78,225.18
764,227.62,224.82,228.56,226.34,226.92,224.16,225.52,226.36,226.78,225.18
765,227.62,224.82,228.56,226.34,226.92,224.16,225.52,226.34,226.78,225.18
766,227.62,224.82,228.56,226.34,226.9,224.16,225.5,226.34,226.76,225.18
767,227.54,224.82,228.56,226.34,226.9,224.16,225.48,226.32,226.74,225.18
768,227.5,224.8,228.56,226.32,226.9,224.14,225.48,226.32,226.74,225.16
769,227.46,224.8,228.54,226.32,226.9,224.14,225.48,226.32,226.74,225.14
770,227.4,224.74,228.54,226.32,226.9,224.14,225.48,226.3,226.72,225.12
771,227.4,224.74,228.54,226.32,226.86,224.14,225.48,226.3,226.72,225.12
772,227.4,224.72,228.54,226.3,226.86,224.14,225.46,226.28,226.72,225.12
773,227.38,224.72,228.54,226.28,226.86,224.14,225.46,226.28,226.72,225.12
774,227.36,224.7,228.54,226.28,226.86,224.14,225.46,226.28,226.72,225.12
775,227.36,224.68,228.54,226.28,226.84,224.14,225.44,226.28,226.72,225.1
776,227.34,224.64,228.54,226.28,226.84,224.14,225.44,226.28,226.7,225.1
777,227.34,224.62,228.52,226.28,226.84,224.14,225.44,226.28,226.7,225.1
778,227.34,224.62,228.46,226.28,226.84,224.14,225.4,226.28,226.7,225.1
779,227.34,224.62,228.46,226.26,226.82,224.14,225.38,226.28,226.68,225.1
780,227.34,224.58,228.44,226.24,226.82,224.14,225.36,226.28,226.66,225.1
781,227.34,224.56,228.42,226.24,226.82,224.12,225.36,226.28,226.66,225.1
782,227.34,224.54,228.42,226.22,226.8,224.1,225.36,226.28,226.64,225.1
783,227.34,224.54,228.4,226.22,226.76,224.08,225.36,226.28,226.64,225.1
784,227.34,224.52,228.38,226.2,226.76,224.08,225.36,226.28,226.62,225.1
785,227.34,224.5,228.36,226.18,226.74,224.08,225.36,226.28,226.62,225.1
786,227.34,224.5,228.36,226.18,226.72,224.06,225.36,226.28,226.62,225.1
787,227.32,224.5,228.32,226.18,226.68,224.06,225.36,226.26,226.6,225.1
788,227.3,224.5,228.32,226.18,226.64,224.06,225.36,226.26,226.6,225.1
789,227.3,224.5,228.3,226.18,226.64,224.06,225.36,226.24,226.6,225.1
790,227.3,224.5,228.3,226.18,226.58,224.06,225.36,226.24,226.6,225.1
791,227.3,224.5,228.3,226.16,226.56,224.06,225.34,226.24,226.6,225.1
792,227.28,224.48,228.3,226.16,226.54,224.04,225.34,226.24,226.58,225.08
793,227.28,224.48,228.24,226.14,226.54,224.04,225.32,226.24,226.56,225.04
794,227.26,224.48,228.22,226.14,226.5,224.04,225.32,226.24,226.56,225.02
795,227.26,224.48,228.22,226.14,226.5,224.02,225.24,226.24,226.54,225.02
796,227.26,224.48,228.22,226.12,226.5,224.02,225.24,226.24,226.54,225.0
797,227.26,224.48,228.18,226.1,226.48,224.02,225.24,226.24,226.5,224.98
798,227.24,224.44,228.18,226.1,226.46,224.02,225.24,226.2,226.5,224.98
799,227.24,224.42,228.16,226.1,226.44,224.02,225.24,226.2,226.5,224.94
800,227.24,224.42,228.16,226.1,226.44,224.02,225.24,226.18,226.48,224.94
801,227.24,224.42,228.14,226.1,226.44,224.02,225.24,226.18,226.48,224.94
802,227.22,224.42,228.14,226.1,226.42,224.02,225.24,226.14,226.48,224.94
803,227.22,224.4,228.14,226.1,226.42,224.0,225.24,226.12,226.48,224.94
804,227.2,224.4,228.14,226.1,226.4,224.0,225.24,226.1,226.48,224.94
805,227.2,224.4,228.14,226.1,226.4,224.0,225.22,226.1,226.48,224.94
806,227.2,224.4,228.14,226.1,226.38,224.0,225.22,226.1,226.46,224.94
807,227.18,224.4,228.12,226.08,226.38,223.96,225.18,226.1,226.46,224.92
808,227.16,224.38,228.1,226.08,226.36,223.96,225.18,226.1,226.46,224.92
809,227.14,224.38,228.06,226.08,226.34,223.96,225.18,226.1,226.44,224.92
810,227.14,224.36,228.06,226.08,226.32,223.96,225.18,226.1,226.4,224.92
811,227.14,224.32,228.04,226.04,226.32,223.96,225.16,226.08,226.38,224.92
812,227.12,224.3,228.04,226.02,226.32,223.96,225.16,226.08,226.38,224.92
813,227.1,224.28,228.04,226.02,226.3,223.96,225.14,226.08,226.38,224.9
814,227.1,224.26,228.04,226.02,226.3,223.96,225.12,226.08,226.38,224.9
815,227.02,224.26,228.04,226.02,226.3,223.96,225.1,226.08,226.38,224.88
816,227.0,224.26,228.02,225.98,226.3,223.94,225.1,226.08,226.38,224.88
817,227.0,224.24,228.02,225.98,226.3,223.94,225.06,226.08,226.38,224.84
818,227.0,224.24,228.02,225.96,226.3,223.9,225.04,226.08,226.38,224.84
819,226.98,224.24,228.02,225.94,226.28,223.86,225.04,226.08,226.36,224.84
820,226.96,224.24,228.02,225.94,226.28,223.86,225.04,226.08,226.32,224.82
821,226.96,224.24,228.0,225.94,226.28,223.86,225.04,226.06,226.3,224.82
822,226.94,224.24,228.0,225.92,226.28,223.86,225.04,226.06,226.3,224.8
823,226.94,224.24,228.0,225.92,226.22,223.84,225.04,226.06,226.28,224.8
824,226.92,224.24,227.98,225.9,226.22,223.84,225.02,226.06,226.28,224.8
825,226.92,224.24,227.98,225.88,226.2,223.84,225.02,226.06,226.28,224.8
826,226.9,224.24,227.98,225.86,226.16,223.84,225.0,226.06,226.26,224.78
827,226.9,224.24,227.98,225.86,226.14,223.82,224.96,226.06,226.26,224.78
828,226.9,224.24,227.98,225.84,226.14,223.82,224.96,226.06,226.26,224.78
829,226.88,224.24,227.96,225.84,226.14,223.82,224.96,226.06,226.26,224.78
830,226.88,224.24,227.96,225.84,226.14,223.82,224.96,226.02,226.24,224.78
831,226.84,224.24,227.96,225.84,226.14,223.82,224.96,226.0,226.2,224.78
832,226.82,224.22,227.94,225.84,226.08,223.82,224.96,226.0,226.18,224.78
833,226.8,224.22,227.94,225.82,226.08,223.82,224.94,225.98,226.18,224.78
834,226.8,224.22,227.94,225.82,226.08,223.82,224.92,225.98,226.18,224.78
835,226.78,224.22,227.94,225.82,226.06,223.82,224.92,225.96,226.18,224.76
836,226.78,224.2,227.94,225.82,226.06,223.82,224.92,225.96,226.18,224.76
837,226.78,224.2,227.94,225.82,226.06,223.82,224.9,225.96,226.16,224.74
838,226.78,224.2,227.9,225.82,226.06,223.82,224.9,225.94,226.16,224.72
839,226.76,224.18,227.88,225.8,226.06,223.82,224.9,225.92,226.16,224.72
840,226.76,224.16,227.88,225.78,226.06,223.82,224.9,225.9,226.16,224.72
841,226.76,224.14,227.88,225.78,226.06,223.82,224.9,225.9,226.16,224.72
842,226.74,224.14,227.88,225.78,226.06,223.82,224.86,225.9,226.16,224.7
843,226.74,224.12,227.86,225.78,226.06,223.78,224.86,225.9,226.16,224.66
844,226.74,224.1,227.84,225.78,226.06,223.76,224.8,225.9,226.16,224.66
845,226.74,224.1,227.84,225.76,226.06,223.76,224.8,225.9,226.16,224.64
846,226.74,224.1,227.84,225.76,226.04,223.74,224.8,225.86,226.16,224.64
847,226.72,224.1,227.84,225.72,226.04,223.74,224.8,225.84,226.14,224.64
848,226.7,224.1,227.84,225.72,226.04,223.74,224.8,225.82,226.14,224.64
849,226.68,224.1,227.84,225.72,226.02,223.74,224.78,225.82,226.14,224.64
850,226.68,224.1,227.84,225.72,226.02,223.74,224.78,225.78,226.14,224.64
851,226.66,224.08,227.84,225.7,226.02,223.72,224.78,225.78,226.12,224.62
852,226.66,224.08,227.84,225.68,226.02,223.72,224.78,225.74,226.08,224.62
853,226.66,224.08,227.84,225.66,226.0,223.72,224.78,225.74,226.06,224.62
854,226.66,224.08,227.84,225.64,225.96,223.72,224.78,225.7,226.06,224.62
855,226.66,224.08,227.82,225.62,225.96,223.72,224.78,225.68,226.06,224.6
856,226.66,224.08,227.82,225.62,225.96,223.68,224.78,225.68,226.06,224.6
857,226.66,224.08,227.8,225.62,225.96,223.68,224.78,225.68,226.06,224.58
858,226.66,224.08,227.8,225.62,225.96,223.66,224.74,225.68,226.06,224.58
859,226.66,224.08,227.8,225.6,225.96,223.66,224.74,225.68,226.04,224.58
860,226.64,224.06,227.78,225.6,225.96,223.66,224.74,225.64,226.02,224.56
861,226.64,224.04,227.78,225.6,225.96,223.66,224.74,225.62,226.02,224.56
862,226.64,224.02,227.78,225.6,225.96,223.64,224.74,225.62,226.02,224.56
863,226.64,224.02,227.78,225.58,225.94,223.62,224.74,225.6,226.0,224.56
864,226.62,224.02,227.78,225.58,225.94,223.62,224.74,225.6,225.96,224.52
865,226.6,224.02,227.76,225.58,225.94,223.6,224.74,225.6,225.94,224.52
866,226.6,224.02,227.76,225.58,225.9,223.6,224.74,225.6,225.94,224.52
867,226.6,224.0,227.76,225.58,225.9,223.6,224.74,225.6,225.92,224.52
868,226.6,223.98,227.76,225.56,225.9,223.58,224.74,225.58,225.9,224.52
869,226.6,223.96,227.74,225.56,225.9,223.54,224.74,225.58,225.9,224.52
870,226.54,223.96,227.72,225.56,225.9,223.52,224.74,225.54,225.88,224.52
871,226.52,223.94,227.7,225.56,225.9,223.52,224.74,225.52,225.88,224.52
872,226.52,223.94,227.7,225.56,225.88,223.52,224.74,225.48,225.88,224.52
873,226.52,223.94,227.7,225.56,225.88,223.48,224.74,225.48,225.88,224.52
874,226.52,223.94,227.7,225.56,225.86,223.46,224.74,225.48,225.88,224.5
875,226.52,223.94,227.7,225.56,225.86,223.46,224.74,225.48,225.88,224.48
876,226.52,223.94,227.7,225.56,225.86,223.46,224.74,225.48,225.88,224.46
877,226.5,223.94,227.7,225.56,225.86,223.44,224.74,225.44,225.88,224.46
878,226.5,223.94,227.7,225.54,225.84,223.44,224.74,225.44,225.88,224.44
879,226.5,223.94,227.7,225.54,225.84,223.44,224.72,225.44,225.88,224.44
880,226.48,223.94,227.7,225.54,225.82,223.44,224.72,225.42,225.88,224.44
881,226.48,223.94,227.7,225.54,225.82,223.44,224.72,225.4,225.86,224.42
882,226.48,223.92,227.68,225.54,225.82,223.42,224.72,225.4,225.86,224.42
883,226.48,223.9,227.66,225.52,225.82,223.42,224.72,225.4,225.84,224.42
884,226.48,223.9,227.66,225.52,225.76,223.4,224.7,225.4,225.82,224.42
885,226.46,223.9,227.64,225.48,225.72,223.4,224.7,225.4,225.82,224.42
886,226.46,223.88,227.64,225.48,225.68,223.4,224.68,225.4,225.82,224.4
887,226.42,223.82,227.62,225.48,225.68,223.4,224.66,225.4,225.82,224.4
888,226.4,223.82,227.6,225.48,225.68,223.4,224.66,225.4,225.82,224.38
889,226.4,223.82,227.58,225.46,225.68,223.38,224.66,225.4,225.82,224.38
890,226.4,223.82,227.58,225.46,225.68,223.38,224.64,225.4,225.8,224.38
891,226.4,223.82,227.56,225.46,225.66,223.38,224.62,225.4,225.76,224.36
892,226.4,223.82,227.52,225.46,225.66,223.38,224.62,225.4,225.76,224.36
893,226.4,223.82,227.52,225.46,225.66,223.38,224.62,225.4,225.76,224.36
894,226.38,223.82,227.52,225.46,225.62,223.38,224.62,225.4,225.76,224.36
895,226.38,223.8,227.52,225.46,225.62,223.38,224.62,225.4,225.76,224.36
896,226.38,223.78,227.52,225.46,225.6,223.38,224.62,225.38,225.74,224.34
897,226.38,223.78,227.52,225.46,225.6,223.38,224.62,225.38,225.74,224.34
898,226.38,223.76,227.52,225.46,225.6,223.38,224.62,225.36,225.68,224.34
899,226.38,223.76,227.48,225.46,225.6,223.38,224.62,225.36,225.68,224.34
900,226.36,223.76,227.48,225.46,225.6,223.38,224.62,225.36,225.66,224.34
901,226.36,223.76,227.44,225.46,225.6,223.38,224.62,225.36,225.66,224.34
902,226.34,223.76,227.44,225.46,225.58,223.38,224.62,225.36,225.66,224.34
903,226.3,223.74,227.42,225.46,225.56,223.38,224.62,225.36,225.66,224.34
904,226.3,223.74,227.42,225.46,225.56,223.36,224.62,225.34,225.66,224.34
905,226.3,223.74,227.42,225.46,225.56,223.34,224.62,225.34,225.66,224.32
906,226.3,223.74,227.42,225.46,225.54,223.34,224.62,225.34,225.64,224.32
907,226.3,223.74,227.42,225.46,225.54,223.32,224.62,225.34,225.64,224.3
908,226.3,223.74,227.42,225.46,225.54,223.32,224.62,225.34,225.6,224.3
909,226.28,223.74,227.4,225.46,225.54,223.32,224.62,225.34,225.58,224.3
910,226.28,223.72,227.4,225.46,225.54,223.32,224.62,225.34,225.58,224.3
911,226.28,223.72,227.4,225.46,225.54,223.32,224.62,225.34,225.56,224.28
912,226.24,223.72,227.4,225.46,225.52,223.32,224.62,225.34,225.56,224.26
913,226.22,223.7,227.38,225.46,225.5,223.32,224.62,225.34,225.56,224.24
914,226.22,223.68,227.38,225.46,225.5,223.32,224.62,225.34,225.56,224.24
915,226.22,223.66,227.38,225.44,225.5,223.32,224.62,225.34,225.54,224.22
916,226.22,223.66,227.38,225.44,225.46,223.28,224.62,225.34,225.52,224.22
917,226.18,223.66,227.38,225.44,225.44,223.24,224.62,225.32,225.48,224.2
918,226.18,223.66,227.38,225.44,225.44,223.24,224.62,225.32,225.48,224.2
919,226.16,223.62,227.38,225.44,225.42,223.24,224.62,225.28,225.46,224.18
920,226.14,223.62,227.38,225.44,225.4,223.24,224.62,225.28,225.44,224.18
921,226.14,223.62,227.38,225.44,225.38,223.24,224.62,225.28,225.44,224.18
922,226.12,223.62,227.36,225.44,225.38,223.24,224.62,225.24,225.42,224.16
923,226.1,223.62,227.36,225.44,225.38,223.22,224.62,225.24,225.42,224.16
924,226.1,223.62,227.36,225.44,225.38,223.22,224.6,225.24,225.42,224.16
925,226.1,223.62,227.36,225.44,225.38,223.2,224.6,225.24,225.42,224.16
926,226.1,223.62,227.34,225.44,225.38,223.2,224.58,225.22,225.42,224.16
927,226.1,223.6,227.34,225.44,225.38,223.2,224.58,225.2,225.42,224.16
928,226.08,223.6,227.34,225.44,225.38,223.2,224.56,225.2,225.38,224.14
929,226.08,223.6,227.34,225.44,225.38,223.2,224.56,225.16,225.38,224.14
930,226.06,223.56,227.3,225.44,225.38,223.2,224.56,225.14,225.38,224.14
931,226.06,223.56,227.28,225.42,225.36,223.2,224.56,225.14,225.38,224.14
932,226.06,223.56,227.24,225.42,225.36,223.2,224.56,225.14,225.38,224.14
933,226.06,223.56,227.24,225.42,225.36,223.2,224.54,225.14,225.38,224.14
934,226.06,223.56,227.24,225.42,225.36,223.2,224.54,225.12,225.38,224.14
935,226.06,223.54,227.24,225.42,225.36,223.2,224.52,225.1,225.36,224.12
936,226.06,223.54,227.22,225.42,225.36,223.2,224.52,225.08,225.34,224.12
937,226.04,223.54,227.2,225.42,225.34,223.2,224.5,225.06,225.34,224.1
938,226.02,223.54,227.2,225.4,225.34,223.2,224.5,225.06,225.34,224.08
939,226.02,223.52,227.2,225.38,225.34,223.2,224.5,225.02,225.34,224.08
940,226.02,223.52,227.18,225.38,225.34,223.2,224.48,225.02,225.34,224.08
941,226.02,223.52,227.18,225.38,225.34,223.2,224.48,225.02,225.34,224.08
942,226.02,223.52,227.18,225.38,225.34,223.2,224.48,225.02,225.34,224.06
943,226.02,223.52,227.16,225.38,225.34,223.2,224.46,225.02,225.34,224.06
944,226.0,223.5,227.16,225.38,225.34,223.16,224.46,225.0,225.34,224.06
945,226.0,223.48,227.16,225.38,225.34,223.16,224.46,225.0,225.32,224.06
946,226.0,223.48,227.16,225.38,225.34,223.16,224.46,225.0,225.32,224.06
947,225.98,223.48,227.16,225.38,225.34,223.14,224.46,225.0,225.3,224.06
948,225.96,223.48,227.16,225.38,225.32,223.14,224.46,225.0,225.28,224.06
949,225.94,223.48,227.16,225.38,225.32,223.14,224.46,225.0,225.28,224.04
950,225.94,223.48,227.16,225.36,225.3,223.14,224.46,225.0,225.28,224.04
951,225.94,223.48,227.12,225.36,225.28,223.14,224.46,225.0,225.28,224.04
952,225.94,223.48,227.12,225.36,225.26,223.14,224.44,224.96,225.26,224.02
953,225.94,223.48,227.12,225.36,225.24,223.14,224.4,224.92,225.26,224.02
954,225.94,223.48,227.12,225.36,225.2,223.14,224.38,224.9,225.26,223.98
955,225.92,223.46,227.1,225.36,225.18,223.14,224.38,224.9,225.26,223.98
956,225.92,223.44,227.1,225.36,225.14,223.14,224.38,224.9,225.26,223.98
957,225.92,223.42,227.1,225.36,225.14,223.14,224.38,224.9,225.26,223.96
958,225.92,223.42,227.1,225.36,225.14,223.12,224.38,224.9,225.26,223.96
959,225.9,223.4,227.1,225.34,225.14,223.12,224.38,224.9,225.26,223.96
960,225.9,223.4,227.1,225.32,225.14,223.12,224.38,224.9,225.26,223.96
961,225.88,223.4,227.1,225.32,225.14,223.12,224.38,224.9,225.26,223.94
962,225.88,223.38,227.1,225.32,225.12,223.1,224.38,224.9,225.26,223.94
963,225.88,223.38,227.1,225.32,225.12,223.1,224.38,224.9,225.26,223.94
964,225.88,223.36,227.1,225.3,225.12,223.06,224.38,224.9,225.26,223.94
965,225.86,223.36,227.08,225.3,225.12,223.06,224.38,224.9,225.26,223.94
966,225.86,223.34,227.08,225.3,225.12,223.04,224.38,224.9,225.24,223.94
967,225.84,223.34,227.08,225.3,225.12,223.04,224.38,224.9,225.24,223.94
968,225.82,223.34,227.06,225.3,225.12,223.02,224.36,224.9,225.24,223.94
969,225.8,223.34,227.06,225.3,225.12,223.02,224.36,224.88,225.24,223.92
970,225.78,223.34,227.06,225.3,225.1,223.02,224.36,224.82,225.24,223.92
971,225.74,223.34,227.06,225.3,225.1,223.02,224.36,224.82,225.22,223.9
972,225.74,223.34,227.06,225.3,225.1,223.02,224.36,224.78,225.2,223.88
973,225.74,223.34,227.06,225.3,225.1,223.02,224.36,224.74,225.2,223.88
974,225.72,223.3,227.06,225.3,225.1,223.0,224.36,224.74,225.2,223.88
975,225.72,223.28,227.06,225.28,225.1,223.0,224.34,224.72,225.2,223.88
976,225.72,223.28,227.06,225.26,225.1,223.0,224.32,224.7,225.18,223.88
977,225.72,223.28,227.06,225.26,225.1,223.0,224.32,224.68,225.18,223.88
978,225.68,223.28,227.06,225.26,225.1,223.0,224.32,224.68,225.18,223.88
979,225.68,223.28,227.06,225.26,225.1,223.0,224.32,224.68,225.18,223.88
980,225.68,223.28,227.06,225.26,225.1,223.0,224.32,224.66,225.14,223.88
981,225.68,223.28,227.06,225.26,225.1,223.0,224.32,224.66,225.14,223.88
982,225.66,223.28,227.06,225.26,225.1,222.98,224.32,224.64,225.14,223.88
983,225.66,223.28,227.04,225.26,225.1,222.94,224.32,224.62,225.14,223.88
984,225.66,223.28,227.04,225.24,225.1,222.92,224.3,224.62,225.14,223.88
985,225.64,223.26,227.04,225.24,225.1,222.9,224.24,224.62,225.14,223.86
986,225.62,223.24,227.04,225.24,225.1,222.9,224.24,224.62,225.14,223.86
987,225.62,223.24,227.04,225.24,225.1,222.86,224.24,224.62,225.14,223.86
988,225.62,223.22,226.98,225.22,225.1,222.86,224.24,224.62,225.14,223.86
989,225.62,223.22,226.98,225.22,225.1,222.84,224.22,224.62,225.14,223.86
990,225.6,223.22,226.98,225.22,225.08,222.84,224.22,224.62,225.12,223.86
991,225.6,223.18,226.98,225.22,225.08,222.84,224.2,224.62,225.12,223.84
992,225.6,223.18,226.98,225.22,225.08,222.84,224.2,224.62,225.12,223.82
993,225.58,223.16,226.96,225.2,225.06,222.84,224.2,224.62,225.12,223.82
994,225.56,223.16,226.94,225.2,225.06,222.84,224.2,224.62,225.12,223.78
995,225.56,223.16,226.92,225.2,225.06,222.84,224.2,224.6,225.1,223.78
996,225.56,223.14,226.9,225.2,225.06,222.84,224.18,224.6,225.1,223.78
997,225.56,223.14,226.9,225.2,225.06,222.82,224.18,224.6,225.1,223.78
998,225.56,223.14,226.9,225.2,225.04,222.82,224.16,224.6,225.1,223.78
999,225.54,223.14,226.9,225.2,225.04,222.82,224.16,224.6,225.1,223.74
1000,225.54,223.14,226.88,225.2,225.04,222.82,224.16,224.52,225.1,223.74
1001,225.54,223.14,226.86,225.2,225.02,222.82,224.16,224.52,225.1,223.74
1002,225.5,223.14,226.86,225.2,225.02,222.82,224.16,224.5,225.08,223.74
1003,225.5,223.1,226.86,225.16,225.02,222.82,224.16,224.5,225.08,223.7
1004,225.48,223.1,226.84,225.16,224.98,222.82,224.16,224.48,225.06,223.7
1005,225.46,223.1,226.84,225.1,224.98,222.82,224.16,224.46,225.06,223.7
1006,225.46,223.08,226.82,225.08,224.98,222.82,224.16,224.44,225.04,223.7
1007,225.46,223.08,226.82,225.06,224.98,222.82,224.14,224.44,225.04,223.68
1008,225.46,223.08,226.82,225.04,224.98,222.82,224.14,224.44,225.04,223.68
1009,225.44,223.08,226.82,225.04,224.98,222.82,224.14,224.44,225.04,223.68
1010,225.44,223.08,226.74,225.04,224.98,222.82,224.14,224.44,225.0,223.68
1011,225.44,223.08,226.74,225.04,224.98,222.8,224.12,224.44,224.98,223.68
1012,225.44,223.08,226.7,225.04,224.98,222.8,224.12,224.42,224.98,223.68
1013,225.44,223.06,226.7,225.04,224.98,222.8,224.12,224.42,224.96,223.68
1014,225.44,223.06,226.68,225.04,224.98,222.78,224.12,224.42,224.96,223.68
1015,225.44,223.06,226.68,225.04,224.98,222.78,224.1,224.4,224.96,223.68
1016,225.44,223.06,226.66,225.04,224.98,222.78,224.1,224.4,224.94,223.68
1017,225.44,223.06,226.62,225.04,224.98,222.78,224.08,224.4,224.92,223.66
1018,225.42,223.06,226.62,225.04,224.98,222.78,224.08,224.4,224.92,223.66
1019,225.42,223.06,226.62,225.04,224.98,222.76,224.08,224.38,224.92,223.66
1020,225.4,223.06,226.62,225.04,224.98,222.76,224.06,224.36,224.92,223.66
1021,225.38,223.06,226.62,225.04,224.98,222.76,224.04,224.36,224.9,223.66
1022,225.38,223.04,226.62,225.02,224.98,222.76,224.04,224.34,224.9,223.66
1023,225.36,223.02,226.62,225.02,224.98,222.76,224.0,224.34,224.88,223.62
1024,225.34,223.0,226.62,225.02,224.98,222.76,224.0,224.34,224.86,223.62
1025,225.34,223.0,226.6,225.02,224.96,222.76,224.0,224.34,224.86,223.62
1026,225.34,222.98,226.6,225.02,224.94,222.76,224.0,224.34,224.86,223.62
1027,225.34,222.98,226.6,225.02,224.94,222.76,224.0,224.34,224.86,223.62
1028,225.34,222.96,226.6,225.02,224.94,222.76,224.0,224.34,224.86,223.6
1029,225.34,222.96,226.6,225.02,224.94,222.76,224.0,224.34,224.86,223.58
1030,225.34,222.96,226.6,224.96,224.92,222.76,224.0,224.34,224.86,223.58
1031,225.34,222.92,226.6,224.96,224.92,222.76,224.0,224.32,224.86,223.58
1032,225.3,222.92,226.6,224.96,224.9,222.76,224.0,224.32,224.86,223.58
1033,225.3,222.92,226.58,224.96,224.9,222.74,223.94,224.32,224.86,223.58
1034,225.28,222.92,226.58,224.94,224.86,222.74,223.94,224.28,224.86,223.58
1035,225.28,222.92,226.56,224.94,224.86,222.72,223.92,224.26,224.86,223.58
1036,225.28,222.9,226.56,224.94,224.86,222.72,223.92,224.26,224.86,223.58
1037,225.28,222.88,226.56,224.94,224.86,222.72,223.9,224.26,224.86,223.58
1038,225.28,222.86,226.52,224.92,224.86,222.72,223.9,224.26,224.86,223.58
1039,225.28,222.86,226.52,224.92,224.86,222.72,223.9,224.26,224.86,223.58
1040,225.26,222.86,226.52,224.92,224.86,222.72,223.9,224.26,224.86,223.58
1041,225.26,222.86,226.52,224.9,224.86,222.72,223.9,224.26,224.86,223.58
1042,225.26,222.86,226.52,224.9,224.84,222.72,223.88,224.26,224.84,223.58
1043,225.26,222.86,226.52,224.9,224.84,222.72,223.88,224.26,224.8,223.58
1044,225.26,222.86,226.5,224.9,224.84,222.72,223.88,224.26,224.8,223.58
1045,225.26,222.84,226.5,224.9,224.84,222.72,223.88,224.26,224.8,223.58
1046,225.26,222.84,226.5,224.9,224.84,222.7,223.88,224.24,224.8,223.58
1047,225.24,222.84,226.48,224.9,224.84,222.7,223.88,224.24,224.8,223.56
1048,225.24,222.84,226.48,224.9,224.84,222.7,223.84,224.24,224.76,223.56
1049,225.24,222.84,226.48,224.88,224.84,222.7,223.84,224.24,224.76,223.56
1050,225.22,222.84,226.48,224.88,224.84,222.7,223.8,224.24,224.74,223.56
1051,225.22,222.84,226.48,224.86,224.84,222.7,223.78,224.24,224.74,223.56
1052,225.2,222.82,226.48,224.86,224.82,222.7,223.76,224.22,224.72,223.56
1053,225.16,222.8,226.44,224.84,224.8,222.68,223.76,224.2,224.72,223.56
1054,225.16,222.8,226.4,224.84,224.74,222.68,223.76,224.2,224.72,223.54
1055,225.16,222.8,226.4,224.82,224.72,222.66,223.74,224.2,224.7,223.54
1056,225.16,222.8,226.4,224.8,224.72,222.66,223.74,224.2,224.7,223.54
1057,225.16,222.8,226.38,224.8,224.72,222.66,223.74,224.18,224.7,223.54
1058,225.16,222.8,226.38,224.8,224.72,222.66,223.74,224.18,224.7,223.54
1059,225.16,222.8,226.36,224.8,224.72,222.66,223.74,224.18,224.7,223.54
1060,225.16,222.8,226.36,224.8,224.72,222.66,223.74,224.18,224.68,223.52
1061,225.16,222.8,226.36,224.8,224.72,222.64,223.72,224.18,224.68,223.5
1062,225.16,222.8,226.36,224.78,224.72,222.64,223.72,224.18,224.64,223.5
1063,225.16,222.78,226.36,224.78,224.72,222.64,223.72,224.18,224.64,223.48
1064,225.16,222.78,226.36,224.78,224.72,222.64,223.72,224.16,224.62,223.46
1065,225.16,222.78,226.36,224.74,224.7,222.64,223.72,224.16,224.62,223.46
1066,225.14,222.76,226.36,224.7,224.7,222.64,223.72,224.16,224.62,223.46
1067,225.14,222.76,226.36,224.7,224.68,222.62,223.72,224.14,224.62,223.46
1068,225.12,222.76,226.36,224.7,224.68,222.6,223.72,224.12,224.6,223.44
1069,225.12,222.76,226.36,224.7,224.68,222.6,223.72,224.12,224.6,223.44
1070,225.12,222.76,226.36,224.7,224.66,222.6,223.72,224.12,224.58,223.42
1071,225.12,222.76,226.36,224.66,224.66,222.58,223.72,224.1,224.58,223.42
1072,225.12,222.74,226.34,224.64,224.66,222.58,223.72,224.06,224.56,223.42
1073,225.12,222.74,226.34,224.64,224.64,222.58,223.68,224.04,224.56,223.42
1074,225.12,222.74,226.3,224.64,224.64,222.58,223.68,224.04,224.56,223.42
1075,225.12,222.74,226.28,224.64,224.64,222.58,223.66,224.04,224.56,223.4
1076,225.12,222.74,226.28,224.64,224.64,222.56,223.66,224.04,224.56,223.4
1077,225.12,222.74,226.28,224.64,224.64,222.54,223.64,224.02,224.56,223.4
1078,225.12,222.74,226.26,224.64,224.64,222.54,223.64,224.02,224.54,223.4
1079,225.1,222.72,226.24,224.62,224.64,222.54,223.62,224.02,224.54,223.4
1080,225.1,222.72,226.24,224.62,224.62,222.54,223.62,224.02,224.54,223.38
1081,225.1,222.72,226.24,224.62,224.62,222.52,223.62,224.02,224.54,223.38
1082,225.1,222.72,226.24,224.62,224.6,222.52,223.62,223.98,224.54,223.34
1083,225.1,222.72,226.2,224.6,224.56,222.5,223.62,223.98,224.52,223.34
1084,225.1,222.72,226.2,224.6,224.56,222.5,223.62,223.98,224.52,223.32
1085,225.1,222.72,226.2,224.6,224.54,222.5,223.62,223.98,224.48,223.3
1086,225.08,222.72,226.2,224.6,224.54,222.5,223.62,223.98,224.48,223.3
1087,225.08,222.72,226.2,224.6,224.54,222.5,223.62,223.98,224.46,223.3
1088,225.08,222.72,226.2,224.6,224.54,222.5,223.62,223.96,224.46,223.28
1089,225.08,222.72,226.2,224.6,224.54,222.5,223.6,223.94,224.46,223.28
1090,225.08,222.72,226.2,224.6,224.54,222.5,223.58,223.92,224.46,223.28
1091,225.08,222.72,226.18,224.6,224.5,222.5,223.56,223.92,224.46,223.28
1092,225.08,222.72,226.18,224.6,224.48,222.48,223.56,223.92,224.46,223.28
1093,225.08,222.72,226.18,224.6,224.48,222.48,223.56,223.92,224.46,223.28
1094,225.08,222.72,226.18,224.58,224.48,222.48,223.56,223.92,224.46,223.28
1095,225.06,222.72,226.18,224.58,224.46,222.48,223.56,223.92,224.44,223.28
1096,225.06,222.7,226.16,224.58,224.46,222.48,223.56,223.92,224.44,223.28
1097,225.06,222.7,226.16,224.58,224.46,222.48,223.56,223.92,224.44,223.28
1098,225.04,222.7,226.16,224.58,224.46,222.48,223.56,223.92,224.42,223.28
1099,225.04,222.7,226.16,224.58,224.46,222.48,223.56,223.92,224.42,223.28
1100,225.02,222.7,226.16,224.58,224.46,222.48,223.54,223.92,224.4,223.28
1101,225.02,222.7,226.16,224.58,224.46,222.48,223.54,223.92,224.4,223.28
1102,225.02,222.68,226.16,224.58,224.46,222.48,223.54,223.92,224.4,223.24
1103,225.02,222.66,226.16,224.58,224.46,222.48,223.54,223.9,224.38,223.24
1104,225.02,222.66,226.16,224.58,224.44,222.48,223.54,223.9,224.38,223.24
1105,225.02,222.66,226.16,224.58,224.44,222.48,223.54,223.9,224.38,223.24
1106,225.02,222.66,226.12,224.58,224.42,222.46,223.54,223.9,224.38,223.24
1107,225.02,222.66,226.12,224.56,224.42,222.46,223.52,223.9,224.38,223.24
1108,225.02,222.66,226.12,224.56,224.42,222.46,223.48,223.9,224.38,223.24
1109,225.02,222.66,226.1,224.56,224.4,222.46,223.48,223.9,224.38,223.24
1110,225.02,222.64,226.1,224.56,224.4,222.44,223.46,223.9,224.38,223.24
1111,225.02,222.62,226.1,224.54,224.4,222.44,223.44,223.88,224.38,223.24
1112,225.02,222.6,226.1,224.52,224.4,222.44,223.44,223.88,224.36,223.24
1113,225.02,222.58,226.06,224.52,224.4,222.44,223.44,223.86,224.36,223.24
1114,225.02,222.58,226.04,224.52,224.4,222.44,223.44,223.84,224.36,223.22
1115,225.02,222.58,226.04,224.52,224.4,222.44,223.44,223.84,224.36,223.22
1116,225.02,222.58,226.04,224.5,224.4,222.44,223.42,223.82,224.36,223.22
1117,225.0,222.58,226.04,224.5,224.4,222.44,223.42,223.8,224.36,223.22
1118,225.0,222.54,226.02,224.5,224.4,222.44,223.4,223.76,224.36,223.22
1119,224.98,222.54,226.02,224.5,224.4,222.42,223.4,223.76,224.36,223.22
1120,224.98,222.52,226.02,224.5,224.4,222.42,223.4,223.76,224.34,223.22
1121,224.98,222.52,226.02,224.5,224.36,222.42,223.4,223.74,224.32,223.22
1122,224.96,222.5,226.02,224.5,224.36,222.42,223.4,223.74,224.32,223.2
1123,224.96,222.5,226.02,224.5,224.36,222.42,223.4,223.74,224.32,223.2
1124,224.96,222.48,226.02,224.48,224.36,222.42,223.38,223.74,224.3,223.2
1125,224.96,222.48,226.02,224.48,224.36,222.42,223.36,223.72,224.3,223.2
1126,224.96,222.48,226.02,224.48,224.36,222.42,223.36,223.72,224.28,223.2
1127,224.96,222.48,226.02,224.48,224.36,222.42,223.36,223.72,224.28,223.2
1128,224.96,222.48,226.02,224.48,224.36,222.42,223.36,223.72,224.28,223.2
1129,224.96,222.44,226.02,224.48,224.36,222.42,223.36,223.72,224.26,223.2
1130,224.96,222.44,225.98,224.48,224.36,222.42,223.34,223.72,224.26,223.18
1131,224.96,222.44,225.98,224.46,224.36,222.42,223.32,223.7,224.24,223.18
1132,224.96,222.42,225.98,224.46,224.36,222.42,223.32,223.7,224.24,223.18
1133,224.92,222.42,225.98,224.46,224.36,222.42,223.3,223.7,224.24,223.18
1134,224.92,222.42,225.98,224.46,224.34,222.42,223.28,223.7,224.22,223.18
1135,224.92,222.4,225.98,224.44,224.34,222.42,223.26,223.7,224.22,223.18
1136,224.92,222.38,225.98,224.44,224.34,222.42,223.24,223.68,224.22,223.18
1137,224.88,222.38,225.98,224.44,224.34,222.42,223.24,223.68,224.22,223.18
1138,224.88,222.36,225.98,224.44,224.3,222.42,223.24,223.68,224.22,223.18
1139,224.88,222.36,225.98,224.44,224.3,222.42,223.24,223.68,224.22,223.18
1140,224.88,222.36,225.96,224.44,224.3,222.42,223.24,223.68,224.22,223.18
1141,224.88,222.36,225.96,224.44,224.3,222.42,223.24,223.66,224.22,223.18
1142,224.88,222.36,225.94,224.44,224.3,222.42,223.24,223.64,224.22,223.16
1143,224.88,222.36,225.94,224.44,224.3,222.42,223.22,223.62,224.22,223.16
1144,224.88,222.36,225.94,224.42,224.3,222.42,223.22,223.62,224.2,223.16
1145,224.86,222.36,225.92,224.4,224.3,222.42,223.22,223.62,224.2,223.14
1146,224.86,222.34,225.92,224.38,224.28,222.42,223.2,223.6,224.2,223.14
1147,224.84,222.34,225.9,224.36,224.26,222.42,223.2,223.6,224.2,223.14
1148,224.84,222.32,225.9,224.36,224.24,222.42,223.2,223.58,224.2,223.14
1149,224.84,222.3,225.9,224.36,224.24,222.42,223.2,223.56,224.2,223.12
1150,224.82,222.3,225.88,224.36,224.24,222.42,223.2,223.56,224.2,223.12
1151,224.82,222.3,225.88,224.36,224.24,222.42,223.2,223.56,224.2,223.12
1152,224.82,222.3,225.88,224.36,224.2,222.42,223.18,223.54,224.2,223.12
1153,224.82,222.3,225.88,224.36,224.2,222.42,223.16,223.54,224.2,223.12
1154,224.8,222.3,225.86,224.36,224.2,222.42,223.16,223.54,224.2,223.12
1155,224.8,222.3,225.86,224.36,224.2,222.42,223.16,223.54,224.2,223.12
1156,224.8,222.3,225.86,224.34,224.2,222.42,223.16,223.54,224.2,223.12
1157,224.8,222.3,225.86,224.34,224.2,222.42,223.16,223.54,224.2,223.12
1158,224.8,222.3,225.86,224.34,224.2,222.42,223.16,223.54,224.18,223.12
1159,224.8,222.3,225.86,224.34,224.2,222.42,223.14,223.54,224.18,223.1
1160,224.8,222.3,225.86,224.34,224.18,222.42,223.14,223.54,224.16,223.1
1161,224.8,222.3,225.86,224.34,224.18,222.42,223.14,223.54,224.16,223.1
1162,224.8,222.3,225.86,224.34,224.16,222.4,223.14,223.54,224.16,223.1
1163,224.8,222.3,225.86,224.34,224.14,222.4,223.12,223.54,224.14,223.08
1164,224.8,222.3,225.86,224.34,224.12,222.4,223.12,223.54,224.12,223.08
1165,224.8,222.3,225.86,224.34,224.1,222.4,223.12,223.54,224.12,223.08
1166,224.8,222.3,225.86,224.34,224.1,222.4,223.1,223.54,224.12,223.08
1167,224.78,222.3,225.86,224.34,224.1,222.4,223.1,223.54,224.12,223.06
1168,224.78,222.28,225.84,224.34,224.1,222.4,223.1,223.54,224.12,223.06
1169,224.78,222.26,225.82,224.34,224.1,222.4,223.1,223.54,224.12,223.06
1170,224.78,222.26,225.82,224.34,224.1,222.4,223.1,223.52,224.12,223.06
1171,224.78,222.26,225.82,224.32,224.1,222.4,223.1,223.5,224.12,223.06
1172,224.78,222.26,225.8,224.32,224.1,222.4,223.08,223.5,224.12,223.02
1173,224.74,222.26,225.78,224.32,224.1,222.4,223.08,223.46,224.1,222.98
1174,224.74,222.26,225.76,224.3,224.1,222.4,223.08,223.46,224.1,222.98
1175,224.72,222.26,225.76,224.3,224.08,222.4,223.04,223.46,224.1,222.98
1176,224.72,222.26,225.76,224.3,224.06,222.4,223.04,223.46,224.08,222.98
1177,224.72,222.26,225.76,224.3,224.06,222.38,223.04,223.46,224.08,222.98
1178,224.72,222.26,225.76,224.3,224.06,222.36,223.04,223.46,224.08,222.98
1179,224.72,222.26,225.76,224.28,224.04,222.34,223.02,223.46,224.08,222.96
1180,224.72,222.24,225.74,224.26,224.02,222.34,223.02,223.46,224.08,222.92
1181,224.72,222.24,225.74,224.24,223.98,222.32,223.02,223.46,224.08,222.92
1182,224.72,222.22,225.74,224.24,223.98,222.32,223.02,223.42,224.06,222.9
1183,224.72,222.22,225.74,224.24,223.96,222.32,223.02,223.4,224.06,222.9
1184,224.72,222.2,225.74,224.24,223.92,222.32,223.02,223.4,224.06,222.9
1185,224.72,222.2,225.74,224.24,223.92,222.32,223.02,223.4,224.06,222.9
1186,224.72,222.2,225.74,224.24,223.92,222.32,223.02,223.4,224.06,222.88
1187,224.72,222.2,225.74,224.24,223.9,222.32,223.02,223.4,224.06,222.84
1188,224.72,222.2,225.74,224.24,223.9,222.32,223.02,223.4,224.06,222.84
1189,224.72,222.2,225.74,224.22,223.9,222.28,223.02,223.38,224.06,222.84
1190,224.72,222.2,225.74,224.22,223.88,222.26,223.02,223.36,224.06,222.84
1191,224.72,222.2,225.74,224.2,223.88,222.26,223.02,223.36,224.06,222.84
1192,224.72,222.2,225.74,224.18,223.88,222.26,223.02,223.36,224.06,222.84
1193,224.72,222.2,225.74,224.18,223.88,222.26,223.02,223.36,224.06,222.82
1194,224.72,222.2,225.68,224.18,223.86,222.26,223.02,223.36,224.04,222.82
1195,224.72,222.2,225.66,224.18,223.86,222.26,223.0,223.36,224.04,222.82
1196,224.72,222.2,225.66,224.16,223.86,222.26,223.0,223.34,224.04,222.82
1197,224.66,222.2,225.66,224.16,223.86,222.26,223.0,223.34,224.04,222.82
1198,224.66,222.2,225.66,224.16,223.84,222.26,223.0,223.34,224.04,222.8
1199,224.66,222.2,225.64,224.16,223.84,222.24,222.98,223.34,224.04,222.78
1200,224.66,222.2,225.64,224.16,223.84,222.24,222.98,223.34,224.04,222.78
1201,224.64,222.2,225.64,224.16,223.84,222.24,222.98,223.34,224.04,222.78
1202,224.64,222.2,225.64,224.16,223.84,222.24,222.98,223.32,224.04,222.78
1203,224.62,222.2,225.64,224.14,223.82,222.24,222.98,223.32,224.0,222.78
1204,224.62,222.16,225.62,224.14,223.8,222.22,222.98,223.3,224.0,222.78
1205,224.6,222.16,225.62,224.14,223.8,222.22,222.98,223.3,224.0,222.78
1206,224.6,222.16,225.62,224.14,223.8,222.22,222.98,223.3,224.0,222.76
1207,224.58,222.16,225.62,224.14,223.8,222.22,222.98,223.3,224.0,222.76
1208,224.58,222.16,225.62,224.14,223.8,222.22,222.98,223.3,224.0,222.76
1209,224.58,222.16,225.6,224.14,223.8,222.2,222.98,223.3,223.98,222.76
1210,224.58,222.16,225.6,224.14,223.78,222.2,222.98,223.3,223.98,222.76
1211,224.58,222.14,225.6,224.14,223.78,222.2,222.98,223.3,223.98,222.76
1212,224.56,222.14,225.6,224.14,223.78,222.2,222.98,223.3,223.98,222.76
1213,224.56,222.14,225.6,224.14,223.78,222.2,222.98,223.3,223.98,222.76
1214,224.56,222.12,225.58,224.14,223.78,222.2,222.98,223.3,223.98,222.74
1215,224.56,222.1,225.58,224.14,223.78,222.2,222.98,223.3,223.98,222.74
1216,224.56,222.1,225.58,224.12,223.78,222.2,222.98,223.3,223.98,222.74
1217,224.56,222.1,225.58,224.12,223.78,222.2,222.96,223.3,223.98,222.74
1218,224.56,222.08,225.58,224.1,223.78,222.2,222.94,223.3,223.98,222.74
1219,224.56,222.08,225.52,224.1,223.78,222.2,222.94,223.3,223.98,222.72
1220,224.56,222.06,225.52,224.1,223.78,222.2,222.94,223.3,223.96,222.72
1221,224.56,222.06,225.52,224.1,223.78,222.2,222.94,223.28,223.96,222.72
1222,224.56,222.06,225.5,224.08,223.78,222.18,222.94,223.28,223.96,222.72
1223,224.54,222.04,225.5,224.08,223.78,222.18,222.94,223.28,223.96,222.72
1224,224.54,222.02,225.5,224.08,223.78,222.18,222.94,223.28,223.96,222.7
1225,224.54,222.02,225.5,224.08,223.78,222.18,222.94,223.28,223.94,222.7
1226,224.54,222.0,225.5,224.08,223.78,222.16,222.94,223.26,223.94,222.7
1227,224.54,221.98,225.5,224.08,223.78,222.14,222.92,223.26,223.94,222.68
1228,224.52,221.98,225.5,224.08,223.78,222.14,222.9,223.26,223.92,222.68
1229,224.48,221.98,225.5,224.06,223.76,222.14,222.9,223.26,223.92,222.66
1230,224.48,221.98,225.5,224.04,223.76,222.14,222.9,223.22,223.9,222.66
1231,224.48,221.98,225.5,224.04,223.76,222.14,222.9,223.22,223.9,222.66
1232,224.48,221.96,225.5,224.04,223.72,222.14,222.9,223.22,223.9,222.66
1233,224.48,221.96,225.5,224.04,223.72,222.14,222.9,223.22,223.88,222.64
1234,224.48,221.94,225.48,224.04,223.72,222.1,222.9,223.22,223.88,222.64
1235,224.48,221.94,225.48,224.04,223.72,222.1,222.9,223.2,223.88,222.64
1236,224.48,221.94,225.46,224.04,223.7,222.08,222.9,223.2,223.88,222.64
1237,224.48,221.94,225.46,224.04,223.7,222.06,222.9,223.2,223.84,222.64
1238,224.48,221.92,225.44,224.04,223.7,222.06,222.88,223.2,223.82,222.64
1239,224.48,221.92,225.44,224.02,223.7,222.06,222.88,223.2,223.82,222.64
1240,224.48,221.92,225.42,223.98,223.68,222.06,222.88,223.16,223.82,222.62
1241,224.48,221.92,225.42,223.98,223.68,222.06,222.88,223.16,223.82,222.62
1242,224.48,221.9,225.42,223.98,223.68,222.06,222.88,223.14,223.82,222.62
1243,224.48,221.9,225.42,223.98,223.68,222.04,222.88,223.14,223.82,222.62
1244,224.44,221.9,225.42,223.98,223.68,222.04,222.88,223.14,223.82,222.6
1245,224.44,221.9,225.42,223.98,223.68,222.04,222.88,223.12,223.82,222.6
1246,224.44,221.9,225.42,223.98,223.62,222.04,222.88,223.12,223.82,222.6
1247,224.44,221.88,225.42,223.98,223.62,222.02,222.88,223.12,223.8,222.6
1248,224.42,221.86,225.4,223.98,223.62,222.02,222.88,223.12,223.8,222.6
1249,224.42,221.86,225.4,223.98,223.58,222.02,222.88,223.12,223.8,222.6
1250,224.4,221.84,225.4,223.98,223.58,222.0,222.86,223.12,223.8,222.6
1251,224.38,221.84,225.4,223.98,223.58,221.98,222.86,223.12,223.8,222.6
1252,224.38,221.82,225.38,223.98,223.58,221.98,222.86,223.12,223.8,222.58
1253,224.36,221.82,225.38,223.98,223.58,221.98,222.86,223.12,223.8,222.58
1254,224.36,221.8,225.38,223.98,223.58,221.98,222.86,223.12,223.8,222.58
1255,224.36,221.8,225.36,223.98,223.58,221.96,222.86,223.12,223.78,222.58
1256,224.36,221.78,225.36,223.98,223.58,221.96,222.86,223.12,223.78,222.58
1257,224.36,221.78,225.34,223.98,223.58,221.96,222.84,223.1,223.78,222.58
1258,224.34,221.78,225.34,223.98,223.58,221.96,222.84,223.1,223.78,222.58
1259,224.34,221.78,225.32,223.98,223.58,221.96,222.84,223.1,223.78,222.58
1260,224.32,221.78,225.3,223.98,223.58,221.96,222.84,223.1,223.78,222.58
1261,224.32,221.78,225.28,223.98,223.54,221.96,222.84,223.1,223.78,222.58
1262,224.32,221.76,225.26,223.98,223.54,221.96,222.84,223.1,223.78,222.56
1263,224.3,221.76,225.26,223.98,223.54,221.96,222.84,223.1,223.72,222.56
1264,224.3,221.76,225.26,223.98,223.5,221.96,222.84,223.1,223.7,222.56
1265,224.3,221.74,225.26,223.98,223.5,221.96,222.84,223.1,223.7,222.54
1266,224.3,221.74,225.26,223.96,223.5,221.96,222.84,223.1,223.7,222.54
1267,224.3,221.72,225.26,223.94,223.5,221.96,222.84,223.1,223.7,222.54
1268,224.28,221.72,225.24,223.94,223.5,221.96,222.84,223.1,223.7,222.54
1269,224.28,221.72,225.22,223.92,223.5,221.94,222.84,223.1,223.7,222.54
1270,224.28,221.72,225.22,223.92,223.5,221.94,222.84,223.08,223.7,222.54
1271,224.28,221.68,225.22,223.9,223.48,221.94,222.84,223.08,223.68,222.54
1272,224.28,221.68,225.22,223.88,223.48,221.94,222.84,223.08,223.66,222.54
1273,224.28,221.66,225.22,223.88,223.48,221.94,222.82,223.06,223.64,222.52
1274,224.28,221.66,225.22,223.88,223.46,221.94,222.82,223.06,223.6,222.52
1275,224.28,221.64,225.22,223.88,223.46,221.94,222.8,223.04,223.6,222.52
1276,224.28,221.62,225.22,223.88,223.44,221.94,222.8,223.04,223.58,222.52
1277,224.28,221.62,225.22,223.88,223.44,221.94,222.8,223.04,223.58,222.52
1278,224.26,221.62,225.18,223.88,223.44,221.94,222.8,223.04,223.58,222.52
1279,224.26,221.62,225.18,223.86,223.44,221.94,222.76,223.04,223.58,222.52
1280,224.24,221.62,225.16,223.86,223.42,221.94,222.76,223.04,223.58,222.52
1281,224.24,221.62,225.14,223.86,223.4,221.94,222.76,223.02,223.58,222.52
1282,224.2,221.62,225.14,223.86,223.4,221.94,222.74,223.02,223.54,222.5
1283,224.2,221.62,225.14,223.86,223.4,221.94,222.74,223.02,223.54,222.5
1284,224.2,221.62,225.14,223.86,223.4,221.94,222.74,223.0,223.54,222.5
1285,224.2,221.6,225.14,223.86,223.4,221.92,222.72,223.0,223.54,222.5
1286,224.2,221.6,225.14,223.86,223.38,221.92,222.72,223.0,223.54,222.5
1287,224.2,221.58,225.14,223.84,223.38,221.88,222.72,223.0,223.54,222.5
1288,224.2,221.58,225.12,223.84,223.38,221.88,222.72,223.0,223.54,222.5
1289,224.18,221.58,225.12,223.84,223.38,221.88,222.72,223.0,223.54,222.5
1290,224.18,221.58,225.12,223.84,223.38,221.86,222.72,223.0,223.54,222.5
1291,224.18,221.58,225.12,223.84,223.38,221.86,222.72,222.98,223.54,222.5
1292,224.18,221.56,225.12,223.84,223.38,221.86,222.72,222.94,223.54,222.5
1293,224.16,221.56,225.12,223.84,223.38,221.86,222.7,222.92,223.54,222.5
1294,224.16,221.56,225.12,223.84,223.38,221.86,222.7,222.92,223.54,222.48
1295,224.16,221.56,225.12,223.84,223.38,221.86,222.7,222.92,223.52,222.48
1296,224.16,221.54,225.1,223.84,223.38,221.86,222.7,222.9,223.52,222.48
1297,224.16,221.54,225.08,223.84,223.38,221.86,222.7,222.9,223.52,222.48
1298,224.16,221.54,225.08,223.84,223.38,221.86,222.7,222.9,223.52,222.48
1299,224.16,221.5,225.08,223.82,223.38,221.86,222.68,222.9,223.52,222.48
1300,224.16,221.5,225.08,223.82,223.38,221.86,222.68,222.9,223.52,222.48
1301,224.16,221.5,225.08,223.82,223.38,221.86,222.68,222.9,223.52,222.48
1302,224.16,221.5,225.06,223.8,223.38,221.86,222.68,222.9,223.52,222.48
1303,224.16,221.5,225.04,223.8,223.38,221.86,222.66,222.9,223.52,222.48
1304,224.16,221.5,225.04,223.78,223.38,221.86,222.64,222.9,223.52,222.46
1305,224.16,221.5,225.04,223.78,223.38,221.86,222.64,222.9,223.52,222.46
1306,224.16,221.5,225.04,223.78,223.36,221.86,222.64,222.9,223.5,222.46
1307,224.16,221.5,225.04,223.78,223.36,221.86,222.64,222.9,223.5,222.46
1308,224.16,221.48,225.04,223.78,223.34,221.86,222.62,222.9,223.5,222.46
1309,224.16,221.48,225.04,223.78,223.32,221.84,222.62,222.9,223.5,222.44
1310,224.16,221.48,225.02,223.78,223.32,221.84,222.62,222.9,223.5,222.44
1311,224.16,221.48,225.0,223.78,223.28,221.84,222.62,222.9,223.48,222.44
1312,224.16,221.48,224.96,223.78,223.28,221.84,222.6,222.9,223.48,222.44
1313,224.14,221.48,224.94,223.78,223.28,221.84,222.58,222.9,223.48,222.44
1314,224.14,221.48,224.94,223.78,223.24,221.84,222.58,222.9,223.48,222.44
1315,224.14,221.48,224.94,223.78,223.22,221.84,222.58,222.88,223.48,222.44
1316,224.12,221.48,224.92,223.78,223.22,221.84,222.58,222.88,223.48,222.44
1317,224.12,221.46,224.88,223.78,223.22,221.84,222.58,222.86,223.48,222.42
1318,224.12,221.44,224.88,223.78,223.18,221.84,222.58,222.84,223.48,222.42
1319,224.12,221.44,224.88,223.78,223.18,221.84,222.58,222.84,223.44,222.42
1320,224.12,221.44,224.88,223.78,223.18,221.84,222.58,222.84,223.44,222.42
1321,224.12,221.44,224.84,223.78,223.18,221.82,222.56,222.82,223.44,222.4
1322,224.12,221.42,224.78,223.74,223.18,221.82,222.56,222.82,223.44,222.4
1323,224.12,221.4,224.78,223.74,223.12,221.82,222.56,222.82,223.44,222.36
1324,224.1,221.4,224.76,223.72,223.1,221.82,222.56,222.82,223.44,222.36
1325,224.1,221.4,224.76,223.72,223.1,221.8,222.56,222.82,223.44,222.36
1326,224.1,221.4,224.76,223.72,223.1,221.8,222.56,222.82,223.44,222.36
1327,224.1,221.4,224.76,223.72,223.1,221.8,222.56,222.82,223.44,222.36
1328,224.1,221.4,224.74,223.72,223.08,221.8,222.56,222.82,223.44,222.34
1329,224.1,221.4,224.74,223.7,223.06,221.8,222.56,222.82,223.44,222.34
1330,224.1,221.4,224.74,223.68,223.06,221.8,222.56,222.82,223.44,222.34
1331,224.1,221.4,224.74,223.66,223.04,221.78,222.56,222.82,223.44,222.34
1332,224.1,221.4,224.72,223.66,223.04,221.78,222.56,222.82,223.4,222.34
1333,224.1,221.38,224.72,223.66,223.04,221.78,222.56,222.82,223.38,222.34
1334,224.1,221.36,224.72,223.66,223.04,221.78,222.56,222.82,223.38,222.32
1335,224.1,221.36,224.72,223.66,223.04,221.78,222.56,222.82,223.38,222.32
1336,224.1,221.36,224.7,223.66,223.04,221.76,222.56,222.82,223.38,222.32
1337,224.1,221.34,224.7,223.66,223.04,221.76,222.56,222.82,223.36,222.32
1338,224.1,221.32,224.7,223.66,223.04,221.76,222.56,222.8,223.36,222.32
1339,224.1,221.32,224.7,223.66,223.0,221.76,222.56,222.8,223.36,222.32
1340,224.08,221.32,224.7,223.64,223.0,221.76,222.56,222.78,223.36,222.32
1341,224.08,221.32,224.7,223.64,223.0,221.76,222.56,222.76,223.36,222.32
1342,224.08,221.32,224.7,223.64,223.0,221.76,222.56,222.72,223.36,222.32
1343,224.08,221.32,224.7,223.64,223.0,221.76,222.56,222.72,223.36,222.32
1344,224.08,221.32,224.7,223.64,222.98,221.76,222.56,222.7,223.34,222.32
1345,224.08,221.3,224.66,223.64,222.98,221.74,222.56,222.7,223.34,222.3
1346,224.08,221.3,224.66,223.64,222.96,221.72,222.56,222.68,223.34,222.3
1347,224.08,221.3,224.66,223.64,222.96,221.72,222.56,222.68,223.34,222.3
1348,224.08,221.28,224.64,223.64,222.94,221.72,222.56,222.68,223.34,222.3
1349,224.08,221.28,224.64,223.64,222.92,221.7,222.56,222.68,223.34,222.3
1350,224.06,221.24,224.64,223.62,222.92,221.7,222.56,222.68,223.34,222.28
1351,224.06,221.24,224.64,223.62,222.92,221.7,222.56,222.68,223.34,222.28
1352,224.06,221.22,224.62,223.62,222.92,221.7,222.56,222.66,223.32,222.26
1353,224.04,221.22,224.62,223.62,222.92,221.68,222.56,222.64,223.32,222.22
1354,224.04,221.22,224.62,223.58,222.92,221.68,222.56,222.64,223.32,222.22
1355,224.04,221.22,224.62,223.58,222.92,221.68,222.54,222.64,223.32,222.22
1356,224.04,221.22,224.62,223.58,222.92,221.68,222.54,222.64,223.32,222.2
1357,224.04,221.22,224.6,223.58,222.92,221.66,222.54,222.64,223.32,222.2
1358,224.04,221.22,224.6,223.58,222.92,221.64,222.54,222.64,223.32,222.2
1359,224.04,221.22,224.58,223.58,222.92,221.64,222.52,222.62,223.32,222.2
1360,224.04,221.2,224.58,223.58,222.92,221.64,222.52,222.62,223.3,222.2
1361,224.04,221.2,224.54,223.58,222.92,221.64,222.52,222.62,223.3,222.18
1362,224.04,221.2,224.54,223.58,222.92,221.64,222.52,222.62,223.3,222.18
1363,224.02,221.18,224.54,223.58,222.92,221.64,222.52,222.62,223.3,222.18
1364,224.02,221.18,224.54,223.58,222.92,221.64,222.52,222.62,223.3,222.18
1365,223.96,221.18,224.54,223.58,222.92,221.64,222.52,222.62,223.3,222.16
1366,223.96,221.18,224.54,223.58,222.92,221.64,222.52,222.62,223.3,222.16
1367,223.94,221.18,224.54,223.56,222.92,221.62,222.52,222.62,223.3,222.16
1368,223.94,221.18,224.52,223.56,222.92,221.6,222.52,222.62,223.3,222.16
1369,223.92,221.18,224.52,223.56,222.92,221.6,222.52,222.62,223.3,222.16
1370,223.92,221.18,224.52,223.56,222.92,221.6,222.52,222.6,223.28,222.16
1371,223.92,221.16,224.48,223.56,222.92,221.58,222.52,222.6,223.28,222.16
1372,223.92,221.14,224.46,223.56,222.9,221.58,222.52,222.58,223.28,222.16
1373,223.9,221.14,224.46,223.56,222.9,221.56,222.5,222.58,223.28,222.16
1374,223.9,221.12,224.46,223.56,222.9,221.56,222.5,222.58,223.28,222.16
1375,223.9,221.12,224.46,223.54,222.9,221.56,222.5,222.58,223.28,222.16
1376,223.9,221.12,224.44,223.54,222.88,221.56,222.5,222.58,223.28,222.14
1377,223.9,221.12,224.44,223.54,222.88,221.56,222.48,222.56,223.28,222.14
1378,223.9,221.12,224.44,223.54,222.88,221.56,222.48,222.56,223.26,222.14
1379,223.9,221.12,224.44,223.54,222.88,221.56,222.46,222.54,223.26,222.12
1380,223.9,221.12,224.4,223.54,222.86,221.56,222.46,222.54,223.26,222.12
1381,223.9,221.1,224.38,223.54,222.86,221.56,222.46,222.54,223.26,222.12
1382,223.9,221.1,224.38,223.54,222.86,221.56,222.46,222.54,223.26,222.12
1383,223.9,221.1,224.36,223.54,222.86,221.56,222.46,222.54,223.26,222.1
1384,223.9,221.1,224.36,223.54,222.84,221.54,222.44,222.54,223.24,222.08
1385,223.9,221.04,224.36,223.54,222.82,221.54,222.44,222.54,223.24,222.08
1386,223.9,221.04,224.36,223.54,222.8,221.54,222.44,222.54,223.2,222.08
1387,223.9,221.04,224.36,223.54,222.78,221.54,222.44,222.54,223.2,222.08
1388,223.9,221.04,224.36,223.54,222.76,221.54,222.44,222.54,223.2,222.08
1389,223.9,221.04,224.36,223.54,222.76,221.54,222.42,222.52,223.18,222.08
1390,223.88,221.04,224.36,223.54,222.76,221.54,222.4,222.52,223.18,222.08
1391,223.88,221.04,224.36,223.54,222.76,221.54,222.4,222.52,223.16,222.08
1392,223.88,221.04,224.34,223.54,222.76,221.54,222.4,222.5,223.16,222.08
1393,223.88,221.04,224.34,223.54,222.74,221.54,222.4,222.48,223.12,222.06
1394,223.88,221.04,224.34,223.52,222.72,221.54,222.4,222.48,223.1,222.06
1395,223.88,221.04,224.34,223.5,222.68,221.54,222.4,222.46,223.1,222.06
1396,223.88,221.04,224.34,223.48,222.68,221.54,222.4,222.46,223.1,222.06
1397,223.88,221.04,224.34,223.48,222.68,221.54,222.4,222.46,223.1,222.04
1398,223.88,221.04,224.34,223.48,222.68,221.5,222.4,222.46,223.08,222.04
1399,223.86,221.04,224.34,223.48,222.68,221.5,222.4,222.44,223.08,222.04
1400,223.86,221.04,224.34,223.48,222.68,221.5,222.4,222.44,223.08,222.04
1401,223.86,221.04,224.34,223.48,222.66,221.5,222.4,222.4,223.08,222.04
1402,223.86,221.04,224.34,223.46,222.64,221.5,222.38,222.4,223.08,222.04
1403,223.84,221.04,224.32,223.46,222.64,221.5,222.38,222.4,223.08,222.0
1404,223.84,221.0,224.32,223.46,222.6,221.5,222.38,222.4,223.08,222.0
1405,223.84,221.0,224.32,223.46,222.6,221.48,222.38,222.4,223.08,221.98
1406,223.84,221.0,224.3,223.42,222.6,221.48,222.38,222.4,223.08,221.98
1407,223.84,221.0,224.3,223.4,222.6,221.48,222.38,222.4,223.08,221.96
1408,223.84,221.0,224.3,223.4,222.6,221.46,222.38,222.4,223.08,221.96
1409,223.8,220.96,224.3,223.4,222.6,221.46,222.36,222.4,223.08,221.96
1410,223.8,220.96,224.28,223.4,222.58,221.46,222.36,222.4,223.08,221.96
1411,223.8,220.96,224.28,223.38,222.58,221.44,222.36,222.4,223.08,221.94
1412,223.8,220.94,224.28,223.38,222.58,221.44,222.36,222.4,223.08,221.94
1413,223.8,220.92,224.28,223.34,222.56,221.4,222.34,222.4,223.06,221.92
1414,223.78,220.92,224.28,223.34,222.54,221.4,222.34,222.4,223.02,221.92
1415,223.78,220.92,224.28,223.34,222.52,221.4,222.32,222.4,223.02,221.92
1416,223.78,220.92,224.28,223.34,222.52,221.4,222.32,222.4,223.02,221.92
1417,223.78,220.9,224.28,223.34,222.52,221.4,222.32,222.4,223.02,221.92
1418,223.78,220.9,224.28,223.34,222.52,221.4,222.32,222.4,223.02,221.92
1419,223.78,220.86,224.28,223.32,222.52,221.4,222.32,222.4,223.02,221.9
1420,223.78,220.86,224.28,223.32,222.52,221.4,222.32,222.4,223.02,221.9
1421,223.78,220.84,224.28,223.32,222.52,221.4,222.32,222.4,223.0,221.88
1422,223.78,220.84,224.28,223.3,222.52,221.4,222.3,222.4,223.0,221.88
1423,223.78,220.84,224.28,223.3,222.52,221.4,222.3,222.4,223.0,221.86
1424,223.78,220.84,224.28,223.3,222.52,221.4,222.3,222.4,222.98,221.86
1425,223.76,220.84,224.26,223.3,222.52,221.4,222.3,222.4,222.98,221.84
1426,223.76,220.84,224.26,223.3,222.5,221.4,222.28,222.4,222.98,221.84
1427,223.76,220.84,224.26,223.3,222.5,221.4,222.28,222.4,222.98,221.82
1428,223.76,220.84,224.24,223.3,222.5,221.4,222.28,222.4,222.98,221.8
1429,223.76,220.82,224.22,223.3,222.5,221.4,222.28,222.4,222.98,221.78
1430,223.76,220.8,224.22,223.3,222.5,221.4,222.28,222.4,222.98,221.78
1431,223.74,220.8,224.18,223.3,222.5,221.4,222.28,222.4,222.98,221.78
1432,223.74,220.8,224.18,223.3,222.5,221.4,222.28,222.4,222.98,221.78
1433,223.74,220.8,224.14,223.3,222.5,221.4,222.28,222.4,222.98,221.78
1434,223.72,220.78,224.12,223.28,222.5,221.4,222.26,222.4,222.98,221.78
1435,223.72,220.78,224.12,223.28,222.5,221.38,222.26,222.4,222.98,221.78
1436,223.72,220.78,224.1,223.28,222.48,221.38,222.26,222.4,222.96,221.78
1437,223.72,220.78,224.08,223.26,222.48,221.38,222.26,222.4,222.96,221.78
1438,223.7,220.78,224.08,223.26,222.48,221.34,222.26,222.4,222.96,221.78
1439,223.7,220.78,224.08,223.26,222.46,221.34,222.24,222.4,222.96,221.78
1440,223.68,220.78,224.08,223.26,222.46,221.34,222.24,222.4,222.96,221.76
1441,223.68,220.78,224.06,223.26,222.46,221.34,222.24,222.4,222.96,221.76
1442,223.68,220.74,224.06,223.26,222.46,221.34,222.24,222.38,222.96,221.76
1443,223.68,220.74,224.04,223.26,222.46,221.34,222.24,222.38,222.96,221.76
1444,223.68,220.72,224.04,223.26,222.46,221.34,222.22,222.38,222.96,221.76
1445,223.68,220.72,224.02,223.26,222.44,221.34,222.22,222.38,222.96,221.74
1446,223.68,220.72,224.02,223.24,222.44,221.34,222.2,222.36,222.96,221.74
1447,223.68,220.72,224.02,223.24,222.44,221.34,222.2,222.36,222.96,221.74
1448,223.68,220.72,224.0,223.22,222.44,221.32,222.2,222.36,222.96,221.72
1449,223.68,220.72,223.98,223.22,222.44,221.3,222.18,222.36,222.96,221.72
1450,223.66,220.72,223.98,223.22,222.44,221.3,222.18,222.36,222.96,221.72
1451,223.66,220.72,223.98,223.22,222.44,221.28,222.16,222.36,222.94,221.7
1452,223.66,220.72,223.98,223.22,222.44,221.28,222.16,222.36,222.94,221.7
1453,223.66,220.72,223.96,223.22,222.44,221.28,222.14,222.36,222.94,221.7
1454,223.66,220.72,223.96,223.22,222.44,221.28,222.14,222.36,222.94,221.7
1455,223.66,220.72,223.96,223.2,222.44,221.28,222.14,222.36,222.94,221.7
1456,223.64,220.72,223.96,223.2,222.44,221.28,222.14,222.36,222.94,221.7
1457,223.64,220.72,223.96,223.16,222.44,221.28,222.14,222.36,222.94,221.7
1458,223.64,220.72,223.94,223.16,222.44,221.28,222.14,222.36,222.94,221.7
1459,223.64,220.72,223.94,223.16,222.42,221.28,222.14,222.36,222.94,221.7
1460,223.64,220.72,223.94,223.16,222.42,221.28,222.14,222.36,222.94,221.7
1461,223.62,220.7,223.94,223.16,222.42,221.28,222.14,222.36,222.92,221.7
1462,223.62,220.7,223.94,223.16,222.42,221.28,222.12,222.36,222.92,221.7
1463,223.62,220.7,223.94,223.16,222.42,221.28,222.1,222.34,222.92,221.7
1464,223.62,220.7,223.94,223.16,222.4,221.26,222.1,222.32,222.92,221.68
1465,223.6,220.68,223.94,223.16,222.4,221.26,222.1,222.32,222.92,221.68
1466,223.6,220.68,223.94,223.16,222.4,221.24,222.1,222.32,222.92,221.68
1467,223.6,220.68,223.94,223.16,222.38,221.24,222.1,222.32,222.92,221.68
1468,223.6,220.68,223.94,223.16,222.38,221.24,222.1,222.32,222.92,221.68
1469,223.6,220.68,223.92,223.16,222.38,221.24,222.1,222.32,222.92,221.68
1470,223.6,220.66,223.92,223.12,222.38,221.24,222.1,222.32,222.92,221.68
1471,223.58,220.66,223.92,223.12,222.36,221.22,222.08,222.32,222.92,221.68
1472,223.58,220.66,223.92,223.12,222.34,221.22,222.08,222.32,222.88,221.68
1473,223.58,220.66,223.92,223.12,222.34,221.22,222.08,222.32,222.88,221.68
1474,223.58,220.66,223.92,223.12,222.34,221.22,222.08,222.32,222.88,221.66
1475,223.58,220.66,223.92,223.12,222.34,221.22,222.08,222.32,222.86,221.64
1476,223.58,220.66,223.92,223.12,222.34,221.22,222.08,222.32,222.86,221.64
1477,223.58,220.66,223.92,223.12,222.34,221.22,222.08,222.3,222.86,221.64
1478,223.58,220.66,223.92,223.12,222.34,221.22,222.08,222.3,222.86,221.62
1479,223.58,220.66,223.9,223.12,222.34,221.22,222.08,222.3,222.86,221.62
1480,223.58,220.64,223.9,223.1,222.34,221.22,222.06,222.3,222.86,221.62
1481,223.58,220.62,223.88,223.1,222.34,221.22,222.06,222.3,222.86,221.62
1482,223.58,220.6,223.88,223.1,222.34,221.22,222.04,222.28,222.86,221.62
1483,223.58,220.6,223.88,223.1,222.34,221.22,222.04,222.28,222.86,221.62
1484,223.58,220.6,223.86,223.08,222.3,221.22,222.04,222.28,222.86,221.62
1485,223.56,220.58,223.86,223.08,222.3,221.22,222.04,222.28,222.86,221.62
1486,223.56,220.58,223.86,223.08,222.3,221.22,222.04,222.28,222.86,221.62
1487,223.56,220.58,223.86,223.08,222.28,221.22,222.0,222.26,222.86,221.62
1488,223.56,220.58,223.84,223.08,222.28,221.22,222.0,222.26,222.86,221.6
1489,223.54,220.58,223.82,223.08,222.28,221.22,222.0,222.26,222.86,221.6
1490,223.54,220.58,223.82,223.08,222.28,221.22,222.0,222.26,222.86,221.6
1491,223.54,220.58,223.82,223.08,222.26,221.22,221.98,222.24,222.86,221.6
1492,223.54,220.58,223.82,223.08,222.26,221.22,221.98,222.24,222.86,221.6
1493,223.54,220.58,223.82,223.08,222.26,221.22,221.96,222.24,222.86,221.6
1494,223.54,220.58,223.82,223.08,222.24,221.22,221.96,222.24,222.86,221.6
1495,223.54,220.58,223.8,223.08,222.24,221.22,221.96,222.24,222.86,221.6
1496,223.52,220.58,223.8,223.08,222.22,221.22,221.96,222.24,222.86,221.6
1497,223.52,220.58,223.8,223.08,222.22,221.2,221.96,222.24,222.86,221.6
1498,223.52,220.58,223.8,223.06,222.22,221.2,221.96,222.24,222.86,221.6
1499,223.5,220.58,223.8,223.04,222.22,221.2,221.96,222.24,222.86,221.6
1500,223.48,220.58,223.8,223.04,222.22,221.2,221.96,222.22,222.86,221.6
1501,223.46,220.56,223.8,223.04,222.22,221.2,221.96,222.22,222.86,221.6
1502,223.46,220.56,223.8,223.04,222.22,221.18,221.96,222.2,222.82,221.6
1503,223.46,220.56,223.8,223.04,222.22,221.16,221.96,222.2,222.82,221.6
1504,223.46,220.56,223.78,223.04,222.22,221.16,221.96,222.2,222.82,221.6
1505,223.46,220.56,223.78,223.04,222.22,221.16,221.96,222.2,222.82,221.6
1506,223.46,220.56,223.78,223.04,222.22,221.16,221.94,222.2,222.82,221.6
1507,223.46,220.56,223.78,223.04,222.22,221.16,221.94,222.2,222.8,221.6
1508,223.46,220.56,223.78,223.04,222.22,221.16,221.94,222.18,222.8,221.6
1509,223.44,220.56,223.78,223.04,222.22,221.16,221.94,222.18,222.8,221.6
1510,223.44,220.56,223.76,223.04,222.22,221.16,221.94,222.16,222.8,221.6
1511,223.44,220.56,223.76,223.04,222.22,221.16,221.94,222.16,222.8,221.6
1512,223.44,220.56,223.74,223.04,222.22,221.16,221.94,222.16,222.8,221.6
1513,223.44,220.56,223.74,223.04,222.22,221.14,221.94,222.16,222.78,221.6
1514,223.44,220.56,223.74,223.04,222.22,221.14,221.94,222.14,222.78,221.6
1515,223.42,220.56,223.74,223.02,222.2,221.1,221.94,222.08,222.78,221.6
1516,223.42,220.56,223.72,223.0,222.2,221.1,221.94,222.06,222.78,221.6
1517,223.42,220.56,223.72,223.0,222.2,221.1,221.92,222.06,222.78,221.6
1518,223.42,220.56,223.72,223.0,222.2,221.1,221.9,222.06,222.76,221.58
1519,223.42,220.54,223.72,223.0,222.2,221.1,221.9,222.06,222.76,221.58
1520,223.42,220.54,223.68,223.0,222.2,221.1,221.9,222.06,222.76,221.56
1521,223.42,220.54,223.66,222.98,222.2,221.1,221.9,222.06,222.76,221.56
1522,223.38,220.54,223.66,222.98,222.2,221.1,221.9,222.06,222.76,221.54
1523,223.38,220.54,223.66,222.98,222.2,221.08,221.9,222.06,222.76,221.54
1524,223.38,220.54,223.66,222.96,222.2,221.08,221.88,222.06,222.76,221.54
1525,223.38,220.54,223.66,222.96,222.18,221.08,221.88,222.06,222.76,221.54
1526,223.38,220.54,223.66,222.96,222.18,221.08,221.86,222.06,222.76,221.54
1527,223.38,220.54,223.66,222.96,222.18,221.08,221.86,222.06,222.76,221.54
1528,223.38,220.54,223.66,222.96,222.18,221.06,221.84,222.06,222.76,221.54
1529,223.38,220.52,223.66,222.96,222.18,221.06,221.84,222.06,222.74,221.52
1530,223.36,220.52,223.64,222.94,222.18,221.06,221.84,222.06,222.74,221.52
1531,223.36,220.5,223.62,222.94,222.18,221.06,221.84,222.04,222.74,221.52
1532,223.34,220.48,223.6,222.94,222.18,221.06,221.82,222.04,222.74,221.52
1533,223.34,220.48,223.58,222.94,222.18,221.06,221.82,222.04,222.74,221.52
1534,223.32,220.48,223.58,222.92,222.18,221.04,221.8,222.04,222.74,221.5
1535,223.3,220.48,223.56,222.92,222.16,221.04,221.8,222.04,222.74,221.5
1536,223.3,220.46,223.56,222.92,222.16,221.04,221.8,222.04,222.74,221.5
1537,223.3,220.46,223.56,222.92,222.16,221.04,221.8,222.04,222.74,221.48
1538,223.3,220.46,223.54,222.92,222.16,221.04,221.8,222.04,222.74,221.48
1539,223.3,220.46,223.5,222.92,222.16,221.04,221.8,222.04,222.74,221.48
1540,223.3,220.46,223.48,222.92,222.16,221.04,221.8,222.04,222.74,221.48
1541,223.3,220.46,223.48,222.92,222.16,221.04,221.8,222.04,222.74,221.48
1542,223.3,220.46,223.48,222.9,222.16,221.04,221.8,222.04,222.74,221.48
1543,223.3,220.44,223.48,222.9,222.16,221.04,221.8,222.04,222.74,221.48
1544,223.3,220.44,223.48,222.9,222.16,221.04,221.8,222.04,222.72,221.48
1545,223.3,220.44,223.48,222.9,222.16,221.04,221.8,222.02,222.72,221.48
1546,223.3,220.42,223.48,222.9,222.16,221.04,221.8,222.02,222.72,221.48
1547,223.28,220.42,223.44,222.9,222.16,221.02,221.8,222.02,222.72,221.48
1548,223.28,220.4,223.4,222.9,222.16,221.02,221.8,222.02,222.72,221.48
1549,223.28,220.4,223.4,222.9,222.16,221.0,221.8,222.02,222.7,221.48
1550,223.28,220.38,223.4,222.9,222.16,221.0,221.78,222.02,222.68,221.48
1551,223.28,220.38,223.4,222.9,222.14,221.0,221.76,222.02,222.68,221.48
1552,223.28,220.38,223.4,222.9,222.14,220.98,221.76,222.02,222.68,221.48
1553,223.26,220.34,223.4,222.9,222.14,220.96,221.74,222.02,222.68,221.48
1554,223.26,220.34,223.38,222.9,222.14,220.96,221.74,222.02,222.68,221.46
1555,223.26,220.34,223.38,222.9,222.14,220.96,221.72,222.02,222.68,221.46
1556,223.26,220.34,223.38,222.9,222.14,220.96,221.72,222.02,222.66,221.42
1557,223.26,220.32,223.34,222.9,222.14,220.96,221.72,222.02,222.66,221.42
1558,223.26,220.32,223.34,222.9,222.14,220.96,221.72,222.0,222.66,221.42
1559,223.26,220.32,223.34,222.9,222.14,220.96,221.72,222.0,222.66,221.42
1560,223.26,220.32,223.34,222.88,222.14,220.96,221.72,222.0,222.66,221.42
1561,223.26,220.32,223.34,222.88,222.14,220.96,221.72,222.0,222.66,221.42
1562,223.26,220.32,223.34,222.88,222.14,220.96,221.72,222.0,222.66,221.42
1563,223.26,220.32,223.32,222.88,222.14,220.96,221.72,222.0,222.66,221.42
1564,223.26,220.32,223.32,222.88,222.14,220.96,221.72,222.0,222.66,221.42
1565,223.26,220.32,223.32,222.88,222.14,220.94,221.72,222.0,222.66,221.42
1566,223.26,220.3,223.32,222.88,222.12,220.94,221.72,222.0,222.66,221.42
1567,223.26,220.3,223.3,222.88,222.12,220.94,221.72,221.98,222.66,221.42
1568,223.26,220.3,223.3,222.88,222.12,220.94,221.72,221.98,222.66,221.42
1569,223.26,220.3,223.3,222.86,222.12,220.94,221.72,221.98,222.66,221.4
1570,223.24,220.26,223.3,222.86,222.12,220.94,221.72,221.96,222.66,221.4
1571,223.24,220.26,223.3,222.86,222.12,220.94,221.7,221.96,222.66,221.4
1572,223.24,220.26,223.3,222.86,222.12,220.92,221.7,221.96,222.66,221.4
1573,223.24,220.26,223.3,222.86,222.12,220.9,221.7,221.96,222.66,221.4
1574,223.24,220.26,223.3,222.86,222.1,220.9,221.7,221.96,222.66,221.4
1575,223.24,220.26,223.3,222.86,222.1,220.9,221.68,221.94,222.66,221.38
1576,223.24,220.26,223.3,222.84,222.08,220.9,221.68,221.94,222.66,221.38
1577,223.24,220.24,223.28,222.84,222.08,220.9,221.68,221.94,222.64,221.38
1578,223.24,220.24,223.28,222.82,222.08,220.9,221.68,221.94,222.64,221.38
1579,223.24,220.24,223.28,222.82,222.08,220.9,221.68,221.94,222.64,221.38
1580,223.24,220.22,223.28,222.82,222.08,220.9,221.68,221.94,222.64,221.38
1581,223.24,220.2,223.26,222.82,222.08,220.9,221.68,221.94,222.64,221.38
1582,223.24,220.2,223.26,222.82,222.08,220.9,221.68,221.94,222.64,221.38
1583,223.24,220.2,223.26,222.82,222.08,220.9,221.66,221.92,222.64,221.38
1584,223.22,220.2,223.26,222.82,222.08,220.9,221.66,221.92,222.64,221.38
1585,223.22,220.2,223.26,222.82,222.08,220.9,221.66,221.92,222.62,221.38
1586,223.18,220.2,223.26,222.82,222.08,220.9,221.64,221.92,222.62,221.38
1587,223.18,220.2,223.26,222.82,222.08,220.9,221.64,221.92,222.62,221.38
1588,223.16,220.2,223.26,222.82,222.08,220.88,221.64,221.92,222.62,221.38
1589,223.16,220.2,223.26,222.82,222.08,220.88,221.62,221.92,222.62,221.38
1590,223.16,220.2,223.26,222.82,222.08,220.86,221.62,221.92,222.62,221.38
1591,223.16,220.2,223.26,222.82,222.08,220.86,221.62,221.92,222.62,221.38
1592,223.16,220.2,223.26,222.82,222.08,220.86,221.62,221.88,222.62,221.36
1593,223.16,220.2,223.26,222.82,222.08,220.84,221.62,221.88,222.62,221.36
1594,223.16,220.2,223.26,222.82,222.08,220.82,221.62,221.88,222.62,221.36
1595,223.16,220.2,223.26,222.82,222.06,220.82,221.62,221.86,222.6,221.34
1596,223.16,220.2,223.24,222.82,222.06,220.8,221.62,221.86,222.6,221.34
1597,223.16,220.18,223.24,222.82,222.06,220.8,221.62,221.86,222.6,221.34
1598,223.16,220.18,223.22,222.82,222.06,220.8,221.62,221.86,222.6,221.34
1599,223.16,220.18,223.22,222.82,222.06,220.8,221.58,221.86,222.6,221.32
1600,223.14,220.18,223.22,222.82,222.06,220.8,221.58,221.86,222.6,221.32
1601,223.14,220.18,223.22,222.82,222.04,220.8,221.58,221.84,222.6,221.32
1602,223.14,220.18,223.2,222.82,222.04,220.8,221.58,221.84,222.6,221.32
1603,223.14,220.18,223.2,222.82,222.04,220.8,221.58,221.82,222.58,221.32
1604,223.14,220.18,223.2,222.82,222.04,220.8,221.58,221.82,222.58,221.32
1605,223.14,220.18,223.2,222.82,222.04,220.8,221.58,221.82,222.56,221.32
1606,223.14,220.18,223.18,222.82,222.04,220.8,221.58,221.82,222.56,221.32
1607,223.14,220.16,223.16,222.8,222.04,220.8,221.58,221.82,222.56,221.3
1608,223.1,220.14,223.16,222.8,222.04,220.8,221.58,221.82,222.56,221.3
1609,223.1,220.14,223.12,222.8,222.04,220.8,221.58,221.82,222.56,221.3
1610,223.1,220.14,223.12,222.8,222.04,220.8,221.58,221.8,222.56,221.28
1611,223.1,220.14,223.12,222.78,222.04,220.8,221.58,221.8,222.56,221.28
1612,223.1,220.14,223.12,222.78,222.04,220.8,221.58,221.8,222.56,221.28
1613,223.1,220.14,223.12,222.78,222.04,220.8,221.58,221.8,222.56,221.28
1614,223.1,220.12,223.12,222.78,222.04,220.8,221.58,221.8,222.56,221.28
1615,223.1,220.12,223.08,222.78,222.04,220.8,221.58,221.78,222.56,221.26
1616,223.08,220.12,223.08,222.78,222.04,220.8,221.58,221.78,222.54,221.26
1617,223.06,220.12,223.08,222.78,222.04,220.8,221.58,221.78,222.54,221.26
1618,223.06,220.12,223.08,222.78,222.04,220.8,221.56,221.76,222.54,221.24
1619,223.06,220.12,223.08,222.78,222.04,220.8,221.56,221.76,222.54,221.22
1620,223.06,220.1,223.06,222.78,222.04,220.8,221.52,221.76,222.54,221.22
1621,223.06,220.08,223.06,222.78,222.04,220.8,221.5,221.76,222.54,221.22
1622,223.06,220.08,223.06,222.78,222.02,220.8,221.5,221.76,222.54,221.22
1623,223.06,220.04,223.06,222.78,222.02,220.8,221.5,221.76,222.54,221.22
1624,223.06,220.04,223.06,222.78,222.02,220.8,221.5,221.76,222.54,221.22
1625,223.06,220.04,223.06,222.78,222.0,220.8,221.5,221.76,222.52,221.2
1626,223.06,220.02,223.06,222.78,222.0,220.8,221.5,221.76,222.52,221.18
1627,223.04,220.02,223.06,222.76,222.0,220.8,221.5,221.76,222.52,221.18
1628,223.04,220.0,223.06,222.76,222.0,220.8,221.5,221.76,222.52,221.18
1629,223.04,219.98,223.06,222.76,222.0,220.8,221.5,221.76,222.52,221.18
1630,223.04,219.98,223.06,222.76,222.0,220.78,221.5,221.76,222.52,221.16
1631,223.04,219.98,223.06,222.76,222.0,220.78,221.5,221.76,222.5,221.16
1632,223.04,219.96,223.06,222.76,222.0,220.78,221.5,221.76,222.5,221.16
1633,223.04,219.92,223.06,222.76,222.0,220.78,221.48,221.76,222.48,221.16
1634,223.04,219.92,223.06,222.74,222.0,220.78,221.48,221.76,222.48,221.16
1635,223.02,219.92,223.06,222.74,222.0,220.78,221.48,221.76,222.48,221.16
1636,223.02,219.92,223.06,222.74,221.98,220.78,221.48,221.76,222.46,221.16
1637,223.02,219.92,223.06,222.74,221.96,220.78,221.48,221.76,222.46,221.16
1638,223.0,219.92,223.06,222.74,221.96,220.78,221.48,221.76,222.46,221.16
1639,223.0,219.92,223.06,222.74,221.96,220.76,221.48,221.76,222.46,221.16
1640,223.0,219.9,223.06,222.74,221.94,220.76,221.48,221.76,222.46,221.14
1641,223.0,219.9,223.06,222.72,221.94,220.74,221.48,221.74,222.46,221.14
1642,223.0,219.9,223.06,222.72,221.94,220.74,221.48,221.74,222.46,221.14
1643,223.0,219.9,223.06,222.72,221.94,220.74,221.48,221.74,222.44,221.12
1644,223.0,219.9,223.04,222.7,221.94,220.74,221.48,221.74,222.44,221.1
1645,223.0,219.9,223.04,222.7,221.92,220.74,221.48,221.74,222.44,221.08
1646,223.0,219.9,223.04,222.7,221.92,220.74,221.48,221.74,222.44,221.06
1647,223.0,219.88,223.04,222.7,221.92,220.74,221.48,221.72,222.42,221.06
1648,223.0,219.88,223.04,222.7,221.92,220.74,221.48,221.7,222.42,221.06
1649,223.0,219.88,223.04,222.7,221.92,220.74,221.48,221.68,222.38,221.06
1650,223.0,219.88,223.04,222.7,221.92,220.74,221.48,221.68,222.38,221.0
1651,223.0,219.88,223.04,222.7,221.92,220.72,221.48,221.68,222.38,220.98
1652,223.0,219.86,223.04,222.7,221.9,220.72,221.46,221.66,222.38,220.98
1653,222.98,219.82,223.04,222.7,221.9,220.72,221.46,221.66,222.38,220.98
1654,222.98,219.82,223.04,222.7,221.88,220.72,221.46,221.66,222.38,220.98
1655,222.98,219.82,223.04,222.7,221.88,220.72,221.44,221.66,222.38,220.98
1656,222.96,219.82,223.04,222.7,221.88,220.7,221.44,221.66,222.38,220.98
1657,222.96,219.82,223.04,222.7,221.88,220.7,221.44,221.64,222.38,220.98
1658,222.94,219.82,223.04,222.68,221.88,220.7,221.44,221.64,222.38,220.98
1659,222.94,219.82,223.04,222.68,221.86,220.7,221.44,221.64,222.38,220.98
1660,222.94,219.82,223.04,222.68,221.86,220.7,221.42,221.64,222.38,220.98
1661,222.94,219.82,223.04,222.68,221.86,220.7,221.42,221.64,222.38,220.96
1662,222.94,219.82,223.04,222.68,221.84,220.7,221.42,221.64,222.38,220.96
1663,222.94,219.82,223.04,222.68,221.84,220.68,221.42,221.62,222.38,220.94
1664,222.94,219.82,223.04,222.68,221.84,220.64,221.42,221.62,222.38,220.94
1665,222.94,219.8,223.04,222.68,221.84,220.64,221.42,221.62,222.38,220.94
1666,222.94,219.8,223.04,222.68,221.84,220.62,221.42,221.62,222.38,220.94
1667,222.94,219.78,223.04,222.68,221.84,220.58,221.42,221.62,222.38,220.94
1668,222.94,219.78,223.04,222.68,221.84,220.58,221.42,221.62,222.38,220.94
1669,222.94,219.78,223.02,222.68,221.84,220.58,221.42,221.62,222.38,220.92
1670,222.94,219.78,223.02,222.68,221.84,220.58,221.42,221.62,222.38,220.92
1671,222.94,219.78,223.02,222.68,221.84,220.58,221.42,221.62,222.38,220.92
1672,222.92,219.78,223.02,222.68,221.82,220.54,221.42,221.62,222.38,220.92
1673,222.9,219.78,223.0,222.68,221.82,220.54,221.42,221.58,222.38,220.92
1674,222.9,219.78,223.0,222.66,221.82,220.54,221.42,221.58,222.38,220.92
1675,222.9,219.78,223.0,222.66,221.82,220.54,221.42,221.58,222.38,220.92
1676,222.9,219.78,223.0,222.64,221.82,220.54,221.42,221.58,222.38,220.92
1677,222.9,219.78,223.0,222.64,221.82,220.54,221.42,221.58,222.38,220.92
1678,222.88,219.78,223.0,222.64,221.82,220.54,221.42,221.58,222.38,220.92
1679,222.88,219.78,223.0,222.64,221.82,220.54,221.42,221.58,222.38,220.92
1680,222.88,219.78,223.0,222.64,221.82,220.54,221.42,221.58,222.38,220.9
1681,222.88,219.76,223.0,222.64,221.82,220.54,221.4,221.58,222.36,220.9
1682,222.88,219.76,223.0,222.64,221.82,220.54,221.4,221.56,222.36,220.9
1683,222.88,219.76,223.0,222.64,221.82,220.54,221.4,221.56,222.36,220.9
1684,222.88,219.74,223.0,222.64,221.82,220.54,221.4,221.56,222.34,220.9
1685,222.88,219.72,223.0,222.64,221.82,220.5,221.4,221.56,222.34,220.9
1686,222.88,219.72,223.0,222.64,221.8,220.48,221.4,221.56,222.34,220.9
1687,222.88,219.72,223.0,222.64,221.8,220.48,221.4,221.54,222.34,220.9
1688,222.88,219.72,223.0,222.64,221.8,220.46,221.4,221.52,222.34,220.9
1689,222.88,219.72,223.0,222.64,221.8,220.46,221.4,221.52,222.34,220.9
1690,222.88,219.72,223.0,222.64,221.8,220.46,221.4,221.52,222.34,220.9
1691,222.88,219.72,223.0,222.64,221.8,220.46,221.4,221.52,222.32,220.9
1692,222.86,219.7,223.0,222.64,221.8,220.46,221.38,221.52,222.32,220.9
1693,222.84,219.7,223.0,222.64,221.8,220.46,221.38,221.52,222.32,220.9
1694,222.84,219.7,223.0,222.64,221.8,220.46,221.36,221.52,222.32,220.9
1695,222.82,219.7,223.0,222.62,221.78,220.46,221.36,221.52,222.32,220.9
1696,222.82,219.7,223.0,222.62,221.78,220.46,221.36,221.52,222.3,220.9
1697,222.82,219.7,223.0,222.62,221.78,220.46,221.36,221.5,222.3,220.9
1698,222.82,219.7,222.98,222.62,221.78,220.46,221.36,221.5,222.3,220.9
1699,222.8,219.7,222.98,222.62,221.78,220.46,221.36,221.48,222.3,220.9
1700,222.8,219.68,222.98,222.6,221.78,220.46,221.32,221.48,222.3,220.9
1701,222.8,219.68,222.98,222.6,221.78,220.46,221.32,221.48,222.3,220.9
1702,222.8,219.66,222.98,222.6,221.78,220.46,221.32,221.48,222.3,220.9
1703,222.8,219.66,222.98,222.6,221.78,220.46,221.3,221.48,222.3,220.9
1704,222.8,219.64,222.98,222.6,221.78,220.46,221.3,221.48,222.3,220.9
1705,222.8,219.64,222.98,222.6,221.78,220.46,221.3,221.48,222.28,220.9
1706,222.78,219.64,222.98,222.6,221.78,220.46,221.3,221.48,222.26,220.88
1707,222.78,219.64,222.98,222.6,221.78,220.44,221.28,221.48,222.26,220.88
1708,222.76,219.64,222.98,222.6,221.78,220.42,221.28,221.48,222.26,220.88
1709,222.76,219.62,222.98,222.6,221.78,220.42,221.28,221.48,222.26,220.88
1710,222.76,219.6,222.96,222.58,221.78,220.42,221.28,221.48,222.24,220.88
1711,222.76,219.6,222.96,222.58,221.78,220.42,221.28,221.48,222.24,220.88
1712,222.76,219.6,222.96,222.58,221.78,220.42,221.28,221.46,222.24,220.88
1713,222.76,219.6,222.96,222.58,221.78,220.42,221.28,221.46,222.24,220.88
1714,222.76,219.6,222.94,222.58,221.78,220.42,221.28,221.46,222.22,220.88
1715,222.76,219.58,222.94,222.58,221.78,220.42,221.28,221.46,222.22,220.86
1716,222.76,219.58,222.94,222.58,221.78,220.42,221.28,221.46,222.2,220.86
1717,222.76,219.58,222.94,222.58,221.78,220.42,221.28,221.46,222.18,220.86
1718,222.76,219.58,222.94,222.58,221.78,220.42,221.28,221.44,222.18,220.86
1719,222.76,219.58,222.94,222.58,221.78,220.42,221.28,221.42,222.18,220.84
1720,222.74,219.58,222.94,222.58,221.78,220.42,221.28,221.42,222.18,220.84
1721,222.74,219.58,222.94,222.58,221.74,220.42,221.28,221.42,222.16,220.84
1722,222.74,219.58,222.92,222.58,221.72,220.42,221.28,221.42,222.16,220.84
1723,222.74,219.58,222.88,222.58,221.72,220.42,221.28,221.42,222.14,220.84
1724,222.72,219.58,222.88,222.58,221.7,220.4,221.28,221.42,222.12,220.82
1725,222.72,219.58,222.88,222.58,221.7,220.4,221.28,221.4,222.12,220.82
1726,222.72,219.58,222.88,222.56,221.7,220.4,221.28,221.4,222.12,220.82
1727,222.72,219.58,222.88,222.56,221.7,220.38,221.28,221.4,222.12,220.82
1728,222.72,219.54,222.88,222.56,221.7,220.38,221.28,221.38,222.1,220.82
1729,222.72,219.52,222.88,222.56,221.7,220.34,221.28,221.38,222.08,220.8
1730,222.7,219.52,222.88,222.56,221.7,220.32,221.28,221.38,222.08,220.8
1731,222.7,219.52,222.88,222.56,221.7,220.32,221.28,221.38,222.08,220.8
1732,222.7,219.52,222.86,222.54,221.7,220.32,221.28,221.38,222.08,220.8
1733,222.7,219.52,222.86,222.54,221.7,220.32,221.28,221.38,222.08,220.8
1734,222.7,219.52,222.86,222.54,221.7,220.3,221.26,221.36,222.08,220.8
1735,222.7,219.5,222.86,222.54,221.66,220.3,221.24,221.34,222.08,220.78
1736,222.7,219.5,222.86,222.54,221.66,220.3,221.24,221.34,222.06,220.78
1737,222.7,219.5,222.86,222.54,221.66,220.3,221.24,221.32,222.02,220.78
1738,222.7,219.5,222.86,222.54,221.66,220.3,221.24,221.32,222.02,220.78
1739,222.7,219.48,222.86,222.54,221.66,220.3,221.24,221.32,222.02,220.78
1740,222.7,219.46,222.86,222.54,221.66,220.3,221.22,221.32,222.02,220.78
1741,222.7,219.46,222.86,222.54,221.66,220.3,221.22,221.32,222.02,220.78
1742,222.7,219.46,222.86,222.52,221.66,220.3,221.22,221.32,222.02,220.78
1743,222.7,219.46,222.86,222.52,221.66,220.3,221.22,221.32,222.02,220.78
1744,222.7,219.46,222.86,222.52,221.66,220.3,221.22,221.32,222.02,220.78
1745,222.7,219.46,222.86,222.52,221.66,220.3,221.22,221.3,222.02,220.78
1746,222.7,219.46,222.86,222.52,221.66,220.3,221.22,221.3,221.98,220.78
1747,222.7,219.46,222.86,222.52,221.66,220.3,221.22,221.3,221.98,220.78
1748,222.7,219.46,222.86,222.52,221.66,220.3,221.2,221.3,221.98,220.78
1749,222.7,219.46,222.84,222.5,221.64,220.3,221.2,221.3,221.98,220.76
1750,222.7,219.46,222.84,222.5,221.64,220.3,221.2,221.3,221.98,220.76
1751,222.7,219.46,222.84,222.48,221.62,220.3,221.2,221.28,221.98,220.76
1752,222.7,219.46,222.84,222.48,221.62,220.3,221.2,221.28,221.98,220.76
1753,222.7,219.46,222.84,222.48,221.62,220.3,221.18,221.28,221.98,220.76
1754,222.7,219.46,222.84,222.48,221.62,220.3,221.18,221.28,221.98,220.76
1755,222.7,219.46,222.84,222.48,221.62,220.3,221.18,221.28,221.98,220.72
1756,222.68,219.46,222.84,222.48,221.6,220.28,221.18,221.28,221.98,220.72
1757,222.68,219.46,222.82,222.48,221.6,220.28,221.18,221.28,221.98,220.72
1758,222.68,219.46,222.82,222.48,221.58,220.26,221.18,221.28,221.98,220.72
1759,222.68,219.46,222.82,222.48,221.54,220.26,221.18,221.28,221.98,220.72
1760,222.68,219.46,222.82,222.48,221.54,220.24,221.18,221.28,221.98,220.72
1761,222.68,219.44,222.8,222.48,221.52,220.24,221.18,221.28,221.96,220.72
1762,222.68,219.44,222.8,222.46,221.52,220.24,221.16,221.28,221.94,220.68
1763,222.66,219.4,222.8,222.46,221.52,220.24,221.16,221.28,221.94,220.66
1764,222.66,219.4,222.8,222.44,221.52,220.24,221.16,221.28,221.94,220.66
1765,222.66,219.4,222.8,222.44,221.52,220.2,221.16,221.26,221.94,220.66
1766,222.66,219.4,222.8,222.44,221.52,220.2,221.12,221.26,221.94,220.66
1767,222.66,219.4,222.8,222.42,221.52,220.2,221.12,221.26,221.94,220.64
1768,222.66,219.4,222.8,222.42,221.52,220.2,221.1,221.26,221.94,220.62
1769,222.66,219.4,222.8,222.42,221.52,220.2,221.1,221.24,221.92,220.62
1770,222.66,219.4,222.8,222.42,221.52,220.2,221.1,221.22,221.92,220.62
1771,222.64,219.4,222.8,222.42,221.52,220.2,221.1,221.22,221.92,220.62
1772,222.64,219.4,222.8,222.42,221.5,220.18,221.1,221.2,221.92,220.62
1773,222.64,219.4,222.8,222.42,221.5,220.16,221.1,221.2,221.92,220.62
1774,222.62,219.4,222.78,222.42,221.5,220.16,221.08,221.18,221.9,220.62
1775,222.62,219.4,222.74,222.42,221.5,220.16,221.08,221.18,221.9,220.62
1776,222.62,219.4,222.74,222.42,221.5,220.16,221.08,221.18,221.9,220.62
1777,222.62,219.4,222.74,222.42,221.48,220.16,221.08,221.18,221.9,220.62
1778,222.62,219.4,222.72,222.4,221.48,220.16,221.08,221.18,221.9,220.62
1779,222.62,219.4,222.72,222.4,221.48,220.16,221.08,221.18,221.9,220.62
1780,222.62,219.4,222.72,222.4,221.48,220.16,221.08,221.16,221.9,220.62
1781,222.62,219.38,222.72,222.4,221.48,220.16,221.08,221.16,221.9,220.62
1782,222.62,219.38,222.72,222.4,221.48,220.16,221.08,221.16,221.9,220.62
1783,222.62,219.36,222.72,222.4,221.48,220.16,221.08,221.16,221.9,220.62
1784,222.6,219.36,222.72,222.4,221.46,220.16,221.08,221.16,221.9,220.62
1785,222.6,219.34,222.7,222.38,221.46,220.16,221.08,221.16,221.9,220.62
1786,222.6,219.34,222.7,222.38,221.46,220.14,221.08,221.16,221.9,220.62
1787,222.6,219.34,222.68,222.38,221.46,220.14,221.08,221.16,221.88,220.62
1788,222.58,219.34,222.68,222.38,221.46,220.14,221.08,221.16,221.88,220.62
1789,222.58,219.34,222.68,222.38,221.46,220.14,221.08,221.16,221.88,220.62
1790,222.58,219.34,222.68,222.38,221.46,220.14,221.08,221.16,221.88,220.62
1791,222.58,219.34,222.68,222.38,221.46,220.14,221.08,221.16,221.88,220.62
1792,222.58,219.34,222.68,222.38,221.46,220.14,221.08,221.14,221.88,220.62
1793,222.58,219.32,222.68,222.38,221.46,220.14,221.08,221.14,221.88,220.62
1794,222.56,219.32,222.68,222.38,221.46,220.14,221.08,221.14,221.88,220.62
1795,222.56,219.32,222.68,222.38,221.44,220.14,221.08,221.14,221.88,220.62
1796,222.56,219.3,222.64,222.38,221.44,220.14,221.08,221.1,221.88,220.62
1797,222.56,219.3,222.62,222.38,221.44,220.14,221.08,221.08,221.88,220.62
1798,222.56,219.3,222.62,222.38,221.44,220.14,221.08,221.08,221.88,220.62
1799,222.56,219.3,222.62,222.38,221.44,220.14,221.08,221.08,221.88,220.62
1800,222.56,219.3,222.62,222.38,221.4,220.14,221.08,221.06,221.88,220.62
1801,222.56,219.3,222.62,222.38,221.4,220.14,221.06,221.04,221.86,220.62
1802,222.56,219.3,222.6,222.38,221.4,220.14,221.06,221.04,221.86,220.62
1803,222.56,219.3,222.6,222.36,221.4,220.14,221.06,221.04,221.86,220.6
1804,222.56,219.3,222.6,222.34,221.4,220.14,221.04,221.04,221.86,220.6
1805,222.56,219.3,222.6,222.34,221.4,220.14,221.04,221.04,221.86,220.52
1806,222.56,219.3,222.6,222.32,221.4,220.14,221.04,221.04,221.86,220.5
1807,222.56,219.28,222.6,222.32,221.4,220.14,221.04,221.04,221.86,220.5
1808,222.56,219.28,222.6,222.32,221.4,220.14,221.04,221.04,221.86,220.48
1809,222.56,219.28,222.6,222.32,221.4,220.14,221.04,221.04,221.86,220.48
1810,222.56,219.26,222.58,222.32,221.4,220.14,221.04,221.04,221.82,220.48
1811,222.56,219.26,222.58,222.32,221.4,220.14,221.04,221.04,221.82,220.46
1812,222.56,219.26,222.58,222.32,221.38,220.14,221.04,221.04,221.82,220.46
1813,222.56,219.24,222.58,222.32,221.38,220.14,221.04,221.04,221.8,220.46
1814,222.56,219.24,222.58,222.32,221.38,220.14,221.04,221.04,221.8,220.46
1815,222.56,219.24,222.58,222.3,221.38,220.1,221.04,221.04,221.8,220.46
1816,222.52,219.24,222.58,222.3,221.38,220.1,221.02,221.04,221.8,220.46
1817,222.52,219.22,222.56,222.3,221.38,220.1,221.02,221.04,221.8,220.46
1818,222.52,219.22,222.56,222.3,221.34,220.1,221.02,221.04,221.8,220.46
1819,222.52,219.22,222.56,222.3,221.34,220.08,221.02,221.04,221.8,220.44
1820,222.52,219.22,222.56,222.28,221.34,220.08,221.02,221.04,221.8,220.44
1821,222.52,219.22,222.56,222.26,221.32,220.06,221.02,221.02,221.8,220.44
1822,222.52,219.22,222.56,222.26,221.3,220.06,221.02,221.02,221.8,220.42
1823,222.52,219.22,222.56,222.26,221.28,220.06,221.02,221.02,221.8,220.4
1824,222.52,219.22,222.54,222.26,221.28,220.06,221.02,221.0,221.78,220.4
1825,222.52,219.22,222.54,222.24,221.26,220.06,221.0,221.0,221.78,220.4
1826,222.52,219.22,222.5,222.22,221.26,220.06,220.96,221.0,221.78,220.4
1827,222.52,219.2,222.5,222.22,221.26,220.06,220.96,221.0,221.78,220.4
1828,222.52,219.18,222.5,222.22,221.26,220.06,220.96,220.98,221.78,220.36
1829,222.52,219.18,222.5,222.22,221.26,220.06,220.96,220.94,221.78,220.36
1830,222.5,219.18,222.5,222.22,221.26,220.06,220.96,220.94,221.78,220.36
1831,222.48,219.18,222.5,222.22,221.26,220.04,220.96,220.94,221.78,220.34
1832,222.48,219.18,222.5,222.22,221.26,220.04,220.96,220.94,221.76,220.34
1833,222.48,219.18,222.5,222.22,221.26,220.04,220.96,220.94,221.76,220.34
1834,222.46,219.18,222.5,222.22,221.24,220.04,220.96,220.94,221.76,220.34
1835,222.46,219.18,222.5,222.22,221.24,220.04,220.96,220.94,221.76,220.34
1836,222.46,219.18,222.5,222.22,221.24,220.04,220.94,220.94,221.74,220.34
1837,222.46,219.18,222.48,222.22,221.24,220.04,220.94,220.92,221.74,220.34
1838,222.46,219.18,222.48,222.2,221.24,220.04,220.94,220.92,221.74,220.34
1839,222.46,219.18,222.46,222.2,221.24,220.04,220.94,220.92,221.74,220.34
1840,222.44,219.18,222.46,222.2,221.24,220.02,220.94,220.92,221.72,220.34
1841,222.44,219.18,222.46,222.18,221.24,220.02,220.94,220.92,221.72,220.34
1842,222.44,219.18,222.46,222.18,221.24,220.02,220.94,220.92,221.72,220.34
1843,222.44,219.18,222.46,222.18,221.24,220.02,220.94,220.92,221.7,220.34
1844,222.44,219.18,222.46,222.18,221.24,220.02,220.94,220.92,221.7,220.34
1845,222.44,219.18,222.46,222.16,221.24,220.02,220.94,220.92,221.68,220.32
1846,222.44,219.18,222.46,222.16,221.24,220.02,220.94,220.92,221.66,220.32
1847,222.44,219.18,222.46,222.16,221.24,220.02,220.94,220.92,221.66,220.32
1848,222.44,219.18,222.46,222.16,221.24,220.02,220.92,220.92,221.66,220.32
1849,222.44,219.18,222.46,222.16,221.24,220.02,220.92,220.92,221.64,220.32
1850,222.44,219.16,222.46,222.16,221.24,220.02,220.92,220.92,221.64,220.32
1851,222.44,219.16,222.44,222.16,221.24,220.02,220.92,220.92,221.64,220.32
1852,222.44,219.14,222.44,222.16,221.24,220.02,220.92,220.88,221.62,220.32
1853,222.44,219.14,222.44,222.16,221.24,220.02,220.92,220.88,221.62,220.32
1854,222.44,219.14,222.44,222.16,221.24,220.02,220.92,220.88,221.6,220.3
1855,222.42,219.14,222.44,222.16,221.24,220.02,220.9,220.88,221.6,220.3
1856,222.42,219.14,222.42,222.16,221.22,220.02,220.9,220.88,221.6,220.3
1857,222.4,219.14,222.42,222.16,221.22,220.02,220.9,220.88,221.6,220.3
1858,222.38,219.14,222.42,222.16,221.22,220.02,220.88,220.88,221.6,220.28
1859,222.36,219.14,222.42,222.16,221.22,220.02,220.88,220.88,221.6,220.28
1860,222.36,219.14,222.42,222.16,221.22,220.02,220.88,220.88,221.6,220.28
1861,222.36,219.14,222.42,222.16,221.22,220.02,220.88,220.88,221.6,220.28
1862,222.34,219.14,222.42,222.16,221.22,220.02,220.88,220.88,221.6,220.28
1863,222.34,219.14,222.42,222.16,221.22,220.02,220.88,220.88,221.6,220.28
1864,222.34,219.14,222.42,222.16,221.22,220.02,220.88,220.88,221.6,220.26
1865,222.32,219.14,222.4,222.16,221.22,220.02,220.88,220.88,221.6,220.26
1866,222.32,219.14,222.4,222.14,221.2,220.02,220.86,220.88,221.6,220.26
1867,222.32,219.14,222.4,222.14,221.2,220.02,220.86,220.88,221.6,220.24
1868,222.32,219.14,222.4,222.14,221.18,220.02,220.86,220.88,221.6,220.24
1869,222.32,219.14,222.4,222.14,221.18,220.02,220.84,220.88,221.6,220.24
1870,222.32,219.14,222.4,222.14,221.18,220.02,220.84,220.88,221.6,220.24
1871,222.32,219.14,222.4,222.14,221.18,220.02,220.84,220.88,221.6,220.22
1872,222.3,219.14,222.4,222.14,221.18,220.02,220.84,220.88,221.6,220.22
1873,222.3,219.14,222.4,222.14,221.16,220.02,220.84,220.88,221.6,220.22
1874,222.3,219.14,222.38,222.14,221.16,220.02,220.84,220.88,221.6,220.22
1875,222.3,219.14,222.38,222.14,221.16,220.02,220.84,220.88,221.6,220.22
1876,222.28,219.14,222.38,222.14,221.16,220.02,220.84,220.88,221.58,220.2
1877,222.28,219.14,222.38,222.14,221.16,220.02,220.84,220.88,221.58,220.2
1878,222.26,219.14,222.34,222.14,221.16,220.02,220.84,220.88,221.58,220.2
1879,222.26,219.14,222.34,222.14,221.16,220.0,220.84,220.86,221.58,220.18
1880,222.26,219.14,222.34,222.14,221.14,220.0,220.84,220.86,221.58,220.18
1881,222.26,219.14,222.34,222.14,221.14,220.0,220.84,220.84,221.58,220.18
1882,222.26,219.14,222.34,222.14,221.14,220.0,220.84,220.84,221.58,220.18
1883,222.26,219.14,222.34,222.14,221.14,220.0,220.84,220.84,221.58,220.18
1884,222.26,219.12,222.34,222.14,221.14,220.0,220.84,220.84,221.58,220.18
1885,222.26,219.12,222.34,222.14,221.14,220.0,220.84,220.84,221.58,220.18
1886,222.26,219.12,222.34,222.14,221.14,220.0,220.84,220.84,221.58,220.18
1887,222.26,219.12,222.34,222.14,221.14,220.0,220.84,220.84,221.58,220.18
1888,222.26,219.12,222.34,222.14,221.12,220.0,220.84,220.84,221.58,220.18
1889,222.26,219.12,222.34,222.14,221.12,220.0,220.84,220.84,221.58,220.16
1890,222.26,219.12,222.32,222.12,221.12,220.0,220.84,220.84,221.58,220.16
1891,222.26,219.12,222.32,222.08,221.12,220.0,220.84,220.82,221.58,220.16
1892,222.26,219.12,222.32,222.08,221.12,220.0,220.84,220.82,221.58,220.16
1893,222.26,219.12,222.32,222.08,221.12,220.0,220.84,220.82,221.58,220.14
1894,222.26,219.12,222.32,222.08,221.12,220.0,220.84,220.82,221.58,220.14
1895,222.26,219.12,222.32,222.08,221.12,220.0,220.84,220.82,221.58,220.14
1896,222.26,219.12,222.32,222.08,221.08,220.0,220.84,220.8,221.58,220.14
1897,222.26,219.12,222.32,222.08,221.08,220.0,220.84,220.8,221.56,220.14
1898,222.26,219.12,222.32,222.08,221.06,220.0,220.84,220.8,221.56,220.14
1899,222.26,219.12,222.32,222.08,221.06,220.0,220.84,220.8,221.56,220.14
1900,222.24,219.1,222.32,222.08,221.06,220.0,220.84,220.8,221.56,220.14
1901,222.24,219.1,222.32,222.08,221.06,220.0,220.84,220.78,221.56,220.14
1902,222.24,219.1,222.32,222.08,221.06,219.98,220.82,220.78,221.56,220.14
1903,222.22,219.1,222.32,222.08,221.06,219.98,220.8,220.78,221.54,220.14
1904,222.22,219.08,222.32,222.08,221.04,219.98,220.8,220.78,221.54,220.14
1905,222.2,219.08,222.32,222.08,221.04,219.98,220.8,220.76,221.52,220.14
1906,222.2,219.08,222.32,222.08,221.04,219.98,220.8,220.74,221.52,220.14
1907,222.2,219.08,222.32,222.08,221.04,219.98,220.8,220.74,221.52,220.14
1908,222.2,219.08,222.32,222.08,221.04,219.98,220.8,220.74,221.52,220.14
1909,222.2,219.08,222.32,222.08,221.04,219.98,220.8,220.74,221.52,220.14
1910,222.2,219.08,222.32,222.08,221.02,219.98,220.8,220.72,221.52,220.14
1911,222.2,219.06,222.32,222.08,221.02,219.98,220.8,220.72,221.52,220.14
1912,222.18,219.06,222.32,222.08,221.02,219.98,220.8,220.72,221.52,220.14
1913,222.18,219.06,222.32,222.08,221.0,219.98,220.8,220.72,221.52,220.14
1914,222.18,219.06,222.32,222.06,221.0,219.98,220.8,220.72,221.52,220.14
1915,222.18,219.06,222.32,222.06,220.98,219.98,220.8,220.72,221.52,220.14
1916,222.18,219.06,222.32,222.06,220.98,219.98,220.78,220.72,221.52,220.14
1917,222.18,219.06,222.32,222.06,220.98,219.98,220.76,220.72,221.52,220.14
1918,222.18,219.06,222.32,222.04,220.98,219.96,220.76,220.72,221.52,220.14
1919,222.18,219.06,222.32,222.04,220.98,219.96,220.76,220.72,221.52,220.14
1920,222.18,219.06,222.32,222.04,220.98,219.96,220.76,220.72,221.52,220.14
1921,222.18,219.06,222.32,222.04,220.96,219.96,220.76,220.7,221.52,220.14
1922,222.18,219.06,222.32,222.04,220.96,219.96,220.72,220.68,221.52,220.1
1923,222.18,219.06,222.32,222.04,220.94,219.96,220.7,220.66,221.5,220.1
1924,222.18,219.06,222.32,222.04,220.94,219.96,220.64,220.66,221.5,220.1
1925,222.18,219.06,222.32,222.04,220.94,219.96,220.64,220.66,221.5,220.1
1926,222.18,219.06,222.32,222.04,220.94,219.96,220.64,220.66,221.5,220.1
1927,222.18,219.06,222.32,222.04,220.94,219.96,220.64,220.66,221.5,220.1
1928,222.18,219.06,222.32,222.04,220.94,219.96,220.64,220.66,221.5,220.1
1929,222.18,219.06,222.32,222.04,220.94,219.96,220.64,220.66,221.5,220.1
1930,222.18,219.06,222.32,222.02,220.94,219.96,220.64,220.64,221.5,220.1
1931,222.18,219.04,222.32,222.02,220.94,219.96,220.64,220.62,221.5,220.1
1932,222.18,219.04,222.3,222.02,220.94,219.96,220.64,220.6,221.5,220.1
1933,222.18,219.04,222.28,222.02,220.94,219.96,220.64,220.6,221.5,220.1
1934,222.18,219.04,222.24,222.02,220.92,219.96,220.64,220.6,221.5,220.08
1935,222.18,219.04,222.24,222.02,220.92,219.96,220.64,220.6,221.48,220.08
1936,222.18,219.04,222.24,222.02,220.92,219.96,220.64,220.58,221.48,220.08
1937,222.18,219.04,222.22,222.0,220.92,219.96,220.64,220.58,221.48,220.08
1938,222.18,219.04,222.2,222.0,220.92,219.96,220.64,220.56,221.48,220.08
1939,222.18,219.04,222.2,222.0,220.9,219.96,220.64,220.54,221.46,220.08
1940,222.18,219.04,222.2,222.0,220.9,219.96,220.62,220.54,221.46,220.08
1941,222.18,219.04,222.2,222.0,220.9,219.94,220.62,220.52,221.46,220.08
1942,222.18,219.04,222.2,222.0,220.9,219.94,220.62,220.52,221.46,220.08
1943,222.18,219.04,222.2,222.0,220.9,219.94,220.62,220.5,221.46,220.04
1944,222.18,219.04,222.2,222.0,220.9,219.94,220.6,220.5,221.46,220.04
1945,222.18,219.04,222.2,222.0,220.9,219.92,220.6,220.5,221.46,220.04
1946,222.18,219.04,222.2,222.0,220.9,219.92,220.6,220.5,221.46,220.04
1947,222.18,219.04,222.2,222.0,220.9,219.92,220.6,220.5,221.46,220.04
1948,222.18,219.04,222.2,222.0,220.88,219.92,220.6,220.5,221.44,220.04
1949,222.18,219.02,222.2,222.0,220.88,219.92,220.58,220.48,221.44,220.04
1950,222.16,219.02,222.18,222.0,220.88,219.92,220.58,220.48,221.44,220.04
1951,222.16,219.02,222.18,222.0,220.88,219.92,220.56,220.48,221.44,220.04
1952,222.16,219.02,222.18,222.0,220.88,219.92,220.56,220.48,221.44,220.02
1953,222.16,219.02,222.18,222.0,220.88,219.9,220.56,220.48,221.42,220.02
1954,222.16,219.02,222.18,222.0,220.88,219.9,220.56,220.48,221.42,220.02
1955,222.16,219.02,222.16,221.98,220.88,219.9,220.56,220.48,221.42,220.02
1956,222.16,219.02,222.16,221.98,220.88,219.9,220.54,220.48,221.4,220.02
1957,222.16,219.02,222.14,221.98,220.88,219.9,220.54,220.48,221.4,220.02
1958,222.16,219.0,222.14,221.98,220.88,219.88,220.52,220.48,221.4,220.02
1959,222.16,219.0,222.14,221.98,220.88,219.88,220.52,220.48,221.38,220.02
1960,222.12,219.0,222.14,221.98,220.88,219.88,220.52,220.46,221.38,220.02
1961,222.12,219.0,222.14,221.98,220.88,219.88,220.52,220.46,221.36,220.02
1962,222.12,219.0,222.14,221.98,220.88,219.88,220.5,220.46,221.36,220.02
1963,222.12,219.0,222.14,221.98,220.88,219.88,220.5,220.46,221.34,220.02
1964,222.12,219.0,222.14,221.98,220.88,219.88,220.5,220.46,221.34,220.02
1965,222.1,219.0,222.14,221.98,220.88,219.88,220.5,220.46,221.34,220.02
1966,222.1,219.0,222.14,221.96,220.88,219.88,220.5,220.46,221.34,220.02
1967,222.1,219.0,222.12,221.96,220.88,219.88,220.5,220.46,221.34,220.02
1968,222.1,219.0,222.12,221.96,220.88,219.88,220.5,220.46,221.32,220.02
1969,222.1,219.0,222.12,221.96,220.88,219.88,220.5,220.46,221.32,220.02
1970,222.1,219.0,222.12,221.96,220.88,219.86,220.5,220.46,221.32,220.02
1971,222.1,218.98,222.12,221.96,220.86,219.84,220.5,220.46,221.32,220.02
1972,222.1,218.98,222.12,221.96,220.86,219.84,220.5,220.46,221.32,220.02
1973,222.1,218.96,222.12,221.96,220.86,219.84,220.5,220.46,221.32,220.0
1974,222.08,218.96,222.12,221.96,220.86,219.84,220.5,220.46,221.32,220.0
1975,222.08,218.96,222.1,221.96,220.86,219.84,220.5,220.44,221.32,220.0
1976,222.08,218.96,222.1,221.96,220.86,219.82,220.5,220.44,221.32,220.0
1977,222.06,218.96,222.1,221.94,220.86,219.82,220.48,220.44,221.3,220.0
1978,222.06,218.96,222.08,221.9,220.86,219.82,220.48,220.44,221.3,220.0
1979,222.06,218.94,222.06,221.9,220.86,219.82,220.48,220.44,221.3,220.0
1980,222.06,218.94,222.06,221.9,220.86,219.82,220.48,220.44,221.3,220.0
1981,222.06,218.94,222.06,221.9,220.86,219.76,220.48,220.44,221.3,220.0
1982,222.06,218.94,222.06,221.9,220.86,219.76,220.48,220.44,221.3,220.0
1983,222.06,218.94,222.06,221.9,220.86,219.76,220.48,220.44,221.3,220.0
1984,222.06,218.92,222.06,221.9,220.86,219.76,220.48,220.44,221.3,220.0
1985,222.06,218.92,222.06,221.9,220.8,219.76,220.48,220.44,221.3,220.0
1986,222.06,218.92,222.06,221.9,220.8,219.74,220.48,220.44,221.3,220.0
1987,222.06,218.92,222.06,221.9,220.8,219.74,220.48,220.44,221.3,220.0
1988,222.06,218.92,222.04,221.9,220.8,219.74,220.48,220.44,221.3,220.0
1989,222.06,218.88,222.04,221.9,220.8,219.74,220.48,220.42,221.3,220.0
1990,222.06,218.88,222.04,221.9,220.78,219.72,220.48,220.42,221.3,219.98
1991,222.06,218.88,222.04,221.9,220.78,219.72,220.48,220.42,221.3,219.98
1992,222.06,218.88,222.04,221.9,220.78,219.72,220.46,220.4,221.3,219.98
1993,222.06,218.88,222.04,221.9,220.78,219.72,220.46,220.4,221.3,219.98
1994,222.06,218.88,222.04,221.88,220.78,219.72,220.46,220.4,221.3,219.98
1995,222.06,218.88,222.04,221.86,220.78,219.72,220.46,220.4,221.3,219.98
1996,222.06,218.88,222.04,221.86,220.78,219.72,220.46,220.38,221.3,219.98
1997,222.06,218.88,222.04,221.86,220.78,219.72,220.46,220.38,221.3,219.98
1998,222.06,218.86,222.04,221.86,220.76,219.7,220.46,220.38,221.26,219.98
1999,222.06,218.86,222.04,221.86,220.76,219.68,220.46,220.38,221.26,219.94
2000,222.06,218.86,222.04,221.86,220.76,219.68,220.44,220.38,221.26,219.94
2001,222.06,218.84,222.04,221.86,220.76,219.68,220.42,220.38,221.24,219.94
2002,222.04,218.84,222.04,221.86,220.76,219.68,220.42,220.38,221.24,219.94
2003,222.04,218.84,222.04,221.86,220.76,219.68,220.42,220.38,221.24,219.94
2004,222.04,218.84,222.04,221.86,220.76,219.68,220.4,220.38,221.24,219.92
2005,222.04,218.84,222.04,221.86,220.76,219.68,220.4,220.38,221.24,219.92
2006,222.04,218.84,222.04,221.86,220.76,219.68,220.4,220.38,221.24,219.92
2007,222.04,218.84,222.04,221.86,220.76,219.68,220.4,220.38,221.22,219.92
2008,222.04,218.84,222.04,221.86,220.76,219.68,220.4,220.38,221.22,219.92
2009,222.02,218.84,222.04,221.86,220.76,219.68,220.4,220.38,221.2,219.92
2010,222.02,218.84,222.04,221.86,220.76,219.68,220.38,220.38,221.18,219.92
2011,222.02,218.84,222.0,221.84,220.76,219.64,220.38,220.38,221.16,219.92
2012,222.02,218.84,222.0,221.82,220.76,219.64,220.38,220.38,221.14,219.92
2013,222.02,218.84,221.98,221.82,220.76,219.64,220.38,220.38,221.14,219.92
2014,222.02,218.82,221.98,221.82,220.76,219.64,220.38,220.38,221.14,219.92
2015,222.02,218.8,221.98,221.8,220.76,219.62,220.38,220.38,221.12,219.92
2016,222.02,218.78,221.98,221.78,220.76,219.6,220.38,220.38,221.12,219.92
2017,222.02,218.78,221.98,221.78,220.76,219.58,220.38,220.38,221.12,219.92
2018,222.02,218.78,221.98,221.78,220.74,219.58,220.38,220.38,221.12,219.92
2019,222.02,218.76,221.98,221.78,220.74,219.58,220.38,220.38,221.12,219.92
2020,222.02,218.76,221.98,221.78,220.74,219.58,220.38,220.38,221.12,219.92
2021,222.02,218.76,221.98,221.78,220.74,219.58,220.38,220.38,221.12,219.92
2022,222.02,218.76,221.98,221.78,220.74,219.58,220.36,220.38,221.12,219.92
2023,222.02,218.76,221.98,221.78,220.74,219.58,220.36,220.38,221.12,219.92
2024,222.02,218.74,221.98,221.78,220.74,219.58,220.36,220.36,221.12,219.9
2025,222.02,218.74,221.96,221.78,220.74,219.58,220.36,220.36,221.12,219.9
2026,222.0,218.74,221.96,221.76,220.74,219.58,220.34,220.36,221.12,219.9
2027,222.0,218.74,221.96,221.76,220.74,219.58,220.34,220.36,221.12,219.88
2028,222.0,218.74,221.96,221.76,220.72,219.58,220.34,220.36,221.12,219.88
2029,222.0,218.72,221.96,221.76,220.7,219.58,220.34,220.36,221.12,219.88
2030,222.0,218.72,221.96,221.76,220.7,219.56,220.34,220.36,221.12,219.88
2031,222.0,218.7,221.96,221.76,220.7,219.56,220.34,220.36,221.12,219.88
2032,222.0,218.7,221.96,221.76,220.68,219.56,220.34,220.36,221.12,219.88
2033,222.0,218.68,221.96,221.76,220.68,219.56,220.34,220.36,221.12,219.86
2034,222.0,218.68,221.96,221.76,220.68,219.56,220.34,220.36,221.12,219.86
2035,222.0,218.68,221.96,221.76,220.68,219.56,220.34,220.36,221.12,219.86
2036,222.0,218.68,221.96,221.76,220.68,219.56,220.34,220.36,221.12,219.84
2037,222.0,218.68,221.96,221.76,220.68,219.56,220.34,220.36,221.12,219.84
2038,222.0,218.68,221.96,221.76,220.68,219.56,220.34,220.36,221.12,219.84
2039,222.0,218.68,221.96,221.76,220.68,219.56,220.34,220.36,221.12,219.84
2040,222.0,218.68,221.96,221.76,220.68,219.56,220.34,220.36,221.12,219.84
2041,222.0,218.68,221.96,221.76,220.68,219.56,220.34,220.36,221.12,219.84
2042,222.0,218.68,221.94,221.74,220.68,219.56,220.34,220.36,221.12,219.84
2043,222.0,218.68,221.94,221.74,220.68,219.56,220.34,220.36,221.12,219.82
2044,222.0,218.68,221.94,221.74,220.68,219.56,220.34,220.36,221.12,219.82
2045,222.0,218.68,221.94,221.74,220.68,219.56,220.34,220.36,221.12,219.82
2046,222.0,218.68,221.94,221.74,220.68,219.56,220.34,220.36,221.1,219.82
2047,221.98,218.68,221.94,221.72,220.64,219.56,220.34,220.36,221.1,219.8
2048,221.98,218.68,221.92,221.72,220.64,219.56,220.34,220.34,221.1,219.8
2049,221.98,218.68,221.92,221.72,220.64,219.54,220.34,220.34,221.1,219.8
2050,221.96,218.68,221.92,221.72,220.64,219.54,220.34,220.34,221.1,219.8
2051,221.96,218.68,221.92,221.72,220.64,219.52,220.34,220.34,221.1,219.8
2052,221.96,218.68,221.92,221.72,220.64,219.52,220.34,220.34,221.1,219.8
2053,221.96,218.68,221.92,221.72,220.64,219.52,220.34,220.34,221.08,219.8
2054,221.96,218.68,221.92,221.72,220.64,219.52,220.34,220.34,221.08,219.78
2055,221.94,218.68,221.92,221.72,220.64,219.52,220.34,220.34,221.08,219.78
2056,221.94,218.68,221.92,221.72,220.64,219.5,220.34,220.34,221.08,219.78
2057,221.94,218.68,221.92,221.72,220.64,219.5,220.34,220.34,221.08,219.78
2058,221.94,218.68,221.92,221.72,220.64,219.5,220.34,220.34,221.08,219.78
2059,221.94,218.68,221.92,221.7,220.64,219.5,220.34,220.32,221.08,219.78
2060,221.94,218.68,221.92,221.7,220.64,219.5,220.34,220.32,221.08,219.78
2061,221.94,218.68,221.92,221.7,220.64,219.5,220.34,220.28,221.08,219.78
2062,221.94,218.66,221.92,221.7,220.64,219.5,220.34,220.28,221.08,219.78
2063,221.94,218.66,221.92,221.7,220.62,219.5,220.34,220.28,221.08,219.78
2064,221.94,218.64,221.92,221.7,220.62,219.5,220.32,220.28,221.08,219.76
2065,221.94,218.64,221.92,221.7,220.62,219.5,220.3,220.28,221.08,219.76
2066,221.94,218.64,221.9,221.7,220.6,219.5,220.3,220.28,221.06,219.76
2067,221.94,218.64,221.9,221.7,220.6,219.5,220.3,220.28,221.06,219.76
2068,221.94,218.64,221.9,221.7,220.6,219.5,220.3,220.28,221.06,219.76
2069,221.94,218.64,221.9,221.7,220.6,219.5,220.3,220.28,221.06,219.76
2070,221.94,218.62,221.9,221.7,220.6,219.5,220.3,220.28,221.06,219.76
2071,221.94,218.62,221.88,221.68,220.6,219.5,220.3,220.28,221.06,219.76
2072,221.94,218.62,221.88,221.68,220.58,219.5,220.3,220.28,221.06,219.74
2073,221.94,218.62,221.88,221.68,220.58,219.5,220.3,220.28,221.06,219.72
2074,221.94,218.62,221.88,221.68,220.58,219.5,220.3,220.28,221.06,219.7
2075,221.92,218.62,221.88,221.66,220.58,219.48,220.3,220.28,221.06,219.7
2076,221.92,218.62,221.86,221.66,220.58,219.48,220.3,220.28,221.06,219.7
2077,221.92,218.62,221.86,221.66,220.58,219.48,220.3,220.28,221.06,219.7
2078,221.92,218.62,221.86,221.66,220.56,219.48,220.3,220.28,221.06,219.7
2079,221.86,218.6,221.86,221.66,220.56,219.48,220.3,220.28,221.06,219.7
2080,221.86,218.6,221.86,221.66,220.56,219.48,220.3,220.28,221.06,219.7
2081,221.84,218.6,221.86,221.64,220.56,219.48,220.3,220.28,221.06,219.7
2082,221.84,218.6,221.84,221.64,220.54,219.48,220.3,220.28,221.06,219.7
2083,221.84,218.6,221.84,221.64,220.54,219.48,220.3,220.28,221.06,219.7
2084,221.84,218.6,221.84,221.62,220.54,219.48,220.28,220.28,221.06,219.7
2085,221.84,218.6,221.84,221.62,220.54,219.48,220.28,220.28,221.06,219.7
2086,221.84,218.6,221.84,221.62,220.54,219.48,220.28,220.28,221.06,219.7
2087,221.84,218.6,221.84,221.62,220.54,219.48,220.28,220.28,221.06,219.7
2088,221.84,218.6,221.84,221.6,220.54,219.48,220.28,220.28,221.06,219.7
2089,221.84,218.6,221.82,221.6,220.54,219.48,220.28,220.28,221.06,219.7
2090,221.84,218.6,221.82,221.6,220.54,219.48,220.28,220.28,221.06,219.7
2091,221.84,218.6,221.82,221.6,220.52,219.48,220.28,220.28,221.04,219.7
2092,221.84,218.6,221.82,221.6,220.52,219.48,220.28,220.28,221.04,219.7
2093,221.82,218.6,221.82,221.6,220.52,219.48,220.28,220.28,221.04,219.7
2094,221.82,218.6,221.82,221.6,220.52,219.48,220.28,220.28,221.04,219.7
2095,221.82,218.6,221.8,221.6,220.52,219.48,220.28,220.28,221.04,219.7
2096,221.82,218.6,221.8,221.6,220.52,219.48,220.26,220.28,221.04,219.7
2097,221.82,218.6,221.8,221.58,220.52,219.48,220.26,220.28,221.04,219.7
2098,221.82,218.6,221.8,221.58,220.52,219.48,220.26,220.28,221.04,219.7
2099,221.82,218.6,221.8,221.58,220.52,219.48,220.26,220.28,221.04,219.7
2100,221.82,218.6,221.78,221.58,220.52,219.48,220.24,220.28,221.04,219.7
2101,221.82,218.58,221.78,221.58,220.52,219.48,220.24,220.28,221.04,219.7
2102,221.8,218.58,221.78,221.58,220.5,219.46,220.24,220.28,221.04,219.7
2103,221.8,218.58,221.78,221.58,220.48,219.44,220.24,220.28,221.04,219.7
2104,221.8,218.58,221.78,221.58,220.48,219.44,220.24,220.28,221.04,219.66
2105,221.8,218.58,221.78,221.58,220.48,219.44,220.24,220.28,221.04,219.66
2106,221.8,218.56,221.78,221.58,220.48,219.44,220.24,220.28,221.04,219.66
2107,221.8,218.56,221.78,221.58,220.48,219.44,220.22,220.28,221.04,219.66
2108,221.8,218.56,221.78,221.58,220.48,219.44,220.22,220.28,221.04,219.66
2109,221.78,218.56,221.76,221.58,220.48,219.44,220.22,220.28,221.04,219.64
2110,221.78,218.56,221.76,221.58,220.48,219.44,220.22,220.28,221.04,219.64
2111,221.78,218.56,221.74,221.54,220.48,219.44,220.22,220.28,221.04,219.64
2112,221.76,218.54,221.74,221.54,220.48,219.44,220.22,220.28,221.02,219.64
2113,221.76,218.54,221.74,221.54,220.48,219.44,220.22,220.28,221.02,219.64
2114,221.76,218.54,221.74,221.54,220.48,219.42,220.22,220.28,221.02,219.64
2115,221.76,218.54,221.74,221.54,220.48,219.42,220.22,220.28,221.02,219.64
2116,221.76,218.54,221.74,221.54,220.48,219.42,220.22,220.28,221.02,219.64
2117,221.74,218.54,221.74,221.54,220.48,219.42,220.22,220.28,221.02,219.64
2118,221.72,218.54,221.74,221.54,220.48,219.42,220.22,220.28,221.02,219.64
2119,221.72,218.54,221.74,221.54,220.48,219.42,220.2,220.28,221.0,219.64
2120,221.72,218.54,221.72,221.54,220.48,219.42,220.2,220.28,221.0,219.64
2121,221.72,218.54,221.72,221.5,220.46,219.42,220.2,220.22,221.0,219.64
2122,221.72,218.54,221.72,221.5,220.46,219.42,220.2,220.22,221.0,219.6
2123,221.7,218.54,221.72,221.48,220.46,219.42,220.2,220.22,220.98,219.58
2124,221.7,218.54,221.72,221.48,220.46,219.42,220.2,220.22,220.98,219.58
2125,221.7,218.52,221.72,221.48,220.46,219.42,220.2,220.2,220.96,219.58
2126,221.7,218.52,221.72,221.48,220.46,219.42,220.16,220.2,220.96,219.56
2127,221.7,218.52,221.72,221.48,220.46,219.42,220.16,220.2,220.96,219.56
2128,221.7,218.52,221.72,221.48,220.46,219.42,220.16,220.2,220.96,219.56
2129,221.7,218.52,221.72,221.48,220.46,219.42,220.14,220.2,220.96,219.56
2130,221.7,218.5,221.72,221.48,220.46,219.42,220.14,220.2,220.96,219.56
2131,221.7,218.5,221.72,221.48,220.46,219.42,220.12,220.2,220.96,219.56
2132,221.7,218.5,221.72,221.48,220.46,219.42,220.1,220.2,220.96,219.56
2133,221.7,218.5,221.72,221.48,220.44,219.42,220.1,220.2,220.96,219.56
2134,221.7,218.5,221.72,221.48,220.42,219.42,220.1,220.2,220.96,219.56
2135,221.7,218.5,221.72,221.48,220.42,219.42,220.1,220.2,220.96,219.56
2136,221.7,218.5,221.72,221.48,220.42,219.42,220.1,220.2,220.96,219.56
2137,221.68,218.5,221.72,221.48,220.42,219.42,220.06,220.2,220.96,219.56
2138,221.68,218.5,221.7,221.48,220.42,219.4,220.06,220.2,220.96,219.56
2139,221.68,218.5,221.68,221.48,220.42,219.4,220.06,220.2,220.96,219.56
2140,221.68,218.5,221.68,221.48,220.42,219.4,220.06,220.2,220.96,219.54
2141,221.68,218.5,221.68,221.48,220.42,219.4,220.06,220.2,220.96,219.54
2142,221.68,218.48,221.66,221.48,220.42,219.4,220.06,220.2,220.96,219.54
2143,221.68,218.48,221.66,221.48,220.42,219.4,220.04,220.2,220.96,219.54
2144,221.66,218.48,221.66,221.48,220.42,219.38,220.04,220.2,220.96,219.54
2145,221.64,218.48,221.66,221.48,220.42,219.38,220.04,220.16,220.96,219.54
2146,221.64,218.46,221.66,221.48,220.36,219.38,220.04,220.16,220.94,219.54
2147,221.64,218.46,221.66,221.48,220.36,219.38,220.04,220.16,220.92,219.54
2148,221.64,218.46,221.66,221.48,220.34,219.34,220.04,220.14,220.92,219.52
2149,221.64,218.46,221.66,221.48,220.34,219.34,220.04,220.14,220.92,219.52
2150,221.62,218.42,221.66,221.48,220.32,219.34,220.04,220.14,220.92,219.52
2151,221.62,218.42,221.64,221.48,220.32,219.34,220.04,220.14,220.92,219.5
2152,221.62,218.42,221.64,221.48,220.32,219.34,220.02,220.14,220.92,219.5
2153,221.62,218.42,221.64,221.48,220.32,219.34,220.02,220.14,220.92,219.5
2154,221.6,218.42,221.64,221.48,220.32,219.34,220.02,220.14,220.92,219.5
2155,221.6,218.42,221.62,221.46,220.32,219.34,220.02,220.12,220.92,219.5
2156,221.6,218.42,221.62,221.46,220.32,219.34,220.02,220.12,220.92,219.5
2157,221.6,218.4,221.62,221.46,220.32,219.34,220.0,220.12,220.92,219.5
2158,221.6,218.4,221.62,221.46,220.32,219.34,220.0,220.12,220.92,219.5
2159,221.6,218.4,221.6,221.46,220.32,219.34,220.0,220.12,220.92,219.5
2160,221.6,218.4,221.6,221.46,220.32,219.34,220.0,220.12,220.92,219.5
2161,221.54,218.4,221.6,221.46,220.3,219.34,220.0,220.1,220.92,219.5
2162,221.54,218.38,221.6,221.46,220.3,219.34,220.0,220.1,220.92,219.5
2163,221.54,218.38,221.6,221.46,220.28,219.32,220.0,220.1,220.92,219.5
2164,221.54,218.38,221.6,221.46,220.28,219.32,220.0,220.1,220.92,219.5
2165,221.54,218.36,221.6,221.46,220.28,219.32,220.0,220.1,220.92,219.5
2166,221.54,218.36,221.6,221.46,220.28,219.32,219.98,220.1,220.92,219.5
2167,221.52,218.36,221.6,221.46,220.28,219.32,219.96,220.1,220.92,219.5
2168,221.52,218.36,221.6,221.46,220.28,219.32,219.96,220.1,220.92,219.5
2169,221.52,218.36,221.6,221.46,220.26,219.32,219.96,220.08,220.92,219.5
2170,221.52,218.36,221.6,221.46,220.26,219.32,219.96,220.08,220.92,219.48
2171,221.52,218.36,221.6,221.46,220.24,219.32,219.96,220.06,220.92,219.48
2172,221.52,218.36,221.6,221.46,220.24,219.3,219.96,220.06,220.92,219.46
2173,221.52,218.36,221.6,221.44,220.24,219.3,219.96,220.04,220.92,219.46
2174,221.48,218.36,221.6,221.44,220.24,219.28,219.96,220.04,220.92,219.46
2175,221.46,218.36,221.6,221.44,220.24,219.28,219.96,220.04,220.92,219.46
2176,221.46,218.36,221.6,221.44,220.24,219.28,219.96,220.04,220.92,219.46
2177,221.46,218.34,221.6,221.44,220.24,219.28,219.94,220.04,220.92,219.46
2178,221.46,218.34,221.6,221.44,220.24,219.28,219.94,220.02,220.92,219.44
2179,221.46,218.34,221.6,221.44,220.24,219.28,219.94,220.02,220.92,219.44
2180,221.46,218.34,221.6,221.44,220.24,219.28,219.94,220.02,220.92,219.44
2181,221.46,218.34,221.6,221.42,220.24,219.28,219.92,220.02,220.92,219.44
2182,221.46,218.34,221.6,221.42,220.24,219.28,219.92,220.02,220.92,219.44
2183,221.46,218.34,221.6,221.42,220.24,219.24,219.92,220.02,220.92,219.44
2184,221.46,218.34,221.58,221.42,220.24,219.24,219.92,220.02,220.9,219.44
2185,221.46,218.34,221.56,221.42,220.22,219.22,219.92,220.02,220.9,219.44
2186,221.46,218.34,221.56,221.42,220.22,219.22,219.92,220.02,220.88,219.44
2187,221.46,218.34,221.56,221.42,220.22,219.22,219.92,220.02,220.86,219.44
2188,221.46,218.34,221.54,221.42,220.22,219.22,219.92,220.02,220.86,219.44
2189,221.46,218.34,221.54,221.42,220.2,219.22,219.9,220.02,220.86,219.42
2190,221.46,218.34,221.54,221.42,220.2,219.2,219.9,220.02,220.86,219.4
2191,221.46,218.34,221.54,221.42,220.2,219.2,219.9,220.02,220.86,219.4
2192,221.46,218.34,221.54,221.42,220.2,219.2,219.9,220.02,220.86,219.4
2193,221.46,218.34,221.54,221.42,220.18,219.2,219.9,220.02,220.86,219.4
2194,221.46,218.34,221.54,221.42,220.18,219.2,219.9,220.02,220.86,219.4
2195,221.46,218.34,221.54,221.4,220.18,219.2,219.9,220.02,220.84,219.4
2196,221.46,218.34,221.54,221.4,220.18,219.18,219.9,220.02,220.84,219.4
2197,221.46,218.34,221.54,221.38,220.18,219.18,219.9,220.02,220.84,219.4
2198,221.46,218.34,221.54,221.38,220.18,219.16,219.9,220.02,220.84,219.4
2199,221.46,218.34,221.54,221.36,220.18,219.16,219.9,220.0,220.84,219.4
2200,221.46,218.34,221.54,221.36,220.18,219.16,219.9,220.0,220.84,219.4
2201,221.46,218.34,221.54,221.36,220.18,219.16,219.9,220.0,220.84,219.4
2202,221.46,218.32,221.52,221.36,220.18,219.16,219.9,220.0,220.84,219.38
2203,221.46,218.32,221.52,221.36,220.18,219.16,219.88,220.0,220.84,219.36
2204,221.46,218.3,221.52,221.36,220.16,219.16,219.88,220.0,220.84,219.36
2205,221.46,218.28,221.52,221.36,220.16,219.16,219.88,220.0,220.84,219.34
2206,221.44,218.28,221.5,221.36,220.14,219.16,219.88,220.0,220.84,219.34
2207,221.44,218.28,221.5,221.36,220.12,219.16,219.88,220.0,220.84,219.34
2208,221.44,218.28,221.5,221.36,220.12,219.14,219.88,220.0,220.84,219.34
2209,221.44,218.28,221.5,221.36,220.1,219.14,219.88,220.0,220.84,219.34
2210,221.44,218.28,221.5,221.36,220.1,219.14,219.88,220.0,220.84,219.34
2211,221.44,218.28,221.5,221.36,220.08,219.14,219.88,219.98,220.84,219.34
2212,221.44,218.28,221.48,221.36,220.08,219.12,219.88,219.98,220.84,219.34
2213,221.42,218.28,221.48,221.36,220.08,219.12,219.88,219.98,220.84,219.34
2214,221.42,218.28,221.48,221.36,220.08,219.1,219.88,219.98,220.84,219.34
2215,221.42,218.28,221.48,221.36,220.08,219.1,219.88,219.98,220.84,219.34
2216,221.42,218.28,221.48,221.36,220.08,219.1,219.88,219.98,220.84,219.34
2217,221.42,218.28,221.48,221.36,220.08,219.08,219.86,219.98,220.84,219.34
2218,221.42,218.28,221.46,221.36,220.08,219.08,219.84,219.96,220.84,219.34
2219,221.42,218.28,221.46,221.36,220.08,219.06,219.84,219.96,220.84,219.34
2220,221.42,218.28,221.46,221.34,220.08,219.06,219.84,219.96,220.84,219.34
2221,221.42,218.28,221.46,221.3,220.08,219.06,219.84,219.96,220.82,219.34
2222,221.42,218.28,221.38,221.26,220.08,219.06,219.84,219.96,220.82,219.34
2223,221.42,218.28,221.36,221.26,220.08,219.06,219.84,219.96,220.82,219.34
2224,221.42,218.28,221.34,221.26,220.04,219.06,219.84,219.96,220.82,219.34
2225,221.42,218.28,221.34,221.26,220.04,219.06,219.84,219.96,220.82,219.34
2226,221.4,218.26,221.34,221.26,220.04,219.06,219.84,219.96,220.82,219.34
2227,221.4,218.24,221.34,221.26,220.02,219.06,219.82,219.96,220.82,219.34
2228,221.4,218.22,221.34,221.24,220.02,219.04,219.82,219.96,220.82,219.32
2229,221.4,218.22,221.34,221.24,220.02,219.0,219.82,219.96,220.82,219.32
2230,221.4,218.22,221.34,221.24,220.02,219.0,219.82,219.96,220.82,219.32
2231,221.4,218.2,221.34,221.24,220.02,219.0,219.82,219.94,220.82,219.32
2232,221.4,218.2,221.34,221.24,220.02,219.0,219.82,219.94,220.82,219.32
2233,221.4,218.2,221.34,221.24,220.02,219.0,219.8,219.94,220.82,219.32
2234,221.38,218.2,221.34,221.24,220.02,219.0,219.8,219.94,220.82,219.32
2235,221.36,218.2,221.34,221.24,220.02,219.0,219.8,219.94,220.82,219.32
2236,221.36,218.2,221.32,221.24,220.02,219.0,219.8,219.94,220.82,219.3
2237,221.36,218.2,221.3,221.24,220.02,219.0,219.8,219.94,220.82,219.3
2238,221.36,218.2,221.3,221.24,220.02,219.0,219.8,219.94,220.82,219.3
2239,221.36,218.2,221.3,221.24,220.02,219.0,219.8,219.94,220.82,219.3
2240,221.36,218.2,221.3,221.24,220.02,218.98,219.8,219.94,220.82,219.3
2241,221.36,218.2,221.3,221.24,220.02,218.98,219.8,219.94,220.82,219.3
2242,221.36,218.2,221.28,221.24,220.02,218.98,219.8,219.94,220.82,219.3
2243,221.34,218.2,221.28,221.24,220.02,218.98,219.8,219.94,220.82,219.3
2244,221.34,218.2,221.28,221.24,220.02,218.98,219.8,219.94,220.82,219.3
2245,221.34,218.2,221.28,221.24,220.0,218.96,219.78,219.94,220.82,219.3
2246,221.34,218.2,221.28,221.24,220.0,218.96,219.78,219.94,220.82,219.3
2247,221.34,218.2,221.28,221.22,220.0,218.96,219.78,219.92,220.82,219.3
2248,221.34,218.2,221.28,221.22,220.0,218.96,219.78,219.92,220.82,219.3
2249,221.34,218.2,221.28,221.22,220.0,218.96,219.78,219.92,220.82,219.3
2250,221.32,218.2,221.28,221.22,220.0,218.94,219.78,219.92,220.82,219.3
2251,221.32,218.2,221.28,221.22,220.0,218.94,219.78,219.92,220.82,219.3
2252,221.32,218.2,221.28,221.22,220.0,218.94,219.78,219.92,220.82,219.28
2253,221.32,218.2,221.26,221.2,220.0,218.92,219.78,219.92,220.82,219.28
2254,221.32,218.2,221.26,221.2,220.0,218.92,219.78,219.92,220.82,219.28
2255,221.32,218.2,221.26,221.2,220.0,218.92,219.78,219.92,220.82,219.28
2256,221.32,218.18,221.26,221.2,220.0,218.92,219.78,219.92,220.82,219.28
2257,221.32,218.18,221.24,221.2,220.0,218.92,219.78,219.92,220.82,219.28
2258,221.32,218.18,221.24,221.2,220.0,218.92,219.78,219.92,220.82,219.28
2259,221.32,218.18,221.24,221.2,220.0,218.92,219.78,219.92,220.82,219.28
2260,221.32,218.18,221.24,221.2,220.0,218.92,219.78,219.92,220.82,219.28
2261,221.32,218.18,221.22,221.2,220.0,218.9,219.78,219.92,220.82,219.28
2262,221.32,218.18,221.22,221.2,220.0,218.88,219.78,219.92,220.82,219.28
2263,221.32,218.18,221.22,221.2,220.0,218.86,219.78,219.92,220.82,219.28
2264,221.32,218.18,221.22,221.2,220.0,218.86,219.76,219.92,220.82,219.28
2265,221.3,218.18,221.2,221.18,220.0,218.86,219.76,219.92,220.82,219.28
2266,221.3,218.18,221.2,221.18,220.0,218.86,219.76,219.92,220.82,219.28
2267,221.3,218.18,221.2,221.18,220.0,218.86,219.74,219.92,220.82,219.28
2268,221.28,218.18,221.2,221.18,220.0,218.86,219.74,219.92,220.8,219.28
2269,221.26,218.18,221.2,221.18,220.0,218.86,219.74,219.92,220.8,219.28
2270,221.26,218.18,221.2,221.18,220.0,218.86,219.74,219.92,220.8,219.28
2271,221.26,218.18,221.2,221.18,220.0,218.86,219.74,219.92,220.8,219.28
2272,221.26,218.18,221.18,221.18,220.0,218.86,219.74,219.92,220.76,219.28
2273,221.24,218.18,221.18,221.18,220.0,218.82,219.74,219.92,220.76,219.28
2274,221.24,218.18,221.18,221.18,220.0,218.82,219.74,219.92,220.76,219.28
2275,221.24,218.18,221.18,221.18,220.0,218.82,219.74,219.92,220.76,219.28
2276,221.24,218.18,221.16,221.18,219.98,218.82,219.74,219.92,220.76,219.28
2277,221.24,218.18,221.16,221.18,219.96,218.82,219.74,219.92,220.76,219.28
2278,221.24,218.18,221.16,221.18,219.96,218.82,219.74,219.92,220.76,219.28
2279,221.24,218.18,221.14,221.18,219.96,218.82,219.74,219.92,220.76,219.28
2280,221.24,218.18,221.14,221.18,219.96,218.82,219.74,219.92,220.76,219.28
2281,221.24,218.18,221.14,221.18,219.96,218.82,219.74,219.92,220.76,219.28
2282,221.24,218.18,221.12,221.18,219.96,218.82,219.74,219.92,220.76,219.28
2283,221.24,218.18,221.12,221.18,219.96,218.82,219.74,219.92,220.76,219.28
2284,221.24,218.18,221.12,221.18,219.94,218.82,219.74,219.92,220.72,219.28
2285,221.24,218.18,221.12,221.18,219.94,218.82,219.74,219.92,220.72,219.28
2286,221.24,218.18,221.12,221.18,219.94,218.82,219.74,219.92,220.72,219.28
2287,221.24,218.18,221.12,221.18,219.94,218.82,219.74,219.92,220.72,219.28
2288,221.24,218.18,221.12,221.18,219.94,218.82,219.74,219.92,220.72,219.28
2289,221.24,218.18,221.12,221.18,219.94,218.82,219.74,219.92,220.72,219.28
2290,221.24,218.18,221.08,221.18,219.94,218.82,219.74,219.92,220.72,219.26
2291,221.22,218.18,221.06,221.18,219.94,218.82,219.74,219.92,220.7,219.26
2292,221.22,218.18,221.06,221.18,219.94,218.82,219.74,219.92,220.7,219.26
2293,221.22,218.18,221.06,221.18,219.92,218.8,219.72,219.92,220.7,219.26
2294,221.22,218.18,221.06,221.18,219.92,218.8,219.7,219.92,220.7,219.26
2295,221.2,218.18,221.06,221.18,219.92,218.8,219.68,219.92,220.7,219.26
2296,221.2,218.18,221.06,221.18,219.92,218.8,219.68,219.9,220.7,219.26
2297,221.2,218.18,221.06,221.18,219.9,218.8,219.68,219.9,220.68,219.26
2298,221.2,218.16,221.04,221.18,219.9,218.8,219.68,219.9,220.68,219.26
2299,221.18,218.16,221.04,221.18,219.88,218.8,219.66,219.9,220.68,219.26
2300,221.16,218.16,221.04,221.18,219.88,218.8,219.66,219.9,220.68,219.26
2301,221.16,218.16,221.02,221.18,219.88,218.8,219.66,219.9,220.68,219.26
2302,221.16,218.16,221.02,221.18,219.88,218.8,219.66,219.9,220.68,219.26
2303,221.14,218.16,221.02,221.18,219.88,218.8,219.66,219.9,220.68,219.26
2304,221.14,218.16,221.02,221.16,219.88,218.8,219.66,219.9,220.68,219.26
2305,221.12,218.14,221.02,221.16,219.88,218.8,219.66,219.9,220.68,219.26
2306,221.12,218.14,221.0,221.12,219.88,218.8,219.66,219.9,220.68,219.26
2307,221.12,218.14,221.0,221.1,219.88,218.8,219.66,219.9,220.68,219.26
2308,221.12,218.12,221.0,221.1,219.88,218.78,219.66,219.88,220.68,219.24
2309,221.12,218.12,221.0,221.1,219.88,218.76,219.66,219.88,220.68,219.24
2310,221.12,218.1,221.0,221.1,219.88,218.74,219.66,219.88,220.68,219.24
2311,221.12,218.1,221.0,221.1,219.86,218.74,219.64,219.88,220.66,219.24
2312,221.08,218.1,220.98,221.1,219.86,218.74,219.64,219.88,220.66,219.24
2313,221.06,218.1,220.98,221.1,219.86,218.74,219.62,219.88,220.64,219.24
2314,221.06,218.08,220.98,221.1,219.86,218.74,219.62,219.88,220.64,219.2
2315,221.06,218.08,220.96,221.1,219.86,218.74,219.62,219.88,220.64,219.2
2316,221.06,218.06,220.96,221.1,219.86,218.74,219.6,219.86,220.64,219.2
2317,221.06,218.06,220.96,221.1,219.86,218.74,219.6,219.84,220.64,219.2
2318,221.06,218.06,220.96,221.1,219.86,218.74,219.6,219.84,220.64,219.2
2319,221.06,218.04,220.94,221.08,219.86,218.74,219.6,219.84,220.64,219.2
2320,221.06,218.04,220.94,221.08,219.86,218.72,219.6,219.84,220.64,219.2
2321,221.06,218.04,220.94,221.08,219.86,218.72,219.6,219.84,220.64,219.2
2322,221.06,218.04,220.92,221.08,219.86,218.72,219.6,219.84,220.64,219.2
2323,221.06,218.02,220.92,221.08,219.86,218.72,219.6,219.84,220.64,219.2
2324,221.04,218.02,220.92,221.08,219.86,218.72,219.6,219.82,220.64,219.2
2325,221.04,218.02,220.92,221.08,219.86,218.72,219.6,219.82,220.64,219.2
2326,221.04,218.02,220.92,221.08,219.86,218.7,219.6,219.8,220.64,219.2
2327,221.04,218.02,220.9,221.08,219.86,218.7,219.6,219.8,220.64,219.2
2328,221.04,218.02,220.9,221.08,219.86,218.7,219.6,219.8,220.64,219.18
2329,221.04,218.02,220.88,221.08,219.86,218.7,219.6,219.8,220.64,219.18
2330,221.02,218.02,220.88,221.08,219.86,218.7,219.6,219.8,220.64,219.18
2331,221.02,218.02,220.88,221.08,219.86,218.68,219.6,219.8,220.64,219.18
2332,221.02,218.02,220.88,221.08,219.86,218.68,219.6,219.8,220.64,219.18
2333,221.0,218.02,220.88,221.08,219.86,218.68,219.6,219.8,220.64,219.18
2334,221.0,218.0,220.88,221.08,219.86,218.66,219.6,219.76,220.64,219.18
2335,221.0,218.0,220.88,221.08,219.86,218.66,219.6,219.76,220.64,219.18
2336,221.0,217.98,220.88,221.08,219.86,218.66,219.6,219.76,220.64,219.18
2337,221.0,217.98,220.88,221.08,219.86,218.66,219.6,219.76,220.64,219.18
2338,221.0,217.98,220.88,221.08,219.86,218.66,219.6,219.76,220.64,219.18
2339,221.0,217.98,220.86,221.08,219.86,218.66,219.6,219.76,220.64,219.18
2340,221.0,217.98,220.86,221.08,219.86,218.66,219.58,219.76,220.64,219.18
2341,221.0,217.98,220.86,221.08,219.86,218.62,219.58,219.76,220.64,219.18
2342,221.0,217.98,220.86,221.08,219.86,218.62,219.58,219.76,220.64,219.18
2343,221.0,217.98,220.86,221.08,219.86,218.62,219.58,219.76,220.64,219.16
2344,220.96,217.98,220.86,221.08,219.86,218.62,219.56,219.76,220.64,219.16
2345,220.96,217.98,220.86,221.08,219.86,218.62,219.56,219.76,220.64,219.16
2346,220.96,217.98,220.86,221.08,219.84,218.62,219.56,219.76,220.64,219.16
2347,220.96,217.98,220.86,221.08,219.84,218.62,219.56,219.76,220.64,219.16
2348,220.96,217.98,220.86,221.08,219.84,218.62,219.56,219.76,220.64,219.16
2349,220.96,217.98,220.86,221.08,219.84,218.62,219.56,219.74,220.64,219.16
2350,220.96,217.98,220.86,221.08,219.84,218.62,219.56,219.74,220.62,219.16
2351,220.96,217.98,220.84,221.08,219.84,218.62,219.56,219.74,220.62,219.16
2352,220.96,217.96,220.84,221.08,219.84,218.62,219.56,219.74,220.62,219.16
2353,220.96,217.96,220.84,221.08,219.84,218.62,219.54,219.74,220.62,219.16
2354,220.96,217.96,220.84,221.08,219.84,218.62,219.52,219.74,220.62,219.16
2355,220.96,217.96,220.84,221.08,219.84,218.6,219.52,219.74,220.62,219.16
2356,220.96,217.96,220.84,221.08,219.84,218.6,219.52,219.74,220.62,219.16
2357,220.96,217.96,220.82,221.08,219.82,218.6,219.52,219.74,220.62,219.16
2358,220.96,217.96,220.82,221.08,219.82,218.58,219.52,219.72,220.62,219.16
2359,220.96,217.96,220.8,221.08,219.82,218.58,219.52,219.7,220.62,219.16
2360,220.96,217.96,220.8,221.08,219.82,218.58,219.52,219.7,220.62,219.16
2361,220.96,217.96,220.8,221.06,219.82,218.58,219.52,219.7,220.62,219.14
2362,220.96,217.96,220.8,221.06,219.82,218.58,219.52,219.7,220.62,219.14
2363,220.96,217.96,220.8,221.06,219.82,218.56,219.52,219.7,220.62,219.14
2364,220.96,217.96,220.8,221.06,219.82,218.56,219.52,219.7,220.62,219.14
2365,220.96,217.96,220.8,221.06,219.82,218.56,219.52,219.7,220.62,219.14
2366,220.96,217.96,220.8,221.06,219.82,218.56,219.52,219.7,220.62,219.14
2367,220.96,217.96,220.8,221.06,219.82,218.56,219.52,219.68,220.62,219.12
2368,220.96,217.96,220.8,221.06,219.82,218.56,219.52,219.68,220.62,219.12
2369,220.96,217.94,220.8,221.06,219.82,218.56,219.52,219.68,220.62,219.12
2370,220.96,217.92,220.76,221.04,219.82,218.56,219.52,219.68,220.62,219.12
2371,220.94,217.92,220.76,221.04,219.82,218.56,219.52,219.68,220.62,219.1
2372,220.94,217.92,220.76,221.04,219.8,218.56,219.52,219.68,220.62,219.1
2373,220.92,217.92,220.76,221.04,219.8,218.56,219.5,219.68,220.58,219.1
2374,220.92,217.92,220.74,221.04,219.8,218.56,219.5,219.68,220.56,219.1
2375,220.9,217.92,220.74,221.04,219.8,218.56,219.5,219.68,220.56,219.08
2376,220.88,217.92,220.74,221.04,219.78,218.56,219.5,219.68,220.56,219.06
2377,220.88,217.92,220.74,221.04,219.78,218.56,219.5,219.68,220.56,219.06
2378,220.88,217.92,220.74,221.04,219.78,218.56,219.5,219.68,220.56,219.06
2379,220.88,217.92,220.74,221.02,219.78,218.56,219.5,219.68,220.56,219.06
2380,220.88,217.92,220.72,221.02,219.78,218.56,219.48,219.68,220.56,219.04
2381,220.88,217.92,220.72,221.02,219.78,218.56,219.48,219.68,220.56,219.04
2382,220.88,217.92,220.72,221.02,219.78,218.56,219.48,219.68,220.56,219.04
2383,220.88,217.9,220.72,221.02,219.78,218.56,219.48,219.68,220.54,219.04
2384,220.88,217.9,220.72,221.0,219.78,218.56,219.48,219.68,220.54,219.04
2385,220.88,217.9,220.72,221.0,219.78,218.56,219.48,219.68,220.54,219.04
2386,220.88,217.9,220.72,221.0,219.76,218.56,219.48,219.68,220.52,219.04
2387,220.88,217.9,220.72,220.98,219.76,218.56,219.48,219.68,220.52,219.04
2388,220.88,217.88,220.7,220.98,219.74,218.56,219.48,219.68,220.5,219.04
2389,220.88,217.88,220.7,220.96,219.74,218.56,219.48,219.68,220.5,219.04
2390,220.88,217.88,220.7,220.96,219.74,218.54,219.48,219.68,220.5,219.04
2391,220.88,217.88,220.64,220.96,219.74,218.54,219.48,219.68,220.5,219.04
2392,220.88,217.88,220.64,220.96,219.74,218.54,219.48,219.68,220.5,219.04
2393,220.88,217.88,220.64,220.96,219.74,218.54,219.48,219.68,220.5,219.0
2394,220.88,217.86,220.62,220.94,219.74,218.54,219.48,219.68,220.5,219.0
2395,220.88,217.86,220.62,220.94,219.74,218.54,219.48,219.68,220.5,219.0
2396,220.88,217.86,220.62,220.94,219.74,218.52,219.48,219.68,220.5,219.0
2397,220.88,217.86,220.6,220.94,219.74,218.52,219.46,219.66,220.5,218.98
2398,220.88,217.86,220.6,220.94,219.74,218.52,219.46,219.66,220.5,218.98
2399,220.88,217.86,220.6,220.94,219.74,218.5,219.44,219.64,220.5,218.98
2400,220.88,217.86,220.6,220.94,219.74,218.5,219.44,219.64,220.5,218.98
2401,220.88,217.86,220.6,220.94,219.74,218.5,219.44,219.62,220.5,218.98
2402,220.88,217.86,220.6,220.94,219.74,218.5,219.44,219.6,220.5,218.98
2403,220.88,217.86,220.58,220.94,219.74,218.5,219.44,219.6,220.5,218.98
2404,220.86,217.86,220.58,220.94,219.74,218.5,219.44,219.6,220.5,218.98
2405,220.86,217.86,220.58,220.94,219.74,218.5,219.44,219.6,220.48,218.98
2406,220.86,217.86,220.56,220.9,219.74,218.5,219.44,219.6,220.48,218.98
2407,220.84,217.86,220.56,220.9,219.74,218.5,219.44,219.6,220.48,218.98
2408,220.84,217.84,220.56,220.9,219.74,218.5,219.42,219.6,220.48,218.98
2409,220.84,217.84,220.56,220.9,219.74,218.5,219.42,219.6,220.48,218.98
2410,220.84,217.84,220.56,220.9,219.74,218.5,219.42,219.6,220.48,218.98
2411,220.84,217.84,220.56,220.9,219.74,218.5,219.42,219.6,220.48,218.96
2412,220.84,217.84,220.56,220.9,219.74,218.5,219.42,219.6,220.48,218.94
2413,220.84,217.84,220.56,220.9,219.74,218.5,219.42,219.6,220.48,218.94
2414,220.84,217.84,220.56,220.9,219.74,218.5,219.42,219.6,220.48,218.94
2415,220.84,217.84,220.56,220.9,219.74,218.5,219.42,219.6,220.48,218.94
2416,220.84,217.84,220.56,220.9,219.74,218.5,219.42,219.6,220.48,218.94
2417,220.84,217.82,220.56,220.9,219.74,218.5,219.42,219.6,220.48,218.94
2418,220.84,217.82,220.56,220.88,219.72,218.5,219.4,219.6,220.48,218.94
2419,220.84,217.82,220.54,220.86,219.72,218.5,219.4,219.6,220.48,218.94
2420,220.84,217.82,220.54,220.86,219.72,218.5,219.4,219.6,220.48,218.94
2421,220.84,217.82,220.54,220.86,219.72,218.5,219.4,219.6,220.48,218.94
2422,220.82,217.82,220.54,220.86,219.72,218.5,219.4,219.6,220.48,218.94
2423,220.82,217.82,220.52,220.84,219.72,218.5,219.4,219.58,220.48,218.94
2424,220.82,217.82,220.52,220.84,219.72,218.5,219.4,219.58,220.48,218.94
2425,220.82,217.82,220.52,220.82,219.72,218.5,219.4,219.58,220.48,218.94
2426,220.82,217.82,220.5,220.82,219.72,218.5,219.4,219.58,220.48,218.94
2427,220.82,217.82,220.5,220.82,219.72,218.5,219.4,219.58,220.48,218.94
2428,220.82,217.82,220.5,220.82,219.72,218.5,219.36,219.58,220.48,218.94
2429,220.82,217.82,220.5,220.82,219.7,218.5,219.36,219.58,220.48,218.94
2430,220.82,217.82,220.5,220.82,219.68,218.5,219.36,219.58,220.48,218.94
2431,220.82,217.82,220.5,220.8,219.68,218.5,219.36,219.58,220.48,218.9
2432,220.82,217.82,220.5,220.78,219.68,218.5,219.36,219.58,220.48,218.9
2433,220.82,217.82,220.5,220.78,219.68,218.5,219.36,219.58,220.48,218.9
2434,220.82,217.8,220.5,220.78,219.68,218.5,219.36,219.58,220.48,218.9
2435,220.82,217.8,220.5,220.78,219.68,218.5,219.36,219.58,220.48,218.9
2436,220.8,217.8,220.5,220.78,219.68,218.5,219.36,219.56,220.48,218.9
2437,220.8,217.8,220.5,220.78,219.68,218.5,219.36,219.56,220.48,218.9
2438,220.76,217.8,220.5,220.78,219.68,218.5,219.36,219.56,220.48,218.9
2439,220.74,217.8,220.5,220.78,219.68,218.5,219.36,219.56,220.48,218.9
2440,220.74,217.8,220.5,220.78,219.66,218.48,219.36,219.56,220.48,218.9
2441,220.72,217.8,220.5,220.78,219.66,218.48,219.34,219.56,220.48,218.9
2442,220.72,217.8,220.48,220.76,219.66,218.48,219.34,219.56,220.48,218.9
2443,220.72,217.8,220.46,220.76,219.66,218.46,219.34,219.56,220.46,218.9
2444,220.72,217.8,220.46,220.76,219.64,218.44,219.34,219.56,220.46,218.9
2445,220.72,217.8,220.46,220.76,219.64,218.44,219.34,219.56,220.46,218.9
2446,220.7,217.8,220.46,220.76,219.64,218.44,219.34,219.56,220.46,218.9
2447,220.7,217.8,220.46,220.76,219.64,218.44,219.34,219.56,220.46,218.9
2448,220.7,217.8,220.46,220.76,219.64,218.44,219.34,219.54,220.46,218.9
2449,220.7,217.8,220.46,220.76,219.62,218.44,219.34,219.52,220.44,218.9
2450,220.7,217.8,220.46,220.76,219.6,218.44,219.34,219.52,220.44,218.9
2451,220.7,217.8,220.46,220.76,219.6,218.44,219.34,219.52,220.44,218.9
2452,220.7,217.8,220.46,220.76,219.6,218.44,219.34,219.52,220.44,218.9
2453,220.7,217.8,220.46,220.76,219.6,218.44,219.34,219.52,220.44,218.9
2454,220.7,217.8,220.46,220.76,219.58,218.42,219.34,219.5,220.44,218.9
2455,220.7,217.8,220.46,220.76,219.58,218.42,219.34,219.5,220.44,218.9
2456,220.7,217.8,220.44,220.76,219.58,218.4,219.34,219.5,220.44,218.9
2457,220.7,217.8,220.44,220.74,219.58,218.4,219.34,219.5,220.44,218.9
2458,220.7,217.8,220.44,220.74,219.58,218.4,219.34,219.5,220.44,218.9
2459,220.7,217.78,220.44,220.74,219.58,218.38,219.34,219.5,220.44,218.9
2460,220.7,217.78,220.44,220.74,219.58,218.38,219.34,219.5,220.44,218.9
2461,220.7,217.78,220.44,220.74,219.58,218.38,219.32,219.5,220.44,218.9
2462,220.68,217.78,220.44,220.74,219.58,218.38,219.32,219.5,220.44,218.9
2463,220.68,217.78,220.44,220.74,219.58,218.38,219.32,219.5,220.44,218.9
2464,220.68,217.78,220.44,220.74,219.58,218.38,219.32,219.5,220.44,218.9
2465,220.68,217.78,220.44,220.74,219.58,218.38,219.32,219.46,220.44,218.9
2466,220.68,217.78,220.44,220.74,219.58,218.38,219.32,219.46,220.44,218.88
2467,220.66,217.78,220.44,220.74,219.58,218.38,219.32,219.46,220.44,218.88
2468,220.66,217.78,220.44,220.74,219.58,218.38,219.32,219.44,220.44,218.88
2469,220.66,217.78,220.44,220.74,219.58,218.38,219.32,219.44,220.44,218.88
2470,220.66,217.78,220.44,220.74,219.58,218.38,219.32,219.44,220.44,218.88
2471,220.66,217.78,220.44,220.74,219.58,218.38,219.32,219.44,220.44,218.88
2472,220.66,217.78,220.42,220.74,219.58,218.38,219.32,219.44,220.44,218.88
2473,220.66,217.78,220.42,220.74,219.58,218.38,219.32,219.44,220.44,218.88
2474,220.66,217.78,220.42,220.74,219.58,218.38,219.3,219.44,220.44,218.88
2475,220.66,217.78,220.42,220.74,219.58,218.38,219.3,219.44,220.44,218.88
2476,220.66,217.78,220.42,220.74,219.58,218.38,219.3,219.44,220.44,218.88
2477,220.64,217.78,220.42,220.74,219.58,218.38,219.3,219.44,220.44,218.86
2478,220.64,217.78,220.42,220.74,219.58,218.38,219.3,219.42,220.44,218.86
2479,220.64,217.78,220.4,220.72,219.58,218.38,219.3,219.4,220.44,218.86
2480,220.64,217.78,220.4,220.72,219.58,218.38,219.3,219.4,220.44,218.86
2481,220.64,217.78,220.4,220.72,219.58,218.38,219.3,219.4,220.44,218.86
2482,220.64,217.78,220.4,220.72,219.58,218.38,219.3,219.4,220.44,218.86
2483,220.64,217.78,220.4,220.7,219.58,218.38,219.3,219.4,220.44,218.86
2484,220.62,217.78,220.4,220.7,219.58,218.38,219.3,219.4,220.44,218.86
2485,220.62,217.78,220.4,220.7,219.58,218.38,219.3,219.4,220.44,218.86
2486,220.62,217.78,220.4,220.7,219.58,218.38,219.28,219.4,220.44,218.86
2487,220.6,217.78,220.4,220.7,219.58,218.38,219.28,219.4,220.44,218.86
2488,220.6,217.78,220.4,220.7,219.58,218.38,219.28,219.4,220.44,218.86
2489,220.6,217.78,220.38,220.7,219.58,218.36,219.28,219.4,220.44,218.86
2490,220.6,217.78,220.38,220.7,219.58,218.36,219.28,219.4,220.44,218.86
2491,220.6,217.78,220.38,220.7,219.58,218.36,219.26,219.4,220.44,218.86
2492,220.6,217.78,220.38,220.7,219.58,218.36,219.26,219.4,220.44,218.86
2493,220.6,217.78,220.36,220.7,219.58,218.36,219.26,219.4,220.44,218.86
2494,220.6,217.78,220.36,220.68,219.58,218.36,219.26,219.4,220.44,218.86
2495,220.6,217.78,220.36,220.68,219.58,218.36,219.26,219.4,220.44,218.86
2496,220.6,217.78,220.36,220.68,219.58,218.36,219.26,219.4,220.44,218.86
2497,220.6,217.78,220.36,220.68,219.58,218.36,219.26,219.4,220.44,218.86
2498,220.6,217.78,220.36,220.68,219.58,218.36,219.26,219.4,220.44,218.84
2499,220.6,217.78,220.36,220.68,219.58,218.36,219.26,219.4,220.44,218.84
2500,220.6,217.76,220.36,220.68,219.58,218.36,219.26,219.4,220.44,218.84
2501,220.6,217.76,220.36,220.68,219.56,218.36,219.26,219.4,220.42,218.84
2502,220.6,217.76,220.36,220.68,219.56,218.36,219.26,219.4,220.42,218.84
2503,220.58,217.76,220.34,220.68,219.56,218.36,219.24,219.4,220.42,218.84
2504,220.58,217.76,220.34,220.68,219.54,218.36,219.24,219.4,220.42,218.84
2505,220.58,217.76,220.34,220.68,219.54,218.36,219.24,219.38,220.4,218.84
2506,220.58,217.76,220.32,220.66,219.54,218.36,219.24,219.38,220.38,218.84
2507,220.58,217.76,220.32,220.66,219.54,218.36,219.24,219.38,220.38,218.84
2508,220.58,217.76,220.32,220.66,219.54,218.36,219.24,219.36,220.38,218.84
2509,220.56,217.76,220.3,220.66,219.54,218.36,219.24,219.36,220.38,218.84
2510,220.56,217.76,220.3,220.66,219.54,218.36,219.24,219.36,220.38,218.84
2511,220.56,217.76,220.3,220.66,219.52,218.36,219.24,219.36,220.38,218.84
2512,220.56,217.76,220.28,220.66,219.52,218.36,219.24,219.36,220.38,218.84
2513,220.54,217.76,220.28,220.66,219.52,218.36,219.24,219.34,220.38,218.84
2514,220.54,217.76,220.28,220.66,219.52,218.36,219.2,219.34,220.38,218.82
2515,220.54,217.76,220.28,220.66,219.52,218.36,219.2,219.34,220.38,218.82
2516,220.54,217.76,220.28,220.66,219.5,218.36,219.2,219.34,220.38,218.82
2517,220.54,217.76,220.28,220.66,219.5,218.34,219.2,219.32,220.38,218.82
2518,220.54,217.76,220.24,220.66,219.5,218.34,219.18,219.32,220.38,218.82
2519,220.54,217.76,220.24,220.66,219.5,218.34,219.18,219.32,220.38,218.82
2520,220.54,217.76,220.24,220.66,219.5,218.34,219.18,219.32,220.36,218.82
2521,220.54,217.76,220.24,220.66,219.5,218.34,219.18,219.32,220.36,218.8
2522,220.54,217.76,220.24,220.66,219.5,218.34,219.18,219.32,220.36,218.8
2523,220.54,217.76,220.24,220.66,219.48,218.34,219.18,219.32,220.36,218.8
2524,220.54,217.76,220.24,220.66,219.48,218.34,219.18,219.32,220.36,218.8
2525,220.54,217.76,220.22,220.64,219.46,218.34,219.18,219.32,220.36,218.8
2526,220.52,217.76,220.22,220.64,219.46,218.34,219.18,219.3,220.36,218.8
2527,220.52,217.74,220.22,220.64,219.46,218.32,219.18,219.3,220.34,218.8
2528,220.52,217.74,220.22,220.62,219.46,218.32,219.18,219.3,220.34,218.8
2529,220.52,217.74,220.2,220.62,219.46,218.32,219.18,219.3,220.32,218.8
2530,220.5,217.74,220.2,220.62,219.46,218.32,219.18,219.3,220.32,218.8
2531,220.5,217.74,220.2,220.62,219.46,218.32,219.18,219.3,220.32,218.78
2532,220.5,217.74,220.2,220.62,219.46,218.32,219.18,219.3,220.32,218.78
2533,220.5,217.74,220.2,220.62,219.46,218.32,219.18,219.3,220.32,218.78
2534,220.5,217.74,220.2,220.62,219.44,218.3,219.18,219.3,220.32,218.78
2535,220.5,217.74,220.2,220.62,219.44,218.3,219.18,219.3,220.32,218.78
2536,220.48,217.74,220.2,220.62,219.44,218.3,219.18,219.3,220.3,218.78
2537,220.48,217.72,220.2,220.62,219.44,218.3,219.18,219.3,220.3,218.78
2538,220.48,217.72,220.2,220.62,219.44,218.3,219.18,219.3,220.3,218.78
2539,220.48,217.72,220.2,220.62,219.44,218.3,219.18,219.3,220.3,218.78
2540,220.48,217.72,220.2,220.62,219.44,218.26,219.16,219.3,220.3,218.78
2541,220.48,217.72,220.2,220.62,219.44,218.26,219.16,219.3,220.28,218.78
2542,220.48,217.72,220.2,220.62,219.44,218.26,219.14,219.3,220.28,218.78
2543,220.48,217.72,220.2,220.62,219.44,218.26,219.14,219.3,220.28,218.78
2544,220.48,217.72,220.2,220.62,219.42,218.26,219.12,219.3,220.28,218.78
2545,220.48,217.7,220.2,220.62,219.42,218.26,219.1,219.3,220.26,218.76
2546,220.48,217.7,220.18,220.62,219.42,218.26,219.1,219.3,220.26,218.76
2547,220.48,217.7,220.18,220.6,219.4,218.26,219.1,219.3,220.26,218.76
2548,220.46,217.7,220.18,220.6,219.38,218.26,219.1,219.28,220.26,218.76
2549,220.46,217.7,220.18,220.6,219.38,218.26,219.1,219.28,220.26,218.76
2550,220.46,217.7,220.18,220.6,219.38,218.26,219.1,219.28,220.26,218.76
2551,220.46,217.7,220.18,220.6,219.38,218.26,219.1,219.28,220.26,218.76
2552,220.46,217.7,220.18,220.6,219.38,218.26,219.1,219.28,220.22,218.76
2553,220.46,217.68,220.18,220.6,219.38,218.26,219.08,219.28,220.22,218.76
2554,220.46,217.68,220.18,220.6,219.38,218.26,219.06,219.28,220.22,218.76
2555,220.46,217.66,220.18,220.6,219.38,218.26,219.04,219.28,220.22,218.76
2556,220.46,217.66,220.18,220.6,219.36,218.26,219.04,219.28,220.22,218.76
2557,220.46,217.66,220.18,220.6,219.36,218.26,219.04,219.28,220.22,218.76
2558,220.46,217.66,220.18,220.6,219.36,218.24,219.02,219.28,220.22,218.76
2559,220.46,217.66,220.18,220.6,219.36,218.24,219.02,219.26,220.22,218.76
2560,220.44,217.66,220.18,220.6,219.36,218.24,219.0,219.26,220.22,218.76
2561,220.44,217.66,220.18,220.6,219.34,218.24,219.0,219.26,220.22,218.76
2562,220.4,217.66,220.18,220.6,219.34,218.24,219.0,219.26,220.22,218.74
2563,220.4,217.62,220.18,220.6,219.34,218.24,219.0,219.26,220.22,218.74
2564,220.4,217.62,220.18,220.58,219.34,218.24,219.0,219.26,220.22,218.74
2565,220.4,217.62,220.18,220.58,219.34,218.24,219.0,219.26,220.22,218.74
2566,220.4,217.62,220.18,220.58,219.34,218.24,219.0,219.26,220.22,218.74
2567,220.4,217.62,220.18,220.58,219.34,218.22,219.0,219.26,220.22,218.74
2568,220.4,217.62,220.16,220.58,219.34,218.2,219.0,219.24,220.22,218.74
2569,220.4,217.58,220.16,220.58,219.34,218.2,219.0,219.22,220.22,218.74
2570,220.4,217.58,220.16,220.58,219.34,218.2,219.0,219.22,220.22,218.7
2571,220.4,217.58,220.16,220.58,219.34,218.2,219.0,219.22,220.22,218.7
2572,220.4,217.56,220.16,220.58,219.34,218.2,219.0,219.22,220.22,218.7
2573,220.4,217.56,220.16,220.58,219.34,218.2,219.0,219.22,220.22,218.7
2574,220.4,217.56,220.16,220.58,219.34,218.2,219.0,219.22,220.22,218.7
2575,220.4,217.56,220.16,220.58,219.34,218.2,219.0,219.22,220.22,218.7
2576,220.4,217.56,220.16,220.56,219.34,218.2,219.0,219.22,220.22,218.7
2577,220.4,217.56,220.16,220.56,219.34,218.2,219.0,219.22,220.22,218.7
2578,220.4,217.56,220.16,220.56,219.32,218.2,219.0,219.22,220.22,218.7
2579,220.4,217.56,220.16,220.56,219.32,218.2,218.98,219.22,220.22,218.7
2580,220.4,217.56,220.16,220.56,219.32,218.2,218.98,219.22,220.22,218.7
2581,220.38,217.56,220.16,220.56,219.32,218.2,218.98,219.22,220.22,218.7
2582,220.38,217.56,220.16,220.56,219.32,218.2,218.98,219.2,220.22,218.7
2583,220.38,217.56,220.16,220.54,219.3,218.2,218.98,219.18,220.22,218.7
2584,220.38,217.56,220.16,220.54,219.3,218.2,218.98,219.18,220.22,218.7
2585,220.38,217.56,220.16,220.52,219.3,218.2,218.98,219.18,220.22,218.7
2586,220.38,217.56,220.16,220.52,219.3,218.2,218.98,219.18,220.22,218.7
2587,220.38,217.56,220.16,220.52,219.3,218.2,218.98,219.18,220.22,218.7
2588,220.38,217.56,220.16,220.52,219.3,218.2,218.98,219.18,220.22,218.7
2589,220.36,217.56,220.16,220.52,219.3,218.2,218.98,219.18,220.22,218.7
2590,220.36,217.56,220.16,220.5,219.3,218.2,218.98,219.18,220.22,218.7
2591,220.36,217.54,220.14,220.5,219.3,218.2,218.98,219.18,220.22,218.7
2592,220.36,217.54,220.14,220.5,219.3,218.2,218.94,219.18,220.22,218.7
2593,220.36,217.54,220.14,220.5,219.3,218.2,218.94,219.16,220.22,218.68
2594,220.36,217.54,220.14,220.5,219.3,218.2,218.94,219.16,220.22,218.68
2595,220.36,217.54,220.14,220.5,219.3,218.2,218.94,219.16,220.22,218.68
2596,220.36,217.54,220.12,220.5,219.3,218.2,218.94,219.14,220.22,218.68
2597,220.36,217.54,220.12,220.5,219.3,218.2,218.94,219.14,220.22,218.68
2598,220.36,217.54,220.12,220.5,219.3,218.2,218.94,219.14,220.22,218.68
2599,220.36,217.54,220.12,220.5,219.3,218.2,218.94,219.14,220.2,218.68
2600,220.36,217.54,220.12,220.5,219.3,218.2,218.92,219.14,220.2,218.68
2601,220.36,217.52,220.12,220.5,219.3,218.2,218.92,219.12,220.2,218.68
2602,220.36,217.52,220.12,220.5,219.28,218.2,218.92,219.12,220.2,218.68
2603,220.36,217.52,220.1,220.48,219.26,218.2,218.92,219.12,220.2,218.68
2604,220.36,217.52,220.08,220.48,219.24,218.2,218.92,219.12,220.2,218.68
2605,220.36,217.52,220.06,220.48,219.24,218.2,218.92,219.12,220.2,218.68
2606,220.36,217.52,220.06,220.46,219.24,218.2,218.92,219.12,220.18,218.68
2607,220.36,217.52,220.06,220.46,219.24,218.2,218.92,219.12,220.18,218.68
2608,220.36,217.52,220.04,220.44,219.24,218.2,218.92,219.12,220.18,218.68
2609,220.34,217.52,220.04,220.44,219.24,218.2,218.92,219.12,220.18,218.68
2610,220.34,217.52,220.04,220.44,219.24,218.2,218.9,219.12,220.18,218.68
2611,220.34,217.5,220.04,220.44,219.24,218.2,218.9,219.12,220.18,218.68
2612,220.34,217.5,220.04,220.44,219.24,218.2,218.9,219.12,220.18,218.68
2613,220.34,217.5,220.04,220.44,219.24,218.2,218.9,219.1,220.18,218.68
2614,220.34,217.5,220.04,220.44,219.24,218.2,218.9,219.08,220.18,218.68
2615,220.34,217.5,220.04,220.44,219.24,218.2,218.9,219.08,220.18,218.68
2616,220.34,217.5,220.04,220.44,219.24,218.2,218.88,219.08,220.18,218.68
2617,220.3,217.48,220.04,220.44,219.24,218.18,218.86,219.08,220.18,218.68
2618,220.3,217.48,220.04,220.44,219.24,218.18,218.86,219.06,220.18,218.68
2619,220.3,217.48,220.04,220.44,219.22,218.18,218.86,219.06,220.18,218.68
2620,220.3,217.48,220.04,220.44,219.22,218.18,218.86,219.06,220.18,218.68
2621,220.3,217.46,220.04,220.42,219.22,218.18,218.86,219.06,220.18,218.68
2622,220.26,217.46,220.04,220.42,219.22,218.18,218.86,219.06,220.18,218.68
2623,220.26,217.46,220.04,220.42,219.22,218.18,218.86,219.06,220.18,218.68
2624,220.26,217.46,220.04,220.42,219.22,218.18,218.84,219.06,220.18,218.68
2625,220.26,217.46,220.04,220.42,219.22,218.18,218.82,219.06,220.18,218.68
2626,220.26,217.46,220.04,220.42,219.22,218.18,218.82,219.06,220.18,218.68
2627,220.26,217.46,220.04,220.42,219.22,218.18,218.82,219.06,220.18,218.68
2628,220.26,217.46,220.04,220.42,219.22,218.18,218.82,219.06,220.18,218.68
2629,220.26,217.46,220.04,220.42,219.2,218.18,218.82,219.06,220.18,218.68
2630,220.26,217.46,220.02,220.42,219.2,218.18,218.82,219.06,220.18,218.68
2631,220.26,217.46,220.02,220.42,219.2,218.18,218.82,219.06,220.18,218.68
2632,220.26,217.46,220.02,220.42,219.2,218.16,218.82,219.04,220.18,218.68
2633,220.26,217.44,220.02,220.42,219.2,218.16,218.82,219.04,220.18,218.68
2634,220.26,217.44,220.02,220.42,219.2,218.16,218.8,219.04,220.18,218.68
2635,220.26,217.44,220.02,220.42,219.2,218.16,218.8,219.04,220.18,218.68
2636,220.26,217.44,220.02,220.42,219.2,218.16,218.8,219.04,220.18,218.68
2637,220.24,217.44,220.02,220.42,219.2,218.16,218.8,219.04,220.18,218.66
2638,220.24,217.44,220.02,220.42,219.2,218.16,218.8,219.04,220.18,218.66
2639,220.24,217.44,220.02,220.42,219.2,218.16,218.8,219.04,220.18,218.66
2640,220.24,217.44,220.02,220.42,219.2,218.16,218.8,219.04,220.18,218.66
2641,220.24,217.44,220.02,220.42,219.2,218.16,218.8,219.02,220.16,218.66
2642,220.24,217.44,220.02,220.42,219.2,218.16,218.8,219.02,220.16,218.66
2643,220.24,217.44,220.02,220.42,219.2,218.16,218.8,219.02,220.16,218.66
2644,220.24,217.44,220.02,220.42,219.2,218.16,218.8,219.02,220.16,218.64
2645,220.24,217.44,220.02,220.42,219.2,218.16,218.8,219.02,220.16,218.64
2646,220.24,217.44,220.02,220.42,219.2,218.16,218.8,219.02,220.16,218.64
2647,220.24,217.44,220.02,220.42,219.2,218.16,218.8,219.02,220.14,218.64
2648,220.24,217.44,220.02,220.42,219.16,218.14,218.78,219.02,220.12,218.64
2649,220.24,217.44,220.02,220.42,219.16,218.14,218.78,219.02,220.12,218.64
2650,220.24,217.44,220.02,220.4,219.16,218.14,218.78,219.02,220.12,218.64
2651,220.24,217.44,220.02,220.4,219.16,218.14,218.78,219.02,220.12,218.64
2652,220.24,217.44,220.02,220.4,219.16,218.12,218.78,219.02,220.12,218.64
2653,220.24,217.44,220.0,220.4,219.16,218.12,218.78,219.02,220.1,218.64
2654,220.24,217.44,220.0,220.4,219.16,218.12,218.78,219.02,220.1,218.64
2655,220.24,217.44,219.98,220.4,219.16,218.12,218.76,219.02,220.08,218.64
2656,220.24,217.42,219.98,220.4,219.16,218.12,218.76,219.02,220.08,218.64
2657,220.24,217.42,219.98,220.4,219.16,218.12,218.76,219.02,220.08,218.64
2658,220.24,217.42,219.98,220.4,219.16,218.12,218.76,219.02,220.08,218.64
2659,220.22,217.42,219.98,220.4,219.16,218.12,218.76,219.02,220.08,218.64
2660,220.2,217.42,219.98,220.38,219.16,218.1,218.76,219.02,220.08,218.64
2661,220.18,217.42,219.98,220.38,219.16,218.1,218.76,219.02,220.08,218.64
2662,220.18,217.42,219.98,220.38,219.16,218.1,218.76,219.02,220.08,218.64
2663,220.18,217.42,219.98,220.38,219.16,218.1,218.76,219.0,220.08,218.6
2664,220.18,217.42,219.98,220.38,219.16,218.1,218.76,219.0,220.08,218.6
2665,220.18,217.42,219.98,220.38,219.16,218.1,218.76,219.0,220.08,218.6
2666,220.18,217.42,219.98,220.36,219.16,218.1,218.76,219.0,220.08,218.6
2667,220.18,217.42,219.98,220.34,219.16,218.1,218.74,219.0,220.08,218.6
2668,220.18,217.42,219.98,220.32,219.14,218.1,218.74,219.0,220.08,218.6
2669,220.18,217.42,219.98,220.32,219.14,218.1,218.74,218.98,220.08,218.6
2670,220.18,217.42,219.96,220.32,219.14,218.1,218.74,218.98,220.08,218.6
2671,220.16,217.42,219.96,220.32,219.12,218.1,218.74,218.98,220.08,218.6
2672,220.16,217.42,219.96,220.3,219.12,218.08,218.74,218.98,220.06,218.6
2673,220.16,217.4,219.96,220.3,219.12,218.08,218.74,218.98,220.06,218.6
2674,220.16,217.38,219.96,220.3,219.12,218.08,218.74,218.98,220.06,218.6
2675,220.16,217.38,219.96,220.3,219.12,218.08,218.74,218.98,220.06,218.58
2676,220.16,217.38,219.96,220.3,219.12,218.08,218.74,218.98,220.06,218.58
2677,220.14,217.38,219.96,220.3,219.1,218.08,218.74,218.98,220.06,218.56
2678,220.14,217.38,219.96,220.28,219.1,218.08,218.74,218.98,220.06,218.56
2679,220.14,217.38,219.96,220.28,219.1,218.06,218.74,218.98,220.06,218.56
2680,220.14,217.38,219.96,220.28,219.1,218.06,218.72,218.98,220.06,218.56
2681,220.14,217.38,219.96,220.28,219.1,218.06,218.72,218.98,220.06,218.56
2682,220.14,217.38,219.96,220.28,219.1,218.06,218.72,218.98,220.06,218.56
2683,220.14,217.36,219.96,220.26,219.1,218.06,218.72,218.98,220.06,218.56
2684,220.14,217.36,219.96,220.26,219.1,218.06,218.72,218.96,220.06,218.56
2685,220.14,217.34,219.96,220.24,219.1,218.06,218.72,218.96,220.06,218.54
2686,220.14,217.34,219.96,220.24,219.1,218.04,218.72,218.96,220.06,218.54
2687,220.14,217.34,219.94,220.24,219.1,218.04,218.72,218.96,220.06,218.52
2688,220.12,217.34,219.92,220.24,219.1,218.02,218.72,218.96,220.06,218.52
2689,220.12,217.34,219.92,220.22,219.1,218.02,218.72,218.96,220.06,218.52
2690,220.1,217.32,219.92,220.22,219.08,218.0,218.72,218.96,220.06,218.52
2691,220.1,217.32,219.92,220.2,219.08,218.0,218.72,218.96,220.06,218.52
2692,220.1,217.32,219.92,220.2,219.08,218.0,218.72,218.96,220.06,218.52
2693,220.1,217.3,219.92,220.18,219.08,218.0,218.72,218.96,220.06,218.52
2694,220.1,217.28,219.92,220.18,219.08,218.0,218.72,218.94,220.06,218.52
2695,220.1,217.28,219.92,220.16,219.08,218.0,218.72,218.94,220.06,218.52
2696,220.1,217.26,219.92,220.16,219.08,218.0,218.7,218.94,220.06,218.52
2697,220.1,217.24,219.92,220.14,219.08,218.0,218.7,218.94,220.06,218.52
2698,220.1,217.24,219.92,220.14,219.08,218.0,218.68,218.94,220.06,218.52
2699,220.08,217.24,219.92,220.14,219.08,218.0,218.68,218.94,220.06,218.52
2700,220.08,217.24,219.9,220.14,219.08,218.0,218.68,218.94,220.06,218.52
2701,220.08,217.24,219.9,220.14,219.08,218.0,218.68,218.94,220.06,218.52
2702,220.08,217.24,219.9,220.14,219.08,218.0,218.68,218.94,220.06,218.52
2703,220.08,217.24,219.9,220.14,219.08,218.0,218.68,218.94,220.06,218.52
2704,220.08,217.24,219.9,220.14,219.08,218.0,218.68,218.94,220.06,218.52
2705,220.08,217.24,219.9,220.14,219.08,218.0,218.68,218.94,220.06,218.52
2706,220.06,217.24,219.9,220.14,219.08,218.0,218.66,218.94,220.06,218.52
2707,220.06,217.24,219.9,220.14,219.08,218.0,218.6,218.94,220.06,218.52
2708,220.06,217.24,219.9,220.14,219.08,218.0,218.6,218.94,220.06,218.5
2709,220.06,217.24,219.9,220.14,219.06,217.98,218.6,218.94,220.06,218.5
2710,220.04,217.24,219.9,220.14,219.06,217.98,218.6,218.94,220.06,218.5
2711,220.04,217.24,219.88,220.14,219.06,217.98,218.6,218.94,220.06,218.48
2712,220.04,217.22,219.88,220.14,219.06,217.98,218.6,218.92,220.06,218.48
2713,220.02,217.22,219.88,220.14,219.04,217.98,218.6,218.92,220.06,218.46
2714,220.02,217.22,219.88,220.14,219.04,217.96,218.6,218.92,220.06,218.46
2715,219.98,217.22,219.88,220.14,219.02,217.96,218.58,218.92,220.06,218.46
2716,219.98,217.22,219.88,220.14,219.02,217.96,218.58,218.92,220.06,218.46
2717,219.98,217.22,219.88,220.14,219.02,217.96,218.56,218.92,220.04,218.46
2718,219.96,217.22,219.88,220.14,219.02,217.94,218.56,218.92,220.04,218.46
2719,219.96,217.22,219.88,220.14,219.02,217.94,218.56,218.92,220.04,218.46
2720,219.96,217.22,219.88,220.12,219.02,217.94,218.56,218.92,220.04,218.46
2721,219.96,217.22,219.88,220.1,219.02,217.94,218.56,218.92,220.04,218.46
2722,219.96,217.22,219.88,220.08,219.02,217.92,218.56,218.92,220.04,218.46
2723,219.96,217.22,219.88,220.08,219.02,217.92,218.54,218.92,220.04,218.46
2724,219.92,217.22,219.88,220.08,219.02,217.92,218.54,218.92,220.04,218.46
2725,219.9,217.22,219.88,220.08,219.02,217.92,218.52,218.9,220.04,218.46
2726,219.9,217.22,219.88,220.08,219.02,217.92,218.52,218.9,220.04,218.46
2727,219.9,217.2,219.88,220.08,219.02,217.92,218.52,218.9,220.04,218.46
2728,219.9,217.2,219.88,220.08,219.02,217.92,218.52,218.88,220.04,218.46
2729,219.9,217.18,219.84,220.08,219.02,217.92,218.52,218.88,220.04,218.46
2730,219.88,217.18,219.84,220.08,219.02,217.92,218.52,218.88,220.04,218.46
2731,219.88,217.18,219.84,220.08,219.02,217.92,218.52,218.88,220.04,218.46
2732,219.88,217.18,219.84,220.04,219.02,217.92,218.52,218.88,220.04,218.46
2733,219.88,217.18,219.84,220.04,219.02,217.92,218.52,218.88,220.04,218.46
2734,219.88,217.18,219.84,220.04,219.02,217.92,218.52,218.88,220.04,218.46
2735,219.88,217.18,219.84,220.04,219.02,217.92,218.52,218.86,220.04,218.46
2736,219.88,217.18,219.84,220.04,219.02,217.92,218.52,218.86,220.04,218.46
2737,219.88,217.18,219.84,220.04,219.02,217.9,218.52,218.86,220.04,218.46
2738,219.86,217.18,219.84,220.02,219.02,217.9,218.52,218.86,220.04,218.46
2739,219.84,217.18,219.82,220.02,219.02,217.9,218.52,218.86,220.04,218.46
2740,219.84,217.18,219.82,220.02,219.02,217.9,218.52,218.86,220.04,218.44
2741,219.84,217.18,219.82,220.02,219.02,217.9,218.52,218.86,220.04,218.44
2742,219.84,217.18,219.82,220.02,219.02,217.9,218.52,218.86,220.02,218.44
2743,219.84,217.18,219.82,220.02,219.02,217.9,218.52,218.86,220.02,218.44
2744,219.84,217.18,219.82,220.02,219.02,217.9,218.52,218.86,220.02,218.42
2745,219.84,217.18,219.82,220.02,219.02,217.9,218.52,218.86,220.02,218.42
2746,219.84,217.18,219.82,220.02,219.02,217.9,218.52,218.86,220.02,218.42
2747,219.84,217.18,219.82,220.02,219.02,217.9,218.5,218.86,220.02,218.42
2748,219.84,217.18,219.82,220.02,219.02,217.9,218.5,218.86,220.02,218.42
2749,219.82,217.18,219.82,220.02,219.02,217.9,218.48,218.86,220.02,218.42
2750,219.82,217.18,219.82,220.02,219.02,217.9,218.48,218.86,220.02,218.42
2751,219.82,217.18,219.82,220.02,219.02,217.9,218.48,218.86,220.02,218.42
2752,219.82,217.18,219.82,220.02,219.02,217.9,218.48,218.84,220.02,218.42
2753,219.82,217.18,219.82,220.02,219.02,217.9,218.48,218.84,219.98,218.42
2754,219.82,217.16,219.82,220.02,219.02,217.9,218.48,218.84,219.98,218.42
2755,219.82,217.16,219.82,220.0,219.02,217.9,218.48,218.84,219.98,218.42
2756,219.82,217.16,219.82,220.0,219.0,217.9,218.48,218.84,219.98,218.42
2757,219.82,217.16,219.82,220.0,219.0,217.9,218.48,218.84,219.98,218.42
2758,219.82,217.16,219.82,220.0,218.98,217.9,218.48,218.84,219.98,218.42
2759,219.82,217.16,219.82,220.0,218.98,217.9,218.48,218.84,219.98,218.42
2760,219.82,217.16,219.82,220.0,218.98,217.9,218.46,218.84,219.98,218.4
2761,219.82,217.16,219.82,220.0,218.98,217.9,218.46,218.84,219.96,218.4
2762,219.8,217.16,219.82,220.0,218.98,217.9,218.46,218.84,219.96,218.4
2763,219.8,217.16,219.82,220.0,218.98,217.9,218.46,218.84,219.96,218.4
2764,219.8,217.16,219.82,220.0,218.96,217.9,218.46,218.84,219.96,218.4
2765,219.8,217.16,219.82,220.0,218.96,217.9,218.46,218.84,219.96,218.4
2766,219.8,217.16,219.8,220.0,218.94,217.9,218.46,218.84,219.96,218.38
2767,219.8,217.16,219.8,220.0,218.92,217.9,218.46,218.84,219.96,218.38
2768,219.8,217.16,219.8,220.0,218.92,217.9,218.46,218.84,219.96,218.38
2769,219.78,217.16,219.8,220.0,218.92,217.9,218.46,218.84,219.96,218.38
2770,219.78,217.16,219.8,220.0,218.92,217.9,218.46,218.84,219.96,218.38
2771,219.78,217.16,219.8,220.0,218.92,217.9,218.46,218.84,219.96,218.38
2772,219.78,217.12,219.8,220.0,218.92,217.9,218.46,218.84,219.96,218.38
2773,219.76,217.12,219.8,219.98,218.92,217.9,218.44,218.84,219.96,218.38
2774,219.76,217.1,219.8,219.98,218.9,217.9,218.42,218.82,219.96,218.38
2775,219.76,217.1,219.78,219.98,218.9,217.86,218.4,218.82,219.94,218.38
2776,219.74,217.1,219.78,219.98,218.9,217.86,218.4,218.82,219.94,218.38
2777,219.74,217.1,219.78,219.98,218.88,217.86,218.4,218.82,219.94,218.38
2778,219.74,217.1,219.78,219.98,218.86,217.86,218.4,218.82,219.94,218.38
2779,219.74,217.1,219.78,219.98,218.86,217.86,218.4,218.82,219.94,218.38
2780,219.74,217.1,219.78,219.98,218.86,217.86,218.4,218.82,219.94,218.38
2781,219.74,217.1,219.78,219.98,218.86,217.86,218.4,218.82,219.94,218.38
2782,219.74,217.1,219.78,219.98,218.86,217.86,218.4,218.82,219.94,218.38
2783,219.74,217.1,219.78,219.98,218.86,217.84,218.4,218.82,219.94,218.38
2784,219.72,217.1,219.78,219.98,218.86,217.84,218.4,218.82,219.94,218.38
2785,219.7,217.1,219.78,219.98,218.86,217.84,218.4,218.82,219.92,218.38
2786,219.7,217.1,219.78,219.98,218.86,217.84,218.4,218.82,219.92,218.38
2787,219.7,217.1,219.78,219.98,218.86,217.84,218.4,218.82,219.92,218.38
2788,219.7,217.1,219.78,219.98,218.86,217.84,218.4,218.82,219.9,218.38
2789,219.7,217.1,219.78,219.98,218.86,217.84,218.4,218.82,219.9,218.38
2790,219.7,217.1,219.78,219.98,218.86,217.84,218.4,218.82,219.88,218.38
2791,219.7,217.1,219.76,219.98,218.86,217.84,218.38,218.82,219.88,218.38
2792,219.7,217.1,219.74,219.98,218.84,217.84,218.38,218.82,219.88,218.38
2793,219.7,217.1,219.72,219.98,218.84,217.84,218.38,218.82,219.88,218.38
2794,219.7,217.1,219.72,219.98,218.84,217.84,218.38,218.82,219.88,218.38
2795,219.68,217.1,219.72,219.98,218.84,217.84,218.36,218.82,219.88,218.34
2796,219.68,217.1,219.72,219.98,218.84,217.84,218.36,218.82,219.88,218.34
2797,219.68,217.1,219.72,219.96,218.84,217.84,218.36,218.82,219.88,218.34
2798,219.68,217.1,219.72,219.96,218.84,217.84,218.36,218.82,219.88,218.34
2799,219.68,217.1,219.72,219.96,218.84,217.84,218.34,218.82,219.88,218.34
2800,219.68,217.1,219.72,219.96,218.84,217.82,218.34,218.82,219.88,218.34
2801,219.68,217.08,219.72,219.96,218.84,217.82,218.34,218.82,219.88,218.34
2802,219.68,217.08,219.72,219.96,218.82,217.82,218.34,218.82,219.88,218.34
2803,219.68,217.06,219.72,219.94,218.82,217.82,218.32,218.82,219.88,218.34
2804,219.68,217.06,219.72,219.94,218.82,217.82,218.32,218.82,219.88,218.34
2805,219.68,217.02,219.72,219.94,218.82,217.82,218.32,218.82,219.88,218.34
2806,219.68,217.0,219.72,219.94,218.8,217.82,218.3,218.82,219.88,218.34
2807,219.68,216.98,219.72,219.94,218.8,217.8,218.28,218.82,219.88,218.34
2808,219.68,216.96,219.72,219.94,218.8,217.8,218.28,218.82,219.88,218.34
2809,219.66,216.96,219.72,219.94,218.8,217.8,218.28,218.82,219.88,218.34
2810,219.66,216.96,219.72,219.94,218.8,217.8,218.28,218.82,219.88,218.34
2811,219.66,216.96,219.68,219.94,218.8,217.8,218.28,218.82,219.88,218.34
2812,219.66,216.94,219.66,219.94,218.78,217.8,218.28,218.82,219.88,218.32
2813,219.66,216.94,219.66,219.94,218.78,217.8,218.28,218.82,219.88,218.3
2814,219.66,216.94,219.66,219.94,218.78,217.8,218.28,218.82,219.84,218.3
2815,219.66,216.94,219.66,219.94,218.78,217.8,218.28,218.82,219.84,218.3
2816,219.64,216.94,219.66,219.94,218.78,217.8,218.28,218.82,219.84,218.3
2817,219.64,216.94,219.66,219.94,218.76,217.8,218.28,218.82,219.84,218.3
2818,219.64,216.94,219.66,219.94,218.74,217.8,218.24,218.82,219.84,218.3
2819,219.64,216.94,219.66,219.94,218.72,217.8,218.24,218.78,219.84,218.3
2820,219.64,216.94,219.66,219.94,218.72,217.8,218.24,218.78,219.84,218.3
2821,219.64,216.94,219.66,219.94,218.72,217.8,218.24,218.78,219.84,218.3
2822,219.64,216.94,219.66,219.94,218.72,217.8,218.24,218.78,219.84,218.3
2823,219.62,216.94,219.66,219.94,218.72,217.8,218.24,218.76,219.84,218.3
2824,219.62,216.94,219.66,219.94,218.72,217.8,218.24,218.76,219.84,218.3
2825,219.62,216.94,219.66,219.94,218.72,217.78,218.24,218.76,219.84,218.3
2826,219.62,216.94,219.64,219.94,218.72,217.78,218.24,218.76,219.84,218.3
2827,219.6,216.94,219.64,219.94,218.7,217.78,218.24,218.76,219.84,218.3
2828,219.58,216.94,219.64,219.94,218.7,217.78,218.24,218.76,219.84,218.3
2829,219.58,216.94,219.64,219.94,218.7,217.78,218.24,218.76,219.84,218.3
2830,219.58,216.94,219.64,219.94,218.7,217.78,218.24,218.72,219.84,218.3
2831,219.56,216.94,219.64,219.94,218.7,217.78,218.24,218.72,219.84,218.3
2832,219.56,216.94,219.64,219.94,218.7,217.78,218.22,218.72,219.84,218.3
2833,219.56,216.92,219.64,219.94,218.7,217.78,218.22,218.72,219.84,218.3
2834,219.56,216.92,219.64,219.94,218.7,217.78,218.2,218.72,219.84,218.3
2835,219.56,216.9,219.64,219.94,218.7,217.78,218.2,218.72,219.84,218.3
2836,219.56,216.9,219.64,219.94,218.7,217.78,218.2,218.72,219.84,218.3
2837,219.56,216.9,219.62,219.94,218.7,217.78,218.2,218.72,219.82,218.3
2838,219.56,216.9,219.62,219.94,218.7,217.76,218.2,218.72,219.82,218.3
2839,219.56,216.88,219.62,219.94,218.68,217.76,218.2,218.7,219.8,218.3
2840,219.54,216.88,219.62,219.94,218.68,217.76,218.16,218.68,219.8,218.3
2841,219.54,216.88,219.62,219.94,218.68,217.76,218.16,218.68,219.8,218.3
2842,219.54,216.88,219.62,219.94,218.66,217.76,218.16,218.68,219.8,218.3
2843,219.54,216.86,219.62,219.92,218.66,217.76,218.16,218.68,219.8,218.3
2844,219.54,216.84,219.62,219.92,218.66,217.76,218.16,218.68,219.8,218.28
2845,219.54,216.82,219.62,219.92,218.66,217.76,218.16,218.68,219.8,218.28
2846,219.54,216.82,219.62,219.92,218.66,217.76,218.16,218.66,219.8,218.28
2847,219.54,216.82,219.62,219.92,218.66,217.76,218.16,218.66,219.8,218.28
2848,219.54,216.82,219.62,219.9,218.66,217.76,218.16,218.66,219.8,218.28
2849,219.54,216.82,219.6,219.9,218.66,217.76,218.16,218.64,219.8,218.28
2850,219.54,216.82,219.6,219.9,218.66,217.76,218.16,218.64,219.78,218.28
2851,219.54,216.82,219.6,219.9,218.66,217.76,218.16,218.64,219.78,218.28
2852,219.54,216.82,219.6,219.9,218.66,217.76,218.16,218.64,219.78,218.28
2853,219.54,216.82,219.6,219.9,218.66,217.76,218.16,218.64,219.76,218.28
2854,219.54,216.82,219.6,219.9,218.66,217.76,218.16,218.64,219.76,218.28
2855,219.54,216.82,219.6,219.9,218.66,217.76,218.16,218.62,219.76,218.28
2856,219.54,216.82,219.58,219.9,218.66,217.76,218.16,218.62,219.76,218.28
2857,219.54,216.82,219.58,219.88,218.66,217.76,218.16,218.62,219.76,218.28
2858,219.54,216.82,219.58,219.86,218.66,217.76,218.16,218.62,219.76,218.28
2859,219.54,216.82,219.58,219.86,218.66,217.74,218.16,218.62,219.76,218.28
2860,219.54,216.8,219.58,219.86,218.66,217.74,218.16,218.62,219.76,218.28
2861,219.54,216.8,219.56,219.86,218.66,217.74,218.16,218.62,219.76,218.28
2862,219.54,216.8,219.56,219.86,218.66,217.72,218.14,218.62,219.76,218.28
2863,219.54,216.8,219.56,219.86,218.66,217.72,218.14,218.62,219.74,218.28
2864,219.54,216.8,219.56,219.86,218.66,217.72,218.14,218.62,219.74,218.28
2865,219.54,216.8,219.56,219.86,218.66,217.7,218.14,218.62,219.74,218.28
2866,219.54,216.8,219.56,219.82,218.66,217.7,218.14,218.62,219.72,218.28
2867,219.54,216.8,219.54,219.82,218.66,217.7,218.14,218.62,219.7,218.28
2868,219.54,216.8,219.54,219.82,218.66,217.68,218.14,218.6,219.7,218.28
2869,219.54,216.8,219.54,219.82,218.66,217.68,218.14,218.6,219.68,218.28
2870,219.54,216.8,219.52,219.82,218.66,217.68,218.14,218.6,219.68,218.28
2871,219.52,216.8,219.52,219.82,218.66,217.68,218.14,218.6,219.68,218.26
2872,219.52,216.8,219.52,219.82,218.66,217.68,218.14,218.6,219.66,218.26
2873,219.48,216.8,219.52,219.82,218.66,217.68,218.12,218.6,219.66,218.26
2874,219.48,216.78,219.5,219.82,218.66,217.68,218.12,218.6,219.66,218.26
2875,219.48,216.76,219.5,219.82,218.66,217.68,218.12,218.6,219.66,218.26
2876,219.48,216.76,219.5,219.82,218.66,217.68,218.12,218.6,219.66,218.26
2877,219.48,216.76,219.5,219.8,218.64,217.68,218.12,218.6,219.66,218.26
2878,219.48,216.76,219.5,219.8,218.64,217.68,218.12,218.58,219.66,218.26
2879,219.48,216.76,219.5,219.8,218.64,217.68,218.12,218.58,219.66,218.26
2880,219.46,216.76,219.5,219.8,218.64,217.68,218.12,218.58,219.66,218.26
2881,219.46,216.76,219.5,219.8,218.6,217.68,218.12,218.56,219.66,218.26
2882,219.46,216.76,219.5,219.8,218.6,217.68,218.1,218.56,219.66,218.26
2883,219.44,216.76,219.48,219.8,218.6,217.68,218.1,218.56,219.66,218.26
2884,219.44,216.76,219.46,219.8,218.6,217.66,218.1,218.56,219.66,218.26
2885,219.44,216.76,219.46,219.8,218.6,217.66,218.1,218.56,219.66,218.26
2886,219.44,216.76,219.46,219.8,218.6,217.66,218.1,218.56,219.6,218.24
2887,219.44,216.76,219.46,219.8,218.6,217.66,218.1,218.56,219.6,218.24
2888,219.44,216.76,219.46,219.8,218.6,217.66,218.1,218.56,219.6,218.24
2889,219.44,216.76,219.44,219.8,218.6,217.66,218.1,218.56,219.6,218.24
2890,219.44,216.76,219.44,219.8,218.6,217.66,218.08,218.56,219.6,218.22
2891,219.44,216.76,219.44,219.8,218.6,217.66,218.08,218.56,219.6,218.22
2892,219.44,216.74,219.42,219.8,218.6,217.66,218.06,218.56,219.6,218.22
2893,219.44,216.74,219.42,219.8,218.6,217.66,218.06,218.56,219.6,218.22
2894,219.44,216.74,219.42,219.78,218.6,217.66,218.06,218.56,219.6,218.2
2895,219.44,216.74,219.42,219.76,218.6,217.66,218.06,218.56,219.6,218.2
2896,219.44,216.74,219.42,219.76,218.58,217.66,218.06,218.56,219.58,218.2
2897,219.44,216.74,219.42,219.76,218.58,217.66,218.06,218.56,219.58,218.2
2898,219.42,216.72,219.42,219.74,218.56,217.66,218.06,218.54,219.58,218.2
2899,219.42,216.72,219.42,219.72,218.56,217.66,218.06,218.54,219.58,218.2
2900,219.42,216.72,219.42,219.72,218.56,217.66,218.06,218.54,219.58,218.2
2901,219.42,216.72,219.42,219.72,218.56,217.66,218.06,218.54,219.58,218.2
2902,219.42,216.72,219.42,219.72,218.56,217.66,218.06,218.54,219.58,218.2
2903,219.42,216.72,219.42,219.72,218.56,217.66,218.06,218.54,219.58,218.2
2904,219.42,216.7,219.42,219.72,218.56,217.64,218.06,218.54,219.58,218.2
2905,219.42,216.7,219.42,219.72,218.54,217.64,218.06,218.54,219.58,218.2
2906,219.42,216.7,219.42,219.72,218.54,217.64,218.06,218.54,219.58,218.2
2907,219.42,216.68,219.4,219.72,218.54,217.64,218.06,218.52,219.58,218.2
2908,219.42,216.68,219.4,219.72,218.54,217.64,218.06,218.52,219.58,218.2
2909,219.42,216.68,219.4,219.72,218.54,217.64,218.06,218.52,219.58,218.18
2910,219.42,216.68,219.38,219.72,218.52,217.64,218.06,218.52,219.58,218.18
2911,219.42,216.68,219.38,219.72,218.52,217.64,218.06,218.52,219.58,218.18
2912,219.42,216.68,219.38,219.72,218.52,217.64,218.06,218.52,219.58,218.16
2913,219.42,216.68,219.38,219.72,218.52,217.64,218.06,218.52,219.58,218.16
2914,219.42,216.68,219.38,219.72,218.52,217.64,218.06,218.52,219.58,218.16
2915,219.4,216.68,219.38,219.72,218.52,217.64,218.06,218.52,219.58,218.16
2916,219.4,216.68,219.38,219.72,218.52,217.64,218.06,218.52,219.58,218.16
2917,219.4,216.68,219.38,219.72,218.52,217.64,218.06,218.52,219.58,218.16
2918,219.38,216.68,219.38,219.72,218.5,217.64,218.06,218.52,219.58,218.16
2919,219.36,216.68,219.38,219.7,218.5,217.64,218.06,218.52,219.58,218.14
2920,219.34,216.66,219.38,219.7,218.5,217.64,218.06,218.52,219.58,218.14
2921,219.34,216.66,219.36,219.7,218.5,217.64,218.06,218.52,219.58,218.14
2922,219.34,216.66,219.36,219.7,218.5,217.64,218.06,218.52,219.56,218.14
2923,219.3,216.66,219.34,219.7,218.5,217.64,218.06,218.52,219.56,218.14
2924,219.3,216.66,219.34,219.68,218.48,217.64,218.06,218.52,219.56,218.14
2925,219.3,216.66,219.32,219.68,218.48,217.64,218.06,218.5,219.56,218.14
2926,219.3,216.66,219.32,219.68,218.48,217.64,218.06,218.5,219.56,218.14
2927,219.3,216.66,219.32,219.68,218.48,217.64,218.06,218.5,219.54,218.14
2928,219.3,216.66,219.32,219.68,218.48,217.64,218.06,218.5,219.54,218.14
2929,219.3,216.66,219.3,219.68,218.48,217.64,218.06,218.5,219.54,218.14
2930,219.3,216.66,219.3,219.68,218.48,217.64,218.06,218.5,219.54,218.14
2931,219.3,216.66,219.3,219.68,218.48,217.64,218.06,218.5,219.54,218.14
2932,219.3,216.66,219.28,219.66,218.48,217.64,218.04,218.5,219.54,218.14
2933,219.3,216.66,219.24,219.66,218.48,217.64,218.04,218.5,219.52,218.14
2934,219.3,216.66,219.24,219.66,218.48,217.64,218.04,218.5,219.52,218.14
2935,219.3,216.64,219.24,219.66,218.48,217.64,218.04,218.5,219.52,218.12
2936,219.3,216.64,219.24,219.64,218.48,217.64,218.04,218.5,219.52,218.12
2937,219.3,216.64,219.24,219.64,218.46,217.64,218.0,218.5,219.52,218.12
2938,219.3,216.64,219.24,219.64,218.46,217.64,217.98,218.5,219.52,218.12
2939,219.3,216.64,219.24,219.64,218.44,217.64,217.98,218.5,219.5,218.12
2940,219.3,216.62,219.24,219.64,218.42,217.64,217.98,218.5,219.5,218.12
2941,219.3,216.62,219.22,219.62,218.42,217.62,217.98,218.5,219.5,218.12
2942,219.28,216.62,219.22,219.6,218.4,217.62,217.96,218.5,219.5,218.12
2943,219.28,216.62,219.2,219.6,218.4,217.62,217.96,218.5,219.5,218.12
2944,219.28,216.62,219.2,219.6,218.4,217.62,217.96,218.5,219.5,218.12
2945,219.28,216.62,219.2,219.58,218.4,217.62,217.96,218.5,219.5,218.12
2946,219.28,216.62,219.2,219.58,218.4,217.62,217.94,218.5,219.5,218.12
2947,219.28,216.62,219.2,219.58,218.4,217.62,217.94,218.5,219.5,218.12
2948,219.24,216.62,219.2,219.58,218.4,217.62,217.94,218.5,219.5,218.12
2949,219.24,216.6,219.2,219.58,218.4,217.62,217.94,218.5,219.5,218.12
2950,219.24,216.6,219.2,219.58,218.4,217.62,217.94,218.5,219.5,218.12
2951,219.22,216.6,219.2,219.58,218.4,217.62,217.92,218.5,219.48,218.12
2952,219.22,216.6,219.2,219.58,218.4,217.62,217.9,218.5,219.46,218.12
2953,219.22,216.6,219.2,219.56,218.4,217.62,217.9,218.5,219.46,218.12
2954,219.22,216.6,219.2,219.56,218.4,217.62,217.9,218.5,219.44,218.12
2955,219.22,216.6,219.2,219.54,218.38,217.62,217.9,218.5,219.44,218.12
2956,219.2,216.6,219.2,219.54,218.38,217.6,217.9,218.5,219.44,218.12
2957,219.2,216.6,219.2,219.54,218.38,217.6,217.9,218.5,219.44,218.12
2958,219.2,216.6,219.2,219.54,218.38,217.6,217.9,218.5,219.44,218.12
2959,219.2,216.6,219.2,219.54,218.38,217.6,217.9,218.5,219.44,218.12
2960,219.2,216.6,219.2,219.54,218.38,217.6,217.88,218.5,219.44,218.12
2961,219.18,216.6,219.2,219.54,218.38,217.6,217.88,218.48,219.44,218.12
2962,219.16,216.6,219.2,219.54,218.38,217.6,217.88,218.48,219.44,218.12
2963,219.16,216.6,219.2,219.54,218.38,217.6,217.88,218.48,219.44,218.12
2964,219.16,216.6,219.2,219.54,218.38,217.6,217.88,218.48,219.44,218.12
2965,219.16,216.6,219.2,219.54,218.38,217.6,217.88,218.48,219.44,218.1
2966,219.12,216.6,219.2,219.52,218.38,217.6,217.88,218.48,219.44,218.1
2967,219.12,216.6,219.18,219.5,218.38,217.6,217.88,218.48,219.44,218.1
2968,219.12,216.6,219.18,219.5,218.38,217.6,217.88,218.48,219.44,218.1
2969,219.12,216.6,219.18,219.5,218.38,217.6,217.88,218.48,219.44,218.1
2970,219.12,216.6,219.18,219.5,218.38,217.6,217.88,218.48,219.44,218.1
2971,219.12,216.6,219.18,219.5,218.36,217.6,217.88,218.48,219.44,218.1
2972,219.12,216.58,219.18,219.5,218.34,217.6,217.88,218.48,219.44,218.1
2973,219.12,216.58,219.18,219.48,218.34,217.6,217.86,218.48,219.44,218.1
2974,219.08,216.58,219.18,219.48,218.34,217.6,217.86,218.48,219.42,218.1
2975,219.08,216.56,219.18,219.48,218.34,217.6,217.86,218.48,219.42,218.1
2976,219.08,216.56,219.18,219.48,218.32,217.6,217.86,218.48,219.42,218.1
2977,219.06,216.56,219.18,219.48,218.32,217.6,217.86,218.48,219.42,218.1
2978,219.06,216.56,219.18,219.46,218.32,217.6,217.86,218.48,219.42,218.1
2979,219.04,216.54,219.18,219.46,218.32,217.6,217.86,218.46,219.42,218.1
2980,219.04,216.54,219.18,219.46,218.32,217.6,217.86,218.46,219.42,218.1
2981,219.04,216.54,219.18,219.46,218.32,217.6,217.86,218.46,219.42,218.1
2982,219.04,216.54,219.18,219.44,218.32,217.6,217.84,218.46,219.42,218.1
2983,219.04,216.54,219.18,219.42,218.32,217.6,217.84,218.46,219.42,218.1
2984,219.04,216.54,219.18,219.42,218.32,217.6,217.84,218.46,219.4,218.1
2985,219.04,216.54,219.18,219.42,218.32,217.6,217.84,218.44,219.4,218.1
2986,219.04,216.54,219.18,219.42,218.3,217.58,217.84,218.44,219.4,218.1
2987,219.04,216.54,219.18,219.42,218.3,217.58,217.82,218.44,219.38,218.1
2988,219.04,216.54,219.18,219.42,218.3,217.58,217.8,218.44,219.38,218.1
2989,219.02,216.54,219.18,219.4,218.3,217.58,217.8,218.42,219.38,218.1
2990,219.02,216.54,219.18,219.38,218.3,217.58,217.8,218.42,219.38,218.1
2991,219.02,216.54,219.18,219.38,218.3,217.58,217.8,218.4,219.38,218.08
2992,219.02,216.5,219.18,219.36,218.3,217.58,217.8,218.4,219.38,218.08
2993,219.02,216.5,219.18,219.36,218.3,217.58,217.8,218.4,219.38,218.08
2994,219.02,216.48,219.18,219.36,218.3,217.58,217.8,218.4,219.38,218.08
2995,219.02,216.48,219.18,219.36,218.3,217.58,217.78,218.4,219.38,218.08
2996,219.02,216.48,219.18,219.36,218.3,217.56,217.78,218.4,219.36,218.08
2997,219.02,216.48,219.18,219.36,218.3,217.56,217.78,218.4,219.36,218.08
2998,219.02,216.48,219.18,219.36,218.3,217.56,217.78,218.4,219.36,218.08
2999,219.02,216.48,219.18,219.36,218.3,217.56,217.78,218.4,219.36,218.08
3000,219.02,216.48,219.18,219.36,218.3,217.56,217.78,218.4,219.36,218.08
